Unnamed: 0,username,id,__typename,fact_check_information,is_video,has_audio,taken_at_timestamp,expiring_at_timestamp,taken_at_utc,mention,feed,tappable_objects,mentions,locations,hashtags,fallback,filename,original_file,poll_question,poll_option_a,poll_option_b
0,armin_laschet,2661733359866332931,GraphStoryVideo,,True,True,1631523361,1631609761,2021-09-13 08:56:01,True,False,,,,,,armin_laschet_14-09-2021_00:00_video0.jpeg,armin_laschet_14-09-2021_00:00_item0.json,,,
1,abaerbock,2661953998771199439,GraphStoryImage,,False,,1631549663,1631636063,2021-09-13 16:14:23,False,False,,,1019082899.0,,,abaerbock_14-09-2021_00:00_image0.jpeg,abaerbock_14-09-2021_00:00_item0.json,,,
2,christlichsozialeunion,2661727205849745794,GraphStoryVideo,,True,False,1631522628,1631609028,2021-09-13 08:43:48,False,True,,,,,,christlichsozialeunion_14-09-2021_00:00_video0.jpeg,christlichsozialeunion_14-09-2021_00:00_item0.json,,,
3,fw_bayern,2661627511706428192,GraphStoryImage,,False,,1631510741,1631597141,2021-09-13 05:25:41,True,False,,,,,,fw_bayern_14-09-2021_00:00_image0.jpeg,fw_bayern_14-09-2021_00:00_item0.json,,,
4,christianlindner,2661690899433534754,GraphStoryImage,,False,,1631518298,1631604698,2021-09-13 07:31:38,True,False,,,,,,christianlindner_14-09-2021_00:00_image0.jpeg,christianlindner_14-09-2021_00:00_item0.json,,,
5,afd.bund,2661745660033029621,GraphStoryImage,,False,,1631524827,1631611227,2021-09-13 09:20:27,False,False,,,,,,afd.bund_14-09-2021_00:00_image0.jpeg,afd.bund_14-09-2021_00:00_item0.json,,,
6,cdu,2661872921724588250,GraphStoryVideo,,True,True,1631539998,1631626398,2021-09-13 13:33:18,True,False,,,,,,cdu_14-09-2021_00:00_video0.jpeg,cdu_14-09-2021_00:00_item0.json,,,
7,dielinke,2661688804086259033,GraphStoryVideo,,True,False,1631518050,1631604450,2021-09-13 07:27:30,False,False,,,,,,dielinke_14-09-2021_00:00_video0.jpeg,dielinke_14-09-2021_00:00_item0.json,,,
8,grey_gor,2662033198527235993,GraphStoryVideo,,True,False,1631559106,1631645506,2021-09-13 18:51:46,False,False,,,1149710115142176.0,,,grey_gor_14-09-2021_00:00_video0.jpeg,grey_gor_14-09-2021_00:00_item0.json,,,
9,fdp,2661698707542884474,GraphStoryImage,,False,,1631519231,1631605631,2021-09-13 07:47:11,True,False,,,,,,fdp_14-09-2021_00:00_image0.jpeg,fdp_14-09-2021_00:00_item0.json,,,
10,nicola_beer,2661845831721682131,GraphStoryVideo,,True,False,1631536768,1631623168,2021-09-13 12:39:28,True,False,,,,,,nicola_beer_14-09-2021_00:00_video0.jpeg,nicola_beer_14-09-2021_00:00_item0.json,,,
11,die_gruenen,2661916543895608474,GraphStoryVideo,,True,True,1631545188,1631631588,2021-09-13 14:59:48,False,True,,,,,,die_gruenen_14-09-2021_00:00_video0.jpeg,die_gruenen_14-09-2021_00:00_item0.json,,,
12,engin_eroglu_,2661767835801520432,GraphStoryImage,,False,,1631527467,1631613867,2021-09-13 10:04:27,True,False,,,,,,engin_eroglu__14-09-2021_00:00_image0.jpeg,engin_eroglu__14-09-2021_00:00_item0.json,,,
13,susanne_hennig_wellsow,2661784038137671249,GraphStoryVideo,,True,False,1631529402,1631615802,2021-09-13 10:36:42,True,False,,,,,,susanne_hennig_wellsow_14-09-2021_00:00_video0.jpeg,susanne_hennig_wellsow_14-09-2021_00:00_item0.json,,,
14,robert.habeck,2661681821576685661,GraphStoryImage,,False,,1631517215,1631603615,2021-09-13 07:13:35,False,True,,,,,,robert.habeck_14-09-2021_00:00_image0.jpeg,robert.habeck_14-09-2021_00:00_item0.json,,,
15,spdde,2661856893461350453,GraphStoryImage,,False,,1631538085,1631624485,2021-09-13 13:01:25,False,False,,,,,,spdde_14-09-2021_00:00_image0.jpeg,spdde_14-09-2021_00:00_item0.json,,,
16,spdde,2661856876983084820,GraphStoryVideo,,True,False,1631538086,1631624486,2021-09-13 13:01:26,False,False,,,,,,spdde_14-09-2021_00:00_video0.jpeg,spdde_14-09-2021_00:00_item1.json,,,
17,nicola_beer,2661846709363119852,GraphStoryVideo,,True,False,1631536874,1631623274,2021-09-13 12:41:14,True,False,,,,,,nicola_beer_14-09-2021_00:00_video1.jpeg,nicola_beer_14-09-2021_00:00_item1.json,,,
18,abaerbock,2661954202086098538,GraphStoryImage,,False,,1631549688,1631636088,2021-09-13 16:14:48,False,False,,,1019082899.0,,,abaerbock_14-09-2021_00:00_image1.jpeg,abaerbock_14-09-2021_00:00_item1.json,,,
19,armin_laschet,2661874210995082708,GraphStoryImage,,False,,1631540150,1631626550,2021-09-13 13:35:50,True,False,,,,,,armin_laschet_14-09-2021_00:00_image0.jpeg,armin_laschet_14-09-2021_00:00_item1.json,,,
20,engin_eroglu_,2661916883096014144,GraphStoryImage,,False,,1631545239,1631631639,2021-09-13 15:00:39,False,False,,,219322840.0,,,engin_eroglu__14-09-2021_00:00_image1.jpeg,engin_eroglu__14-09-2021_00:00_item1.json,,,
21,christlichsozialeunion,2661853390336295939,GraphStoryVideo,,True,True,1631537663,1631624063,2021-09-13 12:54:23,False,True,,,,,,christlichsozialeunion_14-09-2021_00:00_video1.jpeg,christlichsozialeunion_14-09-2021_00:00_item1.json,,,
22,dielinke,2661842604371986346,GraphStoryVideo,,True,False,1631536384,1631622784,2021-09-13 12:33:04,False,False,,,,,,dielinke_14-09-2021_00:00_video1.jpeg,dielinke_14-09-2021_00:00_item1.json,,,
23,afd.bund,2661746101290631918,GraphStoryImage,,False,,1631524882,1631611282,2021-09-13 09:21:22,False,False,,,,,,afd.bund_14-09-2021_00:00_image1.jpeg,afd.bund_14-09-2021_00:00_item1.json,,,
24,die_gruenen,2661917132675340130,GraphStoryImage,,False,,1631545269,1631631669,2021-09-13 15:01:09,False,True,,,,,,die_gruenen_14-09-2021_00:00_image0.jpeg,die_gruenen_14-09-2021_00:00_item1.json,,,
25,cdu,2661873830496084797,GraphStoryVideo,,True,True,1631540106,1631626506,2021-09-13 13:35:06,False,False,,,,,,cdu_14-09-2021_00:00_video1.jpeg,cdu_14-09-2021_00:00_item1.json,,,
26,fw_bayern,2661627634784091665,GraphStoryImage,,False,,1631510758,1631597158,2021-09-13 05:25:58,True,False,,,,,,fw_bayern_14-09-2021_00:00_image1.jpeg,fw_bayern_14-09-2021_00:00_item1.json,,,
27,cdu,2661874721441839751,GraphStoryVideo,,True,True,1631540211,1631626611,2021-09-13 13:36:51,True,False,,,,,,cdu_14-09-2021_00:00_video2.jpeg,cdu_14-09-2021_00:00_item2.json,,,
28,abaerbock,2661954580538071533,GraphStoryImage,,False,,1631549734,1631636134,2021-09-13 16:15:34,True,False,,,,,,abaerbock_14-09-2021_00:00_image2.jpeg,abaerbock_14-09-2021_00:00_item2.json,,,
29,spdde,2661857193518752077,GraphStoryVideo,,True,False,1631538116,1631624516,2021-09-13 13:01:56,True,False,,,,,,spdde_14-09-2021_00:00_video1.jpeg,spdde_14-09-2021_00:00_item2.json,,,
30,christlichsozialeunion,2661900567297371373,GraphStoryVideo,,True,True,1631543293,1631629693,2021-09-13 14:28:13,True,False,,,,,,christlichsozialeunion_14-09-2021_00:00_video2.jpeg,christlichsozialeunion_14-09-2021_00:00_item2.json,,,
31,dielinke,2661902565161941958,GraphStoryVideo,,True,False,1631543511,1631629911,2021-09-13 14:31:51,False,False,,,,,,dielinke_14-09-2021_00:00_video2.jpeg,dielinke_14-09-2021_00:00_item2.json,,,
32,engin_eroglu_,2661917050004109354,GraphStoryVideo,,True,False,1631545259,1631631659,2021-09-13 15:00:59,False,False,,,,,,engin_eroglu__14-09-2021_00:00_video0.jpeg,engin_eroglu__14-09-2021_00:00_item2.json,,,
33,fw_bayern,2661627859993092609,GraphStoryVideo,,True,False,1631510781,1631597181,2021-09-13 05:26:21,True,False,,,,,,fw_bayern_14-09-2021_00:00_video0.jpeg,fw_bayern_14-09-2021_00:00_item2.json,,,
34,afd.bund,2661748451032034809,GraphStoryImage,,False,,1631525161,1631611561,2021-09-13 09:26:01,False,False,,,,,,afd.bund_14-09-2021_00:00_image2.jpeg,afd.bund_14-09-2021_00:00_item2.json,,,
35,armin_laschet,2662013366610109497,GraphStoryVideo,,True,True,1631556741,1631643141,2021-09-13 18:12:21,True,False,,,,,,armin_laschet_14-09-2021_00:00_video1.jpeg,armin_laschet_14-09-2021_00:00_item2.json,,,
36,die_gruenen,2661917589334191856,GraphStoryVideo,,True,False,1631545324,1631631724,2021-09-13 15:02:04,False,True,,,,,,die_gruenen_14-09-2021_00:00_video1.jpeg,die_gruenen_14-09-2021_00:00_item2.json,,,
37,christlichsozialeunion,2661901952013195556,GraphStoryVideo,,True,False,1631543409,1631629809,2021-09-13 14:30:09,False,True,,,,,,christlichsozialeunion_14-09-2021_00:00_video3.jpeg,christlichsozialeunion_14-09-2021_00:00_item3.json,,,
38,abaerbock,2661954902727625494,GraphStoryImage,,False,,1631549771,1631636171,2021-09-13 16:16:11,False,False,,,,,,abaerbock_14-09-2021_00:00_image3.jpeg,abaerbock_14-09-2021_00:00_item3.json,,,
39,afd.bund,2661748928503338423,GraphStoryImage,,False,,1631525219,1631611619,2021-09-13 09:26:59,False,False,,,,,,afd.bund_14-09-2021_00:00_image3.jpeg,afd.bund_14-09-2021_00:00_item3.json,,,
40,engin_eroglu_,2661917094698805886,GraphStoryImage,,False,,1631545265,1631631665,2021-09-13 15:01:05,False,False,,,,,,engin_eroglu__14-09-2021_00:00_image2.jpeg,engin_eroglu__14-09-2021_00:00_item3.json,,,
41,armin_laschet,2662016401239410212,GraphStoryVideo,,True,True,1631557103,1631643503,2021-09-13 18:18:23,True,False,,,,,,armin_laschet_14-09-2021_00:00_video2.jpeg,armin_laschet_14-09-2021_00:00_item3.json,,,
42,fw_bayern,2661628037269536743,GraphStoryImage,,False,,1631510806,1631597206,2021-09-13 05:26:46,True,False,,,,,,fw_bayern_14-09-2021_00:00_image2.jpeg,fw_bayern_14-09-2021_00:00_item3.json,,,
43,spdde,2661858323651889852,GraphStoryImage,,False,,1631538259,1631624659,2021-09-13 13:04:19,True,False,,,,,,spdde_14-09-2021_00:00_image1.jpeg,spdde_14-09-2021_00:00_item3.json,,,
44,cdu,2661998457075677164,GraphStoryVideo,,True,True,1631554964,1631641364,2021-09-13 17:42:44,True,False,,,,,,cdu_14-09-2021_00:00_video3.jpeg,cdu_14-09-2021_00:00_item3.json,,,
45,engin_eroglu_,2661917144535483470,GraphStoryImage,,False,,1631545271,1631631671,2021-09-13 15:01:11,False,False,,,,,,engin_eroglu__14-09-2021_00:00_image3.jpeg,engin_eroglu__14-09-2021_00:00_item4.json,,,
46,afd.bund,2661749550753252531,GraphStoryImage,,False,,1631525292,1631611692,2021-09-13 09:28:12,False,False,,,,,,afd.bund_14-09-2021_00:00_image4.jpeg,afd.bund_14-09-2021_00:00_item4.json,,,
47,spdde,2661860576244911980,GraphStoryImage,,False,,1631538527,1631624927,2021-09-13 13:08:47,True,False,,,,,,spdde_14-09-2021_00:00_image2.jpeg,spdde_14-09-2021_00:00_item4.json,,,
48,armin_laschet,2662017529616087292,GraphStoryImage,,False,,1631557237,1631643637,2021-09-13 18:20:37,False,True,,,,,,armin_laschet_14-09-2021_00:00_image1.jpeg,armin_laschet_14-09-2021_00:00_item4.json,,,
49,cdu,2662047404469047416,GraphStoryVideo,,True,True,1631560788,1631647188,2021-09-13 19:19:48,False,False,,,,,,cdu_14-09-2021_00:00_video4.jpeg,cdu_14-09-2021_00:00_item4.json,,,
50,christlichsozialeunion,2661948387689736669,GraphStoryImage,,False,,1631548991,1631635391,2021-09-13 16:03:11,True,False,,,,,,christlichsozialeunion_14-09-2021_00:00_image0.jpeg,christlichsozialeunion_14-09-2021_00:00_item4.json,,,
51,abaerbock,2661955980277939864,GraphStoryImage,,False,,1631549900,1631636300,2021-09-13 16:18:20,False,False,,,1019082899.0,,,abaerbock_14-09-2021_00:00_image4.jpeg,abaerbock_14-09-2021_00:00_item4.json,,,
52,fw_bayern,2661849467680642574,GraphStoryVideo,,True,True,1631537195,1631623595,2021-09-13 12:46:35,False,True,,,,,,fw_bayern_14-09-2021_00:00_video1.jpeg,fw_bayern_14-09-2021_00:00_item4.json,,,
53,cdu,2662050521667573366,GraphStoryVideo,,True,True,1631561160,1631647560,2021-09-13 19:26:00,False,True,,,,,,cdu_14-09-2021_00:00_video5.jpeg,cdu_14-09-2021_00:00_item5.json,,,
54,spdde,2661861474882817410,GraphStoryImage,,False,,1631538635,1631625035,2021-09-13 13:10:35,True,False,,,,,,spdde_14-09-2021_00:00_image3.jpeg,spdde_14-09-2021_00:00_item5.json,,,
55,abaerbock,2661956326073126606,GraphStoryImage,,False,,1631549942,1631636342,2021-09-13 16:19:02,False,False,,,,,,abaerbock_14-09-2021_00:00_image5.jpeg,abaerbock_14-09-2021_00:00_item5.json,,,
56,afd.bund,2661749827116159209,GraphStoryImage,,False,,1631525326,1631611726,2021-09-13 09:28:46,False,False,,,,,,afd.bund_14-09-2021_00:00_image5.jpeg,afd.bund_14-09-2021_00:00_item5.json,,,
57,armin_laschet,2662026957077641756,GraphStoryVideo,,True,True,1631558358,1631644758,2021-09-13 18:39:18,True,False,,,,,,armin_laschet_14-09-2021_00:00_video3.jpeg,armin_laschet_14-09-2021_00:00_item5.json,,,
58,engin_eroglu_,2661917183508995172,GraphStoryImage,,False,,1631545276,1631631676,2021-09-13 15:01:16,False,False,,,,,,engin_eroglu__14-09-2021_00:00_image4.jpeg,engin_eroglu__14-09-2021_00:00_item5.json,,,
59,christlichsozialeunion,2661987965217594513,GraphStoryImage,,False,,1631553710,1631640110,2021-09-13 17:21:50,False,False,,,,,,christlichsozialeunion_14-09-2021_00:00_image1.jpeg,christlichsozialeunion_14-09-2021_00:00_item5.json,,,
60,fw_bayern,2661849780600718317,GraphStoryImage,,False,,1631537240,1631623640,2021-09-13 12:47:20,False,True,,,,,,fw_bayern_14-09-2021_00:00_image3.jpeg,fw_bayern_14-09-2021_00:00_item5.json,,,
61,fw_bayern,2662068446395209751,GraphStoryVideo,,True,False,1631563307,1631649707,2021-09-13 20:01:47,False,True,,,,,,fw_bayern_14-09-2021_00:00_video2.jpeg,fw_bayern_14-09-2021_00:00_item6.json,,,
62,cdu,2662061238709730226,GraphStoryVideo,,True,True,1631562449,1631648849,2021-09-13 19:47:29,True,False,,,,,,cdu_14-09-2021_00:00_video6.jpeg,cdu_14-09-2021_00:00_item6.json,,,
63,spdde,2661870002528972240,GraphStoryVideo,,True,False,1631539649,1631626049,2021-09-13 13:27:29,False,False,,,,,,spdde_14-09-2021_00:00_video2.jpeg,spdde_14-09-2021_00:00_item6.json,,,
64,abaerbock,2661957494293631602,GraphStoryVideo,,True,True,1631550067,1631636467,2021-09-13 16:21:07,False,False,,,,,,abaerbock_14-09-2021_00:00_video0.jpeg,abaerbock_14-09-2021_00:00_item6.json,,,
65,armin_laschet,2662027780427982253,GraphStoryVideo,,True,True,1631558454,1631644854,2021-09-13 18:40:54,True,False,,,,,,armin_laschet_14-09-2021_00:00_video4.jpeg,armin_laschet_14-09-2021_00:00_item6.json,,,
66,afd.bund,2661750398589984974,GraphStoryImage,,False,,1631525394,1631611794,2021-09-13 09:29:54,False,False,,,,,,afd.bund_14-09-2021_00:00_image6.jpeg,afd.bund_14-09-2021_00:00_item6.json,,,
67,christlichsozialeunion,2662046152025220167,GraphStoryVideo,,True,False,1631560649,1631647049,2021-09-13 19:17:29,True,True,,,,,,christlichsozialeunion_14-09-2021_00:00_video4.jpeg,christlichsozialeunion_14-09-2021_00:00_item6.json,,,
68,spdde,2661870010523354378,GraphStoryVideo,,True,True,1631539650,1631626050,2021-09-13 13:27:30,True,False,,,,,,spdde_14-09-2021_00:00_video3.jpeg,spdde_14-09-2021_00:00_item7.json,,,
69,abaerbock,2661957510517215438,GraphStoryVideo,,True,True,1631550068,1631636468,2021-09-13 16:21:08,False,False,,,,,,abaerbock_14-09-2021_00:00_video1.jpeg,abaerbock_14-09-2021_00:00_item7.json,,,
70,armin_laschet,2662029149557805637,GraphStoryImage,,False,,1631558622,1631645022,2021-09-13 18:43:42,False,True,,,,,,armin_laschet_14-09-2021_00:00_image2.jpeg,armin_laschet_14-09-2021_00:00_item7.json,,,
71,fw_bayern,2662079532125339962,GraphStoryVideo,,True,False,1631564626,1631651026,2021-09-13 20:23:46,True,False,,,,,,fw_bayern_14-09-2021_00:00_video3.jpeg,fw_bayern_14-09-2021_00:00_item7.json,,,
72,afd.bund,2661750970667889529,GraphStoryImage,,False,,1631525462,1631611862,2021-09-13 09:31:02,False,False,,,,,,afd.bund_14-09-2021_00:00_image7.jpeg,afd.bund_14-09-2021_00:00_item7.json,,,
73,abaerbock,2661957821443270161,GraphStoryImage,,False,,1631550118,1631636518,2021-09-13 16:21:58,False,False,,,1019082899.0,,,abaerbock_14-09-2021_00:00_image6.jpeg,abaerbock_14-09-2021_00:00_item8.json,,,
74,spdde,2661870054278205393,GraphStoryVideo,,True,True,1631539651,1631626051,2021-09-13 13:27:31,True,False,,,,,,spdde_14-09-2021_00:00_video4.jpeg,spdde_14-09-2021_00:00_item8.json,,,
75,afd.bund,2661751469580313997,GraphStoryImage,,False,,1631525522,1631611922,2021-09-13 09:32:02,False,False,,,,,,afd.bund_14-09-2021_00:00_image8.jpeg,afd.bund_14-09-2021_00:00_item8.json,,,
76,spdde,2661879302243572607,GraphStoryImage,,False,,1631540760,1631627160,2021-09-13 13:46:00,True,False,,,,,,spdde_14-09-2021_00:00_image4.jpeg,spdde_14-09-2021_00:00_item9.json,,,
77,abaerbock,2661958933210706493,GraphStoryImage,,False,,1631550238,1631636638,2021-09-13 16:23:58,False,False,,,,,,abaerbock_14-09-2021_00:00_image7.jpeg,abaerbock_14-09-2021_00:00_item9.json,,,
78,afd.bund,2661764471215915341,GraphStoryVideo,,True,True,1631527052,1631613452,2021-09-13 09:57:32,False,True,,,,,,afd.bund_14-09-2021_00:00_video0.jpeg,afd.bund_14-09-2021_00:00_item9.json,,,
79,abaerbock,2661960197841094365,GraphStoryVideo,,True,True,1631550391,1631636791,2021-09-13 16:26:31,False,False,,,,,,abaerbock_14-09-2021_00:00_video2.jpeg,abaerbock_14-09-2021_00:00_item10.json,,,
80,abaerbock,2661960222948327135,GraphStoryVideo,,True,True,1631550392,1631636792,2021-09-13 16:26:32,False,False,,,,,,abaerbock_14-09-2021_00:00_video3.jpeg,abaerbock_14-09-2021_00:00_item11.json,,,
81,abaerbock,2661960204719789452,GraphStoryVideo,,True,True,1631550393,1631636793,2021-09-13 16:26:33,False,False,,,,,,abaerbock_14-09-2021_00:00_video4.jpeg,abaerbock_14-09-2021_00:00_item12.json,,,
82,abaerbock,2661960639319311385,GraphStoryImage,,False,,1631550438,1631636838,2021-09-13 16:27:18,False,False,,,1019082899.0,,,abaerbock_14-09-2021_00:00_image8.jpeg,abaerbock_14-09-2021_00:00_item13.json,,,
83,abaerbock,2661961349557643887,GraphStoryImage,,False,,1631550538,1631636938,2021-09-13 16:28:58,False,False,,,1019082899.0,,,abaerbock_14-09-2021_00:00_image9.jpeg,abaerbock_14-09-2021_00:00_item14.json,,,
84,abaerbock,2661965569905753205,GraphStoryVideo,,True,False,1631551043,1631637443,2021-09-13 16:37:23,False,False,,,,,,abaerbock_14-09-2021_00:00_video5.jpeg,abaerbock_14-09-2021_00:00_item15.json,,,
85,abaerbock,2661966076681005701,GraphStoryImage,,False,,1631551102,1631637502,2021-09-13 16:38:22,False,False,,,,,,abaerbock_14-09-2021_00:00_image10.jpeg,abaerbock_14-09-2021_00:00_item16.json,,,
86,abaerbock,2661969618812613619,GraphStoryImage,,False,,1631551526,1631637926,2021-09-13 16:45:26,True,False,,,,,,abaerbock_14-09-2021_00:00_image11.jpeg,abaerbock_14-09-2021_00:00_item17.json,,,
87,abaerbock,2661971522420021167,GraphStoryVideo,,True,True,1631551751,1631638151,2021-09-13 16:49:11,False,False,,,,,,abaerbock_14-09-2021_00:00_video6.jpeg,abaerbock_14-09-2021_00:00_item18.json,,,
88,abaerbock,2661972677534010473,GraphStoryImage,,False,,1631551891,1631638291,2021-09-13 16:51:31,False,False,,,,,,abaerbock_14-09-2021_00:00_image12.jpeg,abaerbock_14-09-2021_00:00_item19.json,,,
89,abaerbock,2661973705063136192,GraphStoryImage,,False,,1631552013,1631638413,2021-09-13 16:53:33,True,False,,,,,,abaerbock_14-09-2021_00:00_image13.jpeg,abaerbock_14-09-2021_00:00_item20.json,,,
90,abaerbock,2662057192818156641,GraphStoryImage,,False,,1631561966,1631648366,2021-09-13 19:39:26,False,True,,,,,,abaerbock_14-09-2021_00:00_image14.jpeg,abaerbock_14-09-2021_00:00_item21.json,,,
91,abaerbock,2662125766685420874,GraphStoryImage,,False,,1631570141,1631656541,2021-09-13 21:55:41,False,False,,,217618004.0,,,abaerbock_14-09-2021_00:00_image15.jpeg,abaerbock_14-09-2021_00:00_item22.json,,,
92,abaerbock,2662126310642300117,GraphStoryVideo,,True,True,1631570205,1631656605,2021-09-13 21:56:45,False,False,,,,,,abaerbock_14-09-2021_00:00_video7.jpeg,abaerbock_14-09-2021_00:00_item23.json,,,
93,abaerbock,2662127096153850323,GraphStoryImage,,False,,1631570299,1631656699,2021-09-13 21:58:19,True,False,,,,,,abaerbock_14-09-2021_00:00_image16.jpeg,abaerbock_14-09-2021_00:00_item24.json,,,
94,susanne_hennig_wellsow,2663239120511307440,GraphStoryVideo,,True,True,1631702863,1631789263,2021-09-15 10:47:43,False,False,,,218257751.0,,,susanne_hennig_wellsow_16-09-2021_00:00_video0.jpeg,susanne_hennig_wellsow_16-09-2021_00:00_item0.json,,,
95,engin_eroglu_,2663130473886142045,GraphStoryImage,,False,,1631689911,1631776311,2021-09-15 07:11:51,False,False,,,219322840.0,,,engin_eroglu__16-09-2021_00:00_image0.jpeg,engin_eroglu__16-09-2021_00:00_item0.json,,,
96,robert.habeck,2663122595426200342,GraphStoryImage,,False,,1631688967,1631775367,2021-09-15 06:56:07,False,True,,,1115349948651887.0,,,robert.habeck_16-09-2021_00:00_image0.jpeg,robert.habeck_16-09-2021_00:00_item0.json,,,
97,markus.soeder,2663144344309149642,GraphStoryVideo,,True,False,1631691563,1631777963,2021-09-15 07:39:23,False,True,,,,,,markus.soeder_16-09-2021_00:00_video0.jpeg,markus.soeder_16-09-2021_00:00_item0.json,,,
98,olafscholz,2663459324486278243,GraphStoryImage,,False,,1631729112,1631815512,2021-09-15 18:05:12,True,True,,,,,,olafscholz_16-09-2021_00:00_image0.jpeg,olafscholz_16-09-2021_00:00_item0.json,,,
99,grey_gor,2663385625914306834,GraphStoryVideo,,True,False,1631720327,1631806727,2021-09-15 15:38:47,True,False,,,2202677079980318.0,,,grey_gor_16-09-2021_00:00_video0.jpeg,grey_gor_16-09-2021_00:00_item0.json,,,
100,saskiaesken,2663489151264077041,GraphStoryImage,,False,,1631732665,1631819065,2021-09-15 19:04:25,False,False,,,,,,saskiaesken_16-09-2021_00:00_image0.jpeg,saskiaesken_16-09-2021_00:00_item0.json,,,
101,afd.bund,2663107359021608228,GraphStoryImage,,False,,1631687149,1631773549,2021-09-15 06:25:49,False,True,,,,,,afd.bund_16-09-2021_00:00_image0.jpeg,afd.bund_16-09-2021_00:00_item0.json,,,
102,fw_bayern,2663387206045654686,GraphStoryVideo,,True,False,1631720514,1631806914,2021-09-15 15:41:54,True,False,,,,,,fw_bayern_16-09-2021_00:00_video0.jpeg,fw_bayern_16-09-2021_00:00_item0.json,,,
103,cdu,2663155959980978397,GraphStoryVideo,,True,True,1631692942,1631779342,2021-09-15 08:02:22,False,True,,,,,,cdu_16-09-2021_00:00_video0.jpeg,cdu_16-09-2021_00:00_item0.json,,,
104,atesgurpinar,2663436114248197457,GraphStoryImage,,False,,1631726345,1631812745,2021-09-15 17:19:05,False,False,,,,,,atesgurpinar_16-09-2021_00:00_image0.jpeg,atesgurpinar_16-09-2021_00:00_item0.json,,,
105,christianlindner,2663208858644708647,GraphStoryImage,,False,,1631699254,1631785654,2021-09-15 09:47:34,True,False,,,234972593.0,,,christianlindner_16-09-2021_00:00_image0.jpeg,christianlindner_16-09-2021_00:00_item0.json,,,
106,fdp,2663261287872853003,GraphStoryImage,,False,,1631705505,1631791905,2021-09-15 11:31:45,True,False,,,,,,fdp_16-09-2021_00:00_image0.jpeg,fdp_16-09-2021_00:00_item0.json,,,
107,christlichsozialeunion,2663282401553871039,GraphStoryImage,,False,,1631708019,1631794419,2021-09-15 12:13:39,False,True,,,,,,christlichsozialeunion_16-09-2021_00:00_image0.jpeg,christlichsozialeunion_16-09-2021_00:00_item0.json,,,
108,armin_laschet,2663214827801026858,GraphStoryImage,,False,,1631699964,1631786364,2021-09-15 09:59:24,True,False,,,,,,armin_laschet_16-09-2021_00:00_image0.jpeg,armin_laschet_16-09-2021_00:00_item0.json,,,
109,nicola_beer,2663129692732672037,GraphStoryVideo,,True,True,1631689818,1631776218,2021-09-15 07:10:18,True,False,,,,,,nicola_beer_16-09-2021_00:00_video0.jpeg,nicola_beer_16-09-2021_00:00_item0.json,,,
110,abaerbock,2663261954674550959,GraphStoryImage,,False,,1631705583,1631791983,2021-09-15 11:33:03,False,False,,,,,,abaerbock_16-09-2021_00:00_image0.jpeg,abaerbock_16-09-2021_00:00_item0.json,,,
111,markus.soeder,2663144874603209556,GraphStoryVideo,,True,False,1631691628,1631778028,2021-09-15 07:40:28,False,True,,,,,,markus.soeder_16-09-2021_00:00_video1.jpeg,markus.soeder_16-09-2021_00:00_item1.json,,,
112,engin_eroglu_,2663130633706093543,GraphStoryVideo,,True,False,1631689930,1631776330,2021-09-15 07:12:10,False,False,,,,,,engin_eroglu__16-09-2021_00:00_video0.jpeg,engin_eroglu__16-09-2021_00:00_item1.json,,,
113,afd.bund,2663319532494906428,GraphStoryImage,,False,,1631712447,1631798847,2021-09-15 13:27:27,False,True,,,,,,afd.bund_16-09-2021_00:00_image1.jpeg,afd.bund_16-09-2021_00:00_item1.json,,,
114,nicola_beer,2663185266329741395,GraphStoryImage,,False,,1631696442,1631782842,2021-09-15 09:00:42,True,False,,,,,,nicola_beer_16-09-2021_00:00_image0.jpeg,nicola_beer_16-09-2021_00:00_item1.json,,,
115,christlichsozialeunion,2663312546872213299,GraphStoryVideo,,True,False,1631711610,1631798010,2021-09-15 13:13:30,False,True,,,,,,christlichsozialeunion_16-09-2021_00:00_video0.jpeg,christlichsozialeunion_16-09-2021_00:00_item1.json,,,
116,susanne_hennig_wellsow,2663248210343127679,GraphStoryImage,,False,,1631703945,1631790345,2021-09-15 11:05:45,True,False,,,681684448.0,,,susanne_hennig_wellsow_16-09-2021_00:00_image0.jpeg,susanne_hennig_wellsow_16-09-2021_00:00_item1.json,,,
117,cdu,2663234266042809870,GraphStoryVideo,,True,True,1631702284,1631788684,2021-09-15 10:38:04,True,False,,,,,,cdu_16-09-2021_00:00_video1.jpeg,cdu_16-09-2021_00:00_item1.json,,,
118,fw_bayern,2663387344893897914,GraphStoryImage,,False,,1631720531,1631806931,2021-09-15 15:42:11,True,False,,,,,,fw_bayern_16-09-2021_00:00_image0.jpeg,fw_bayern_16-09-2021_00:00_item1.json,,,
119,abaerbock,2663262051454104735,GraphStoryImage,,False,,1631705596,1631791996,2021-09-15 11:33:16,False,False,,,,,,abaerbock_16-09-2021_00:00_image1.jpeg,abaerbock_16-09-2021_00:00_item1.json,,,
120,olafscholz,2663520593400671448,GraphStoryVideo,,True,True,1631736411,1631822811,2021-09-15 20:06:51,True,False,,,,,,olafscholz_16-09-2021_00:00_video0.jpeg,olafscholz_16-09-2021_00:00_item1.json,,,
121,robert.habeck,2663163944695400693,GraphStoryImage,,False,,1631693892,1631780292,2021-09-15 08:18:12,False,True,,,218470808.0,,,robert.habeck_16-09-2021_00:00_image1.jpeg,robert.habeck_16-09-2021_00:00_item1.json,,,
122,fdp,2663261333632685027,GraphStoryImage,,False,,1631705509,1631791909,2021-09-15 11:31:49,True,False,,,,,,fdp_16-09-2021_00:00_image1.jpeg,fdp_16-09-2021_00:00_item1.json,,,
123,saskiaesken,2663494321179869910,GraphStoryImage,,False,,1631732777,1631819177,2021-09-15 19:06:17,False,False,,,,,,saskiaesken_16-09-2021_00:00_image1.jpeg,saskiaesken_16-09-2021_00:00_item1.json,,,
124,armin_laschet,2663224443494653949,GraphStoryVideo,,True,True,1631701108,1631787508,2021-09-15 10:18:28,True,False,,,,,,armin_laschet_16-09-2021_00:00_video0.jpeg,armin_laschet_16-09-2021_00:00_item1.json,,,
125,markus.soeder,2663145159245467470,GraphStoryVideo,,True,False,1631691662,1631778062,2021-09-15 07:41:02,False,True,,,,,,markus.soeder_16-09-2021_00:00_video2.jpeg,markus.soeder_16-09-2021_00:00_item2.json,,,
126,fw_bayern,2663387396894672551,GraphStoryImage,,False,,1631720537,1631806937,2021-09-15 15:42:17,True,False,,,,,,fw_bayern_16-09-2021_00:00_image1.jpeg,fw_bayern_16-09-2021_00:00_item2.json,,,
127,nicola_beer,2663186718791889323,GraphStoryImage,,False,,1631696615,1631783015,2021-09-15 09:03:35,True,False,,,,,,nicola_beer_16-09-2021_00:00_image1.jpeg,nicola_beer_16-09-2021_00:00_item2.json,,,
128,abaerbock,2663262264549952763,GraphStoryImage,,False,,1631705620,1631792020,2021-09-15 11:33:40,False,False,,,,,,abaerbock_16-09-2021_00:00_image2.jpeg,abaerbock_16-09-2021_00:00_item2.json,,,
129,susanne_hennig_wellsow,2663267866199189220,GraphStoryVideo,,True,False,1631706290,1631792690,2021-09-15 11:44:50,True,False,,,,,,susanne_hennig_wellsow_16-09-2021_00:00_video1.jpeg,susanne_hennig_wellsow_16-09-2021_00:00_item2.json,,,
130,robert.habeck,2663165393164631047,GraphStoryImage,,False,,1631694073,1631780473,2021-09-15 08:21:13,False,True,,,218257751.0,,,robert.habeck_16-09-2021_00:00_image2.jpeg,robert.habeck_16-09-2021_00:00_item2.json,,,
131,engin_eroglu_,2663130708708488897,GraphStoryImage,,False,,1631689940,1631776340,2021-09-15 07:12:20,False,False,,,,,,engin_eroglu__16-09-2021_00:00_image1.jpeg,engin_eroglu__16-09-2021_00:00_item2.json,,,
132,afd.bund,2663341891865992586,GraphStoryVideo,,True,True,1631712672,1631799072,2021-09-15 13:31:12,False,True,,,,,,afd.bund_16-09-2021_00:00_video0.jpeg,afd.bund_16-09-2021_00:00_item2.json,,,
133,fdp,2663261390549345974,GraphStoryImage,,False,,1631705517,1631791917,2021-09-15 11:31:57,True,False,,,,,,fdp_16-09-2021_00:00_image2.jpeg,fdp_16-09-2021_00:00_item2.json,,,
134,armin_laschet,2663224421994722076,GraphStoryVideo,,True,True,1631701109,1631787509,2021-09-15 10:18:29,True,False,,,,,,armin_laschet_16-09-2021_00:00_video1.jpeg,armin_laschet_16-09-2021_00:00_item2.json,,,
135,cdu,2663234371277853040,GraphStoryVideo,,True,True,1631702296,1631788696,2021-09-15 10:38:16,True,False,,,,,,cdu_16-09-2021_00:00_video2.jpeg,cdu_16-09-2021_00:00_item2.json,,,
136,christlichsozialeunion,2663313420201888046,GraphStoryImage,,False,,1631711718,1631798118,2021-09-15 13:15:18,False,True,,,,,,christlichsozialeunion_16-09-2021_00:00_image1.jpeg,christlichsozialeunion_16-09-2021_00:00_item2.json,,,
137,susanne_hennig_wellsow,2663297985932290565,GraphStoryVideo,,True,True,1631709881,1631796281,2021-09-15 12:44:41,False,False,,,322016923.0,,,susanne_hennig_wellsow_16-09-2021_00:00_video2.jpeg,susanne_hennig_wellsow_16-09-2021_00:00_item3.json,,,
138,fw_bayern,2663424118076727519,GraphStoryVideo,,True,False,1631724913,1631811313,2021-09-15 16:55:13,True,False,,,,,,fw_bayern_16-09-2021_00:00_video1.jpeg,fw_bayern_16-09-2021_00:00_item3.json,,,
139,cdu,2663234550726954939,GraphStoryVideo,,True,True,1631702319,1631788719,2021-09-15 10:38:39,True,False,,,,,,cdu_16-09-2021_00:00_video3.jpeg,cdu_16-09-2021_00:00_item3.json,,,
140,markus.soeder,2663160422863166368,GraphStoryVideo,,True,False,1631693481,1631779881,2021-09-15 08:11:21,False,True,,,,,,markus.soeder_16-09-2021_00:00_video3.jpeg,markus.soeder_16-09-2021_00:00_item3.json,,,
141,abaerbock,2663262326071970927,GraphStoryImage,,False,,1631705628,1631792028,2021-09-15 11:33:48,False,False,,,,,,abaerbock_16-09-2021_00:00_image3.jpeg,abaerbock_16-09-2021_00:00_item3.json,,,
142,armin_laschet,2663292339193172501,GraphStoryImage,,False,,1631709204,1631795604,2021-09-15 12:33:24,False,False,,,,,,armin_laschet_16-09-2021_00:00_image1.jpeg,armin_laschet_16-09-2021_00:00_item3.json,,,
143,nicola_beer,2663188065473856491,GraphStoryImage,,False,,1631696776,1631783176,2021-09-15 09:06:16,True,False,,,,,,nicola_beer_16-09-2021_00:00_image2.jpeg,nicola_beer_16-09-2021_00:00_item3.json,,,
144,engin_eroglu_,2663130756406196469,GraphStoryImage,,False,,1631689945,1631776345,2021-09-15 07:12:25,False,False,,,,,,engin_eroglu__16-09-2021_00:00_image2.jpeg,engin_eroglu__16-09-2021_00:00_item3.json,,,
145,christlichsozialeunion,2663332192547594257,GraphStoryVideo,,True,False,1631713958,1631800358,2021-09-15 13:52:38,False,True,,,,,,christlichsozialeunion_16-09-2021_00:00_video1.jpeg,christlichsozialeunion_16-09-2021_00:00_item3.json,,,
146,afd.bund,2663502390340118477,GraphStoryVideo,,True,True,1631734259,1631820659,2021-09-15 19:30:59,False,True,,,,,,afd.bund_16-09-2021_00:00_video1.jpeg,afd.bund_16-09-2021_00:00_item3.json,,,
147,robert.habeck,2663410352950407285,GraphStoryImage,,False,,1631723273,1631809673,2021-09-15 16:27:53,False,False,,,321031007.0,,,robert.habeck_16-09-2021_00:00_image3.jpeg,robert.habeck_16-09-2021_00:00_item3.json,,,
148,engin_eroglu_,2663130814413412596,GraphStoryImage,,False,,1631689952,1631776352,2021-09-15 07:12:32,False,False,,,,,,engin_eroglu__16-09-2021_00:00_image3.jpeg,engin_eroglu__16-09-2021_00:00_item4.json,,,
149,christlichsozialeunion,2663383935268660742,GraphStoryVideo,,True,True,1631720121,1631806521,2021-09-15 15:35:21,False,False,,,,,,christlichsozialeunion_16-09-2021_00:00_video2.jpeg,christlichsozialeunion_16-09-2021_00:00_item4.json,,,
150,nicola_beer,2663201988407365465,GraphStoryImage,,False,,1631698435,1631784835,2021-09-15 09:33:55,True,False,,,,,,nicola_beer_16-09-2021_00:00_image3.jpeg,nicola_beer_16-09-2021_00:00_item4.json,,,
151,susanne_hennig_wellsow,2663302963701944623,GraphStoryImage,,False,,1631710473,1631796873,2021-09-15 12:54:33,True,False,,,224181785.0,,,susanne_hennig_wellsow_16-09-2021_00:00_image1.jpeg,susanne_hennig_wellsow_16-09-2021_00:00_item4.json,,,
152,markus.soeder,2663404007613061787,GraphStoryVideo,,True,False,1631722518,1631808918,2021-09-15 16:15:18,True,False,,,,,,markus.soeder_16-09-2021_00:00_video4.jpeg,markus.soeder_16-09-2021_00:00_item4.json,,,
153,abaerbock,2663263616348888072,GraphStoryImage,,False,,1631705783,1631792183,2021-09-15 11:36:23,True,False,,,,,,abaerbock_16-09-2021_00:00_image4.jpeg,abaerbock_16-09-2021_00:00_item4.json,,,
154,armin_laschet,2663426078737144072,GraphStoryImage,,False,,1631725148,1631811548,2021-09-15 16:59:08,True,False,,,,,,armin_laschet_16-09-2021_00:00_image2.jpeg,armin_laschet_16-09-2021_00:00_item4.json,,,
155,fw_bayern,2663467247785973568,GraphStoryVideo,,True,False,1631730055,1631816455,2021-09-15 18:20:55,True,False,,,,,,fw_bayern_16-09-2021_00:00_video2.jpeg,fw_bayern_16-09-2021_00:00_item4.json,,,
156,cdu,2663235262240473797,GraphStoryVideo,,True,True,1631702401,1631788801,2021-09-15 10:40:01,True,False,,,,,,cdu_16-09-2021_00:00_video4.jpeg,cdu_16-09-2021_00:00_item4.json,,,
157,robert.habeck,2663410649227797931,GraphStoryImage,,False,,1631723310,1631809710,2021-09-15 16:28:30,True,False,,,,,,robert.habeck_16-09-2021_00:00_image4.jpeg,robert.habeck_16-09-2021_00:00_item4.json,,,
158,abaerbock,2663263656932924414,GraphStoryImage,,False,,1631705788,1631792188,2021-09-15 11:36:28,False,False,,,,,,abaerbock_16-09-2021_00:00_image5.jpeg,abaerbock_16-09-2021_00:00_item5.json,,,
159,engin_eroglu_,2663165154774177500,GraphStoryVideo,,True,False,1631694042,1631780442,2021-09-15 08:20:42,False,False,,,,,,engin_eroglu__16-09-2021_00:00_video1.jpeg,engin_eroglu__16-09-2021_00:00_item5.json,,,
160,robert.habeck,2663410870215179500,GraphStoryVideo,,True,False,1631723337,1631809737,2021-09-15 16:28:57,False,False,,,,,,robert.habeck_16-09-2021_00:00_video0.jpeg,robert.habeck_16-09-2021_00:00_item5.json,,,
161,cdu,2663235511524774850,GraphStoryVideo,,True,True,1631702433,1631788833,2021-09-15 10:40:33,True,False,,,,,,cdu_16-09-2021_00:00_video5.jpeg,cdu_16-09-2021_00:00_item5.json,,,
162,markus.soeder,2663426347600390432,GraphStoryVideo,,True,True,1631725179,1631811579,2021-09-15 16:59:39,True,False,,,,,,markus.soeder_16-09-2021_00:00_video5.jpeg,markus.soeder_16-09-2021_00:00_item5.json,,,
163,armin_laschet,2663438525510349186,GraphStoryVideo,,True,True,1631726629,1631813029,2021-09-15 17:23:49,True,False,,,,,,armin_laschet_16-09-2021_00:00_video2.jpeg,armin_laschet_16-09-2021_00:00_item5.json,,,
164,fw_bayern,2663467303519801214,GraphStoryImage,,False,,1631730063,1631816463,2021-09-15 18:21:03,True,False,,,,,,fw_bayern_16-09-2021_00:00_image2.jpeg,fw_bayern_16-09-2021_00:00_item5.json,,,
165,christlichsozialeunion,2663383947993990239,GraphStoryVideo,,True,True,1631720122,1631806522,2021-09-15 15:35:22,False,False,,,,,,christlichsozialeunion_16-09-2021_00:00_video3.jpeg,christlichsozialeunion_16-09-2021_00:00_item5.json,,,
166,susanne_hennig_wellsow,2663353836051305751,GraphStoryVideo,,True,True,1631716530,1631802930,2021-09-15 14:35:30,True,False,,,,,,susanne_hennig_wellsow_16-09-2021_00:00_video3.jpeg,susanne_hennig_wellsow_16-09-2021_00:00_item5.json,,,
167,susanne_hennig_wellsow,2663370611891456941,GraphStoryVideo,,True,False,1631718538,1631804938,2021-09-15 15:08:58,True,False,,,,,,susanne_hennig_wellsow_16-09-2021_00:00_video4.jpeg,susanne_hennig_wellsow_16-09-2021_00:00_item6.json,,,
168,fw_bayern,2663509230537500013,GraphStoryImage,,False,,1631735061,1631821461,2021-09-15 19:44:21,False,True,,,,,,fw_bayern_16-09-2021_00:00_image3.jpeg,fw_bayern_16-09-2021_00:00_item6.json,,,
169,markus.soeder,2663429268974880456,GraphStoryVideo,,True,True,1631725528,1631811928,2021-09-15 17:05:28,True,False,,,,,,markus.soeder_16-09-2021_00:00_video6.jpeg,markus.soeder_16-09-2021_00:00_item6.json,,,
170,christlichsozialeunion,2663383959125715636,GraphStoryImage,,False,,1631720123,1631806523,2021-09-15 15:35:23,False,False,,,,,,christlichsozialeunion_16-09-2021_00:00_image2.jpeg,christlichsozialeunion_16-09-2021_00:00_item6.json,,,
171,engin_eroglu_,2663203265151463078,GraphStoryVideo,,True,False,1631698589,1631784989,2021-09-15 09:36:29,False,False,,,219322840.0,,,engin_eroglu__16-09-2021_00:00_video2.jpeg,engin_eroglu__16-09-2021_00:00_item6.json,,,
172,abaerbock,2663263703187675215,GraphStoryImage,,False,,1631705793,1631792193,2021-09-15 11:36:33,False,False,,,,,,abaerbock_16-09-2021_00:00_image6.jpeg,abaerbock_16-09-2021_00:00_item6.json,,,
173,cdu,2663235657998197242,GraphStoryVideo,,True,True,1631702451,1631788851,2021-09-15 10:40:51,True,False,,,,,,cdu_16-09-2021_00:00_video6.jpeg,cdu_16-09-2021_00:00_item6.json,,,
174,armin_laschet,2663525463022081459,GraphStoryImage,,False,,1631736994,1631823394,2021-09-15 20:16:34,True,False,,,,,,armin_laschet_16-09-2021_00:00_image3.jpeg,armin_laschet_16-09-2021_00:00_item6.json,,,
175,robert.habeck,2663410931823068348,GraphStoryImage,,False,,1631723344,1631809744,2021-09-15 16:29:04,False,False,,,,,,robert.habeck_16-09-2021_00:00_image5.jpeg,robert.habeck_16-09-2021_00:00_item6.json,,,
176,engin_eroglu_,2663218440923305348,GraphStoryVideo,,True,False,1631700398,1631786798,2021-09-15 10:06:38,False,False,,,219322840.0,,,engin_eroglu__16-09-2021_00:00_video3.jpeg,engin_eroglu__16-09-2021_00:00_item7.json,,,
177,christlichsozialeunion,2663383952742041833,GraphStoryVideo,,True,False,1631720124,1631806524,2021-09-15 15:35:24,True,False,,,,,,christlichsozialeunion_16-09-2021_00:00_video4.jpeg,christlichsozialeunion_16-09-2021_00:00_item7.json,,,
178,robert.habeck,2663411069656333650,GraphStoryImage,,False,,1631723359,1631809759,2021-09-15 16:29:19,False,False,,,,,,robert.habeck_16-09-2021_00:00_image6.jpeg,robert.habeck_16-09-2021_00:00_item7.json,,,
179,cdu,2663236525539681640,GraphStoryVideo,,True,True,1631702554,1631788954,2021-09-15 10:42:34,True,False,,,,,,cdu_16-09-2021_00:00_video7.jpeg,cdu_16-09-2021_00:00_item7.json,,,
180,susanne_hennig_wellsow,2663441480504351780,GraphStoryVideo,,True,False,1631726982,1631813382,2021-09-15 17:29:42,True,False,,,659505194.0,,,susanne_hennig_wellsow_16-09-2021_00:00_video5.jpeg,susanne_hennig_wellsow_16-09-2021_00:00_item7.json,,,
181,armin_laschet,2663526220110662715,GraphStoryVideo,,True,True,1631737087,1631823487,2021-09-15 20:18:07,True,False,,,,,,armin_laschet_16-09-2021_00:00_video3.jpeg,armin_laschet_16-09-2021_00:00_item7.json,,,
182,abaerbock,2663263742938911950,GraphStoryVideo,,True,True,1631705797,1631792197,2021-09-15 11:36:37,False,False,,,,,,abaerbock_16-09-2021_00:00_video0.jpeg,abaerbock_16-09-2021_00:00_item7.json,,,
183,markus.soeder,2663435597366114337,GraphStoryVideo,,True,True,1631726281,1631812681,2021-09-15 17:18:01,True,False,,,,,,markus.soeder_16-09-2021_00:00_video7.jpeg,markus.soeder_16-09-2021_00:00_item7.json,,,
184,robert.habeck,2663411102304715082,GraphStoryImage,,False,,1631723364,1631809764,2021-09-15 16:29:24,False,False,,,,,,robert.habeck_16-09-2021_00:00_image7.jpeg,robert.habeck_16-09-2021_00:00_item8.json,,,
185,abaerbock,2663263778123280072,GraphStoryImage,,False,,1631705801,1631792201,2021-09-15 11:36:41,False,False,,,,,,abaerbock_16-09-2021_00:00_image7.jpeg,abaerbock_16-09-2021_00:00_item8.json,,,
186,markus.soeder,2663453939367758642,GraphStoryVideo,,True,True,1631728470,1631814870,2021-09-15 17:54:30,True,False,,,,,,markus.soeder_16-09-2021_00:00_video8.jpeg,markus.soeder_16-09-2021_00:00_item8.json,,,
187,engin_eroglu_,2663243573905978025,GraphStoryVideo,,True,False,1631703393,1631789793,2021-09-15 10:56:33,False,False,,,219322840.0,,,engin_eroglu__16-09-2021_00:00_video4.jpeg,engin_eroglu__16-09-2021_00:00_item8.json,,,
188,cdu,2663237713534345103,GraphStoryVideo,,True,True,1631702696,1631789096,2021-09-15 10:44:56,True,False,,,,,,cdu_16-09-2021_00:00_video8.jpeg,cdu_16-09-2021_00:00_item8.json,,,
189,christlichsozialeunion,2663391950407387012,GraphStoryVideo,,True,True,1631721080,1631807480,2021-09-15 15:51:20,True,False,,,,,,christlichsozialeunion_16-09-2021_00:00_video5.jpeg,christlichsozialeunion_16-09-2021_00:00_item8.json,,,
190,robert.habeck,2663411135817198008,GraphStoryImage,,False,,1631723368,1631809768,2021-09-15 16:29:28,False,False,,,,,,robert.habeck_16-09-2021_00:00_image8.jpeg,robert.habeck_16-09-2021_00:00_item9.json,,,
191,christlichsozialeunion,2663395310531470242,GraphStoryVideo,,True,True,1631721476,1631807876,2021-09-15 15:57:56,True,False,,,,,,christlichsozialeunion_16-09-2021_00:00_video6.jpeg,christlichsozialeunion_16-09-2021_00:00_item9.json,,,
192,markus.soeder,2663497180318527026,GraphStoryVideo,,True,False,1631733623,1631820023,2021-09-15 19:20:23,True,False,,,,,,markus.soeder_16-09-2021_00:00_video9.jpeg,markus.soeder_16-09-2021_00:00_item9.json,,,
193,cdu,2663238955996247171,GraphStoryVideo,,True,True,1631702844,1631789244,2021-09-15 10:47:24,True,False,,,,,,cdu_16-09-2021_00:00_video9.jpeg,cdu_16-09-2021_00:00_item9.json,,,
194,abaerbock,2663316745136162069,GraphStoryImage,,False,,1631712117,1631798517,2021-09-15 13:21:57,False,True,,,,,,abaerbock_16-09-2021_00:00_image8.jpeg,abaerbock_16-09-2021_00:00_item9.json,,,
195,robert.habeck,2663411340021315242,GraphStoryImage,,False,,1631723392,1631809792,2021-09-15 16:29:52,False,False,,,215268002.0,,,robert.habeck_16-09-2021_00:00_image9.jpeg,robert.habeck_16-09-2021_00:00_item10.json,,,
196,cdu,2663239038758205661,GraphStoryVideo,,True,True,1631702852,1631789252,2021-09-15 10:47:32,True,False,,,,,,cdu_16-09-2021_00:00_video10.jpeg,cdu_16-09-2021_00:00_item10.json,,,
197,christlichsozialeunion,2663395321277129179,GraphStoryVideo,,True,True,1631721477,1631807877,2021-09-15 15:57:57,True,False,,,,,,christlichsozialeunion_16-09-2021_00:00_video7.jpeg,christlichsozialeunion_16-09-2021_00:00_item10.json,,,
198,robert.habeck,2663411424150425044,GraphStoryImage,,False,,1631723402,1631809802,2021-09-15 16:30:02,False,False,,,,,,robert.habeck_16-09-2021_00:00_image10.jpeg,robert.habeck_16-09-2021_00:00_item11.json,,,
199,christlichsozialeunion,2663402047984550167,GraphStoryVideo,,True,True,1631722195,1631808595,2021-09-15 16:09:55,True,False,,,,,,christlichsozialeunion_16-09-2021_00:00_video8.jpeg,christlichsozialeunion_16-09-2021_00:00_item11.json,,,
200,cdu,2663239417436669963,GraphStoryVideo,,True,True,1631702899,1631789299,2021-09-15 10:48:19,True,False,,,,,,cdu_16-09-2021_00:00_video11.jpeg,cdu_16-09-2021_00:00_item11.json,,,
201,christlichsozialeunion,2663402021854017884,GraphStoryVideo,,True,True,1631722196,1631808596,2021-09-15 16:09:56,True,False,,,,,,christlichsozialeunion_16-09-2021_00:00_video9.jpeg,christlichsozialeunion_16-09-2021_00:00_item12.json,,,
202,robert.habeck,2663411491100000903,GraphStoryImage,,False,,1631723410,1631809810,2021-09-15 16:30:10,False,False,,,,,,robert.habeck_16-09-2021_00:00_image11.jpeg,robert.habeck_16-09-2021_00:00_item12.json,,,
203,cdu,2663239550018577619,GraphStoryVideo,,True,True,1631702914,1631789314,2021-09-15 10:48:34,True,False,,,,,,cdu_16-09-2021_00:00_video12.jpeg,cdu_16-09-2021_00:00_item12.json,,,
204,robert.habeck,2663411552269872520,GraphStoryImage,,False,,1631723417,1631809817,2021-09-15 16:30:17,False,False,,,,,,robert.habeck_16-09-2021_00:00_image12.jpeg,robert.habeck_16-09-2021_00:00_item13.json,,,
205,cdu,2663239767929412949,GraphStoryVideo,,True,True,1631702941,1631789341,2021-09-15 10:49:01,True,False,,,,,,cdu_16-09-2021_00:00_video13.jpeg,cdu_16-09-2021_00:00_item13.json,,,
206,christlichsozialeunion,2663408018710578082,GraphStoryVideo,,True,True,1631722994,1631809394,2021-09-15 16:23:14,True,False,,,,,,christlichsozialeunion_16-09-2021_00:00_video10.jpeg,christlichsozialeunion_16-09-2021_00:00_item13.json,,,
207,robert.habeck,2663411616492914441,GraphStoryImage,,False,,1631723425,1631809825,2021-09-15 16:30:25,False,False,,,,,,robert.habeck_16-09-2021_00:00_image13.jpeg,robert.habeck_16-09-2021_00:00_item14.json,,,
208,cdu,2663240043419692487,GraphStoryVideo,,True,True,1631702973,1631789373,2021-09-15 10:49:33,True,False,,,,,,cdu_16-09-2021_00:00_video14.jpeg,cdu_16-09-2021_00:00_item14.json,,,
209,christlichsozialeunion,2663414257704001010,GraphStoryVideo,,True,False,1631723739,1631810139,2021-09-15 16:35:39,True,False,,,,,,christlichsozialeunion_16-09-2021_00:00_video11.jpeg,christlichsozialeunion_16-09-2021_00:00_item14.json,,,
210,christlichsozialeunion,2663419364445516114,GraphStoryVideo,,True,True,1631724346,1631810746,2021-09-15 16:45:46,False,False,,,,,,christlichsozialeunion_16-09-2021_00:00_video12.jpeg,christlichsozialeunion_16-09-2021_00:00_item15.json,,,
211,cdu,2663242820846043993,GraphStoryVideo,,True,True,1631703304,1631789704,2021-09-15 10:55:04,True,False,,,,,,cdu_16-09-2021_00:00_video15.jpeg,cdu_16-09-2021_00:00_item15.json,,,
212,robert.habeck,2663412552040725945,GraphStoryImage,,False,,1631723537,1631809937,2021-09-15 16:32:17,False,True,,,,,,robert.habeck_16-09-2021_00:00_image14.jpeg,robert.habeck_16-09-2021_00:00_item15.json,,,
213,christlichsozialeunion,2663425219408436444,GraphStoryVideo,,True,True,1631725046,1631811446,2021-09-15 16:57:26,True,False,,,,,,christlichsozialeunion_16-09-2021_00:00_video13.jpeg,christlichsozialeunion_16-09-2021_00:00_item16.json,,,
214,cdu,2663243293762250994,GraphStoryVideo,,True,True,1631703353,1631789753,2021-09-15 10:55:53,True,False,,,,,,cdu_16-09-2021_00:00_video16.jpeg,cdu_16-09-2021_00:00_item16.json,,,
215,christlichsozialeunion,2663429940928239437,GraphStoryVideo,,True,True,1631725606,1631812006,2021-09-15 17:06:46,True,False,,,,,,christlichsozialeunion_16-09-2021_00:00_video14.jpeg,christlichsozialeunion_16-09-2021_00:00_item17.json,,,
216,cdu,2663243266792785748,GraphStoryVideo,,True,True,1631703354,1631789754,2021-09-15 10:55:54,True,False,,,,,,cdu_16-09-2021_00:00_video17.jpeg,cdu_16-09-2021_00:00_item17.json,,,
217,cdu,2663243279107295075,GraphStoryVideo,,True,True,1631703355,1631789755,2021-09-15 10:55:55,True,False,,,,,,cdu_16-09-2021_00:00_video18.jpeg,cdu_16-09-2021_00:00_item18.json,,,
218,christlichsozialeunion,2663436420121125464,GraphStoryVideo,,True,True,1631726377,1631812777,2021-09-15 17:19:37,True,False,,,,,,christlichsozialeunion_16-09-2021_00:00_video15.jpeg,christlichsozialeunion_16-09-2021_00:00_item18.json,,,
219,christlichsozialeunion,2663453018282442968,GraphStoryVideo,,True,True,1631728361,1631814761,2021-09-15 17:52:41,True,False,,,,,,christlichsozialeunion_16-09-2021_00:00_video16.jpeg,christlichsozialeunion_16-09-2021_00:00_item19.json,,,
220,cdu,2663245135791267167,GraphStoryVideo,,True,True,1631703580,1631789980,2021-09-15 10:59:40,True,False,,,,,,cdu_16-09-2021_00:00_video19.jpeg,cdu_16-09-2021_00:00_item19.json,,,
221,christlichsozialeunion,2663460669791733791,GraphStoryVideo,,True,True,1631729270,1631815670,2021-09-15 18:07:50,True,False,,,,,,christlichsozialeunion_16-09-2021_00:00_video17.jpeg,christlichsozialeunion_16-09-2021_00:00_item20.json,,,
222,cdu,2663246105095096296,GraphStoryVideo,,True,True,1631703692,1631790092,2021-09-15 11:01:32,True,False,,,,,,cdu_16-09-2021_00:00_video20.jpeg,cdu_16-09-2021_00:00_item20.json,,,
223,cdu,2663246120127505913,GraphStoryVideo,,True,True,1631703693,1631790093,2021-09-15 11:01:33,True,False,,,,,,cdu_16-09-2021_00:00_video21.jpeg,cdu_16-09-2021_00:00_item21.json,,,
224,christlichsozialeunion,2663542688852942269,GraphStoryVideo,,True,True,1631739038,1631825438,2021-09-15 20:50:38,False,True,,,,,,christlichsozialeunion_16-09-2021_00:00_video18.jpeg,christlichsozialeunion_16-09-2021_00:00_item21.json,,,
225,cdu,2663246631748688843,GraphStoryVideo,,True,True,1631703759,1631790159,2021-09-15 11:02:39,True,False,,,,,,cdu_16-09-2021_00:00_video22.jpeg,cdu_16-09-2021_00:00_item22.json,,,
226,cdu,2663246798908368532,GraphStoryVideo,,True,True,1631703779,1631790179,2021-09-15 11:02:59,True,False,,,,,,cdu_16-09-2021_00:00_video23.jpeg,cdu_16-09-2021_00:00_item23.json,,,
227,cdu,2663394403831483574,GraphStoryVideo,,True,False,1631721374,1631807774,2021-09-15 15:56:14,False,True,,,,,,cdu_16-09-2021_00:00_video24.jpeg,cdu_16-09-2021_00:00_item24.json,,,
228,cdu,2663463113669676825,GraphStoryVideo,,True,True,1631729564,1631815964,2021-09-15 18:12:44,True,False,,,,,,cdu_16-09-2021_00:00_video25.jpeg,cdu_16-09-2021_00:00_item25.json,,,
229,cdu,2663464289794465185,GraphStoryImage,,False,,1631729705,1631816105,2021-09-15 18:15:05,True,False,,,,,,cdu_16-09-2021_00:00_image0.jpeg,cdu_16-09-2021_00:00_item26.json,,,
230,cdu,2663465248922691816,GraphStoryVideo,,True,True,1631729819,1631816219,2021-09-15 18:16:59,True,False,,,,,,cdu_16-09-2021_00:00_video26.jpeg,cdu_16-09-2021_00:00_item27.json,,,
231,robert.habeck,2661109451283521899,GraphStoryImage,,False,,1631448957,1631535357,2021-09-12 12:15:57,False,False,,,,,,robert.habeck_13-09-2021_00:00_image0.jpeg,robert.habeck_13-09-2021_00:00_item0.json,,,
232,afd.bund,2661128722271452824,GraphStoryVideo,,True,True,1631451272,1631537672,2021-09-12 12:54:32,False,True,,,,,,afd.bund_13-09-2021_00:00_video0.jpeg,afd.bund_13-09-2021_00:00_item0.json,,,
233,armin_laschet,2661093802502094580,GraphStoryVideo,,True,True,1631447121,1631533521,2021-09-12 11:45:21,True,False,,,,,,armin_laschet_13-09-2021_00:00_video0.jpeg,armin_laschet_13-09-2021_00:00_item0.json,,,
234,die_gruenen,2660947993957723378,GraphStoryVideo,,True,True,1631429735,1631516135,2021-09-12 06:55:35,False,True,,,,,,die_gruenen_13-09-2021_00:00_video0.jpeg,die_gruenen_13-09-2021_00:00_item0.json,,,
235,olafscholz,2661278287133611025,GraphStoryVideo,,True,True,1631468719,1631555119,2021-09-12 17:45:19,True,False,,,,,,olafscholz_13-09-2021_00:00_video0.jpeg,olafscholz_13-09-2021_00:00_item0.json,,,
236,markus.soeder,2661357925089550266,GraphStoryVideo,,True,False,1631478607,1631565007,2021-09-12 20:30:07,False,False,,,,,,markus.soeder_13-09-2021_00:00_video0.jpeg,markus.soeder_13-09-2021_00:00_item0.json,,,
237,fw_bayern,2660940496698491631,GraphStoryVideo,,True,True,1631428827,1631515227,2021-09-12 06:40:27,True,False,,,,,,fw_bayern_13-09-2021_00:00_video0.jpeg,fw_bayern_13-09-2021_00:00_item0.json,,,
238,cdu,2661129906936734390,GraphStoryVideo,,True,False,1631451425,1631537825,2021-09-12 12:57:05,True,True,,,,,,cdu_13-09-2021_00:00_video0.jpeg,cdu_13-09-2021_00:00_item0.json,,,
239,fdp,2660989514083937392,GraphStoryVideo,,True,False,1631434686,1631521086,2021-09-12 08:18:06,True,False,,,,,,fdp_13-09-2021_00:00_video0.jpeg,fdp_13-09-2021_00:00_item0.json,,,
240,saskiaesken,2660963183278310404,GraphStoryVideo,,True,True,1631431545,1631517945,2021-09-12 07:25:45,True,False,,,,,,saskiaesken_13-09-2021_00:00_video0.jpeg,saskiaesken_13-09-2021_00:00_item0.json,,,
241,atesgurpinar,2661017897830901883,GraphStoryImage,,False,,1631438074,1631524474,2021-09-12 09:14:34,False,False,,,,,,atesgurpinar_13-09-2021_00:00_image0.jpeg,atesgurpinar_13-09-2021_00:00_item0.json,,,
242,abaerbock,2661005811978042294,GraphStoryImage,,False,,1631436632,1631523032,2021-09-12 08:50:32,True,False,,,,,,abaerbock_13-09-2021_00:00_image0.jpeg,abaerbock_13-09-2021_00:00_item0.json,,,
243,grey_gor,2661143713559904866,GraphStoryImage,,False,,1631453071,1631539471,2021-09-12 13:24:31,True,False,,,,,,grey_gor_13-09-2021_00:00_image0.jpeg,grey_gor_13-09-2021_00:00_item0.json,,,
244,dielinke,2661049465757220260,GraphStoryImage,,False,,1631441834,1631528234,2021-09-12 10:17:14,False,True,,,,,,dielinke_13-09-2021_00:00_image0.jpeg,dielinke_13-09-2021_00:00_item0.json,,,
245,christlichsozialeunion,2661292045316637682,GraphStoryVideo,,True,False,1631470752,1631557152,2021-09-12 18:19:12,True,True,,,,,,christlichsozialeunion_13-09-2021_00:00_video0.jpeg,christlichsozialeunion_13-09-2021_00:00_item0.json,,,
246,spdde,2661276757117761652,GraphStoryImage,,False,,1631468930,1631555330,2021-09-12 17:48:50,False,False,,,,,,spdde_13-09-2021_00:00_image0.jpeg,spdde_13-09-2021_00:00_item0.json,,,
247,robert.habeck,2661109437601939153,GraphStoryImage,,False,,1631448958,1631535358,2021-09-12 12:15:58,False,False,,,,,,robert.habeck_13-09-2021_00:00_image1.jpeg,robert.habeck_13-09-2021_00:00_item1.json,,,
248,saskiaesken,2661322839366140590,GraphStoryVideo,,True,True,1631470596,1631556996,2021-09-12 18:16:36,True,False,,,,,,saskiaesken_13-09-2021_00:00_video1.jpeg,saskiaesken_13-09-2021_00:00_item1.json,,,
249,dielinke,2661050894831882792,GraphStoryImage,,False,,1631442006,1631528406,2021-09-12 10:20:06,False,True,,,,,,dielinke_13-09-2021_00:00_image1.jpeg,dielinke_13-09-2021_00:00_item1.json,,,
250,spdde,2661290394486084563,GraphStoryVideo,,True,True,1631470554,1631556954,2021-09-12 18:15:54,True,False,,,,,,spdde_13-09-2021_00:00_video0.jpeg,spdde_13-09-2021_00:00_item1.json,,,
251,armin_laschet,2661280114744072087,GraphStoryVideo,,True,True,1631469321,1631555721,2021-09-12 17:55:21,True,False,,,,,,armin_laschet_13-09-2021_00:00_video1.jpeg,armin_laschet_13-09-2021_00:00_item1.json,,,
252,christlichsozialeunion,2661318335859892510,GraphStoryVideo,,True,False,1631473867,1631560267,2021-09-12 19:11:07,False,False,,,,,,christlichsozialeunion_13-09-2021_00:00_video1.jpeg,christlichsozialeunion_13-09-2021_00:00_item1.json,,,
253,die_gruenen,2661005549447139588,GraphStoryImage,,False,,1631436598,1631522998,2021-09-12 08:49:58,True,False,,,,,,die_gruenen_13-09-2021_00:00_image0.jpeg,die_gruenen_13-09-2021_00:00_item1.json,,,
254,cdu,2661276649804507143,GraphStoryVideo,,True,True,1631468917,1631555317,2021-09-12 17:48:37,True,False,,,,,,cdu_13-09-2021_00:00_video1.jpeg,cdu_13-09-2021_00:00_item1.json,,,
255,atesgurpinar,2661027823828050747,GraphStoryImage,,False,,1631439254,1631525654,2021-09-12 09:34:14,True,False,,,,,,atesgurpinar_13-09-2021_00:00_image1.jpeg,atesgurpinar_13-09-2021_00:00_item1.json,,,
256,olafscholz,2661292107776267699,GraphStoryVideo,,True,False,1631470760,1631557160,2021-09-12 18:19:20,True,False,,,,,,olafscholz_13-09-2021_00:00_video1.jpeg,olafscholz_13-09-2021_00:00_item1.json,,,
257,abaerbock,2661032013943745250,GraphStoryVideo,,True,False,1631439755,1631526155,2021-09-12 09:42:35,True,True,,,,,,abaerbock_13-09-2021_00:00_video0.jpeg,abaerbock_13-09-2021_00:00_item1.json,,,
258,afd.bund,2661130503921854208,GraphStoryImage,,False,,1631451497,1631537897,2021-09-12 12:58:17,False,False,,,,,,afd.bund_13-09-2021_00:00_image0.jpeg,afd.bund_13-09-2021_00:00_item1.json,,,
259,fw_bayern,2661146281718174726,GraphStoryVideo,,True,True,1631453364,1631539764,2021-09-12 13:29:24,True,False,,,,,,fw_bayern_13-09-2021_00:00_video1.jpeg,fw_bayern_13-09-2021_00:00_item1.json,,,
260,afd.bund,2661134535813789470,GraphStoryImage,,False,,1631451977,1631538377,2021-09-12 13:06:17,False,False,,,,,,afd.bund_13-09-2021_00:00_image1.jpeg,afd.bund_13-09-2021_00:00_item2.json,,,
261,christlichsozialeunion,2661323961335997126,GraphStoryVideo,,True,False,1631474558,1631560958,2021-09-12 19:22:38,False,False,,,,,,christlichsozialeunion_13-09-2021_00:00_video2.jpeg,christlichsozialeunion_13-09-2021_00:00_item2.json,,,
262,cdu,2661278879378913100,GraphStoryVideo,,True,True,1631468939,1631555339,2021-09-12 17:48:59,True,False,,,,,,cdu_13-09-2021_00:00_video2.jpeg,cdu_13-09-2021_00:00_item2.json,,,
263,abaerbock,2661032742320505954,GraphStoryImage,,False,,1631439842,1631526242,2021-09-12 09:44:02,False,True,,,,,,abaerbock_13-09-2021_00:00_image1.jpeg,abaerbock_13-09-2021_00:00_item2.json,,,
264,die_gruenen,2661231932047801739,GraphStoryVideo,,True,True,1631463475,1631549875,2021-09-12 16:17:55,False,True,,,,,,die_gruenen_13-09-2021_00:00_video1.jpeg,die_gruenen_13-09-2021_00:00_item2.json,,,
265,fw_bayern,2661146258028735771,GraphStoryImage,,False,,1631453370,1631539770,2021-09-12 13:29:30,True,False,,,,,,fw_bayern_13-09-2021_00:00_image0.jpeg,fw_bayern_13-09-2021_00:00_item2.json,,,
266,olafscholz,2661354862222892275,GraphStoryVideo,,True,True,1631478241,1631564641,2021-09-12 20:24:01,True,False,,,,,,olafscholz_13-09-2021_00:00_video2.jpeg,olafscholz_13-09-2021_00:00_item2.json,,,
267,saskiaesken,2661331128546472871,GraphStoryImage,,False,,1631475409,1631561809,2021-09-12 19:36:49,False,False,,,,,,saskiaesken_13-09-2021_00:00_image0.jpeg,saskiaesken_13-09-2021_00:00_item2.json,,,
268,armin_laschet,2661371234840794773,GraphStoryImage,,False,,1631480193,1631566593,2021-09-12 20:56:33,True,False,,,,,,armin_laschet_13-09-2021_00:00_image0.jpeg,armin_laschet_13-09-2021_00:00_item2.json,,,
269,spdde,2661290400181945357,GraphStoryVideo,,True,True,1631470555,1631556955,2021-09-12 18:15:55,False,False,,,,,,spdde_13-09-2021_00:00_video1.jpeg,spdde_13-09-2021_00:00_item2.json,,,
270,robert.habeck,2661109469872730411,GraphStoryImage,,False,,1631448959,1631535359,2021-09-12 12:15:59,False,False,,,773383782834310.0,,,robert.habeck_13-09-2021_00:00_image2.jpeg,robert.habeck_13-09-2021_00:00_item2.json,,,
271,spdde,2661296179186259677,GraphStoryVideo,,True,True,1631471240,1631557640,2021-09-12 18:27:20,True,False,,,,,,spdde_13-09-2021_00:00_video2.jpeg,spdde_13-09-2021_00:00_item3.json,,,
272,robert.habeck,2661109382455128052,GraphStoryImage,,False,,1631448960,1631535360,2021-09-12 12:16:00,False,False,,,,,,robert.habeck_13-09-2021_00:00_image3.jpeg,robert.habeck_13-09-2021_00:00_item3.json,,,
273,die_gruenen,2661232822657864036,GraphStoryImage,,False,,1631463693,1631550093,2021-09-12 16:21:33,False,False,,,,,,die_gruenen_13-09-2021_00:00_image1.jpeg,die_gruenen_13-09-2021_00:00_item3.json,,,
274,fw_bayern,2661146503395484250,GraphStoryVideo,,True,True,1631453392,1631539792,2021-09-12 13:29:52,True,False,,,,,,fw_bayern_13-09-2021_00:00_video2.jpeg,fw_bayern_13-09-2021_00:00_item3.json,,,
275,armin_laschet,2661372716160032255,GraphStoryImage,,False,,1631480367,1631566767,2021-09-12 20:59:27,True,False,,,,,,armin_laschet_13-09-2021_00:00_image1.jpeg,armin_laschet_13-09-2021_00:00_item3.json,,,
276,olafscholz,2661365408951281991,GraphStoryVideo,,True,True,1631479125,1631565525,2021-09-12 20:38:45,True,False,,,,,,olafscholz_13-09-2021_00:00_video3.jpeg,olafscholz_13-09-2021_00:00_item3.json,,,
277,cdu,2661282700238927479,GraphStoryVideo,,True,True,1631469635,1631556035,2021-09-12 18:00:35,True,False,,,,,,cdu_13-09-2021_00:00_video3.jpeg,cdu_13-09-2021_00:00_item3.json,,,
278,afd.bund,2661135898467802099,GraphStoryImage,,False,,1631452139,1631538539,2021-09-12 13:08:59,False,False,,,,,,afd.bund_13-09-2021_00:00_image2.jpeg,afd.bund_13-09-2021_00:00_item3.json,,,
279,christlichsozialeunion,2661351975704758121,GraphStoryVideo,,True,False,1631477897,1631564297,2021-09-12 20:18:17,False,True,,,,,,christlichsozialeunion_13-09-2021_00:00_video3.jpeg,christlichsozialeunion_13-09-2021_00:00_item3.json,,,
280,saskiaesken,2661362508002167906,GraphStoryVideo,,True,True,1631478448,1631564848,2021-09-12 20:27:28,True,False,,,,,,saskiaesken_13-09-2021_00:00_video2.jpeg,saskiaesken_13-09-2021_00:00_item3.json,,,
281,abaerbock,2661178235316719411,GraphStoryVideo,,True,False,1631457184,1631543584,2021-09-12 14:33:04,True,False,,,,,,abaerbock_13-09-2021_00:00_video1.jpeg,abaerbock_13-09-2021_00:00_item3.json,,,
282,christlichsozialeunion,2661352942013708229,GraphStoryImage,,False,,1631478012,1631564412,2021-09-12 20:20:12,False,True,,,,,,christlichsozialeunion_13-09-2021_00:00_image0.jpeg,christlichsozialeunion_13-09-2021_00:00_item4.json,,,
283,armin_laschet,2661373339257356450,GraphStoryVideo,,True,False,1631480443,1631566843,2021-09-12 21:00:43,True,False,,,,,,armin_laschet_13-09-2021_00:00_video2.jpeg,armin_laschet_13-09-2021_00:00_item4.json,,,
284,abaerbock,2661268187643825115,GraphStoryVideo,,True,False,1631467909,1631554309,2021-09-12 17:31:49,False,False,,,,,,abaerbock_13-09-2021_00:00_video2.jpeg,abaerbock_13-09-2021_00:00_item4.json,,,
285,olafscholz,2661381142960129922,GraphStoryVideo,,True,True,1631481375,1631567775,2021-09-12 21:16:15,True,False,,,,,,olafscholz_13-09-2021_00:00_video4.jpeg,olafscholz_13-09-2021_00:00_item4.json,,,
286,robert.habeck,2661109459949156339,GraphStoryImage,,False,,1631448961,1631535361,2021-09-12 12:16:01,False,False,,,,,,robert.habeck_13-09-2021_00:00_image4.jpeg,robert.habeck_13-09-2021_00:00_item4.json,,,
287,afd.bund,2661137441979916566,GraphStoryImage,,False,,1631452323,1631538723,2021-09-12 13:12:03,False,False,,,,,,afd.bund_13-09-2021_00:00_image3.jpeg,afd.bund_13-09-2021_00:00_item4.json,,,
288,spdde,2661308058470292188,GraphStoryVideo,,True,True,1631472657,1631559057,2021-09-12 18:50:57,False,False,,,,,,spdde_13-09-2021_00:00_video3.jpeg,spdde_13-09-2021_00:00_item4.json,,,
289,fw_bayern,2661146540758374707,GraphStoryVideo,,True,False,1631453400,1631539800,2021-09-12 13:30:00,True,False,,,,,,fw_bayern_13-09-2021_00:00_video3.jpeg,fw_bayern_13-09-2021_00:00_item4.json,,,
290,saskiaesken,2661362684962952020,GraphStoryImage,,False,,1631479172,1631565572,2021-09-12 20:39:32,False,True,,,,,,saskiaesken_13-09-2021_00:00_image1.jpeg,saskiaesken_13-09-2021_00:00_item4.json,,,
291,die_gruenen,2661243872878794174,GraphStoryVideo,,True,True,1631465010,1631551410,2021-09-12 16:43:30,True,False,,,,,,die_gruenen_13-09-2021_00:00_video2.jpeg,die_gruenen_13-09-2021_00:00_item4.json,,,
292,cdu,2661282717108466662,GraphStoryVideo,,True,True,1631469636,1631556036,2021-09-12 18:00:36,True,False,,,,,,cdu_13-09-2021_00:00_video4.jpeg,cdu_13-09-2021_00:00_item4.json,,,
293,die_gruenen,2661244683998638723,GraphStoryVideo,,True,False,1631465107,1631551507,2021-09-12 16:45:07,True,False,,,,,,die_gruenen_13-09-2021_00:00_video3.jpeg,die_gruenen_13-09-2021_00:00_item5.json,,,
294,armin_laschet,2661373878384879053,GraphStoryVideo,,True,True,1631480502,1631566902,2021-09-12 21:01:42,True,False,,,,,,armin_laschet_13-09-2021_00:00_video3.jpeg,armin_laschet_13-09-2021_00:00_item5.json,,,
295,cdu,2661282730605606297,GraphStoryVideo,,True,True,1631469637,1631556037,2021-09-12 18:00:37,True,False,,,,,,cdu_13-09-2021_00:00_video5.jpeg,cdu_13-09-2021_00:00_item5.json,,,
296,saskiaesken,2661367792297879323,GraphStoryVideo,,True,True,1631479781,1631566181,2021-09-12 20:49:41,True,False,,,,,,saskiaesken_13-09-2021_00:00_video3.jpeg,saskiaesken_13-09-2021_00:00_item5.json,,,
297,robert.habeck,2661111494656109657,GraphStoryVideo,,True,True,1631449217,1631535617,2021-09-12 12:20:17,False,False,,,,,,robert.habeck_13-09-2021_00:00_video0.jpeg,robert.habeck_13-09-2021_00:00_item5.json,,,
298,afd.bund,2661142118652073830,GraphStoryVideo,,True,False,1631452881,1631539281,2021-09-12 13:21:21,False,False,,,,,,afd.bund_13-09-2021_00:00_video1.jpeg,afd.bund_13-09-2021_00:00_item5.json,,,
299,christlichsozialeunion,2661353369530568629,GraphStoryImage,,False,,1631478062,1631564462,2021-09-12 20:21:02,False,True,,,,,,christlichsozialeunion_13-09-2021_00:00_image1.jpeg,christlichsozialeunion_13-09-2021_00:00_item5.json,,,
300,fw_bayern,2661146852118408500,GraphStoryImage,,False,,1631453444,1631539844,2021-09-12 13:30:44,False,True,,,,,,fw_bayern_13-09-2021_00:00_image1.jpeg,fw_bayern_13-09-2021_00:00_item5.json,,,
301,abaerbock,2661269285981021544,GraphStoryVideo,,True,False,1631468040,1631554440,2021-09-12 17:34:00,False,False,,,,,,abaerbock_13-09-2021_00:00_video3.jpeg,abaerbock_13-09-2021_00:00_item5.json,,,
302,spdde,2661308079064409020,GraphStoryVideo,,True,True,1631472658,1631559058,2021-09-12 18:50:58,False,False,,,,,,spdde_13-09-2021_00:00_video4.jpeg,spdde_13-09-2021_00:00_item5.json,,,
303,olafscholz,2661389117766416464,GraphStoryVideo,,True,True,1631482325,1631568725,2021-09-12 21:32:05,True,False,,,,,,olafscholz_13-09-2021_00:00_video5.jpeg,olafscholz_13-09-2021_00:00_item5.json,,,
304,spdde,2661308098886593416,GraphStoryVideo,,True,True,1631472659,1631559059,2021-09-12 18:50:59,False,False,,,,,,spdde_13-09-2021_00:00_video5.jpeg,spdde_13-09-2021_00:00_item6.json,,,
305,christlichsozialeunion,2661355197978765834,GraphStoryImage,,False,,1631478280,1631564680,2021-09-12 20:24:40,False,True,,,,,,christlichsozialeunion_13-09-2021_00:00_image2.jpeg,christlichsozialeunion_13-09-2021_00:00_item6.json,,,
306,robert.habeck,2661111751616202225,GraphStoryImage,,False,,1631449218,1631535618,2021-09-12 12:20:18,False,False,,,,,,robert.habeck_13-09-2021_00:00_image5.jpeg,robert.habeck_13-09-2021_00:00_item6.json,,,
307,armin_laschet,2661374648484129003,GraphStoryVideo,,True,True,1631480590,1631566990,2021-09-12 21:03:10,True,False,,,,,,armin_laschet_13-09-2021_00:00_video4.jpeg,armin_laschet_13-09-2021_00:00_item6.json,,,
308,afd.bund,2661143602389091589,GraphStoryImage,,False,,1631453057,1631539457,2021-09-12 13:24:17,False,False,,,,,,afd.bund_13-09-2021_00:00_image4.jpeg,afd.bund_13-09-2021_00:00_item6.json,,,
309,die_gruenen,2661247588822426478,GraphStoryVideo,,True,False,1631465454,1631551854,2021-09-12 16:50:54,False,False,,,,,,die_gruenen_13-09-2021_00:00_video4.jpeg,die_gruenen_13-09-2021_00:00_item6.json,,,
310,cdu,2661308434986695647,GraphStoryVideo,,True,True,1631472671,1631559071,2021-09-12 18:51:11,True,False,,,,,,cdu_13-09-2021_00:00_video6.jpeg,cdu_13-09-2021_00:00_item6.json,,,
311,fw_bayern,2661241087542939858,GraphStoryVideo,,True,True,1631464672,1631551072,2021-09-12 16:37:52,True,False,,,,,,fw_bayern_13-09-2021_00:00_video4.jpeg,fw_bayern_13-09-2021_00:00_item6.json,,,
312,abaerbock,2661272146163014757,GraphStoryImage,,False,,1631468381,1631554781,2021-09-12 17:39:41,False,False,,,,,,abaerbock_13-09-2021_00:00_image2.jpeg,abaerbock_13-09-2021_00:00_item6.json,,,
313,afd.bund,2661145472495063808,GraphStoryImage,,False,,1631453280,1631539680,2021-09-12 13:28:00,False,False,,,,,,afd.bund_13-09-2021_00:00_image5.jpeg,afd.bund_13-09-2021_00:00_item7.json,,,
314,spdde,2661308104876051614,GraphStoryVideo,,True,True,1631472660,1631559060,2021-09-12 18:51:00,True,False,,,,,,spdde_13-09-2021_00:00_video6.jpeg,spdde_13-09-2021_00:00_item7.json,,,
315,fw_bayern,2661241109940477470,GraphStoryVideo,,True,True,1631464673,1631551073,2021-09-12 16:37:53,True,False,,,,,,fw_bayern_13-09-2021_00:00_video5.jpeg,fw_bayern_13-09-2021_00:00_item7.json,,,
316,abaerbock,2661393558941149871,GraphStoryImage,,False,,1631482855,1631569255,2021-09-12 21:40:55,False,False,,,,,,abaerbock_13-09-2021_00:00_image3.jpeg,abaerbock_13-09-2021_00:00_item7.json,,,
317,cdu,2661310222188126742,GraphStoryVideo,,True,True,1631472916,1631559316,2021-09-12 18:55:16,True,False,,,,,,cdu_13-09-2021_00:00_video7.jpeg,cdu_13-09-2021_00:00_item7.json,,,
318,armin_laschet,2661375113540227449,GraphStoryImage,,False,,1631480655,1631567055,2021-09-12 21:04:15,True,False,,,,,,armin_laschet_13-09-2021_00:00_image2.jpeg,armin_laschet_13-09-2021_00:00_item7.json,,,
319,robert.habeck,2661111758712841751,GraphStoryImage,,False,,1631449219,1631535619,2021-09-12 12:20:19,False,False,,,,,,robert.habeck_13-09-2021_00:00_image6.jpeg,robert.habeck_13-09-2021_00:00_item7.json,,,
320,die_gruenen,2661248305805352355,GraphStoryVideo,,True,True,1631465539,1631551939,2021-09-12 16:52:19,True,False,,,,,,die_gruenen_13-09-2021_00:00_video5.jpeg,die_gruenen_13-09-2021_00:00_item7.json,,,
321,robert.habeck,2661111758729772505,GraphStoryImage,,False,,1631449220,1631535620,2021-09-12 12:20:20,False,False,,,,,,robert.habeck_13-09-2021_00:00_image7.jpeg,robert.habeck_13-09-2021_00:00_item8.json,,,
322,spdde,2661311138406368044,GraphStoryImage,,False,,1631473030,1631559430,2021-09-12 18:57:10,True,False,,,,,,spdde_13-09-2021_00:00_image1.jpeg,spdde_13-09-2021_00:00_item8.json,,,
323,abaerbock,2661393863405725648,GraphStoryImage,,False,,1631482891,1631569291,2021-09-12 21:41:31,False,False,,,,,,abaerbock_13-09-2021_00:00_image4.jpeg,abaerbock_13-09-2021_00:00_item8.json,,,
324,afd.bund,2661147108198162379,GraphStoryImage,,False,,1631453475,1631539875,2021-09-12 13:31:15,False,False,,,,,,afd.bund_13-09-2021_00:00_image6.jpeg,afd.bund_13-09-2021_00:00_item8.json,,,
325,cdu,2661310751417008405,GraphStoryVideo,,True,True,1631472976,1631559376,2021-09-12 18:56:16,True,False,,,,,,cdu_13-09-2021_00:00_video8.jpeg,cdu_13-09-2021_00:00_item8.json,,,
326,die_gruenen,2661291404124291042,GraphStoryVideo,,True,True,1631470676,1631557076,2021-09-12 18:17:56,True,False,,,,,,die_gruenen_13-09-2021_00:00_video6.jpeg,die_gruenen_13-09-2021_00:00_item8.json,,,
327,armin_laschet,2661375700289820840,GraphStoryImage,,False,,1631480725,1631567125,2021-09-12 21:05:25,False,True,,,,,,armin_laschet_13-09-2021_00:00_image3.jpeg,armin_laschet_13-09-2021_00:00_item8.json,,,
328,armin_laschet,2661381764909419987,GraphStoryVideo,,True,True,1631481445,1631567845,2021-09-12 21:17:25,True,False,,,,,,armin_laschet_13-09-2021_00:00_video5.jpeg,armin_laschet_13-09-2021_00:00_item9.json,,,
329,afd.bund,2661148364014870430,GraphStoryImage,,False,,1631453621,1631540021,2021-09-12 13:33:41,False,False,,,,,,afd.bund_13-09-2021_00:00_image7.jpeg,afd.bund_13-09-2021_00:00_item9.json,,,
330,abaerbock,2661394174648224287,GraphStoryImage,,False,,1631482928,1631569328,2021-09-12 21:42:08,False,False,,,,,,abaerbock_13-09-2021_00:00_image5.jpeg,abaerbock_13-09-2021_00:00_item9.json,,,
331,robert.habeck,2661111751750261444,GraphStoryImage,,False,,1631449221,1631535621,2021-09-12 12:20:21,False,False,,,,,,robert.habeck_13-09-2021_00:00_image8.jpeg,robert.habeck_13-09-2021_00:00_item9.json,,,
332,die_gruenen,2661298047750851499,GraphStoryImage,,False,,1631471468,1631557868,2021-09-12 18:31:08,False,False,,,,,,die_gruenen_13-09-2021_00:00_image2.jpeg,die_gruenen_13-09-2021_00:00_item9.json,,,
333,cdu,2661310773646681082,GraphStoryVideo,,True,True,1631472982,1631559382,2021-09-12 18:56:22,True,False,,,,,,cdu_13-09-2021_00:00_video9.jpeg,cdu_13-09-2021_00:00_item9.json,,,
334,spdde,2661330081216987666,GraphStoryImage,,False,,1631475288,1631561688,2021-09-12 19:34:48,True,False,,,,,,spdde_13-09-2021_00:00_image2.jpeg,spdde_13-09-2021_00:00_item9.json,,,
335,afd.bund,2661150897516953341,GraphStoryImage,,False,,1631453927,1631540327,2021-09-12 13:38:47,False,False,,,,,,afd.bund_13-09-2021_00:00_image8.jpeg,afd.bund_13-09-2021_00:00_item10.json,,,
336,abaerbock,2661394674760033990,GraphStoryImage,,False,,1631482988,1631569388,2021-09-12 21:43:08,True,False,,,,,,abaerbock_13-09-2021_00:00_image6.jpeg,abaerbock_13-09-2021_00:00_item10.json,,,
337,armin_laschet,2661381779346185954,GraphStoryVideo,,True,True,1631481446,1631567846,2021-09-12 21:17:26,True,False,,,,,,armin_laschet_13-09-2021_00:00_video6.jpeg,armin_laschet_13-09-2021_00:00_item10.json,,,
338,cdu,2661311436355147658,GraphStoryVideo,,True,False,1631473063,1631559463,2021-09-12 18:57:43,True,False,,,,,,cdu_13-09-2021_00:00_video10.jpeg,cdu_13-09-2021_00:00_item10.json,,,
339,spdde,2661365158785351378,GraphStoryVideo,,True,True,1631479462,1631565862,2021-09-12 20:44:22,True,False,,,,,,spdde_13-09-2021_00:00_video7.jpeg,spdde_13-09-2021_00:00_item10.json,,,
340,die_gruenen,2661302193526930257,GraphStoryImage,,False,,1631471962,1631558362,2021-09-12 18:39:22,False,False,,,,,,die_gruenen_13-09-2021_00:00_image3.jpeg,die_gruenen_13-09-2021_00:00_item10.json,,,
341,robert.habeck,2661111751490297462,GraphStoryImage,,False,,1631449222,1631535622,2021-09-12 12:20:22,False,False,,,,,,robert.habeck_13-09-2021_00:00_image9.jpeg,robert.habeck_13-09-2021_00:00_item10.json,,,
342,abaerbock,2661395568136191025,GraphStoryVideo,,True,True,1631483093,1631569493,2021-09-12 21:44:53,False,False,,,,,,abaerbock_13-09-2021_00:00_video4.jpeg,abaerbock_13-09-2021_00:00_item11.json,,,
343,cdu,2661311540298256443,GraphStoryImage,,False,,1631473077,1631559477,2021-09-12 18:57:57,True,False,,,,,,cdu_13-09-2021_00:00_image0.jpeg,cdu_13-09-2021_00:00_item11.json,,,
344,afd.bund,2661151705960799305,GraphStoryImage,,False,,1631454022,1631540422,2021-09-12 13:40:22,False,False,,,,,,afd.bund_13-09-2021_00:00_image9.jpeg,afd.bund_13-09-2021_00:00_item11.json,,,
345,spdde,2661365167241112985,GraphStoryVideo,,True,True,1631479463,1631565863,2021-09-12 20:44:23,True,False,,,,,,spdde_13-09-2021_00:00_video8.jpeg,spdde_13-09-2021_00:00_item11.json,,,
346,die_gruenen,2661303817250866429,GraphStoryImage,,False,,1631472156,1631558556,2021-09-12 18:42:36,True,False,,,,,,die_gruenen_13-09-2021_00:00_image4.jpeg,die_gruenen_13-09-2021_00:00_item11.json,,,
347,robert.habeck,2661111736181134207,GraphStoryImage,,False,,1631449223,1631535623,2021-09-12 12:20:23,False,False,,,,,,robert.habeck_13-09-2021_00:00_image10.jpeg,robert.habeck_13-09-2021_00:00_item11.json,,,
348,afd.bund,2661152382778664489,GraphStoryImage,,False,,1631454105,1631540505,2021-09-12 13:41:45,False,False,,,,,,afd.bund_13-09-2021_00:00_image10.jpeg,afd.bund_13-09-2021_00:00_item12.json,,,
349,robert.habeck,2661111733521825336,GraphStoryImage,,False,,1631449224,1631535624,2021-09-12 12:20:24,False,False,,,,,,robert.habeck_13-09-2021_00:00_image11.jpeg,robert.habeck_13-09-2021_00:00_item12.json,,,
350,cdu,2661311901235117128,GraphStoryImage,,False,,1631473120,1631559520,2021-09-12 18:58:40,True,False,,,,,,cdu_13-09-2021_00:00_image1.jpeg,cdu_13-09-2021_00:00_item12.json,,,
351,die_gruenen,2661322572878243359,GraphStoryImage,,False,,1631474391,1631560791,2021-09-12 19:19:51,True,False,,,,,,die_gruenen_13-09-2021_00:00_image5.jpeg,die_gruenen_13-09-2021_00:00_item12.json,,,
352,cdu,2661312068260616043,GraphStoryImage,,False,,1631473140,1631559540,2021-09-12 18:59:00,True,False,,,,,,cdu_13-09-2021_00:00_image2.jpeg,cdu_13-09-2021_00:00_item13.json,,,
353,die_gruenen,2661358682933181652,GraphStoryVideo,,True,True,1631478693,1631565093,2021-09-12 20:31:33,True,False,,,,,,die_gruenen_13-09-2021_00:00_video7.jpeg,die_gruenen_13-09-2021_00:00_item13.json,,,
354,robert.habeck,2661111751272129758,GraphStoryImage,,False,,1631449225,1631535625,2021-09-12 12:20:25,False,False,,,,,,robert.habeck_13-09-2021_00:00_image12.jpeg,robert.habeck_13-09-2021_00:00_item13.json,,,
355,robert.habeck,2661111751582455542,GraphStoryImage,,False,,1631449226,1631535626,2021-09-12 12:20:26,False,False,,,,,,robert.habeck_13-09-2021_00:00_image13.jpeg,robert.habeck_13-09-2021_00:00_item14.json,,,
356,cdu,2661341995122852523,GraphStoryVideo,,True,True,1631476704,1631563104,2021-09-12 19:58:24,True,False,,,,,,cdu_13-09-2021_00:00_video11.jpeg,cdu_13-09-2021_00:00_item14.json,,,
357,die_gruenen,2661358662590779259,GraphStoryVideo,,True,True,1631478694,1631565094,2021-09-12 20:31:34,True,False,,,,,,die_gruenen_13-09-2021_00:00_video8.jpeg,die_gruenen_13-09-2021_00:00_item14.json,,,
358,die_gruenen,2661358887657124588,GraphStoryVideo,,True,True,1631478718,1631565118,2021-09-12 20:31:58,False,True,,,,,,die_gruenen_13-09-2021_00:00_video9.jpeg,die_gruenen_13-09-2021_00:00_item15.json,,,
359,robert.habeck,2661111866974407067,GraphStoryVideo,,True,True,1631449270,1631535670,2021-09-12 12:21:10,False,False,,,,,,robert.habeck_13-09-2021_00:00_video1.jpeg,robert.habeck_13-09-2021_00:00_item15.json,,,
360,cdu,2661350145511230941,GraphStoryVideo,,True,True,1631477676,1631564076,2021-09-12 20:14:36,True,False,,,,,,cdu_13-09-2021_00:00_video12.jpeg,cdu_13-09-2021_00:00_item15.json,,,
361,cdu,2661350177840932024,GraphStoryVideo,,True,True,1631477677,1631564077,2021-09-12 20:14:37,True,False,,,,,,cdu_13-09-2021_00:00_video13.jpeg,cdu_13-09-2021_00:00_item16.json,,,
362,die_gruenen,2661359120231223503,GraphStoryVideo,,True,True,1631478746,1631565146,2021-09-12 20:32:26,True,False,,,,,,die_gruenen_13-09-2021_00:00_video10.jpeg,die_gruenen_13-09-2021_00:00_item16.json,,,
363,robert.habeck,2661112151987540435,GraphStoryImage,,False,,1631449294,1631535694,2021-09-12 12:21:34,False,False,,,,,,robert.habeck_13-09-2021_00:00_image14.jpeg,robert.habeck_13-09-2021_00:00_item16.json,,,
364,cdu,2661350160820470805,GraphStoryVideo,,True,True,1631477678,1631564078,2021-09-12 20:14:38,True,False,,,,,,cdu_13-09-2021_00:00_video14.jpeg,cdu_13-09-2021_00:00_item17.json,,,
365,robert.habeck,2661112809126052626,GraphStoryImage,,False,,1631449380,1631535780,2021-09-12 12:23:00,False,False,,,,,,robert.habeck_13-09-2021_00:00_image15.jpeg,robert.habeck_13-09-2021_00:00_item17.json,,,
366,die_gruenen,2661359133720229306,GraphStoryVideo,,True,True,1631478747,1631565147,2021-09-12 20:32:27,True,False,,,,,,die_gruenen_13-09-2021_00:00_video11.jpeg,die_gruenen_13-09-2021_00:00_item17.json,,,
367,cdu,2661351924231721061,GraphStoryVideo,,True,True,1631477885,1631564285,2021-09-12 20:18:05,True,False,,,,,,cdu_13-09-2021_00:00_video15.jpeg,cdu_13-09-2021_00:00_item18.json,,,
368,robert.habeck,2661113458955576454,GraphStoryVideo,,True,True,1631449449,1631535849,2021-09-12 12:24:09,False,False,,,,,,robert.habeck_13-09-2021_00:00_video2.jpeg,robert.habeck_13-09-2021_00:00_item18.json,,,
369,cdu,2661351902413017204,GraphStoryVideo,,True,True,1631477886,1631564286,2021-09-12 20:18:06,True,False,,,,,,cdu_13-09-2021_00:00_video16.jpeg,cdu_13-09-2021_00:00_item19.json,,,
370,robert.habeck,2661113443078213859,GraphStoryImage,,False,,1631449450,1631535850,2021-09-12 12:24:10,False,False,,,234355951.0,,,robert.habeck_13-09-2021_00:00_image16.jpeg,robert.habeck_13-09-2021_00:00_item19.json,,,
371,cdu,2661367830810724653,GraphStoryImage,,False,,1631479787,1631566187,2021-09-12 20:49:47,True,False,,,,,,cdu_13-09-2021_00:00_image3.jpeg,cdu_13-09-2021_00:00_item20.json,,,
372,robert.habeck,2661113442935617814,GraphStoryImage,,False,,1631449451,1631535851,2021-09-12 12:24:11,False,False,,,,,,robert.habeck_13-09-2021_00:00_image17.jpeg,robert.habeck_13-09-2021_00:00_item20.json,,,
373,cdu,2661368161858954246,GraphStoryVideo,,True,True,1631479827,1631566227,2021-09-12 20:50:27,True,False,,,,,,cdu_13-09-2021_00:00_video17.jpeg,cdu_13-09-2021_00:00_item21.json,,,
374,robert.habeck,2661113443413718345,GraphStoryImage,,False,,1631449452,1631535852,2021-09-12 12:24:12,False,False,,,,,,robert.habeck_13-09-2021_00:00_image18.jpeg,robert.habeck_13-09-2021_00:00_item21.json,,,
375,cdu,2661396191134096178,GraphStoryVideo,,True,True,1631483166,1631569566,2021-09-12 21:46:06,True,False,,,235026951.0,,,cdu_13-09-2021_00:00_video18.jpeg,cdu_13-09-2021_00:00_item22.json,,,
376,robert.habeck,2661113444000927530,GraphStoryImage,,False,,1631449453,1631535853,2021-09-12 12:24:13,False,False,,,,,,robert.habeck_13-09-2021_00:00_image19.jpeg,robert.habeck_13-09-2021_00:00_item22.json,,,
377,cdu,2661396558035229116,GraphStoryVideo,,True,True,1631483209,1631569609,2021-09-12 21:46:49,True,False,,,235026951.0,,,cdu_13-09-2021_00:00_video19.jpeg,cdu_13-09-2021_00:00_item23.json,,,
378,robert.habeck,2661113443967421590,GraphStoryImage,,False,,1631449454,1631535854,2021-09-12 12:24:14,False,False,,,,,,robert.habeck_13-09-2021_00:00_image20.jpeg,robert.habeck_13-09-2021_00:00_item23.json,,,
379,robert.habeck,2661283133024908371,GraphStoryImage,,False,,1631469686,1631556086,2021-09-12 18:01:26,False,True,,,,,,robert.habeck_13-09-2021_00:00_image21.jpeg,robert.habeck_13-09-2021_00:00_item24.json,,,
380,robert.habeck,2661283130282025023,GraphStoryImage,,False,,1631469689,1631556089,2021-09-12 18:01:29,False,True,,,,,,robert.habeck_13-09-2021_00:00_image22.jpeg,robert.habeck_13-09-2021_00:00_item25.json,,,
381,fw_bayern,2669691122139965480,GraphStoryVideo,,True,False,1632472000,1632558400,2021-09-24 08:26:40,True,False,,,,,,fw_bayern_25-09-2021_00:00_video0.jpeg,fw_bayern_25-09-2021_00:00_item0.json,,,
382,robert.habeck,2669723894267673797,GraphStoryImage,,False,,1632475904,1632562304,2021-09-24 09:31:44,False,True,,,,,,robert.habeck_25-09-2021_00:00_image0.jpeg,robert.habeck_25-09-2021_00:00_item0.json,,,
383,die_gruenen,2669648598750274565,GraphStoryImage,,False,,1632466926,1632553326,2021-09-24 07:02:06,True,False,,,,,,die_gruenen_25-09-2021_00:00_image0.jpeg,die_gruenen_25-09-2021_00:00_item0.json,,,
384,afd.bund,2669622577767852423,GraphStoryImage,,False,,1632463830,1632550230,2021-09-24 06:10:30,False,True,,,,,,afd.bund_25-09-2021_00:00_image0.jpeg,afd.bund_25-09-2021_00:00_item0.json,,,
385,fdp,2669873647882449266,GraphStoryImage,,False,,1632493757,1632580157,2021-09-24 14:29:17,True,False,,,,,,fdp_25-09-2021_00:00_image0.jpeg,fdp_25-09-2021_00:00_item0.json,,,
386,spdde,2669825045215335229,GraphStoryVideo,,True,True,1632487965,1632574365,2021-09-24 12:52:45,False,False,,,114171185308853.0,,,spdde_25-09-2021_00:00_video0.jpeg,spdde_25-09-2021_00:00_item0.json,,,
387,cdu,2669896536340574249,GraphStoryVideo,,True,True,1632496485,1632582885,2021-09-24 15:14:45,True,False,,,,,,cdu_25-09-2021_00:00_video0.jpeg,cdu_25-09-2021_00:00_item0.json,,,
388,abaerbock,2669728811946420014,GraphStoryImage,,False,,1632476493,1632562893,2021-09-24 09:41:33,False,True,,,,,,abaerbock_25-09-2021_00:00_image0.jpeg,abaerbock_25-09-2021_00:00_item0.json,,,
389,olafscholz,2669731291960659225,GraphStoryVideo,,True,True,1632476789,1632563189,2021-09-24 09:46:29,True,False,,,,,,olafscholz_25-09-2021_00:00_video0.jpeg,olafscholz_25-09-2021_00:00_item0.json,,,
390,markus.soeder,2669601269041205362,GraphStoryVideo,,True,False,1632461290,1632547690,2021-09-24 05:28:10,False,True,,,,,,markus.soeder_25-09-2021_00:00_video0.jpeg,markus.soeder_25-09-2021_00:00_item0.json,,,
391,susanne_hennig_wellsow,2669957579378253636,GraphStoryImage,,False,,1632503766,1632590166,2021-09-24 17:16:06,True,False,,,,,,susanne_hennig_wellsow_25-09-2021_00:00_image0.jpeg,susanne_hennig_wellsow_25-09-2021_00:00_item0.json,,,
392,christianlindner,2669901904648088407,GraphStoryImage,,False,,1632497126,1632583526,2021-09-24 15:25:26,False,False,,,,,,christianlindner_25-09-2021_00:00_image0.jpeg,christianlindner_25-09-2021_00:00_item0.json,,,
393,grey_gor,2669787114488562487,GraphStoryVideo,,True,False,1632483444,1632569844,2021-09-24 11:37:24,True,True,,,,,,grey_gor_25-09-2021_00:00_video0.jpeg,grey_gor_25-09-2021_00:00_item0.json,,,
394,saskiaesken,2669764024302844477,GraphStoryImage,,False,,1632480689,1632567089,2021-09-24 10:51:29,False,False,,,,,,saskiaesken_25-09-2021_00:00_image0.jpeg,saskiaesken_25-09-2021_00:00_item0.json,,,
395,christlichsozialeunion,2669755861851261421,GraphStoryVideo,,True,False,1632479706,1632566106,2021-09-24 10:35:06,False,False,,,,,,christlichsozialeunion_25-09-2021_00:00_video0.jpeg,christlichsozialeunion_25-09-2021_00:00_item0.json,,,
396,engin_eroglu_,2669705982933951242,GraphStoryVideo,,True,False,1632473773,1632560173,2021-09-24 08:56:13,False,False,,,,,,engin_eroglu__25-09-2021_00:00_video0.jpeg,engin_eroglu__25-09-2021_00:00_item0.json,,,
397,dielinke,2669664320496010542,GraphStoryImage,,False,,1632468805,1632555205,2021-09-24 07:33:25,False,False,,,,,,dielinke_25-09-2021_00:00_image0.jpeg,dielinke_25-09-2021_00:00_item0.json,,,
398,armin_laschet,2669693527581214232,GraphStoryVideo,,True,True,1632472285,1632558685,2021-09-24 08:31:25,True,False,,,,,,armin_laschet_25-09-2021_00:00_video0.jpeg,armin_laschet_25-09-2021_00:00_item0.json,,,
399,olafscholz,2669735979483618251,GraphStoryImage,,False,,1632477348,1632563748,2021-09-24 09:55:48,True,False,,,,,,olafscholz_25-09-2021_00:00_image0.jpeg,olafscholz_25-09-2021_00:00_item1.json,,,
400,christlichsozialeunion,2669789320250553250,GraphStoryVideo,,True,True,1632483704,1632570104,2021-09-24 11:41:44,True,False,,,103380911290855.0,,,christlichsozialeunion_25-09-2021_00:00_video1.jpeg,christlichsozialeunion_25-09-2021_00:00_item1.json,,,
401,abaerbock,2669805798623012535,GraphStoryImage,,False,,1632485672,1632572072,2021-09-24 12:14:32,False,False,,,496948690.0,,,abaerbock_25-09-2021_00:00_image1.jpeg,abaerbock_25-09-2021_00:00_item1.json,,,
402,robert.habeck,2669737771709517286,GraphStoryImage,,False,,1632477561,1632563961,2021-09-24 09:59:21,True,False,,,,,,robert.habeck_25-09-2021_00:00_image1.jpeg,robert.habeck_25-09-2021_00:00_item1.json,,,
403,die_gruenen,2669674225838815900,GraphStoryVideo,,True,False,1632469973,1632556373,2021-09-24 07:52:53,True,False,,,,,,die_gruenen_25-09-2021_00:00_video0.jpeg,die_gruenen_25-09-2021_00:00_item1.json,,,
404,afd.bund,2669627015398070870,GraphStoryVideo,,True,False,1632464359,1632550759,2021-09-24 06:19:19,False,True,,,,,,afd.bund_25-09-2021_00:00_video0.jpeg,afd.bund_25-09-2021_00:00_item1.json,,,
405,engin_eroglu_,2669780217450538877,GraphStoryImage,,False,,1632482619,1632569019,2021-09-24 11:23:39,False,True,,,,,,engin_eroglu__25-09-2021_00:00_image0.jpeg,engin_eroglu__25-09-2021_00:00_item1.json,,,
406,cdu,2669902360374968424,GraphStoryVideo,,True,True,1632497183,1632583583,2021-09-24 15:26:23,True,False,,,346809392400828.0,,,cdu_25-09-2021_00:00_video1.jpeg,cdu_25-09-2021_00:00_item1.json,,,
407,fw_bayern,2669742456570598384,GraphStoryVideo,,True,True,1632472087,1632558487,2021-09-24 08:28:07,True,False,,,,,,fw_bayern_25-09-2021_00:00_video1.jpeg,fw_bayern_25-09-2021_00:00_item1.json,,,
408,susanne_hennig_wellsow,2669957669862960410,GraphStoryVideo,,True,False,1632503775,1632590175,2021-09-24 17:16:15,True,False,,,,,,susanne_hennig_wellsow_25-09-2021_00:00_video0.jpeg,susanne_hennig_wellsow_25-09-2021_00:00_item1.json,,,
409,saskiaesken,2669820485037009094,GraphStoryImage,,False,,1632487420,1632573820,2021-09-24 12:43:40,False,False,,,,,,saskiaesken_25-09-2021_00:00_image1.jpeg,saskiaesken_25-09-2021_00:00_item1.json,,,
410,armin_laschet,2669693540692481472,GraphStoryVideo,,True,True,1632472286,1632558686,2021-09-24 08:31:26,True,False,,,,,,armin_laschet_25-09-2021_00:00_video1.jpeg,armin_laschet_25-09-2021_00:00_item1.json,,,
411,grey_gor,2669939881760854959,GraphStoryVideo,,True,True,1632501653,1632588053,2021-09-24 16:40:53,True,True,,,,,,grey_gor_25-09-2021_00:00_video1.jpeg,grey_gor_25-09-2021_00:00_item1.json,,,
412,christianlindner,2669902102074221049,GraphStoryImage,,False,,1632497151,1632583551,2021-09-24 15:25:51,True,False,,,,,,christianlindner_25-09-2021_00:00_image1.jpeg,christianlindner_25-09-2021_00:00_item1.json,,,
413,spdde,2669827744736545714,GraphStoryVideo,,True,True,1632488288,1632574688,2021-09-24 12:58:08,False,False,,,,,,spdde_25-09-2021_00:00_video1.jpeg,spdde_25-09-2021_00:00_item1.json,,,
414,dielinke,2669707661346176325,GraphStoryVideo,,True,True,1632473956,1632560356,2021-09-24 08:59:16,False,True,,,,,,dielinke_25-09-2021_00:00_video0.jpeg,dielinke_25-09-2021_00:00_item1.json,,,
415,markus.soeder,2669636929768676280,GraphStoryImage,,False,,1632465540,1632551940,2021-09-24 06:39:00,False,True,,,,,,markus.soeder_25-09-2021_00:00_image0.jpeg,markus.soeder_25-09-2021_00:00_item1.json,,,
416,spdde,2669830506157302390,GraphStoryVideo,,True,True,1632488614,1632575014,2021-09-24 13:03:34,True,False,,,,,,spdde_25-09-2021_00:00_video2.jpeg,spdde_25-09-2021_00:00_item2.json,,,
417,dielinke,2669728609563010140,GraphStoryImage,,False,,1632476470,1632562870,2021-09-24 09:41:10,True,False,,,,,,dielinke_25-09-2021_00:00_image1.jpeg,dielinke_25-09-2021_00:00_item2.json,,,
418,christlichsozialeunion,2669789331021532679,GraphStoryVideo,,True,False,1632483705,1632570105,2021-09-24 11:41:45,True,False,,,,,,christlichsozialeunion_25-09-2021_00:00_video2.jpeg,christlichsozialeunion_25-09-2021_00:00_item2.json,,,
419,markus.soeder,2669756775999255145,GraphStoryVideo,,True,False,1632479828,1632566228,2021-09-24 10:37:08,False,False,,,,,,markus.soeder_25-09-2021_00:00_video1.jpeg,markus.soeder_25-09-2021_00:00_item2.json,,,
420,afd.bund,2669761970660760434,GraphStoryVideo,,True,True,1632480435,1632566835,2021-09-24 10:47:15,True,True,,,,,,afd.bund_25-09-2021_00:00_video1.jpeg,afd.bund_25-09-2021_00:00_item2.json,,,
421,engin_eroglu_,2669941694414035188,GraphStoryVideo,,True,True,1632501866,1632588266,2021-09-24 16:44:26,False,True,,,,,,engin_eroglu__25-09-2021_00:00_video1.jpeg,engin_eroglu__25-09-2021_00:00_item2.json,,,
422,robert.habeck,2669738005776913608,GraphStoryImage,,False,,1632477588,1632563988,2021-09-24 09:59:48,True,False,,,,,,robert.habeck_25-09-2021_00:00_image2.jpeg,robert.habeck_25-09-2021_00:00_item2.json,,,
423,saskiaesken,2669823245658452251,GraphStoryVideo,,True,False,1632487752,1632574152,2021-09-24 12:49:12,True,False,,,,,,saskiaesken_25-09-2021_00:00_video0.jpeg,saskiaesken_25-09-2021_00:00_item2.json,,,
424,die_gruenen,2669742790285676271,GraphStoryVideo,,True,False,1632478160,1632564560,2021-09-24 10:09:20,True,False,,,213110159.0,,,die_gruenen_25-09-2021_00:00_video1.jpeg,die_gruenen_25-09-2021_00:00_item2.json,,,
425,cdu,2669902997523434490,GraphStoryVideo,,True,True,1632497255,1632583655,2021-09-24 15:27:35,True,False,,,,,,cdu_25-09-2021_00:00_video2.jpeg,cdu_25-09-2021_00:00_item2.json,,,
426,armin_laschet,2669697836968527734,GraphStoryVideo,,True,True,1632472797,1632559197,2021-09-24 08:39:57,True,False,,,,,,armin_laschet_25-09-2021_00:00_video2.jpeg,armin_laschet_25-09-2021_00:00_item2.json,,,
427,abaerbock,2669805904805954648,GraphStoryImage,,False,,1632485685,1632572085,2021-09-24 12:14:45,False,False,,,,,,abaerbock_25-09-2021_00:00_image2.jpeg,abaerbock_25-09-2021_00:00_item2.json,,,
428,susanne_hennig_wellsow,2669957721388951677,GraphStoryImage,,False,,1632503783,1632590183,2021-09-24 17:16:23,True,False,,,,,,susanne_hennig_wellsow_25-09-2021_00:00_image1.jpeg,susanne_hennig_wellsow_25-09-2021_00:00_item2.json,,,
429,grey_gor,2670015327139689139,GraphStoryImage,,False,,1632510649,1632597049,2021-09-24 19:10:49,True,False,,,,,,grey_gor_25-09-2021_00:00_image0.jpeg,grey_gor_25-09-2021_00:00_item2.json,,,
430,christianlindner,2669902749112622655,GraphStoryImage,,False,,1632497228,1632583628,2021-09-24 15:27:08,True,True,,,,,,christianlindner_25-09-2021_00:00_image2.jpeg,christianlindner_25-09-2021_00:00_item2.json,,,
431,fw_bayern,2669756761344983276,GraphStoryImage,,False,,1632479825,1632566225,2021-09-24 10:37:05,True,False,,,,,,fw_bayern_25-09-2021_00:00_image0.jpeg,fw_bayern_25-09-2021_00:00_item2.json,,,
432,olafscholz,2669780400188941525,GraphStoryVideo,,True,True,1632482643,1632569043,2021-09-24 11:24:03,True,False,,,,,,olafscholz_25-09-2021_00:00_video1.jpeg,olafscholz_25-09-2021_00:00_item2.json,,,
433,spdde,2669845760530523378,GraphStoryVideo,,True,False,1632490435,1632576835,2021-09-24 13:33:55,True,False,,,,,,spdde_25-09-2021_00:00_video3.jpeg,spdde_25-09-2021_00:00_item3.json,,,
434,fw_bayern,2670012122484189950,GraphStoryImage,,False,,1632510264,1632596664,2021-09-24 19:04:24,True,False,,,,,,fw_bayern_25-09-2021_00:00_image1.jpeg,fw_bayern_25-09-2021_00:00_item3.json,,,
435,abaerbock,2669805979934150619,GraphStoryImage,,False,,1632485694,1632572094,2021-09-24 12:14:54,False,False,,,,,,abaerbock_25-09-2021_00:00_image3.jpeg,abaerbock_25-09-2021_00:00_item3.json,,,
436,saskiaesken,2669832141728606451,GraphStoryVideo,,True,True,1632488534,1632574934,2021-09-24 13:02:14,True,False,,,,,,saskiaesken_25-09-2021_00:00_video1.jpeg,saskiaesken_25-09-2021_00:00_item3.json,,,
437,susanne_hennig_wellsow,2669957837735751805,GraphStoryVideo,,True,True,1632503790,1632590190,2021-09-24 17:16:30,True,False,,,,,,susanne_hennig_wellsow_25-09-2021_00:00_video1.jpeg,susanne_hennig_wellsow_25-09-2021_00:00_item3.json,,,
438,markus.soeder,2669889524454179985,GraphStoryVideo,,True,False,1632495651,1632582051,2021-09-24 15:00:51,True,False,,,,,,markus.soeder_25-09-2021_00:00_video2.jpeg,markus.soeder_25-09-2021_00:00_item3.json,,,
439,olafscholz,2669785424329834683,GraphStoryImage,,False,,1632483241,1632569641,2021-09-24 11:34:01,False,False,,,,,,olafscholz_25-09-2021_00:00_image1.jpeg,olafscholz_25-09-2021_00:00_item3.json,,,
440,die_gruenen,2669743518475529829,GraphStoryVideo,,True,False,1632478246,1632564646,2021-09-24 10:10:46,True,False,,,115221125158582.0,,,die_gruenen_25-09-2021_00:00_video2.jpeg,die_gruenen_25-09-2021_00:00_item3.json,,,
441,christianlindner,2669908268924626998,GraphStoryVideo,,True,True,1632497886,1632584286,2021-09-24 15:38:06,True,False,,,,,,christianlindner_25-09-2021_00:00_video0.jpeg,christianlindner_25-09-2021_00:00_item3.json,,,
442,afd.bund,2669828617018950393,GraphStoryVideo,,True,False,1632488392,1632574792,2021-09-24 12:59:52,False,False,,,200866330457107.0,,,afd.bund_25-09-2021_00:00_video2.jpeg,afd.bund_25-09-2021_00:00_item3.json,,,
443,christlichsozialeunion,2669789337078149819,GraphStoryVideo,,True,False,1632483706,1632570106,2021-09-24 11:41:46,True,False,,,,,,christlichsozialeunion_25-09-2021_00:00_video3.jpeg,christlichsozialeunion_25-09-2021_00:00_item3.json,,,
444,cdu,2669905392277929670,GraphStoryVideo,,True,True,1632497544,1632583944,2021-09-24 15:32:24,True,False,,,,,,cdu_25-09-2021_00:00_video3.jpeg,cdu_25-09-2021_00:00_item3.json,,,
445,dielinke,2669755178180177772,GraphStoryImage,,False,,1632479207,1632565607,2021-09-24 10:26:47,False,False,,,,,,dielinke_25-09-2021_00:00_image2.jpeg,dielinke_25-09-2021_00:00_item3.json,,,
446,robert.habeck,2669986967414655157,GraphStoryVideo,,True,False,1632507269,1632593669,2021-09-24 18:14:29,False,False,,,214512512.0,,,robert.habeck_25-09-2021_00:00_video0.jpeg,robert.habeck_25-09-2021_00:00_item3.json,,,
447,armin_laschet,2669697858569036579,GraphStoryVideo,,True,True,1632472798,1632559198,2021-09-24 08:39:58,True,False,,,,,,armin_laschet_25-09-2021_00:00_video3.jpeg,armin_laschet_25-09-2021_00:00_item3.json,,,
448,christianlindner,2669925878475120445,GraphStoryImage,,False,,1632499986,1632586386,2021-09-24 16:13:06,True,False,,,,,,christianlindner_25-09-2021_00:00_image3.jpeg,christianlindner_25-09-2021_00:00_item4.json,,,
449,afd.bund,2669829363252639526,GraphStoryVideo,,True,True,1632488481,1632574881,2021-09-24 13:01:21,False,False,,,,,,afd.bund_25-09-2021_00:00_video3.jpeg,afd.bund_25-09-2021_00:00_item4.json,,,
450,saskiaesken,2669835897414944178,GraphStoryVideo,,True,False,1632488899,1632575299,2021-09-24 13:08:19,True,False,,,,,,saskiaesken_25-09-2021_00:00_video2.jpeg,saskiaesken_25-09-2021_00:00_item4.json,,,
451,susanne_hennig_wellsow,2669957951711710848,GraphStoryVideo,,True,False,1632503808,1632590208,2021-09-24 17:16:48,True,False,,,,,,susanne_hennig_wellsow_25-09-2021_00:00_video2.jpeg,susanne_hennig_wellsow_25-09-2021_00:00_item4.json,,,
452,markus.soeder,2669908555823444122,GraphStoryVideo,,True,True,1632497915,1632584315,2021-09-24 15:38:35,True,False,,,,,,markus.soeder_25-09-2021_00:00_video3.jpeg,markus.soeder_25-09-2021_00:00_item4.json,,,
453,dielinke,2669779269876342865,GraphStoryVideo,,True,True,1632482509,1632568909,2021-09-24 11:21:49,False,False,,,,,,dielinke_25-09-2021_00:00_video1.jpeg,dielinke_25-09-2021_00:00_item4.json,,,
454,olafscholz,2669787264781958485,GraphStoryImage,,False,,1632483463,1632569863,2021-09-24 11:37:43,True,False,,,,,,olafscholz_25-09-2021_00:00_image2.jpeg,olafscholz_25-09-2021_00:00_item4.json,,,
455,die_gruenen,2669744732139277342,GraphStoryVideo,,True,False,1632478392,1632564792,2021-09-24 10:13:12,True,False,,,115221125158582.0,,,die_gruenen_25-09-2021_00:00_video3.jpeg,die_gruenen_25-09-2021_00:00_item4.json,,,
456,spdde,2669853357307394321,GraphStoryImage,,False,,1632491339,1632577739,2021-09-24 13:48:59,True,False,,,,,,spdde_25-09-2021_00:00_image0.jpeg,spdde_25-09-2021_00:00_item4.json,,,
457,fw_bayern,2670012181447854894,GraphStoryImage,,False,,1632510274,1632596674,2021-09-24 19:04:34,True,False,,,,,,fw_bayern_25-09-2021_00:00_image2.jpeg,fw_bayern_25-09-2021_00:00_item4.json,,,
458,armin_laschet,2669697867200993237,GraphStoryVideo,,True,True,1632472799,1632559199,2021-09-24 08:39:59,True,False,,,,,,armin_laschet_25-09-2021_00:00_video4.jpeg,armin_laschet_25-09-2021_00:00_item4.json,,,
459,abaerbock,2669806035550639450,GraphStoryImage,,False,,1632485701,1632572101,2021-09-24 12:15:01,False,False,,,,,,abaerbock_25-09-2021_00:00_image4.jpeg,abaerbock_25-09-2021_00:00_item4.json,,,
460,cdu,2669915561963770778,GraphStoryVideo,,True,True,1632498753,1632585153,2021-09-24 15:52:33,True,False,,,,,,cdu_25-09-2021_00:00_video4.jpeg,cdu_25-09-2021_00:00_item4.json,,,
461,robert.habeck,2669987430650724681,GraphStoryImage,,False,,1632507321,1632593721,2021-09-24 18:15:21,False,False,,,,,,robert.habeck_25-09-2021_00:00_image3.jpeg,robert.habeck_25-09-2021_00:00_item4.json,,,
462,christlichsozialeunion,2669791255351397941,GraphStoryVideo,,True,False,1632483938,1632570338,2021-09-24 11:45:38,True,False,,,103380911290855.0,,,christlichsozialeunion_25-09-2021_00:00_video4.jpeg,christlichsozialeunion_25-09-2021_00:00_item4.json,,,
463,markus.soeder,2669916358470367695,GraphStoryImage,,False,,1632498841,1632585241,2021-09-24 15:54:01,False,True,,,,,,markus.soeder_25-09-2021_00:00_image1.jpeg,markus.soeder_25-09-2021_00:00_item5.json,,,
464,abaerbock,2669806152940990138,GraphStoryImage,,False,,1632485714,1632572114,2021-09-24 12:15:14,False,False,,,,,,abaerbock_25-09-2021_00:00_image5.jpeg,abaerbock_25-09-2021_00:00_item5.json,,,
465,saskiaesken,2669845983016520023,GraphStoryVideo,,True,False,1632490463,1632576863,2021-09-24 13:34:23,False,False,,,,,,saskiaesken_25-09-2021_00:00_video3.jpeg,saskiaesken_25-09-2021_00:00_item5.json,,,
466,afd.bund,2669831098553708745,GraphStoryVideo,,True,False,1632488688,1632575088,2021-09-24 13:04:48,False,False,,,,,,afd.bund_25-09-2021_00:00_video4.jpeg,afd.bund_25-09-2021_00:00_item5.json,,,
467,christianlindner,2669980712708471069,GraphStoryImage,,False,,1632506521,1632592921,2021-09-24 18:02:01,True,False,,,,,,christianlindner_25-09-2021_00:00_image4.jpeg,christianlindner_25-09-2021_00:00_item5.json,,,
468,robert.habeck,2669988987701365180,GraphStoryVideo,,True,True,1632507501,1632593901,2021-09-24 18:18:21,True,False,,,,,,robert.habeck_25-09-2021_00:00_video1.jpeg,robert.habeck_25-09-2021_00:00_item5.json,,,
469,spdde,2669862224717351147,GraphStoryVideo,,True,False,1632492398,1632578798,2021-09-24 14:06:38,True,False,,,,,,spdde_25-09-2021_00:00_video4.jpeg,spdde_25-09-2021_00:00_item5.json,,,
470,cdu,2669931703465825975,GraphStoryVideo,,True,True,1632500677,1632587077,2021-09-24 16:24:37,True,False,,,,,,cdu_25-09-2021_00:00_video5.jpeg,cdu_25-09-2021_00:00_item5.json,,,
471,susanne_hennig_wellsow,2669967531904703261,GraphStoryVideo,,True,False,1632504951,1632591351,2021-09-24 17:35:51,True,False,,,,,,susanne_hennig_wellsow_25-09-2021_00:00_video3.jpeg,susanne_hennig_wellsow_25-09-2021_00:00_item5.json,,,
472,olafscholz,2669788542406536808,GraphStoryVideo,,True,False,1632483561,1632569961,2021-09-24 11:39:21,True,False,,,,,,olafscholz_25-09-2021_00:00_video2.jpeg,olafscholz_25-09-2021_00:00_item5.json,,,
473,dielinke,2669780652931215735,GraphStoryVideo,,True,True,1632482670,1632569070,2021-09-24 11:24:30,True,False,,,,,,dielinke_25-09-2021_00:00_video2.jpeg,dielinke_25-09-2021_00:00_item5.json,,,
474,armin_laschet,2669703807014853956,GraphStoryImage,,False,,1632473513,1632559913,2021-09-24 08:51:53,True,False,,,,,,armin_laschet_25-09-2021_00:00_image0.jpeg,armin_laschet_25-09-2021_00:00_item5.json,,,
475,die_gruenen,2669746453179726677,GraphStoryVideo,,True,False,1632478596,1632564996,2021-09-24 10:16:36,True,False,,,815814241.0,,,die_gruenen_25-09-2021_00:00_video4.jpeg,die_gruenen_25-09-2021_00:00_item5.json,,,
476,fw_bayern,2670012305750344190,GraphStoryImage,,False,,1632510288,1632596688,2021-09-24 19:04:48,True,False,,,,,,fw_bayern_25-09-2021_00:00_image3.jpeg,fw_bayern_25-09-2021_00:00_item5.json,,,
477,christlichsozialeunion,2669830604742732677,GraphStoryVideo,,True,False,1632488627,1632575027,2021-09-24 13:03:47,True,False,,,,,,christlichsozialeunion_25-09-2021_00:00_video5.jpeg,christlichsozialeunion_25-09-2021_00:00_item5.json,,,
478,christlichsozialeunion,2669853068814306756,GraphStoryVideo,,True,True,1632491306,1632577706,2021-09-24 13:48:26,True,False,,,,,,christlichsozialeunion_25-09-2021_00:00_video6.jpeg,christlichsozialeunion_25-09-2021_00:00_item6.json,,,
479,olafscholz,2669867939666900753,GraphStoryVideo,,True,True,1632493080,1632579480,2021-09-24 14:18:00,True,False,,,,,,olafscholz_25-09-2021_00:00_video3.jpeg,olafscholz_25-09-2021_00:00_item6.json,,,
480,markus.soeder,2669934208581029591,GraphStoryVideo,,True,True,1632500965,1632587365,2021-09-24 16:29:25,True,False,,,,,,markus.soeder_25-09-2021_00:00_video4.jpeg,markus.soeder_25-09-2021_00:00_item6.json,,,
481,afd.bund,2669831495804642413,GraphStoryVideo,,True,False,1632488736,1632575136,2021-09-24 13:05:36,False,False,,,,,,afd.bund_25-09-2021_00:00_video5.jpeg,afd.bund_25-09-2021_00:00_item6.json,,,
482,armin_laschet,2669708580686652275,GraphStoryVideo,,True,True,1632474082,1632560482,2021-09-24 09:01:22,True,False,,,,,,armin_laschet_25-09-2021_00:00_video5.jpeg,armin_laschet_25-09-2021_00:00_item6.json,,,
483,saskiaesken,2669860911205067020,GraphStoryVideo,,True,False,1632490682,1632577082,2021-09-24 13:38:02,False,False,,,,,,saskiaesken_25-09-2021_00:00_video4.jpeg,saskiaesken_25-09-2021_00:00_item6.json,,,
484,robert.habeck,2669989242481136799,GraphStoryImage,,False,,1632507539,1632593939,2021-09-24 18:18:59,False,False,,,214512512.0,,,robert.habeck_25-09-2021_00:00_image4.jpeg,robert.habeck_25-09-2021_00:00_item6.json,,,
485,cdu,2669936797590508686,GraphStoryVideo,,True,True,1632501287,1632587687,2021-09-24 16:34:47,True,False,,,,,,cdu_25-09-2021_00:00_video6.jpeg,cdu_25-09-2021_00:00_item6.json,,,
486,dielinke,2669784806266405441,GraphStoryVideo,,True,False,1632483163,1632569563,2021-09-24 11:32:43,False,False,,,,,,dielinke_25-09-2021_00:00_video3.jpeg,dielinke_25-09-2021_00:00_item6.json,,,
487,christianlindner,2669981513627583330,GraphStoryImage,,False,,1632506618,1632593018,2021-09-24 18:03:38,True,False,,,,,,christianlindner_25-09-2021_00:00_image5.jpeg,christianlindner_25-09-2021_00:00_item6.json,,,
488,abaerbock,2669806440275986754,GraphStoryImage,,False,,1632485749,1632572149,2021-09-24 12:15:49,False,False,,,,,,abaerbock_25-09-2021_00:00_image6.jpeg,abaerbock_25-09-2021_00:00_item6.json,,,
489,spdde,2669865228677823940,GraphStoryVideo,,True,True,1632492756,1632579156,2021-09-24 14:12:36,True,False,,,,,,spdde_25-09-2021_00:00_video5.jpeg,spdde_25-09-2021_00:00_item6.json,,,
490,fw_bayern,2670012428727306704,GraphStoryVideo,,True,False,1632510301,1632596701,2021-09-24 19:05:01,True,False,,,,,,fw_bayern_25-09-2021_00:00_video2.jpeg,fw_bayern_25-09-2021_00:00_item6.json,,,
491,die_gruenen,2669747718978546520,GraphStoryVideo,,True,True,1632478744,1632565144,2021-09-24 10:19:04,True,False,,,,,,die_gruenen_25-09-2021_00:00_video5.jpeg,die_gruenen_25-09-2021_00:00_item6.json,,,
492,fw_bayern,2670013232641200387,GraphStoryVideo,,True,True,1632510389,1632596789,2021-09-24 19:06:29,False,True,,,,,,fw_bayern_25-09-2021_00:00_video3.jpeg,fw_bayern_25-09-2021_00:00_item7.json,,,
493,olafscholz,2669873144171438241,GraphStoryImage,,False,,1632493700,1632580100,2021-09-24 14:28:20,True,False,,,,,,olafscholz_25-09-2021_00:00_image3.jpeg,olafscholz_25-09-2021_00:00_item7.json,,,
494,christianlindner,2669982528330527515,GraphStoryVideo,,True,True,1632506739,1632593139,2021-09-24 18:05:39,True,False,,,,,,christianlindner_25-09-2021_00:00_video1.jpeg,christianlindner_25-09-2021_00:00_item7.json,,,
495,cdu,2669973324811194479,GraphStoryVideo,,True,True,1632505636,1632592036,2021-09-24 17:47:16,True,False,,,,,,cdu_25-09-2021_00:00_video7.jpeg,cdu_25-09-2021_00:00_item7.json,,,
496,armin_laschet,2669816436685374432,GraphStoryVideo,,True,True,1632486940,1632573340,2021-09-24 12:35:40,True,False,,,,,,armin_laschet_25-09-2021_00:00_video6.jpeg,armin_laschet_25-09-2021_00:00_item7.json,,,
497,saskiaesken,2669861831571759486,GraphStoryVideo,,True,False,1632492352,1632578752,2021-09-24 14:05:52,True,False,,,,,,saskiaesken_25-09-2021_00:00_video5.jpeg,saskiaesken_25-09-2021_00:00_item7.json,,,
498,dielinke,2669785593813220988,GraphStoryVideo,,True,True,1632483260,1632569660,2021-09-24 11:34:20,False,False,,,,,,dielinke_25-09-2021_00:00_video4.jpeg,dielinke_25-09-2021_00:00_item7.json,,,
499,die_gruenen,2669781490725844120,GraphStoryVideo,,True,False,1632478839,1632565239,2021-09-24 10:20:39,True,False,,,115735848437200.0,,,die_gruenen_25-09-2021_00:00_video6.jpeg,die_gruenen_25-09-2021_00:00_item7.json,,,
500,afd.bund,2669841844991882302,GraphStoryImage,,False,,1632489968,1632576368,2021-09-24 13:26:08,True,False,,,,,,afd.bund_25-09-2021_00:00_image1.jpeg,afd.bund_25-09-2021_00:00_item7.json,,,
501,robert.habeck,2669989312299491750,GraphStoryImage,,False,,1632507548,1632593948,2021-09-24 18:19:08,False,False,,,,,,robert.habeck_25-09-2021_00:00_image5.jpeg,robert.habeck_25-09-2021_00:00_item7.json,,,
502,spdde,2669875170512057162,GraphStoryVideo,,True,False,1632493941,1632580341,2021-09-24 14:32:21,False,False,,,,,,spdde_25-09-2021_00:00_video6.jpeg,spdde_25-09-2021_00:00_item7.json,,,
503,christlichsozialeunion,2669855603272973583,GraphStoryVideo,,True,False,1632491605,1632578005,2021-09-24 13:53:25,False,False,,,,,,christlichsozialeunion_25-09-2021_00:00_video7.jpeg,christlichsozialeunion_25-09-2021_00:00_item7.json,,,
504,markus.soeder,2669949001513782629,GraphStoryVideo,,True,True,1632502739,1632589139,2021-09-24 16:58:59,True,False,,,,,,markus.soeder_25-09-2021_00:00_video5.jpeg,markus.soeder_25-09-2021_00:00_item7.json,,,
505,abaerbock,2669806607391469503,GraphStoryVideo,,True,False,1632485768,1632572168,2021-09-24 12:16:08,False,False,,,,,,abaerbock_25-09-2021_00:00_video0.jpeg,abaerbock_25-09-2021_00:00_item7.json,,,
506,olafscholz,2669884003079464083,GraphStoryVideo,,True,True,1632494764,1632581164,2021-09-24 14:46:04,True,False,,,,,,olafscholz_25-09-2021_00:00_video4.jpeg,olafscholz_25-09-2021_00:00_item8.json,,,
507,christlichsozialeunion,2669890761136914875,GraphStoryVideo,,True,True,1632495799,1632582199,2021-09-24 15:03:19,True,False,,,,,,christlichsozialeunion_25-09-2021_00:00_video8.jpeg,christlichsozialeunion_25-09-2021_00:00_item8.json,,,
508,armin_laschet,2669873532722382521,GraphStoryVideo,,True,True,1632493740,1632580140,2021-09-24 14:29:00,True,False,,,,,,armin_laschet_25-09-2021_00:00_video7.jpeg,armin_laschet_25-09-2021_00:00_item8.json,,,
509,christianlindner,2669983113653988933,GraphStoryImage,,False,,1632506808,1632593208,2021-09-24 18:06:48,True,False,,,,,,christianlindner_25-09-2021_00:00_image6.jpeg,christianlindner_25-09-2021_00:00_item8.json,,,
510,abaerbock,2669807796839663819,GraphStoryImage,,False,,1632485910,1632572310,2021-09-24 12:18:30,True,False,,,,,,abaerbock_25-09-2021_00:00_image7.jpeg,abaerbock_25-09-2021_00:00_item8.json,,,
511,die_gruenen,2669803270286971039,GraphStoryImage,,False,,1632485369,1632571769,2021-09-24 12:09:29,False,False,,,100856924767553.0,,,die_gruenen_25-09-2021_00:00_image1.jpeg,die_gruenen_25-09-2021_00:00_item8.json,,,
512,spdde,2669882402951900245,GraphStoryVideo,,True,False,1632494804,1632581204,2021-09-24 14:46:44,True,False,,,,,,spdde_25-09-2021_00:00_video7.jpeg,spdde_25-09-2021_00:00_item8.json,,,
513,cdu,2669983301164575978,GraphStoryVideo,,True,False,1632506831,1632593231,2021-09-24 18:07:11,True,True,,,,,,cdu_25-09-2021_00:00_video8.jpeg,cdu_25-09-2021_00:00_item8.json,,,
514,afd.bund,2669863956456436763,GraphStoryImage,,False,,1632492604,1632579004,2021-09-24 14:10:04,True,False,,,,,,afd.bund_25-09-2021_00:00_image2.jpeg,afd.bund_25-09-2021_00:00_item8.json,,,
515,dielinke,2669788144117961442,GraphStoryVideo,,True,False,1632483568,1632569968,2021-09-24 11:39:28,False,False,,,,,,dielinke_25-09-2021_00:00_video5.jpeg,dielinke_25-09-2021_00:00_item8.json,,,
516,saskiaesken,2669862841291212751,GraphStoryVideo,,True,False,1632492472,1632578872,2021-09-24 14:07:52,False,False,,,,,,saskiaesken_25-09-2021_00:00_video6.jpeg,saskiaesken_25-09-2021_00:00_item8.json,,,
517,fw_bayern,2670013353311185535,GraphStoryVideo,,True,False,1632510411,1632596811,2021-09-24 19:06:51,True,False,,,,,,fw_bayern_25-09-2021_00:00_video4.jpeg,fw_bayern_25-09-2021_00:00_item8.json,,,
518,robert.habeck,2669989409036942772,GraphStoryImage,,False,,1632507559,1632593959,2021-09-24 18:19:19,False,False,,,,,,robert.habeck_25-09-2021_00:00_image6.jpeg,robert.habeck_25-09-2021_00:00_item8.json,,,
519,saskiaesken,2669864281070222062,GraphStoryImage,,False,,1632492641,1632579041,2021-09-24 14:10:41,True,False,,,,,,saskiaesken_25-09-2021_00:00_image2.jpeg,saskiaesken_25-09-2021_00:00_item9.json,,,
520,abaerbock,2670001062625390556,GraphStoryImage,,False,,1632508932,1632595332,2021-09-24 18:42:12,False,False,,,214512512.0,,,abaerbock_25-09-2021_00:00_image8.jpeg,abaerbock_25-09-2021_00:00_item9.json,,,
521,spdde,2669889837489889348,GraphStoryVideo,,True,True,1632495689,1632582089,2021-09-24 15:01:29,False,False,,,,,,spdde_25-09-2021_00:00_video8.jpeg,spdde_25-09-2021_00:00_item9.json,,,
522,dielinke,2669790300132448178,GraphStoryVideo,,True,True,1632483824,1632570224,2021-09-24 11:43:44,False,False,,,,,,dielinke_25-09-2021_00:00_video6.jpeg,dielinke_25-09-2021_00:00_item9.json,,,
523,olafscholz,2669883969005042715,GraphStoryVideo,,True,True,1632494765,1632581165,2021-09-24 14:46:05,True,False,,,,,,olafscholz_25-09-2021_00:00_video5.jpeg,olafscholz_25-09-2021_00:00_item9.json,,,
524,die_gruenen,2669812656443007211,GraphStoryVideo,,True,True,1632486482,1632572882,2021-09-24 12:28:02,True,False,,,100856924767553.0,,,die_gruenen_25-09-2021_00:00_video7.jpeg,die_gruenen_25-09-2021_00:00_item9.json,,,
525,afd.bund,2669865801788760524,GraphStoryVideo,,True,False,1632492824,1632579224,2021-09-24 14:13:44,False,False,,,,,,afd.bund_25-09-2021_00:00_video6.jpeg,afd.bund_25-09-2021_00:00_item9.json,,,
526,armin_laschet,2669874860781498407,GraphStoryImage,,False,,1632493901,1632580301,2021-09-24 14:31:41,True,False,,,,,,armin_laschet_25-09-2021_00:00_image1.jpeg,armin_laschet_25-09-2021_00:00_item9.json,,,
527,christlichsozialeunion,2669893923960898063,GraphStoryVideo,,True,True,1632496174,1632582574,2021-09-24 15:09:34,True,False,,,,,,christlichsozialeunion_25-09-2021_00:00_video9.jpeg,christlichsozialeunion_25-09-2021_00:00_item9.json,,,
528,robert.habeck,2669989478861843691,GraphStoryVideo,,True,True,1632507568,1632593968,2021-09-24 18:19:28,False,False,,,,,,robert.habeck_25-09-2021_00:00_video2.jpeg,robert.habeck_25-09-2021_00:00_item9.json,,,
529,cdu,2669987775312482487,GraphStoryVideo,,True,True,1632507361,1632593761,2021-09-24 18:16:01,True,False,,,,,,cdu_25-09-2021_00:00_video9.jpeg,cdu_25-09-2021_00:00_item9.json,,,
530,spdde,2669896532278572051,GraphStoryVideo,,True,True,1632496486,1632582886,2021-09-24 15:14:46,True,False,,,115735848437200.0,,,spdde_25-09-2021_00:00_video9.jpeg,spdde_25-09-2021_00:00_item10.json,,,
531,die_gruenen,2669812642492910535,GraphStoryVideo,,True,True,1632486483,1632572883,2021-09-24 12:28:03,True,False,,,,,,die_gruenen_25-09-2021_00:00_video8.jpeg,die_gruenen_25-09-2021_00:00_item10.json,,,
532,olafscholz,2669896245648978712,GraphStoryVideo,,True,False,1632496454,1632582854,2021-09-24 15:14:14,True,False,,,,,,olafscholz_25-09-2021_00:00_video6.jpeg,olafscholz_25-09-2021_00:00_item10.json,,,
533,afd.bund,2669876754911811982,GraphStoryVideo,,True,True,1632494109,1632580509,2021-09-24 14:35:09,False,False,,,200866330457107.0,,,afd.bund_25-09-2021_00:00_video7.jpeg,afd.bund_25-09-2021_00:00_item10.json,,,
534,dielinke,2669842853738172102,GraphStoryVideo,,True,True,1632490087,1632576487,2021-09-24 13:28:07,False,False,,,,,,dielinke_25-09-2021_00:00_video7.jpeg,dielinke_25-09-2021_00:00_item10.json,,,
535,saskiaesken,2669876425199063584,GraphStoryVideo,,True,False,1632494092,1632580492,2021-09-24 14:34:52,True,False,,,,,,saskiaesken_25-09-2021_00:00_video7.jpeg,saskiaesken_25-09-2021_00:00_item10.json,,,
536,christlichsozialeunion,2669897508882877203,GraphStoryVideo,,True,True,1632496604,1632583004,2021-09-24 15:16:44,True,False,,,,,,christlichsozialeunion_25-09-2021_00:00_video10.jpeg,christlichsozialeunion_25-09-2021_00:00_item10.json,,,
537,abaerbock,2670001214677249082,GraphStoryImage,,False,,1632508954,1632595354,2021-09-24 18:42:34,False,False,,,,,,abaerbock_25-09-2021_00:00_image9.jpeg,abaerbock_25-09-2021_00:00_item10.json,,,
538,robert.habeck,2669989795474830741,GraphStoryImage,,False,,1632507604,1632594004,2021-09-24 18:20:04,True,False,,,,,,robert.habeck_25-09-2021_00:00_image7.jpeg,robert.habeck_25-09-2021_00:00_item10.json,,,
539,armin_laschet,2669967036089766394,GraphStoryVideo,,True,True,1632504892,1632591292,2021-09-24 17:34:52,True,False,,,,,,armin_laschet_25-09-2021_00:00_video8.jpeg,armin_laschet_25-09-2021_00:00_item10.json,,,
540,cdu,2669988291186667786,GraphStoryVideo,,True,True,1632507426,1632593826,2021-09-24 18:17:06,True,False,,,,,,cdu_25-09-2021_00:00_video10.jpeg,cdu_25-09-2021_00:00_item10.json,,,
541,die_gruenen,2669812669881571683,GraphStoryVideo,,True,True,1632486484,1632572884,2021-09-24 12:28:04,True,False,,,,,,die_gruenen_25-09-2021_00:00_video9.jpeg,die_gruenen_25-09-2021_00:00_item11.json,,,
542,olafscholz,2669934949486720510,GraphStoryVideo,,True,True,1632497094,1632583494,2021-09-24 15:24:54,True,False,,,,,,olafscholz_25-09-2021_00:00_video7.jpeg,olafscholz_25-09-2021_00:00_item11.json,,,
543,cdu,2669989751701920433,GraphStoryVideo,,True,True,1632507599,1632593999,2021-09-24 18:19:59,True,False,,,,,,cdu_25-09-2021_00:00_video11.jpeg,cdu_25-09-2021_00:00_item11.json,,,
544,saskiaesken,2669883336137248719,GraphStoryImage,,False,,1632494914,1632581314,2021-09-24 14:48:34,True,False,,,,,,saskiaesken_25-09-2021_00:00_image3.jpeg,saskiaesken_25-09-2021_00:00_item11.json,,,
545,abaerbock,2670001357786894263,GraphStoryImage,,False,,1632508970,1632595370,2021-09-24 18:42:50,False,False,,,,,,abaerbock_25-09-2021_00:00_image10.jpeg,abaerbock_25-09-2021_00:00_item11.json,,,
546,spdde,2669977570526819242,GraphStoryVideo,,True,True,1632506149,1632592549,2021-09-24 17:55:49,False,False,,,,,,spdde_25-09-2021_00:00_video10.jpeg,spdde_25-09-2021_00:00_item11.json,,,
547,dielinke,2669852544518335457,GraphStoryVideo,,True,True,1632490243,1632576643,2021-09-24 13:30:43,False,True,,,,,,dielinke_25-09-2021_00:00_video8.jpeg,dielinke_25-09-2021_00:00_item11.json,,,
548,armin_laschet,2669967739331928385,GraphStoryVideo,,True,True,1632504971,1632591371,2021-09-24 17:36:11,False,False,,,,,,armin_laschet_25-09-2021_00:00_video9.jpeg,armin_laschet_25-09-2021_00:00_item11.json,,,
549,afd.bund,2669881341358048548,GraphStoryVideo,,True,True,1632494405,1632580805,2021-09-24 14:40:05,False,False,,,,,,afd.bund_25-09-2021_00:00_video8.jpeg,afd.bund_25-09-2021_00:00_item11.json,,,
550,robert.habeck,2669989993628238257,GraphStoryVideo,,True,True,1632507629,1632594029,2021-09-24 18:20:29,True,False,,,,,,robert.habeck_25-09-2021_00:00_video3.jpeg,robert.habeck_25-09-2021_00:00_item11.json,,,
551,christlichsozialeunion,2669904782561080830,GraphStoryVideo,,True,False,1632497472,1632583872,2021-09-24 15:31:12,True,False,,,,,,christlichsozialeunion_25-09-2021_00:00_video11.jpeg,christlichsozialeunion_25-09-2021_00:00_item11.json,,,
552,die_gruenen,2669812685677373134,GraphStoryVideo,,True,True,1632486485,1632572885,2021-09-24 12:28:05,True,False,,,,,,die_gruenen_25-09-2021_00:00_video10.jpeg,die_gruenen_25-09-2021_00:00_item12.json,,,
553,armin_laschet,2669968304942158743,GraphStoryVideo,,True,True,1632505043,1632591443,2021-09-24 17:37:23,True,False,,,,,,armin_laschet_25-09-2021_00:00_video10.jpeg,armin_laschet_25-09-2021_00:00_item12.json,,,
554,christlichsozialeunion,2669907917056562710,GraphStoryVideo,,True,True,1632497843,1632584243,2021-09-24 15:37:23,True,False,,,,,,christlichsozialeunion_25-09-2021_00:00_video12.jpeg,christlichsozialeunion_25-09-2021_00:00_item12.json,,,
555,olafscholz,2670015015405233481,GraphStoryImage,,False,,1632510602,1632597002,2021-09-24 19:10:02,False,False,,,,,,olafscholz_25-09-2021_00:00_image4.jpeg,olafscholz_25-09-2021_00:00_item12.json,,,
556,abaerbock,2670001570840762692,GraphStoryImage,,False,,1632508989,1632595389,2021-09-24 18:43:09,True,False,,,,,,abaerbock_25-09-2021_00:00_image11.jpeg,abaerbock_25-09-2021_00:00_item12.json,,,
557,saskiaesken,2669883592291814055,GraphStoryImage,,False,,1632494944,1632581344,2021-09-24 14:49:04,False,False,,,,,,saskiaesken_25-09-2021_00:00_image4.jpeg,saskiaesken_25-09-2021_00:00_item12.json,,,
558,cdu,2669990002806702312,GraphStoryVideo,,True,True,1632507624,1632594024,2021-09-24 18:20:24,True,False,,,,,,cdu_25-09-2021_00:00_video12.jpeg,cdu_25-09-2021_00:00_item12.json,,,
559,spdde,2669979426892208294,GraphStoryVideo,,True,True,1632506370,1632592770,2021-09-24 17:59:30,True,False,,,,,,spdde_25-09-2021_00:00_video11.jpeg,spdde_25-09-2021_00:00_item12.json,,,
560,afd.bund,2669881324849218355,GraphStoryVideo,,True,True,1632494406,1632580806,2021-09-24 14:40:06,False,False,,,,,,afd.bund_25-09-2021_00:00_video9.jpeg,afd.bund_25-09-2021_00:00_item12.json,,,
561,robert.habeck,2669990315937720317,GraphStoryImage,,False,,1632507667,1632594067,2021-09-24 18:21:07,False,False,,,214512512.0,,,robert.habeck_25-09-2021_00:00_image8.jpeg,robert.habeck_25-09-2021_00:00_item12.json,,,
562,dielinke,2669861324119553721,GraphStoryVideo,,True,True,1632492291,1632578691,2021-09-24 14:04:51,False,False,,,,,,dielinke_25-09-2021_00:00_video9.jpeg,dielinke_25-09-2021_00:00_item12.json,,,
563,armin_laschet,2669969247150624879,GraphStoryImage,,False,,1632505154,1632591554,2021-09-24 17:39:14,False,True,,,,,,armin_laschet_25-09-2021_00:00_image2.jpeg,armin_laschet_25-09-2021_00:00_item13.json,,,
564,die_gruenen,2669825135873341332,GraphStoryVideo,,True,True,1632487962,1632574362,2021-09-24 12:52:42,False,True,,,,,,die_gruenen_25-09-2021_00:00_video11.jpeg,die_gruenen_25-09-2021_00:00_item13.json,,,
565,christlichsozialeunion,2669927742088842912,GraphStoryVideo,,True,True,1632500207,1632586607,2021-09-24 16:16:47,True,False,,,,,,christlichsozialeunion_25-09-2021_00:00_video13.jpeg,christlichsozialeunion_25-09-2021_00:00_item13.json,,,
566,robert.habeck,2669990869943416199,GraphStoryVideo,,True,False,1632507734,1632594134,2021-09-24 18:22:14,False,True,,,,,,robert.habeck_25-09-2021_00:00_video4.jpeg,robert.habeck_25-09-2021_00:00_item13.json,,,
567,cdu,2669991947269123859,GraphStoryVideo,,True,True,1632507861,1632594261,2021-09-24 18:24:21,True,False,,,,,,cdu_25-09-2021_00:00_video13.jpeg,cdu_25-09-2021_00:00_item13.json,,,
568,spdde,2669982041327778306,GraphStoryVideo,,True,True,1632506681,1632593081,2021-09-24 18:04:41,False,False,,,,,,spdde_25-09-2021_00:00_video12.jpeg,spdde_25-09-2021_00:00_item13.json,,,
569,abaerbock,2670001590210052029,GraphStoryImage,,False,,1632509001,1632595401,2021-09-24 18:43:21,False,False,,,,,,abaerbock_25-09-2021_00:00_image12.jpeg,abaerbock_25-09-2021_00:00_item13.json,,,
570,afd.bund,2669881779939502142,GraphStoryVideo,,True,True,1632494730,1632581130,2021-09-24 14:45:30,False,False,,,,,,afd.bund_25-09-2021_00:00_video10.jpeg,afd.bund_25-09-2021_00:00_item13.json,,,
571,dielinke,2669874139194300938,GraphStoryVideo,,True,True,1632493812,1632580212,2021-09-24 14:30:12,True,False,,,,,,dielinke_25-09-2021_00:00_video10.jpeg,dielinke_25-09-2021_00:00_item13.json,,,
572,spdde,2669984536359760877,GraphStoryVideo,,True,False,1632506979,1632593379,2021-09-24 18:09:39,False,False,,,,,,spdde_25-09-2021_00:00_video13.jpeg,spdde_25-09-2021_00:00_item14.json,,,
573,armin_laschet,2669970804705398408,GraphStoryVideo,,True,True,1632505336,1632591736,2021-09-24 17:42:16,True,False,,,,,,armin_laschet_25-09-2021_00:00_video11.jpeg,armin_laschet_25-09-2021_00:00_item14.json,,,
574,die_gruenen,2669826941504217854,GraphStoryImage,,False,,1632488191,1632574591,2021-09-24 12:56:31,True,False,,,,,,die_gruenen_25-09-2021_00:00_image2.jpeg,die_gruenen_25-09-2021_00:00_item14.json,,,
575,dielinke,2669874148380027955,GraphStoryVideo,,True,True,1632493813,1632580213,2021-09-24 14:30:13,False,False,,,,,,dielinke_25-09-2021_00:00_video11.jpeg,dielinke_25-09-2021_00:00_item14.json,,,
576,abaerbock,2670002936075848901,GraphStoryVideo,,True,True,1632509166,1632595566,2021-09-24 18:46:06,True,False,,,,,,abaerbock_25-09-2021_00:00_video1.jpeg,abaerbock_25-09-2021_00:00_item14.json,,,
577,afd.bund,2669885759774203146,GraphStoryImage,,False,,1632495204,1632581604,2021-09-24 14:53:24,True,False,,,,,,afd.bund_25-09-2021_00:00_image3.jpeg,afd.bund_25-09-2021_00:00_item14.json,,,
578,robert.habeck,2669991206866518380,GraphStoryImage,,False,,1632507772,1632594172,2021-09-24 18:22:52,False,False,,,214512512.0,,,robert.habeck_25-09-2021_00:00_image9.jpeg,robert.habeck_25-09-2021_00:00_item14.json,,,
579,cdu,2670084769372547923,GraphStoryImage,,False,,1632518924,1632605324,2021-09-24 21:28:44,True,False,,,,,,cdu_25-09-2021_00:00_image0.jpeg,cdu_25-09-2021_00:00_item14.json,,,
580,christlichsozialeunion,2669928275126241757,GraphStoryVideo,,True,True,1632500265,1632586665,2021-09-24 16:17:45,True,False,,,,,,christlichsozialeunion_25-09-2021_00:00_video14.jpeg,christlichsozialeunion_25-09-2021_00:00_item14.json,,,
581,afd.bund,2669890291333823956,GraphStoryImage,,False,,1632495745,1632582145,2021-09-24 15:02:25,True,False,,,,,,afd.bund_25-09-2021_00:00_image4.jpeg,afd.bund_25-09-2021_00:00_item15.json,,,
582,dielinke,2669882181124251659,GraphStoryVideo,,True,True,1632494777,1632581177,2021-09-24 14:46:17,True,False,,,,,,dielinke_25-09-2021_00:00_video12.jpeg,dielinke_25-09-2021_00:00_item15.json,,,
583,robert.habeck,2670052524596319437,GraphStoryImage,,False,,1632515083,1632601483,2021-09-24 20:24:43,False,True,,,,,,robert.habeck_25-09-2021_00:00_image10.jpeg,robert.habeck_25-09-2021_00:00_item15.json,,,
584,spdde,2669984822268673995,GraphStoryVideo,,True,False,1632507013,1632593413,2021-09-24 18:10:13,False,False,,,,,,spdde_25-09-2021_00:00_video14.jpeg,spdde_25-09-2021_00:00_item15.json,,,
585,armin_laschet,2669971298945546524,GraphStoryVideo,,True,True,1632505394,1632591794,2021-09-24 17:43:14,True,False,,,,,,armin_laschet_25-09-2021_00:00_video12.jpeg,armin_laschet_25-09-2021_00:00_item15.json,,,
586,die_gruenen,2669827584616901735,GraphStoryVideo,,True,True,1632488266,1632574666,2021-09-24 12:57:46,False,False,,,,,,die_gruenen_25-09-2021_00:00_video12.jpeg,die_gruenen_25-09-2021_00:00_item15.json,,,
587,abaerbock,2670003116248762032,GraphStoryImage,,False,,1632509194,1632595594,2021-09-24 18:46:34,False,False,,,,,,abaerbock_25-09-2021_00:00_image13.jpeg,abaerbock_25-09-2021_00:00_item15.json,,,
588,christlichsozialeunion,2669928372148893646,GraphStoryVideo,,True,True,1632500275,1632586675,2021-09-24 16:17:55,True,False,,,,,,christlichsozialeunion_25-09-2021_00:00_video15.jpeg,christlichsozialeunion_25-09-2021_00:00_item15.json,,,
589,abaerbock,2670003183609212531,GraphStoryImage,,False,,1632509202,1632595602,2021-09-24 18:46:42,False,False,,,,,,abaerbock_25-09-2021_00:00_image14.jpeg,abaerbock_25-09-2021_00:00_item16.json,,,
590,afd.bund,2669892035575013617,GraphStoryVideo,,True,True,1632495936,1632582336,2021-09-24 15:05:36,False,False,,,,,,afd.bund_25-09-2021_00:00_video11.jpeg,afd.bund_25-09-2021_00:00_item16.json,,,
591,robert.habeck,2670055607342505999,GraphStoryImage,,False,,1632515449,1632601849,2021-09-24 20:30:49,False,False,,,,,,robert.habeck_25-09-2021_00:00_image11.jpeg,robert.habeck_25-09-2021_00:00_item16.json,,,
592,christlichsozialeunion,2669928577334006527,GraphStoryVideo,,True,True,1632500307,1632586707,2021-09-24 16:18:27,True,False,,,,,,christlichsozialeunion_25-09-2021_00:00_video16.jpeg,christlichsozialeunion_25-09-2021_00:00_item16.json,,,
593,dielinke,2669891617396359530,GraphStoryVideo,,True,True,1632495886,1632582286,2021-09-24 15:04:46,True,False,,,,,,dielinke_25-09-2021_00:00_video13.jpeg,dielinke_25-09-2021_00:00_item16.json,,,
594,die_gruenen,2669828065359681771,GraphStoryImage,,False,,1632488325,1632574725,2021-09-24 12:58:45,False,False,,,,,,die_gruenen_25-09-2021_00:00_image3.jpeg,die_gruenen_25-09-2021_00:00_item16.json,,,
595,spdde,2669985382074025916,GraphStoryImage,,False,,1632507080,1632593480,2021-09-24 18:11:20,False,False,,,,,,spdde_25-09-2021_00:00_image1.jpeg,spdde_25-09-2021_00:00_item16.json,,,
596,armin_laschet,2669971934315412098,GraphStoryVideo,,True,True,1632505474,1632591874,2021-09-24 17:44:34,True,False,,,,,,armin_laschet_25-09-2021_00:00_video13.jpeg,armin_laschet_25-09-2021_00:00_item16.json,,,
597,armin_laschet,2669989229745959460,GraphStoryVideo,,True,True,1632507534,1632593934,2021-09-24 18:18:54,True,False,,,,,,armin_laschet_25-09-2021_00:00_video14.jpeg,armin_laschet_25-09-2021_00:00_item17.json,,,
598,abaerbock,2670003808314976901,GraphStoryVideo,,True,False,1632509276,1632595676,2021-09-24 18:47:56,False,True,,,,,,abaerbock_25-09-2021_00:00_video2.jpeg,abaerbock_25-09-2021_00:00_item17.json,,,
599,dielinke,2669891654213587589,GraphStoryVideo,,True,True,1632495887,1632582287,2021-09-24 15:04:47,False,False,,,,,,dielinke_25-09-2021_00:00_video14.jpeg,dielinke_25-09-2021_00:00_item17.json,,,
600,die_gruenen,2669839340009488636,GraphStoryVideo,,True,True,1632489668,1632576068,2021-09-24 13:21:08,False,False,,,,,,die_gruenen_25-09-2021_00:00_video13.jpeg,die_gruenen_25-09-2021_00:00_item17.json,,,
601,spdde,2670001294768461235,GraphStoryVideo,,True,True,1632508976,1632595376,2021-09-24 18:42:56,True,False,,,,,,spdde_25-09-2021_00:00_video15.jpeg,spdde_25-09-2021_00:00_item17.json,,,
602,robert.habeck,2670055872741483349,GraphStoryImage,,False,,1632515482,1632601882,2021-09-24 20:31:22,False,False,,,,,,robert.habeck_25-09-2021_00:00_image12.jpeg,robert.habeck_25-09-2021_00:00_item17.json,,,
603,christlichsozialeunion,2669938584792580398,GraphStoryImage,,False,,1632501500,1632587900,2021-09-24 16:38:20,False,True,,,,,,christlichsozialeunion_25-09-2021_00:00_image0.jpeg,christlichsozialeunion_25-09-2021_00:00_item17.json,,,
604,afd.bund,2669892396410953682,GraphStoryVideo,,True,True,1632495993,1632582393,2021-09-24 15:06:33,True,False,,,,,,afd.bund_25-09-2021_00:00_video12.jpeg,afd.bund_25-09-2021_00:00_item17.json,,,
605,armin_laschet,2669989251153917404,GraphStoryVideo,,True,True,1632507535,1632593935,2021-09-24 18:18:55,True,False,,,,,,armin_laschet_25-09-2021_00:00_video15.jpeg,armin_laschet_25-09-2021_00:00_item18.json,,,
606,christlichsozialeunion,2669948680926826290,GraphStoryVideo,,True,True,1632502704,1632589104,2021-09-24 16:58:24,True,False,,,,,,christlichsozialeunion_25-09-2021_00:00_video17.jpeg,christlichsozialeunion_25-09-2021_00:00_item18.json,,,
607,afd.bund,2669895172085926190,GraphStoryImage,,False,,1632496327,1632582727,2021-09-24 15:12:07,False,False,,,,,,afd.bund_25-09-2021_00:00_image5.jpeg,afd.bund_25-09-2021_00:00_item18.json,,,
608,spdde,2670001741059263878,GraphStoryImage,,False,,1632509030,1632595430,2021-09-24 18:43:50,False,False,,,,,,spdde_25-09-2021_00:00_image2.jpeg,spdde_25-09-2021_00:00_item18.json,,,
609,dielinke,2669910332330660173,GraphStoryVideo,,True,False,1632498097,1632584497,2021-09-24 15:41:37,True,False,,,,,,dielinke_25-09-2021_00:00_video15.jpeg,dielinke_25-09-2021_00:00_item18.json,,,
610,die_gruenen,2669840723458798602,GraphStoryVideo,,True,True,1632489823,1632576223,2021-09-24 13:23:43,True,True,,,214512512.0,,,die_gruenen_25-09-2021_00:00_video14.jpeg,die_gruenen_25-09-2021_00:00_item18.json,,,
611,robert.habeck,2670056138693932360,GraphStoryImage,,False,,1632515514,1632601914,2021-09-24 20:31:54,True,False,,,,,,robert.habeck_25-09-2021_00:00_image13.jpeg,robert.habeck_25-09-2021_00:00_item18.json,,,
612,die_gruenen,2669841144969623908,GraphStoryVideo,,True,True,1632489874,1632576274,2021-09-24 13:24:34,True,True,,,214512512.0,,,die_gruenen_25-09-2021_00:00_video15.jpeg,die_gruenen_25-09-2021_00:00_item19.json,,,
613,robert.habeck,2670059227999916349,GraphStoryImage,,False,,1632515881,1632602281,2021-09-24 20:38:01,False,False,,,,,,robert.habeck_25-09-2021_00:00_image14.jpeg,robert.habeck_25-09-2021_00:00_item19.json,,,
614,afd.bund,2669895474872637081,GraphStoryImage,,False,,1632496362,1632582762,2021-09-24 15:12:42,True,False,,,,,,afd.bund_25-09-2021_00:00_image6.jpeg,afd.bund_25-09-2021_00:00_item19.json,,,
615,armin_laschet,2669989270607027845,GraphStoryVideo,,True,True,1632507536,1632593936,2021-09-24 18:18:56,True,False,,,,,,armin_laschet_25-09-2021_00:00_video16.jpeg,armin_laschet_25-09-2021_00:00_item19.json,,,
616,dielinke,2669912962703942609,GraphStoryVideo,,True,False,1632498447,1632584847,2021-09-24 15:47:27,True,False,,,,,,dielinke_25-09-2021_00:00_video16.jpeg,dielinke_25-09-2021_00:00_item19.json,,,
617,christlichsozialeunion,2669952591645635186,GraphStoryVideo,,True,True,1632503170,1632589570,2021-09-24 17:06:10,True,False,,,,,,christlichsozialeunion_25-09-2021_00:00_video18.jpeg,christlichsozialeunion_25-09-2021_00:00_item19.json,,,
618,spdde,2670007323669501603,GraphStoryVideo,,True,False,1632509694,1632596094,2021-09-24 18:54:54,True,False,,,,,,spdde_25-09-2021_00:00_video16.jpeg,spdde_25-09-2021_00:00_item19.json,,,
619,armin_laschet,2670006664436120899,GraphStoryVideo,,True,True,1632509615,1632596015,2021-09-24 18:53:35,True,False,,,,,,armin_laschet_25-09-2021_00:00_video17.jpeg,armin_laschet_25-09-2021_00:00_item20.json,,,
620,dielinke,2669965375280747154,GraphStoryVideo,,True,True,1632498950,1632585350,2021-09-24 15:55:50,True,False,,,,,,dielinke_25-09-2021_00:00_video17.jpeg,dielinke_25-09-2021_00:00_item20.json,,,
621,robert.habeck,2670059601058207625,GraphStoryImage,,False,,1632515925,1632602325,2021-09-24 20:38:45,False,False,,,,,,robert.habeck_25-09-2021_00:00_image15.jpeg,robert.habeck_25-09-2021_00:00_item20.json,,,
622,die_gruenen,2669850475098084473,GraphStoryVideo,,True,True,1632490991,1632577391,2021-09-24 13:43:11,True,False,,,214512512.0,,,die_gruenen_25-09-2021_00:00_video16.jpeg,die_gruenen_25-09-2021_00:00_item20.json,,,
623,christlichsozialeunion,2669954154694805828,GraphStoryVideo,,True,True,1632503356,1632589756,2021-09-24 17:09:16,True,False,,,,,,christlichsozialeunion_25-09-2021_00:00_video19.jpeg,christlichsozialeunion_25-09-2021_00:00_item20.json,,,
624,afd.bund,2669901395015243915,GraphStoryImage,,False,,1632497068,1632583468,2021-09-24 15:24:28,True,False,,,,,,afd.bund_25-09-2021_00:00_image7.jpeg,afd.bund_25-09-2021_00:00_item20.json,,,
625,spdde,2670007472928010793,GraphStoryImage,,False,,1632509712,1632596112,2021-09-24 18:55:12,True,False,,,,,,spdde_25-09-2021_00:00_image3.jpeg,spdde_25-09-2021_00:00_item20.json,,,
626,robert.habeck,2670060120570798672,GraphStoryVideo,,True,True,1632515987,1632602387,2021-09-24 20:39:47,False,True,,,,,,robert.habeck_25-09-2021_00:00_video5.jpeg,robert.habeck_25-09-2021_00:00_item21.json,,,
627,die_gruenen,2669850526243412199,GraphStoryVideo,,True,True,1632490992,1632577392,2021-09-24 13:43:12,True,False,,,214512512.0,,,die_gruenen_25-09-2021_00:00_video17.jpeg,die_gruenen_25-09-2021_00:00_item21.json,,,
628,spdde,2670042665956934002,GraphStoryVideo,,True,False,1632513909,1632600309,2021-09-24 20:05:09,True,False,,,,,,spdde_25-09-2021_00:00_video17.jpeg,spdde_25-09-2021_00:00_item21.json,,,
629,christlichsozialeunion,2669954456818905027,GraphStoryVideo,,True,True,1632503393,1632589793,2021-09-24 17:09:53,True,False,,,,,,christlichsozialeunion_25-09-2021_00:00_video20.jpeg,christlichsozialeunion_25-09-2021_00:00_item21.json,,,
630,armin_laschet,2670007001112864826,GraphStoryVideo,,True,True,1632509652,1632596052,2021-09-24 18:54:12,True,False,,,,,,armin_laschet_25-09-2021_00:00_video18.jpeg,armin_laschet_25-09-2021_00:00_item21.json,,,
631,afd.bund,2669911450504778712,GraphStoryVideo,,True,True,1632498263,1632584663,2021-09-24 15:44:23,True,False,,,,,,afd.bund_25-09-2021_00:00_video13.jpeg,afd.bund_25-09-2021_00:00_item21.json,,,
632,spdde,2670043095873147209,GraphStoryVideo,,True,False,1632513960,1632600360,2021-09-24 20:06:00,True,False,,,,,,spdde_25-09-2021_00:00_video18.jpeg,spdde_25-09-2021_00:00_item22.json,,,
633,die_gruenen,2669851770483742588,GraphStoryVideo,,True,True,1632491148,1632577548,2021-09-24 13:45:48,True,False,,,,,,die_gruenen_25-09-2021_00:00_video18.jpeg,die_gruenen_25-09-2021_00:00_item22.json,,,
634,robert.habeck,2670063641647625293,GraphStoryVideo,,True,True,1632516407,1632602807,2021-09-24 20:46:47,False,False,,,,,,robert.habeck_25-09-2021_00:00_video6.jpeg,robert.habeck_25-09-2021_00:00_item22.json,,,
635,christlichsozialeunion,2669974930282144955,GraphStoryVideo,,True,False,1632505833,1632592233,2021-09-24 17:50:33,False,True,,,,,,christlichsozialeunion_25-09-2021_00:00_video21.jpeg,christlichsozialeunion_25-09-2021_00:00_item22.json,,,
636,afd.bund,2669911468573828819,GraphStoryVideo,,True,True,1632498264,1632584664,2021-09-24 15:44:24,True,False,,,,,,afd.bund_25-09-2021_00:00_video14.jpeg,afd.bund_25-09-2021_00:00_item22.json,,,
637,die_gruenen,2669853363069299373,GraphStoryVideo,,True,True,1632491203,1632577603,2021-09-24 13:46:43,True,False,,,214512512.0,,,die_gruenen_25-09-2021_00:00_video19.jpeg,die_gruenen_25-09-2021_00:00_item23.json,,,
638,afd.bund,2669912006369530146,GraphStoryImage,,False,,1632498333,1632584733,2021-09-24 15:45:33,True,False,,,,,,afd.bund_25-09-2021_00:00_image8.jpeg,afd.bund_25-09-2021_00:00_item23.json,,,
639,christlichsozialeunion,2669983416944476323,GraphStoryVideo,,True,True,1632506276,1632592676,2021-09-24 17:57:56,False,True,,,,,,christlichsozialeunion_25-09-2021_00:00_video22.jpeg,christlichsozialeunion_25-09-2021_00:00_item23.json,,,
640,christlichsozialeunion,2669989345828095099,GraphStoryVideo,,True,True,1632507547,1632593947,2021-09-24 18:19:07,True,False,,,,,,christlichsozialeunion_25-09-2021_00:00_video23.jpeg,christlichsozialeunion_25-09-2021_00:00_item24.json,,,
641,afd.bund,2669913247212379938,GraphStoryImage,,False,,1632498481,1632584881,2021-09-24 15:48:01,True,False,,,,,,afd.bund_25-09-2021_00:00_image9.jpeg,afd.bund_25-09-2021_00:00_item24.json,,,
642,die_gruenen,2669859016311675426,GraphStoryVideo,,True,True,1632492011,1632578411,2021-09-24 14:00:11,True,False,,,214512512.0,,,die_gruenen_25-09-2021_00:00_video20.jpeg,die_gruenen_25-09-2021_00:00_item24.json,,,
643,afd.bund,2669914944471295003,GraphStoryImage,,False,,1632498683,1632585083,2021-09-24 15:51:23,False,False,,,,,,afd.bund_25-09-2021_00:00_image10.jpeg,afd.bund_25-09-2021_00:00_item25.json,,,
644,die_gruenen,2669860909763018354,GraphStoryVideo,,True,True,1632492236,1632578636,2021-09-24 14:03:56,True,False,,,,,,die_gruenen_25-09-2021_00:00_video21.jpeg,die_gruenen_25-09-2021_00:00_item25.json,,,
645,afd.bund,2669915201707870532,GraphStoryImage,,False,,1632498714,1632585114,2021-09-24 15:51:54,True,False,,,,,,afd.bund_25-09-2021_00:00_image11.jpeg,afd.bund_25-09-2021_00:00_item26.json,,,
646,die_gruenen,2669861289775523306,GraphStoryVideo,,True,True,1632492285,1632578685,2021-09-24 14:04:45,True,False,,,,,,die_gruenen_25-09-2021_00:00_video22.jpeg,die_gruenen_25-09-2021_00:00_item26.json,,,
647,afd.bund,2669915274722313288,GraphStoryImage,,False,,1632498723,1632585123,2021-09-24 15:52:03,False,False,,,,,,afd.bund_25-09-2021_00:00_image12.jpeg,afd.bund_25-09-2021_00:00_item27.json,,,
648,die_gruenen,2669862727977056035,GraphStoryVideo,,True,True,1632492455,1632578855,2021-09-24 14:07:35,True,False,,,789172481.0,,,die_gruenen_25-09-2021_00:00_video23.jpeg,die_gruenen_25-09-2021_00:00_item27.json,,,
649,afd.bund,2669915477852513157,GraphStoryImage,,False,,1632498747,1632585147,2021-09-24 15:52:27,True,False,,,,,,afd.bund_25-09-2021_00:00_image13.jpeg,afd.bund_25-09-2021_00:00_item28.json,,,
650,die_gruenen,2669863412202242195,GraphStoryImage,,False,,1632492537,1632578937,2021-09-24 14:08:57,True,False,,,214512512.0,,,die_gruenen_25-09-2021_00:00_image4.jpeg,die_gruenen_25-09-2021_00:00_item28.json,,,
651,afd.bund,2669915630793435448,GraphStoryImage,,False,,1632498765,1632585165,2021-09-24 15:52:45,True,False,,,,,,afd.bund_25-09-2021_00:00_image14.jpeg,afd.bund_25-09-2021_00:00_item29.json,,,
652,die_gruenen,2669865077433262796,GraphStoryVideo,,True,True,1632492735,1632579135,2021-09-24 14:12:15,True,False,,,214512512.0,,,die_gruenen_25-09-2021_00:00_video24.jpeg,die_gruenen_25-09-2021_00:00_item29.json,,,
653,afd.bund,2669915744995953207,GraphStoryImage,,False,,1632498779,1632585179,2021-09-24 15:52:59,False,False,,,,,,afd.bund_25-09-2021_00:00_image15.jpeg,afd.bund_25-09-2021_00:00_item30.json,,,
654,die_gruenen,2669870958988318614,GraphStoryVideo,,True,True,1632493375,1632579775,2021-09-24 14:22:55,True,False,,,214512512.0,,,die_gruenen_25-09-2021_00:00_video25.jpeg,die_gruenen_25-09-2021_00:00_item30.json,,,
655,die_gruenen,2669872364415801602,GraphStoryVideo,,True,True,1632493531,1632579931,2021-09-24 14:25:31,True,False,,,,,,die_gruenen_25-09-2021_00:00_video26.jpeg,die_gruenen_25-09-2021_00:00_item31.json,,,
656,afd.bund,2669915819361084888,GraphStoryImage,,False,,1632498787,1632585187,2021-09-24 15:53:07,False,False,,,,,,afd.bund_25-09-2021_00:00_image16.jpeg,afd.bund_25-09-2021_00:00_item31.json,,,
657,afd.bund,2669915908817140399,GraphStoryImage,,False,,1632498798,1632585198,2021-09-24 15:53:18,False,False,,,,,,afd.bund_25-09-2021_00:00_image17.jpeg,afd.bund_25-09-2021_00:00_item32.json,,,
658,die_gruenen,2669881911121404745,GraphStoryVideo,,True,True,1632494364,1632580764,2021-09-24 14:39:24,True,False,,,214512512.0,,,die_gruenen_25-09-2021_00:00_video27.jpeg,die_gruenen_25-09-2021_00:00_item32.json,,,
659,afd.bund,2669916065432361505,GraphStoryImage,,False,,1632498817,1632585217,2021-09-24 15:53:37,True,False,,,,,,afd.bund_25-09-2021_00:00_image18.jpeg,afd.bund_25-09-2021_00:00_item33.json,,,
660,die_gruenen,2669887658525957820,GraphStoryVideo,,True,True,1632495256,1632581656,2021-09-24 14:54:16,True,False,,,214512512.0,,,die_gruenen_25-09-2021_00:00_video28.jpeg,die_gruenen_25-09-2021_00:00_item33.json,,,
661,afd.bund,2669917136127152998,GraphStoryVideo,,True,True,1632498927,1632585327,2021-09-24 15:55:27,True,False,,,,,,afd.bund_25-09-2021_00:00_video15.jpeg,afd.bund_25-09-2021_00:00_item34.json,,,
662,die_gruenen,2669891136627318826,GraphStoryVideo,,True,True,1632495629,1632582029,2021-09-24 15:00:29,True,False,,,214512512.0,,,die_gruenen_25-09-2021_00:00_video29.jpeg,die_gruenen_25-09-2021_00:00_item34.json,,,
663,die_gruenen,2669894321488060308,GraphStoryVideo,,True,True,1632496217,1632582617,2021-09-24 15:10:17,True,False,,,214512512.0,,,die_gruenen_25-09-2021_00:00_video30.jpeg,die_gruenen_25-09-2021_00:00_item35.json,,,
664,afd.bund,2669923260693805910,GraphStoryImage,,False,,1632499674,1632586074,2021-09-24 16:07:54,True,False,,,,,,afd.bund_25-09-2021_00:00_image19.jpeg,afd.bund_25-09-2021_00:00_item35.json,,,
665,afd.bund,2669976119066120635,GraphStoryImage,,False,,1632505976,1632592376,2021-09-24 17:52:56,True,False,,,,,,afd.bund_25-09-2021_00:00_image20.jpeg,afd.bund_25-09-2021_00:00_item36.json,,,
666,die_gruenen,2669896588844919907,GraphStoryVideo,,True,True,1632496218,1632582618,2021-09-24 15:10:18,True,False,,,214512512.0,,,die_gruenen_25-09-2021_00:00_video31.jpeg,die_gruenen_25-09-2021_00:00_item36.json,,,
667,die_gruenen,2669909777104037217,GraphStoryVideo,,True,True,1632496664,1632583064,2021-09-24 15:17:44,True,False,,,214512512.0,,,die_gruenen_25-09-2021_00:00_video32.jpeg,die_gruenen_25-09-2021_00:00_item37.json,,,
668,afd.bund,2669976164716929990,GraphStoryImage,,False,,1632505982,1632592382,2021-09-24 17:53:02,False,False,,,,,,afd.bund_25-09-2021_00:00_image21.jpeg,afd.bund_25-09-2021_00:00_item37.json,,,
669,afd.bund,2669985631537808700,GraphStoryImage,,False,,1632507108,1632593508,2021-09-24 18:11:48,True,False,,,,,,afd.bund_25-09-2021_00:00_image22.jpeg,afd.bund_25-09-2021_00:00_item38.json,,,
670,die_gruenen,2669908758332912636,GraphStoryVideo,,True,True,1632497944,1632584344,2021-09-24 15:39:04,True,False,,,,,,die_gruenen_25-09-2021_00:00_video33.jpeg,die_gruenen_25-09-2021_00:00_item38.json,,,
671,die_gruenen,2669909712377517600,GraphStoryVideo,,True,True,1632498058,1632584458,2021-09-24 15:40:58,True,False,,,,,,die_gruenen_25-09-2021_00:00_video34.jpeg,die_gruenen_25-09-2021_00:00_item39.json,,,
672,afd.bund,2669985819115548168,GraphStoryImage,,False,,1632507132,1632593532,2021-09-24 18:12:12,True,False,,,,,,afd.bund_25-09-2021_00:00_image23.jpeg,afd.bund_25-09-2021_00:00_item39.json,,,
673,afd.bund,2669985986719943983,GraphStoryImage,,False,,1632507152,1632593552,2021-09-24 18:12:32,True,False,,,,,,afd.bund_25-09-2021_00:00_image24.jpeg,afd.bund_25-09-2021_00:00_item40.json,,,
674,die_gruenen,2669910192021418434,GraphStoryVideo,,True,True,1632498116,1632584516,2021-09-24 15:41:56,True,False,,,,,,die_gruenen_25-09-2021_00:00_video35.jpeg,die_gruenen_25-09-2021_00:00_item40.json,,,
675,die_gruenen,2669910706905870908,GraphStoryVideo,,True,True,1632498177,1632584577,2021-09-24 15:42:57,False,False,,,214512512.0,,,die_gruenen_25-09-2021_00:00_video36.jpeg,die_gruenen_25-09-2021_00:00_item41.json,,,
676,afd.bund,2669986666876526833,GraphStoryImage,,False,,1632507233,1632593633,2021-09-24 18:13:53,False,False,,,,,,afd.bund_25-09-2021_00:00_image25.jpeg,afd.bund_25-09-2021_00:00_item41.json,,,
677,die_gruenen,2669931048567153806,GraphStoryVideo,,True,True,1632500592,1632586992,2021-09-24 16:23:12,True,True,,,,,,die_gruenen_25-09-2021_00:00_video37.jpeg,die_gruenen_25-09-2021_00:00_item42.json,,,
678,afd.bund,2670026077354036261,GraphStoryImage,,False,,1632511930,1632598330,2021-09-24 19:32:10,True,False,,,,,,afd.bund_25-09-2021_00:00_image26.jpeg,afd.bund_25-09-2021_00:00_item42.json,,,
679,die_gruenen,2669932867007759516,GraphStoryVideo,,True,True,1632500819,1632587219,2021-09-24 16:26:59,True,False,,,,,,die_gruenen_25-09-2021_00:00_video38.jpeg,die_gruenen_25-09-2021_00:00_item43.json,,,
680,afd.bund,2670032033743735595,GraphStoryImage,,False,,1632512642,1632599042,2021-09-24 19:44:02,False,True,,,,,,afd.bund_25-09-2021_00:00_image27.jpeg,afd.bund_25-09-2021_00:00_item43.json,,,
681,afd.bund,2670037429153823310,GraphStoryImage,,False,,1632513284,1632599684,2021-09-24 19:54:44,False,True,,,,,,afd.bund_25-09-2021_00:00_image28.jpeg,afd.bund_25-09-2021_00:00_item44.json,,,
682,die_gruenen,2669974211461890561,GraphStoryVideo,,True,False,1632505748,1632592148,2021-09-24 17:49:08,False,True,,,,,,die_gruenen_25-09-2021_00:00_video39.jpeg,die_gruenen_25-09-2021_00:00_item44.json,,,
683,die_gruenen,2669974448658139538,GraphStoryVideo,,True,False,1632505776,1632592176,2021-09-24 17:49:36,False,True,,,,,,die_gruenen_25-09-2021_00:00_video40.jpeg,die_gruenen_25-09-2021_00:00_item45.json,,,
684,die_gruenen,2670010169456566410,GraphStoryVideo,,True,False,1632510035,1632596435,2021-09-24 19:00:35,False,False,,,,,,die_gruenen_25-09-2021_00:00_video41.jpeg,die_gruenen_25-09-2021_00:00_item46.json,,,
685,die_gruenen,2670010472956188592,GraphStoryImage,,False,,1632510070,1632596470,2021-09-24 19:01:10,False,False,,,,,,die_gruenen_25-09-2021_00:00_image5.jpeg,die_gruenen_25-09-2021_00:00_item47.json,,,
686,die_gruenen,2670010620855863373,GraphStoryVideo,,True,False,1632510089,1632596489,2021-09-24 19:01:29,False,False,,,,,,die_gruenen_25-09-2021_00:00_video42.jpeg,die_gruenen_25-09-2021_00:00_item48.json,,,
687,die_gruenen,2670010812661264468,GraphStoryVideo,,True,False,1632510112,1632596512,2021-09-24 19:01:52,False,False,,,,,,die_gruenen_25-09-2021_00:00_video43.jpeg,die_gruenen_25-09-2021_00:00_item49.json,,,
688,die_gruenen,2670011054882337674,GraphStoryImage,,False,,1632510139,1632596539,2021-09-24 19:02:19,False,False,,,,,,die_gruenen_25-09-2021_00:00_image6.jpeg,die_gruenen_25-09-2021_00:00_item50.json,,,
689,die_gruenen,2670012364210018523,GraphStoryImage,,False,,1632510295,1632596695,2021-09-24 19:04:55,False,False,,,,,,die_gruenen_25-09-2021_00:00_image7.jpeg,die_gruenen_25-09-2021_00:00_item51.json,,,
690,die_gruenen,2670012485752388822,GraphStoryImage,,False,,1632510310,1632596710,2021-09-24 19:05:10,False,False,,,,,,die_gruenen_25-09-2021_00:00_image8.jpeg,die_gruenen_25-09-2021_00:00_item52.json,,,
691,die_gruenen,2670012623434787793,GraphStoryVideo,,True,False,1632510324,1632596724,2021-09-24 19:05:24,False,False,,,,,,die_gruenen_25-09-2021_00:00_video44.jpeg,die_gruenen_25-09-2021_00:00_item53.json,,,
692,abaerbock,2668406480267514907,GraphStoryImage,,False,,1632318860,1632405260,2021-09-22 13:54:20,False,False,,,,,,abaerbock_23-09-2021_00:00_image0.jpeg,abaerbock_23-09-2021_00:00_item0.json,,,
693,christlichsozialeunion,2668160164353950294,GraphStoryImage,,False,,1632289495,1632375895,2021-09-22 05:44:55,False,True,,,,,,christlichsozialeunion_23-09-2021_00:00_image0.jpeg,christlichsozialeunion_23-09-2021_00:00_item0.json,,,
694,spdde,2668286020440676454,GraphStoryImage,,False,,1632304499,1632390899,2021-09-22 09:54:59,True,False,,,,,,spdde_23-09-2021_00:00_image0.jpeg,spdde_23-09-2021_00:00_item0.json,,,
695,robert.habeck,2668238952534871469,GraphStoryImage,,False,,1632298888,1632385288,2021-09-22 08:21:28,False,True,,,,,,robert.habeck_23-09-2021_00:00_image0.jpeg,robert.habeck_23-09-2021_00:00_item0.json,,,
696,saskiaesken,2668511243462093498,GraphStoryImage,,False,,1632331347,1632417747,2021-09-22 17:22:27,False,True,,,,,,saskiaesken_23-09-2021_00:00_image0.jpeg,saskiaesken_23-09-2021_00:00_item0.json,,,
697,die_gruenen,2668170701936380653,GraphStoryImage,,False,,1632290753,1632377153,2021-09-22 06:05:53,False,True,,,,,,die_gruenen_23-09-2021_00:00_image0.jpeg,die_gruenen_23-09-2021_00:00_item0.json,,,
698,cdu,2668229825476525192,GraphStoryVideo,,True,True,1632297793,1632384193,2021-09-22 08:03:13,True,False,,,,,,cdu_23-09-2021_00:00_video0.jpeg,cdu_23-09-2021_00:00_item0.json,,,
699,afd.bund,2668443824972718600,GraphStoryVideo,,True,False,1632323312,1632409712,2021-09-22 15:08:32,False,False,,,221087394.0,,,afd.bund_23-09-2021_00:00_video0.jpeg,afd.bund_23-09-2021_00:00_item0.json,,,
700,christianlindner,2668389542979139411,GraphStoryVideo,,True,True,1632316840,1632403240,2021-09-22 13:20:40,True,False,,,213128338.0,,,christianlindner_23-09-2021_00:00_video0.jpeg,christianlindner_23-09-2021_00:00_item0.json,,,
701,markus.soeder,2668159492644057472,GraphStoryImage,,False,,1632289414,1632375814,2021-09-22 05:43:34,False,True,,,,,,markus.soeder_23-09-2021_00:00_image0.jpeg,markus.soeder_23-09-2021_00:00_item0.json,,,
702,olafscholz,2668365574216501185,GraphStoryVideo,,True,True,1632313984,1632400384,2021-09-22 12:33:04,True,False,,,,,,olafscholz_23-09-2021_00:00_video0.jpeg,olafscholz_23-09-2021_00:00_item0.json,,,
703,susanne_hennig_wellsow,2668367252902109422,GraphStoryVideo,,True,True,1632298995,1632385395,2021-09-22 08:23:15,True,False,,,,,,susanne_hennig_wellsow_23-09-2021_00:00_video0.jpeg,susanne_hennig_wellsow_23-09-2021_00:00_item0.json,,,
704,fw_bayern,2668276458453642405,GraphStoryImage,,False,,1632303355,1632389755,2021-09-22 09:35:55,True,False,,,,,,fw_bayern_23-09-2021_00:00_image0.jpeg,fw_bayern_23-09-2021_00:00_item0.json,,,
705,fdp,2668289924602970869,GraphStoryImage,,False,,1632304964,1632391364,2021-09-22 10:02:44,True,False,,,,,,fdp_23-09-2021_00:00_image0.jpeg,fdp_23-09-2021_00:00_item0.json,,,
706,armin_laschet,2668168474284756672,GraphStoryVideo,,True,True,1632290483,1632376883,2021-09-22 06:01:23,True,False,,,,,,armin_laschet_23-09-2021_00:00_video0.jpeg,armin_laschet_23-09-2021_00:00_item0.json,,,
707,dielinke,2668226980296679161,GraphStoryVideo,,True,False,1632297461,1632383861,2021-09-22 07:57:41,False,False,,,,,,dielinke_23-09-2021_00:00_video0.jpeg,dielinke_23-09-2021_00:00_item0.json,,,
708,nicola_beer,2668219815812064108,GraphStoryImage,,False,,1632296607,1632383007,2021-09-22 07:43:27,False,False,,,,,,nicola_beer_23-09-2021_00:00_image0.jpeg,nicola_beer_23-09-2021_00:00_item0.json,,,
709,atesgurpinar,2668282248531531522,GraphStoryImage,,False,,1632304048,1632390448,2021-09-22 09:47:28,False,False,,,,,,atesgurpinar_23-09-2021_00:00_image0.jpeg,atesgurpinar_23-09-2021_00:00_item0.json,,,
710,robert.habeck,2668426004146700288,GraphStoryVideo,,True,False,1632321188,1632407588,2021-09-22 14:33:08,False,False,,,107481562.0,,,robert.habeck_23-09-2021_00:00_video0.jpeg,robert.habeck_23-09-2021_00:00_item1.json,,,
711,armin_laschet,2668168496053023269,GraphStoryVideo,,True,True,1632290484,1632376884,2021-09-22 06:01:24,True,False,,,,,,armin_laschet_23-09-2021_00:00_video1.jpeg,armin_laschet_23-09-2021_00:00_item1.json,,,
712,fw_bayern,2668276709365356406,GraphStoryImage,,False,,1632303388,1632389788,2021-09-22 09:36:28,True,False,,,,,,fw_bayern_23-09-2021_00:00_image1.jpeg,fw_bayern_23-09-2021_00:00_item1.json,,,
713,afd.bund,2668445607216491523,GraphStoryVideo,,True,True,1632323524,1632409924,2021-09-22 15:12:04,False,False,,,,,,afd.bund_23-09-2021_00:00_video1.jpeg,afd.bund_23-09-2021_00:00_item1.json,,,
714,dielinke,2668298968233387239,GraphStoryVideo,,True,True,1632306041,1632392441,2021-09-22 10:20:41,False,False,,,,,,dielinke_23-09-2021_00:00_video1.jpeg,dielinke_23-09-2021_00:00_item1.json,,,
715,saskiaesken,2668538627107996522,GraphStoryVideo,,True,False,1632334607,1632421007,2021-09-22 18:16:47,True,False,,,,,,saskiaesken_23-09-2021_00:00_video0.jpeg,saskiaesken_23-09-2021_00:00_item1.json,,,
716,cdu,2668229946347893574,GraphStoryVideo,,True,True,1632297807,1632384207,2021-09-22 08:03:27,True,False,,,,,,cdu_23-09-2021_00:00_video1.jpeg,cdu_23-09-2021_00:00_item1.json,,,
717,fdp,2668290081587227653,GraphStoryImage,,False,,1632304983,1632391383,2021-09-22 10:03:03,True,False,,,,,,fdp_23-09-2021_00:00_image1.jpeg,fdp_23-09-2021_00:00_item1.json,,,
718,abaerbock,2668406701709984029,GraphStoryImage,,False,,1632318887,1632405287,2021-09-22 13:54:47,False,False,,,213365886.0,,,abaerbock_23-09-2021_00:00_image1.jpeg,abaerbock_23-09-2021_00:00_item1.json,,,
719,olafscholz,2668387592704261926,GraphStoryImage,,False,,1632316609,1632403009,2021-09-22 13:16:49,True,False,,,,,,olafscholz_23-09-2021_00:00_image0.jpeg,olafscholz_23-09-2021_00:00_item1.json,,,
720,spdde,2668286825663108905,GraphStoryImage,,False,,1632304596,1632390996,2021-09-22 09:56:36,True,False,,,,,,spdde_23-09-2021_00:00_image1.jpeg,spdde_23-09-2021_00:00_item1.json,,,
721,die_gruenen,2668170875588996322,GraphStoryVideo,,True,True,1632290774,1632377174,2021-09-22 06:06:14,True,False,,,,,,die_gruenen_23-09-2021_00:00_video0.jpeg,die_gruenen_23-09-2021_00:00_item1.json,,,
722,nicola_beer,2668228893049346200,GraphStoryImage,,False,,1632297688,1632384088,2021-09-22 08:01:28,True,False,,,,,,nicola_beer_23-09-2021_00:00_image1.jpeg,nicola_beer_23-09-2021_00:00_item1.json,,,
723,susanne_hennig_wellsow,2668596719138297155,GraphStoryVideo,,True,True,1632341532,1632427932,2021-09-22 20:12:12,True,False,,,,,,susanne_hennig_wellsow_23-09-2021_00:00_video1.jpeg,susanne_hennig_wellsow_23-09-2021_00:00_item1.json,,,
724,markus.soeder,2668159595396191465,GraphStoryImage,,False,,1632289428,1632375828,2021-09-22 05:43:48,False,True,,,,,,markus.soeder_23-09-2021_00:00_image1.jpeg,markus.soeder_23-09-2021_00:00_item1.json,,,
725,christianlindner,2668473624572446768,GraphStoryVideo,,True,True,1632326863,1632413263,2021-09-22 16:07:43,True,False,,,213365886.0,,,christianlindner_23-09-2021_00:00_video1.jpeg,christianlindner_23-09-2021_00:00_item1.json,,,
726,christlichsozialeunion,2668223343163457697,GraphStoryVideo,,True,False,1632297028,1632383428,2021-09-22 07:50:28,True,False,,,,,,christlichsozialeunion_23-09-2021_00:00_video0.jpeg,christlichsozialeunion_23-09-2021_00:00_item1.json,,,
727,robert.habeck,2668426229491830918,GraphStoryImage,,False,,1632321214,1632407614,2021-09-22 14:33:34,False,False,,,107481562.0,,,robert.habeck_23-09-2021_00:00_image1.jpeg,robert.habeck_23-09-2021_00:00_item2.json,,,
728,christlichsozialeunion,2668223460872380677,GraphStoryVideo,,True,True,1632297037,1632383437,2021-09-22 07:50:37,True,False,,,,,,christlichsozialeunion_23-09-2021_00:00_video1.jpeg,christlichsozialeunion_23-09-2021_00:00_item2.json,,,
729,die_gruenen,2668171755646201921,GraphStoryVideo,,True,True,1632290879,1632377279,2021-09-22 06:07:59,True,False,,,,,,die_gruenen_23-09-2021_00:00_video1.jpeg,die_gruenen_23-09-2021_00:00_item2.json,,,
730,susanne_hennig_wellsow,2668596869792275605,GraphStoryImage,,False,,1632341557,1632427957,2021-09-22 20:12:37,True,False,,,,,,susanne_hennig_wellsow_23-09-2021_00:00_image0.jpeg,susanne_hennig_wellsow_23-09-2021_00:00_item2.json,,,
731,spdde,2668287353373764300,GraphStoryImage,,False,,1632304659,1632391059,2021-09-22 09:57:39,True,False,,,,,,spdde_23-09-2021_00:00_image2.jpeg,spdde_23-09-2021_00:00_item2.json,,,
732,abaerbock,2668406828344479939,GraphStoryImage,,False,,1632318902,1632405302,2021-09-22 13:55:02,False,False,,,,,,abaerbock_23-09-2021_00:00_image2.jpeg,abaerbock_23-09-2021_00:00_item2.json,,,
733,fw_bayern,2668477577620361399,GraphStoryVideo,,True,True,1632327332,1632413732,2021-09-22 16:15:32,True,False,,,,,,fw_bayern_23-09-2021_00:00_video0.jpeg,fw_bayern_23-09-2021_00:00_item2.json,,,
734,armin_laschet,2668168516026270838,GraphStoryVideo,,True,True,1632290485,1632376885,2021-09-22 06:01:25,True,False,,,,,,armin_laschet_23-09-2021_00:00_video2.jpeg,armin_laschet_23-09-2021_00:00_item2.json,,,
735,olafscholz,2668396765200235957,GraphStoryVideo,,True,True,1632316977,1632403377,2021-09-22 13:22:57,True,False,,,,,,olafscholz_23-09-2021_00:00_video1.jpeg,olafscholz_23-09-2021_00:00_item2.json,,,
736,afd.bund,2668449948992071776,GraphStoryVideo,,True,False,1632324043,1632410443,2021-09-22 15:20:43,False,False,,,,,,afd.bund_23-09-2021_00:00_video2.jpeg,afd.bund_23-09-2021_00:00_item2.json,,,
737,christianlindner,2668496204935088905,GraphStoryImage,,False,,1632329550,1632415950,2021-09-22 16:52:30,True,False,,,213365886.0,,,christianlindner_23-09-2021_00:00_image0.jpeg,christianlindner_23-09-2021_00:00_item2.json,,,
738,markus.soeder,2668442511854301589,GraphStoryVideo,,True,True,1632323144,1632409544,2021-09-22 15:05:44,False,True,,,,,,markus.soeder_23-09-2021_00:00_video0.jpeg,markus.soeder_23-09-2021_00:00_item2.json,,,
739,cdu,2668375624457927906,GraphStoryVideo,,True,True,1632315182,1632401582,2021-09-22 12:53:02,True,False,,,,,,cdu_23-09-2021_00:00_video2.jpeg,cdu_23-09-2021_00:00_item2.json,,,
740,dielinke,2668298984213454034,GraphStoryVideo,,True,True,1632306042,1632392442,2021-09-22 10:20:42,False,False,,,,,,dielinke_23-09-2021_00:00_video2.jpeg,dielinke_23-09-2021_00:00_item2.json,,,
741,nicola_beer,2668230500549751889,GraphStoryImage,,False,,1632297879,1632384279,2021-09-22 08:04:39,True,False,,,,,,nicola_beer_23-09-2021_00:00_image2.jpeg,nicola_beer_23-09-2021_00:00_item2.json,,,
742,afd.bund,2668452624580620222,GraphStoryVideo,,True,True,1632324325,1632410725,2021-09-22 15:25:25,True,False,,,,,,afd.bund_23-09-2021_00:00_video3.jpeg,afd.bund_23-09-2021_00:00_item3.json,,,
743,abaerbock,2668406887618293660,GraphStoryImage,,False,,1632318909,1632405309,2021-09-22 13:55:09,False,False,,,,,,abaerbock_23-09-2021_00:00_image3.jpeg,abaerbock_23-09-2021_00:00_item3.json,,,
744,armin_laschet,2668174386340687006,GraphStoryImage,,False,,1632291191,1632377591,2021-09-22 06:13:11,True,False,,,,,,armin_laschet_23-09-2021_00:00_image0.jpeg,armin_laschet_23-09-2021_00:00_item3.json,,,
745,dielinke,2668432845519812971,GraphStoryImage,,False,,1632322003,1632408403,2021-09-22 14:46:43,True,False,,,,,,dielinke_23-09-2021_00:00_image0.jpeg,dielinke_23-09-2021_00:00_item3.json,,,
746,fw_bayern,2668478458021586057,GraphStoryImage,,False,,1632327439,1632413839,2021-09-22 16:17:19,True,False,,,,,,fw_bayern_23-09-2021_00:00_image2.jpeg,fw_bayern_23-09-2021_00:00_item3.json,,,
747,nicola_beer,2668231293709488453,GraphStoryImage,,False,,1632297976,1632384376,2021-09-22 08:06:16,True,False,,,,,,nicola_beer_23-09-2021_00:00_image3.jpeg,nicola_beer_23-09-2021_00:00_item3.json,,,
748,die_gruenen,2668172216315041486,GraphStoryVideo,,True,False,1632290934,1632377334,2021-09-22 06:08:54,False,False,,,,,,die_gruenen_23-09-2021_00:00_video2.jpeg,die_gruenen_23-09-2021_00:00_item3.json,,,
749,olafscholz,2668416755196522346,GraphStoryImage,,False,,1632320083,1632406483,2021-09-22 14:14:43,False,False,,,,,,olafscholz_23-09-2021_00:00_image1.jpeg,olafscholz_23-09-2021_00:00_item3.json,,,
750,christlichsozialeunion,2668223671426369482,GraphStoryVideo,,True,True,1632297048,1632383448,2021-09-22 07:50:48,True,False,,,,,,christlichsozialeunion_23-09-2021_00:00_video2.jpeg,christlichsozialeunion_23-09-2021_00:00_item3.json,,,
751,cdu,2668375849264303871,GraphStoryVideo,,True,True,1632315209,1632401609,2021-09-22 12:53:29,True,False,,,,,,cdu_23-09-2021_00:00_video3.jpeg,cdu_23-09-2021_00:00_item3.json,,,
752,christianlindner,2668497399825158587,GraphStoryImage,,False,,1632329697,1632416097,2021-09-22 16:54:57,True,False,,,213365886.0,,,christianlindner_23-09-2021_00:00_image1.jpeg,christianlindner_23-09-2021_00:00_item3.json,,,
753,robert.habeck,2668426328712361348,GraphStoryImage,,False,,1632321225,1632407625,2021-09-22 14:33:45,False,False,,,,,,robert.habeck_23-09-2021_00:00_image2.jpeg,robert.habeck_23-09-2021_00:00_item3.json,,,
754,spdde,2668287881679761860,GraphStoryVideo,,True,True,1632304678,1632391078,2021-09-22 09:57:58,False,True,,,,,,spdde_23-09-2021_00:00_video0.jpeg,spdde_23-09-2021_00:00_item3.json,,,
755,dielinke,2668453435156145184,GraphStoryVideo,,True,False,1632324457,1632410857,2021-09-22 15:27:37,False,True,,,,,,dielinke_23-09-2021_00:00_video3.jpeg,dielinke_23-09-2021_00:00_item4.json,,,
756,olafscholz,2668427272187496392,GraphStoryImage,,False,,1632321338,1632407738,2021-09-22 14:35:38,False,False,,,,,,olafscholz_23-09-2021_00:00_image2.jpeg,olafscholz_23-09-2021_00:00_item4.json,,,
757,armin_laschet,2668199929341681387,GraphStoryVideo,,True,True,1632294234,1632380634,2021-09-22 07:03:54,True,False,,,,,,armin_laschet_23-09-2021_00:00_video3.jpeg,armin_laschet_23-09-2021_00:00_item4.json,,,
758,afd.bund,2668453624770989882,GraphStoryVideo,,True,False,1632324480,1632410880,2021-09-22 15:28:00,True,False,,,,,,afd.bund_23-09-2021_00:00_video4.jpeg,afd.bund_23-09-2021_00:00_item4.json,,,
759,robert.habeck,2668426755228625003,GraphStoryVideo,,True,True,1632321277,1632407677,2021-09-22 14:34:37,False,False,,,,,,robert.habeck_23-09-2021_00:00_video1.jpeg,robert.habeck_23-09-2021_00:00_item4.json,,,
760,fw_bayern,2668479395926837980,GraphStoryVideo,,True,True,1632327552,1632413952,2021-09-22 16:19:12,True,False,,,315091906.0,,,fw_bayern_23-09-2021_00:00_video1.jpeg,fw_bayern_23-09-2021_00:00_item4.json,,,
761,cdu,2668376210016493081,GraphStoryVideo,,True,True,1632315251,1632401651,2021-09-22 12:54:11,True,False,,,,,,cdu_23-09-2021_00:00_video4.jpeg,cdu_23-09-2021_00:00_item4.json,,,
762,christianlindner,2668500796951233472,GraphStoryImage,,False,,1632330100,1632416500,2021-09-22 17:01:40,True,False,,,213365886.0,,,christianlindner_23-09-2021_00:00_image2.jpeg,christianlindner_23-09-2021_00:00_item4.json,,,
763,die_gruenen,2668173594940740087,GraphStoryVideo,,True,True,1632291093,1632377493,2021-09-22 06:11:33,False,False,,,,,,die_gruenen_23-09-2021_00:00_video3.jpeg,die_gruenen_23-09-2021_00:00_item4.json,,,
764,abaerbock,2668406976562608133,GraphStoryImage,,False,,1632318920,1632405320,2021-09-22 13:55:20,False,False,,,,,,abaerbock_23-09-2021_00:00_image4.jpeg,abaerbock_23-09-2021_00:00_item4.json,,,
765,spdde,2668437683570927618,GraphStoryVideo,,True,True,1632322579,1632408979,2021-09-22 14:56:19,True,False,,,,,,spdde_23-09-2021_00:00_video1.jpeg,spdde_23-09-2021_00:00_item4.json,,,
766,christlichsozialeunion,2668223728225769601,GraphStoryVideo,,True,True,1632297058,1632383458,2021-09-22 07:50:58,True,False,,,,,,christlichsozialeunion_23-09-2021_00:00_video3.jpeg,christlichsozialeunion_23-09-2021_00:00_item4.json,,,
767,nicola_beer,2668233094248766722,GraphStoryVideo,,True,False,1632298191,1632384591,2021-09-22 08:09:51,True,False,,,,,,nicola_beer_23-09-2021_00:00_video0.jpeg,nicola_beer_23-09-2021_00:00_item4.json,,,
768,armin_laschet,2668199950581627540,GraphStoryVideo,,True,True,1632294235,1632380635,2021-09-22 07:03:55,True,False,,,,,,armin_laschet_23-09-2021_00:00_video4.jpeg,armin_laschet_23-09-2021_00:00_item5.json,,,
769,christlichsozialeunion,2668224047437455520,GraphStoryVideo,,True,True,1632297101,1632383501,2021-09-22 07:51:41,True,False,,,,,,christlichsozialeunion_23-09-2021_00:00_video4.jpeg,christlichsozialeunion_23-09-2021_00:00_item5.json,,,
770,cdu,2668376604591315801,GraphStoryVideo,,True,True,1632315298,1632401698,2021-09-22 12:54:58,True,False,,,,,,cdu_23-09-2021_00:00_video5.jpeg,cdu_23-09-2021_00:00_item5.json,,,
771,afd.bund,2668458893655908320,GraphStoryVideo,,True,True,1632325100,1632411500,2021-09-22 15:38:20,False,False,,,,,,afd.bund_23-09-2021_00:00_video5.jpeg,afd.bund_23-09-2021_00:00_item5.json,,,
772,abaerbock,2668407055138807654,GraphStoryImage,,False,,1632318926,1632405326,2021-09-22 13:55:26,False,False,,,,,,abaerbock_23-09-2021_00:00_image5.jpeg,abaerbock_23-09-2021_00:00_item5.json,,,
773,robert.habeck,2668426894993562656,GraphStoryImage,,False,,1632321292,1632407692,2021-09-22 14:34:52,False,False,,,,,,robert.habeck_23-09-2021_00:00_image3.jpeg,robert.habeck_23-09-2021_00:00_item5.json,,,
774,spdde,2668438649217026083,GraphStoryVideo,,True,True,1632322695,1632409095,2021-09-22 14:58:15,True,False,,,,,,spdde_23-09-2021_00:00_video2.jpeg,spdde_23-09-2021_00:00_item5.json,,,
775,fw_bayern,2668557227830983761,GraphStoryVideo,,True,True,1632336830,1632423230,2021-09-22 18:53:50,True,False,,,315091906.0,,,fw_bayern_23-09-2021_00:00_video2.jpeg,fw_bayern_23-09-2021_00:00_item5.json,,,
776,die_gruenen,2668173581393255209,GraphStoryVideo,,True,True,1632291094,1632377494,2021-09-22 06:11:34,False,False,,,,,,die_gruenen_23-09-2021_00:00_video4.jpeg,die_gruenen_23-09-2021_00:00_item5.json,,,
777,olafscholz,2668446881271638544,GraphStoryImage,,False,,1632323675,1632410075,2021-09-22 15:14:35,True,False,,,,,,olafscholz_23-09-2021_00:00_image3.jpeg,olafscholz_23-09-2021_00:00_item5.json,,,
778,cdu,2668376850377576409,GraphStoryVideo,,True,True,1632315327,1632401727,2021-09-22 12:55:27,True,False,,,,,,cdu_23-09-2021_00:00_video6.jpeg,cdu_23-09-2021_00:00_item6.json,,,
779,christlichsozialeunion,2668224143017257363,GraphStoryVideo,,True,True,1632297118,1632383518,2021-09-22 07:51:58,True,False,,,,,,christlichsozialeunion_23-09-2021_00:00_video5.jpeg,christlichsozialeunion_23-09-2021_00:00_item6.json,,,
780,armin_laschet,2668354572281497689,GraphStoryVideo,,True,True,1632312666,1632399066,2021-09-22 12:11:06,True,False,,,,,,armin_laschet_23-09-2021_00:00_video5.jpeg,armin_laschet_23-09-2021_00:00_item6.json,,,
781,robert.habeck,2668427041618061442,GraphStoryImage,,False,,1632321310,1632407710,2021-09-22 14:35:10,False,False,,,,,,robert.habeck_23-09-2021_00:00_image4.jpeg,robert.habeck_23-09-2021_00:00_item6.json,,,
782,abaerbock,2668407125410176766,GraphStoryImage,,False,,1632318937,1632405337,2021-09-22 13:55:37,False,False,,,,,,abaerbock_23-09-2021_00:00_image6.jpeg,abaerbock_23-09-2021_00:00_item6.json,,,
783,fw_bayern,2668617069845179050,GraphStoryImage,,False,,1632343963,1632430363,2021-09-22 20:52:43,True,False,,,,,,fw_bayern_23-09-2021_00:00_image3.jpeg,fw_bayern_23-09-2021_00:00_item6.json,,,
784,afd.bund,2668458874118632104,GraphStoryVideo,,True,True,1632325101,1632411501,2021-09-22 15:38:21,False,False,,,,,,afd.bund_23-09-2021_00:00_video6.jpeg,afd.bund_23-09-2021_00:00_item6.json,,,
785,die_gruenen,2668174077310992035,GraphStoryVideo,,True,True,1632291156,1632377556,2021-09-22 06:12:36,False,False,,,,,,die_gruenen_23-09-2021_00:00_video5.jpeg,die_gruenen_23-09-2021_00:00_item6.json,,,
786,spdde,2668442167206469405,GraphStoryVideo,,True,True,1632323113,1632409513,2021-09-22 15:05:13,True,False,,,,,,spdde_23-09-2021_00:00_video3.jpeg,spdde_23-09-2021_00:00_item6.json,,,
787,olafscholz,2668467050453008846,GraphStoryVideo,,True,True,1632325542,1632411942,2021-09-22 15:45:42,True,False,,,,,,olafscholz_23-09-2021_00:00_video2.jpeg,olafscholz_23-09-2021_00:00_item6.json,,,
788,afd.bund,2668458898873497288,GraphStoryVideo,,True,True,1632325102,1632411502,2021-09-22 15:38:22,False,False,,,,,,afd.bund_23-09-2021_00:00_video7.jpeg,afd.bund_23-09-2021_00:00_item7.json,,,
789,armin_laschet,2668354551704209818,GraphStoryVideo,,True,True,1632312667,1632399067,2021-09-22 12:11:07,True,False,,,,,,armin_laschet_23-09-2021_00:00_video6.jpeg,armin_laschet_23-09-2021_00:00_item7.json,,,
790,robert.habeck,2668430237837243220,GraphStoryImage,,False,,1632321689,1632408089,2021-09-22 14:41:29,True,False,,,,,,robert.habeck_23-09-2021_00:00_image5.jpeg,robert.habeck_23-09-2021_00:00_item7.json,,,
791,cdu,2668378753627014009,GraphStoryImage,,False,,1632315554,1632401954,2021-09-22 12:59:14,True,False,,,,,,cdu_23-09-2021_00:00_image0.jpeg,cdu_23-09-2021_00:00_item7.json,,,
792,olafscholz,2668497775818605206,GraphStoryVideo,,True,True,1632329724,1632416124,2021-09-22 16:55:24,True,False,,,,,,olafscholz_23-09-2021_00:00_video3.jpeg,olafscholz_23-09-2021_00:00_item7.json,,,
793,christlichsozialeunion,2668224207735269688,GraphStoryVideo,,True,True,1632297124,1632383524,2021-09-22 07:52:04,True,False,,,,,,christlichsozialeunion_23-09-2021_00:00_video6.jpeg,christlichsozialeunion_23-09-2021_00:00_item7.json,,,
794,die_gruenen,2668283871314951081,GraphStoryVideo,,True,True,1632304236,1632390636,2021-09-22 09:50:36,False,True,,,,,,die_gruenen_23-09-2021_00:00_video6.jpeg,die_gruenen_23-09-2021_00:00_item7.json,,,
795,spdde,2668466068346926727,GraphStoryVideo,,True,True,1632325962,1632412362,2021-09-22 15:52:42,True,False,,,,,,spdde_23-09-2021_00:00_video4.jpeg,spdde_23-09-2021_00:00_item7.json,,,
796,abaerbock,2668407205378670914,GraphStoryImage,,False,,1632318947,1632405347,2021-09-22 13:55:47,False,False,,,,,,abaerbock_23-09-2021_00:00_image7.jpeg,abaerbock_23-09-2021_00:00_item7.json,,,
797,afd.bund,2668461312469097014,GraphStoryVideo,,True,True,1632325128,1632411528,2021-09-22 15:38:48,False,False,,,,,,afd.bund_23-09-2021_00:00_video8.jpeg,afd.bund_23-09-2021_00:00_item8.json,,,
798,christlichsozialeunion,2668228966533955297,GraphStoryVideo,,True,True,1632297692,1632384092,2021-09-22 08:01:32,True,False,,,,,,christlichsozialeunion_23-09-2021_00:00_video7.jpeg,christlichsozialeunion_23-09-2021_00:00_item8.json,,,
799,die_gruenen,2668363102321620840,GraphStoryVideo,,True,True,1632313689,1632400089,2021-09-22 12:28:09,False,True,,,,,,die_gruenen_23-09-2021_00:00_video7.jpeg,die_gruenen_23-09-2021_00:00_item8.json,,,
800,olafscholz,2668550728329493553,GraphStoryImage,,False,,1632336052,1632422452,2021-09-22 18:40:52,False,False,,,,,,olafscholz_23-09-2021_00:00_image4.jpeg,olafscholz_23-09-2021_00:00_item8.json,,,
801,armin_laschet,2668402298579024677,GraphStoryVideo,,True,False,1632318359,1632404759,2021-09-22 13:45:59,True,False,,,263147298.0,,,armin_laschet_23-09-2021_00:00_video7.jpeg,armin_laschet_23-09-2021_00:00_item8.json,,,
802,cdu,2668379253420130482,GraphStoryVideo,,True,True,1632315614,1632402014,2021-09-22 13:00:14,True,False,,,,,,cdu_23-09-2021_00:00_video7.jpeg,cdu_23-09-2021_00:00_item8.json,,,
803,robert.habeck,2668431032313828399,GraphStoryImage,,False,,1632321786,1632408186,2021-09-22 14:43:06,False,False,,,,,,robert.habeck_23-09-2021_00:00_image6.jpeg,robert.habeck_23-09-2021_00:00_item8.json,,,
804,abaerbock,2668407258503779230,GraphStoryImage,,False,,1632318953,1632405353,2021-09-22 13:55:53,False,False,,,,,,abaerbock_23-09-2021_00:00_image8.jpeg,abaerbock_23-09-2021_00:00_item8.json,,,
805,armin_laschet,2668403869354236691,GraphStoryVideo,,True,True,1632318520,1632404920,2021-09-22 13:48:40,True,False,,,,,,armin_laschet_23-09-2021_00:00_video8.jpeg,armin_laschet_23-09-2021_00:00_item9.json,,,
806,cdu,2668467324140546331,GraphStoryVideo,,True,True,1632326089,1632412489,2021-09-22 15:54:49,False,False,,,,,,cdu_23-09-2021_00:00_video8.jpeg,cdu_23-09-2021_00:00_item9.json,,,
807,christlichsozialeunion,2668230503662397881,GraphStoryVideo,,True,True,1632297876,1632384276,2021-09-22 08:04:36,True,False,,,,,,christlichsozialeunion_23-09-2021_00:00_video8.jpeg,christlichsozialeunion_23-09-2021_00:00_item9.json,,,
808,robert.habeck,2668432927474618514,GraphStoryVideo,,True,False,1632322013,1632408413,2021-09-22 14:46:53,False,False,,,496948690.0,,,robert.habeck_23-09-2021_00:00_video2.jpeg,robert.habeck_23-09-2021_00:00_item9.json,,,
809,afd.bund,2668462005512735354,GraphStoryImage,,False,,1632325479,1632411879,2021-09-22 15:44:39,True,False,,,,,,afd.bund_23-09-2021_00:00_image0.jpeg,afd.bund_23-09-2021_00:00_item9.json,,,
810,abaerbock,2668408041334859934,GraphStoryVideo,,True,False,1632319044,1632405444,2021-09-22 13:57:24,False,True,,,,,,abaerbock_23-09-2021_00:00_video0.jpeg,abaerbock_23-09-2021_00:00_item9.json,,,
811,olafscholz,2668554433970069490,GraphStoryVideo,,True,True,1632336378,1632422778,2021-09-22 18:46:18,True,False,,,,,,olafscholz_23-09-2021_00:00_video4.jpeg,olafscholz_23-09-2021_00:00_item9.json,,,
812,die_gruenen,2668364015949852411,GraphStoryVideo,,True,False,1632313798,1632400198,2021-09-22 12:29:58,False,True,,,,,,die_gruenen_23-09-2021_00:00_video8.jpeg,die_gruenen_23-09-2021_00:00_item9.json,,,
813,olafscholz,2668555266541297907,GraphStoryImage,,False,,1632336595,1632422995,2021-09-22 18:49:55,False,False,,,,,,olafscholz_23-09-2021_00:00_image5.jpeg,olafscholz_23-09-2021_00:00_item10.json,,,
814,robert.habeck,2668566318212873216,GraphStoryVideo,,True,True,1632337913,1632424313,2021-09-22 19:11:53,True,False,,,,,,robert.habeck_23-09-2021_00:00_video3.jpeg,robert.habeck_23-09-2021_00:00_item10.json,,,
815,die_gruenen,2668434872827232763,GraphStoryVideo,,True,True,1632322245,1632408645,2021-09-22 14:50:45,False,False,,,,,,die_gruenen_23-09-2021_00:00_video9.jpeg,die_gruenen_23-09-2021_00:00_item10.json,,,
816,afd.bund,2668462185221892546,GraphStoryImage,,False,,1632325501,1632411901,2021-09-22 15:45:01,False,False,,,,,,afd.bund_23-09-2021_00:00_image1.jpeg,afd.bund_23-09-2021_00:00_item10.json,,,
817,abaerbock,2668595557294067507,GraphStoryImage,,False,,1632341399,1632427799,2021-09-22 20:09:59,False,False,,,234433366.0,,,abaerbock_23-09-2021_00:00_image9.jpeg,abaerbock_23-09-2021_00:00_item10.json,,,
818,armin_laschet,2668405096095695610,GraphStoryVideo,,True,True,1632318682,1632405082,2021-09-22 13:51:22,True,False,,,,,,armin_laschet_23-09-2021_00:00_video9.jpeg,armin_laschet_23-09-2021_00:00_item10.json,,,
819,cdu,2668568916541897066,GraphStoryVideo,,True,True,1632338224,1632424624,2021-09-22 19:17:04,True,False,,,,,,cdu_23-09-2021_00:00_video9.jpeg,cdu_23-09-2021_00:00_item10.json,,,
820,christlichsozialeunion,2668233294946517774,GraphStoryVideo,,True,True,1632298203,1632384603,2021-09-22 08:10:03,False,True,,,,,,christlichsozialeunion_23-09-2021_00:00_video9.jpeg,christlichsozialeunion_23-09-2021_00:00_item10.json,,,
821,cdu,2668569510497412313,GraphStoryImage,,False,,1632338292,1632424692,2021-09-22 19:18:12,True,False,,,,,,cdu_23-09-2021_00:00_image1.jpeg,cdu_23-09-2021_00:00_item11.json,,,
822,afd.bund,2668464505592527864,GraphStoryVideo,,True,True,1632325771,1632412171,2021-09-22 15:49:31,True,False,,,,,,afd.bund_23-09-2021_00:00_video9.jpeg,afd.bund_23-09-2021_00:00_item11.json,,,
823,christlichsozialeunion,2668240090155197369,GraphStoryVideo,,True,True,1632298999,1632385399,2021-09-22 08:23:19,True,False,,,,,,christlichsozialeunion_23-09-2021_00:00_video10.jpeg,christlichsozialeunion_23-09-2021_00:00_item11.json,,,
824,abaerbock,2668595815142919525,GraphStoryImage,,False,,1632341429,1632427829,2021-09-22 20:10:29,True,False,,,,,,abaerbock_23-09-2021_00:00_image10.jpeg,abaerbock_23-09-2021_00:00_item11.json,,,
825,armin_laschet,2668405670052867882,GraphStoryVideo,,True,False,1632318756,1632405156,2021-09-22 13:52:36,True,False,,,,,,armin_laschet_23-09-2021_00:00_video10.jpeg,armin_laschet_23-09-2021_00:00_item11.json,,,
826,robert.habeck,2668567058894184759,GraphStoryImage,,False,,1632338000,1632424400,2021-09-22 19:13:20,False,False,,,,,,robert.habeck_23-09-2021_00:00_image7.jpeg,robert.habeck_23-09-2021_00:00_item11.json,,,
827,armin_laschet,2668406349941068563,GraphStoryVideo,,True,False,1632318839,1632405239,2021-09-22 13:53:59,True,False,,,,,,armin_laschet_23-09-2021_00:00_video11.jpeg,armin_laschet_23-09-2021_00:00_item12.json,,,
828,christlichsozialeunion,2668256625074650937,GraphStoryVideo,,True,True,1632300994,1632387394,2021-09-22 08:56:34,True,False,,,,,,christlichsozialeunion_23-09-2021_00:00_video11.jpeg,christlichsozialeunion_23-09-2021_00:00_item12.json,,,
829,abaerbock,2668595912182487899,GraphStoryImage,,False,,1632341442,1632427842,2021-09-22 20:10:42,False,False,,,,,,abaerbock_23-09-2021_00:00_image11.jpeg,abaerbock_23-09-2021_00:00_item12.json,,,
830,robert.habeck,2668569881937569802,GraphStoryImage,,False,,1632338338,1632424738,2021-09-22 19:18:58,False,False,,,,,,robert.habeck_23-09-2021_00:00_image8.jpeg,robert.habeck_23-09-2021_00:00_item12.json,,,
831,cdu,2668571500124221152,GraphStoryVideo,,True,True,1632338527,1632424927,2021-09-22 19:22:07,True,False,,,,,,cdu_23-09-2021_00:00_video10.jpeg,cdu_23-09-2021_00:00_item12.json,,,
832,afd.bund,2668464525716904230,GraphStoryVideo,,True,True,1632325772,1632412172,2021-09-22 15:49:32,False,False,,,,,,afd.bund_23-09-2021_00:00_video10.jpeg,afd.bund_23-09-2021_00:00_item12.json,,,
833,robert.habeck,2668571195132091406,GraphStoryVideo,,True,True,1632338484,1632424884,2021-09-22 19:21:24,True,False,,,,,,robert.habeck_23-09-2021_00:00_video4.jpeg,robert.habeck_23-09-2021_00:00_item13.json,,,
834,christlichsozialeunion,2668347588220755139,GraphStoryVideo,,True,False,1632311839,1632398239,2021-09-22 11:57:19,False,True,,,,,,christlichsozialeunion_23-09-2021_00:00_video12.jpeg,christlichsozialeunion_23-09-2021_00:00_item13.json,,,
835,armin_laschet,2668406960900151048,GraphStoryVideo,,True,True,1632318911,1632405311,2021-09-22 13:55:11,True,False,,,,,,armin_laschet_23-09-2021_00:00_video12.jpeg,armin_laschet_23-09-2021_00:00_item13.json,,,
836,abaerbock,2668596061927515372,GraphStoryImage,,False,,1632341458,1632427858,2021-09-22 20:10:58,False,False,,,,,,abaerbock_23-09-2021_00:00_image12.jpeg,abaerbock_23-09-2021_00:00_item13.json,,,
837,afd.bund,2668464556813560056,GraphStoryVideo,,True,True,1632325773,1632412173,2021-09-22 15:49:33,False,False,,,,,,afd.bund_23-09-2021_00:00_video11.jpeg,afd.bund_23-09-2021_00:00_item13.json,,,
838,cdu,2668571481644148386,GraphStoryVideo,,True,True,1632338528,1632424928,2021-09-22 19:22:08,True,False,,,,,,cdu_23-09-2021_00:00_video11.jpeg,cdu_23-09-2021_00:00_item13.json,,,
839,afd.bund,2668464536982863748,GraphStoryVideo,,True,True,1632325774,1632412174,2021-09-22 15:49:34,False,False,,,,,,afd.bund_23-09-2021_00:00_video12.jpeg,afd.bund_23-09-2021_00:00_item14.json,,,
840,abaerbock,2668596090323030962,GraphStoryImage,,False,,1632341462,1632427862,2021-09-22 20:11:02,False,False,,,,,,abaerbock_23-09-2021_00:00_image13.jpeg,abaerbock_23-09-2021_00:00_item14.json,,,
841,christlichsozialeunion,2668377499681638538,GraphStoryImage,,False,,1632315402,1632401802,2021-09-22 12:56:42,False,True,,,,,,christlichsozialeunion_23-09-2021_00:00_image1.jpeg,christlichsozialeunion_23-09-2021_00:00_item14.json,,,
842,cdu,2668573027773486553,GraphStoryVideo,,True,True,1632338714,1632425114,2021-09-22 19:25:14,True,False,,,,,,cdu_23-09-2021_00:00_video12.jpeg,cdu_23-09-2021_00:00_item14.json,,,
843,armin_laschet,2668407634505361858,GraphStoryVideo,,True,True,1632318995,1632405395,2021-09-22 13:56:35,True,False,,,,,,armin_laschet_23-09-2021_00:00_video13.jpeg,armin_laschet_23-09-2021_00:00_item14.json,,,
844,robert.habeck,2668572334749701234,GraphStoryImage,,False,,1632338630,1632425030,2021-09-22 19:23:50,False,False,,,,,,robert.habeck_23-09-2021_00:00_image9.jpeg,robert.habeck_23-09-2021_00:00_item14.json,,,
845,christlichsozialeunion,2668421402006691150,GraphStoryImage,,False,,1632320635,1632407035,2021-09-22 14:23:55,False,True,,,,,,christlichsozialeunion_23-09-2021_00:00_image2.jpeg,christlichsozialeunion_23-09-2021_00:00_item15.json,,,
846,robert.habeck,2668574541733818725,GraphStoryImage,,False,,1632338894,1632425294,2021-09-22 19:28:14,False,False,,,,,,robert.habeck_23-09-2021_00:00_image10.jpeg,robert.habeck_23-09-2021_00:00_item15.json,,,
847,armin_laschet,2668471785487336777,GraphStoryImage,,False,,1632326639,1632413039,2021-09-22 16:03:59,True,False,,,,,,armin_laschet_23-09-2021_00:00_image1.jpeg,armin_laschet_23-09-2021_00:00_item15.json,,,
848,afd.bund,2668465266649170167,GraphStoryVideo,,True,True,1632325855,1632412255,2021-09-22 15:50:55,True,False,,,,,,afd.bund_23-09-2021_00:00_video13.jpeg,afd.bund_23-09-2021_00:00_item15.json,,,
849,abaerbock,2668596255662520384,GraphStoryImage,,False,,1632341481,1632427881,2021-09-22 20:11:21,False,False,,,,,,abaerbock_23-09-2021_00:00_image14.jpeg,abaerbock_23-09-2021_00:00_item15.json,,,
850,cdu,2668602798054060279,GraphStoryVideo,,True,True,1632342263,1632428663,2021-09-22 20:24:23,True,False,,,,,,cdu_23-09-2021_00:00_video13.jpeg,cdu_23-09-2021_00:00_item15.json,,,
851,cdu,2668602984373429531,GraphStoryImage,,False,,1632342284,1632428684,2021-09-22 20:24:44,True,False,,,,,,cdu_23-09-2021_00:00_image2.jpeg,cdu_23-09-2021_00:00_item16.json,,,
852,robert.habeck,2668575064797039165,GraphStoryImage,,False,,1632338956,1632425356,2021-09-22 19:29:16,False,False,,,496948690.0,,,robert.habeck_23-09-2021_00:00_image11.jpeg,robert.habeck_23-09-2021_00:00_item16.json,,,
853,christlichsozialeunion,2668427470854224690,GraphStoryImage,,False,,1632321361,1632407761,2021-09-22 14:36:01,False,True,,,,,,christlichsozialeunion_23-09-2021_00:00_image3.jpeg,christlichsozialeunion_23-09-2021_00:00_item16.json,,,
854,afd.bund,2668465199800331606,GraphStoryVideo,,True,True,1632325856,1632412256,2021-09-22 15:50:56,False,False,,,,,,afd.bund_23-09-2021_00:00_video14.jpeg,afd.bund_23-09-2021_00:00_item16.json,,,
855,abaerbock,2668596279972463722,GraphStoryImage,,False,,1632341485,1632427885,2021-09-22 20:11:25,False,False,,,,,,abaerbock_23-09-2021_00:00_image15.jpeg,abaerbock_23-09-2021_00:00_item16.json,,,
856,armin_laschet,2668516216227799264,GraphStoryVideo,,True,True,1632331885,1632418285,2021-09-22 17:31:25,True,False,,,,,,armin_laschet_23-09-2021_00:00_video14.jpeg,armin_laschet_23-09-2021_00:00_item16.json,,,
857,cdu,2668603865596947141,GraphStoryImage,,False,,1632342388,1632428788,2021-09-22 20:26:28,True,False,,,,,,cdu_23-09-2021_00:00_image3.jpeg,cdu_23-09-2021_00:00_item17.json,,,
858,abaerbock,2668596485375968901,GraphStoryImage,,False,,1632341510,1632427910,2021-09-22 20:11:50,False,False,,,,,,abaerbock_23-09-2021_00:00_image16.jpeg,abaerbock_23-09-2021_00:00_item17.json,,,
859,afd.bund,2668465225318381764,GraphStoryVideo,,True,True,1632325857,1632412257,2021-09-22 15:50:57,False,False,,,,,,afd.bund_23-09-2021_00:00_video15.jpeg,afd.bund_23-09-2021_00:00_item17.json,,,
860,robert.habeck,2668624230999025070,GraphStoryImage,,False,,1632344815,1632431215,2021-09-22 21:06:55,True,False,,,,,,robert.habeck_23-09-2021_00:00_image12.jpeg,robert.habeck_23-09-2021_00:00_item17.json,,,
861,armin_laschet,2668516969684231786,GraphStoryVideo,,True,False,1632332000,1632418400,2021-09-22 17:33:20,True,False,,,,,,armin_laschet_23-09-2021_00:00_video15.jpeg,armin_laschet_23-09-2021_00:00_item17.json,,,
862,christlichsozialeunion,2668441512234852013,GraphStoryImage,,False,,1632323035,1632409435,2021-09-22 15:03:55,False,False,,,,,,christlichsozialeunion_23-09-2021_00:00_image4.jpeg,christlichsozialeunion_23-09-2021_00:00_item17.json,,,
863,armin_laschet,2668518271864560389,GraphStoryVideo,,True,False,1632332182,1632418582,2021-09-22 17:36:22,True,False,,,,,,armin_laschet_23-09-2021_00:00_video16.jpeg,armin_laschet_23-09-2021_00:00_item18.json,,,
864,abaerbock,2668597067610648009,GraphStoryVideo,,True,False,1632341579,1632427979,2021-09-22 20:12:59,False,True,,,,,,abaerbock_23-09-2021_00:00_video1.jpeg,abaerbock_23-09-2021_00:00_item18.json,,,
865,afd.bund,2668465277243811399,GraphStoryVideo,,True,True,1632325858,1632412258,2021-09-22 15:50:58,False,False,,,,,,afd.bund_23-09-2021_00:00_video16.jpeg,afd.bund_23-09-2021_00:00_item18.json,,,
866,armin_laschet,2668518864083697000,GraphStoryImage,,False,,1632332256,1632418656,2021-09-22 17:37:36,False,True,,,,,,armin_laschet_23-09-2021_00:00_image2.jpeg,armin_laschet_23-09-2021_00:00_item19.json,,,
867,abaerbock,2668597901731830842,GraphStoryVideo,,True,False,1632341679,1632428079,2021-09-22 20:14:39,False,False,,,,,,abaerbock_23-09-2021_00:00_video2.jpeg,abaerbock_23-09-2021_00:00_item19.json,,,
868,armin_laschet,2668519698473160198,GraphStoryImage,,False,,1632332356,1632418756,2021-09-22 17:39:16,True,False,,,,,,armin_laschet_23-09-2021_00:00_image3.jpeg,armin_laschet_23-09-2021_00:00_item20.json,,,
869,armin_laschet,2668565559882321313,GraphStoryVideo,,True,True,1632337817,1632424217,2021-09-22 19:10:17,True,False,,,218732362.0,,,armin_laschet_23-09-2021_00:00_video17.jpeg,armin_laschet_23-09-2021_00:00_item21.json,,,
870,armin_laschet,2668566186905821891,GraphStoryVideo,,True,True,1632337888,1632424288,2021-09-22 19:11:28,True,False,,,,,,armin_laschet_23-09-2021_00:00_video18.jpeg,armin_laschet_23-09-2021_00:00_item22.json,,,
871,armin_laschet,2668566661667476561,GraphStoryImage,,False,,1632337954,1632424354,2021-09-22 19:12:34,True,False,,,,,,armin_laschet_23-09-2021_00:00_image4.jpeg,armin_laschet_23-09-2021_00:00_item23.json,,,
872,armin_laschet,2668567228326090389,GraphStoryVideo,,True,True,1632338019,1632424419,2021-09-22 19:13:39,True,False,,,,,,armin_laschet_23-09-2021_00:00_video19.jpeg,armin_laschet_23-09-2021_00:00_item24.json,,,
873,armin_laschet,2668638454210082326,GraphStoryImage,,False,,1632346510,1632432910,2021-09-22 21:35:10,True,False,,,,,,armin_laschet_23-09-2021_00:00_image5.jpeg,armin_laschet_23-09-2021_00:00_item25.json,,,
874,armin_laschet,2668638783513087181,GraphStoryImage,,False,,1632346552,1632432952,2021-09-22 21:35:52,True,False,,,,,,armin_laschet_23-09-2021_00:00_image6.jpeg,armin_laschet_23-09-2021_00:00_item26.json,,,
875,dielinke,2663883365582953528,GraphStoryVideo,,True,False,1631779661,1631866061,2021-09-16 08:07:41,False,True,,,,,,dielinke_17-09-2021_00:00_video0.jpeg,dielinke_17-09-2021_00:00_item0.json,,,
876,abaerbock,2664051481710333875,GraphStoryImage,,False,,1631799703,1631886103,2021-09-16 13:41:43,False,False,,,,,,abaerbock_17-09-2021_00:00_image0.jpeg,abaerbock_17-09-2021_00:00_item0.json,,,
877,fw_bayern,2663913762803374027,GraphStoryVideo,,True,True,1631783274,1631869674,2021-09-16 09:07:54,True,False,,,,,,fw_bayern_17-09-2021_00:00_video0.jpeg,fw_bayern_17-09-2021_00:00_item0.json,,,
878,spdde,2663937200948983514,GraphStoryImage,,False,,1631786079,1631872479,2021-09-16 09:54:39,True,True,,,,,,spdde_17-09-2021_00:00_image0.jpeg,spdde_17-09-2021_00:00_item0.json,,,
879,afd.bund,2664036259513985833,GraphStoryVideo,,True,False,1631793753,1631880153,2021-09-16 12:02:33,False,False,,,,,,afd.bund_17-09-2021_00:00_video0.jpeg,afd.bund_17-09-2021_00:00_item0.json,,,
880,markus.soeder,2663839213956453021,GraphStoryImage,,False,,1631774399,1631860799,2021-09-16 06:39:59,False,True,,,,,,markus.soeder_17-09-2021_00:00_image0.jpeg,markus.soeder_17-09-2021_00:00_item0.json,,,
881,nicola_beer,2663890908040222432,GraphStoryImage,,False,,1631780561,1631866961,2021-09-16 08:22:41,True,False,,,,,,nicola_beer_17-09-2021_00:00_image0.jpeg,nicola_beer_17-09-2021_00:00_item0.json,,,
882,robert.habeck,2663920530707671175,GraphStoryImage,,False,,1631784090,1631870490,2021-09-16 09:21:30,False,False,,,20687.0,,,robert.habeck_17-09-2021_00:00_image0.jpeg,robert.habeck_17-09-2021_00:00_item0.json,,,
883,olafscholz,2663970961682660381,GraphStoryVideo,,True,True,1631790105,1631876505,2021-09-16 11:01:45,False,False,,,227815266.0,,,olafscholz_17-09-2021_00:00_video0.jpeg,olafscholz_17-09-2021_00:00_item0.json,,,
884,die_gruenen,2663834950354234517,GraphStoryImage,,False,,1631773889,1631860289,2021-09-16 06:31:29,False,False,,,,,,die_gruenen_17-09-2021_00:00_image0.jpeg,die_gruenen_17-09-2021_00:00_item0.json,,,
885,fdp,2663848931066222774,GraphStoryVideo,,True,False,1631775557,1631861957,2021-09-16 06:59:17,True,False,,,,,,fdp_17-09-2021_00:00_video0.jpeg,fdp_17-09-2021_00:00_item0.json,,,
886,christianlindner,2663842840578121234,GraphStoryImage,,False,,1631774828,1631861228,2021-09-16 06:47:08,True,False,,,15589454.0,,,christianlindner_17-09-2021_00:00_image0.jpeg,christianlindner_17-09-2021_00:00_item0.json,,,
887,engin_eroglu_,2663852451655939162,GraphStoryImage,,False,,1631775977,1631862377,2021-09-16 07:06:17,False,False,,,219322840.0,,,engin_eroglu__17-09-2021_00:00_image0.jpeg,engin_eroglu__17-09-2021_00:00_item0.json,,,
888,susanne_hennig_wellsow,2664241713182208034,GraphStoryVideo,,True,False,1631822381,1631908781,2021-09-16 19:59:41,True,False,,,,,,susanne_hennig_wellsow_17-09-2021_00:00_video0.jpeg,susanne_hennig_wellsow_17-09-2021_00:00_item0.json,,,
889,christlichsozialeunion,2663901472896908409,GraphStoryImage,,False,,1631781820,1631868220,2021-09-16 08:43:40,False,True,,,,,,christlichsozialeunion_17-09-2021_00:00_image0.jpeg,christlichsozialeunion_17-09-2021_00:00_item0.json,,,
890,saskiaesken,2664209662738546066,GraphStoryImage,,False,,1631818558,1631904958,2021-09-16 18:55:58,False,False,,,,,,saskiaesken_17-09-2021_00:00_image0.jpeg,saskiaesken_17-09-2021_00:00_item0.json,,,
891,armin_laschet,2663819487163197938,GraphStoryImage,,False,,1631772045,1631858445,2021-09-16 06:00:45,True,False,,,,,,armin_laschet_17-09-2021_00:00_image0.jpeg,armin_laschet_17-09-2021_00:00_item0.json,,,
892,cdu,2664019220867607911,GraphStoryVideo,,True,True,1631795857,1631882257,2021-09-16 12:37:37,True,False,,,,,,cdu_17-09-2021_00:00_video0.jpeg,cdu_17-09-2021_00:00_item0.json,,,
893,armin_laschet,2663821401494031540,GraphStoryImage,,False,,1631772275,1631858675,2021-09-16 06:04:35,True,False,,,,,,armin_laschet_17-09-2021_00:00_image1.jpeg,armin_laschet_17-09-2021_00:00_item1.json,,,
894,afd.bund,2664036869659339205,GraphStoryVideo,,True,True,1631797963,1631884363,2021-09-16 13:12:43,False,False,,,741798008.0,,,afd.bund_17-09-2021_00:00_video1.jpeg,afd.bund_17-09-2021_00:00_item1.json,,,
895,dielinke,2663909996805471925,GraphStoryImage,,False,,1631782837,1631869237,2021-09-16 09:00:37,False,False,,,,,,dielinke_17-09-2021_00:00_image0.jpeg,dielinke_17-09-2021_00:00_item1.json,,,
896,cdu,2664019404469287682,GraphStoryVideo,,True,True,1631795878,1631882278,2021-09-16 12:37:58,True,False,,,,,,cdu_17-09-2021_00:00_video1.jpeg,cdu_17-09-2021_00:00_item1.json,,,
897,christianlindner,2663858416788809932,GraphStoryVideo,,True,True,1631776688,1631863088,2021-09-16 07:18:08,True,False,,,,,,christianlindner_17-09-2021_00:00_video0.jpeg,christianlindner_17-09-2021_00:00_item1.json,,,
898,engin_eroglu_,2663852626407396578,GraphStoryVideo,,True,False,1631775997,1631862397,2021-09-16 07:06:37,False,False,,,,,,engin_eroglu__17-09-2021_00:00_video0.jpeg,engin_eroglu__17-09-2021_00:00_item1.json,,,
899,die_gruenen,2663834973884151191,GraphStoryImage,,False,,1631773893,1631860293,2021-09-16 06:31:33,False,False,,,,,,die_gruenen_17-09-2021_00:00_image1.jpeg,die_gruenen_17-09-2021_00:00_item1.json,,,
900,saskiaesken,2664209863536640295,GraphStoryImage,,False,,1631818583,1631904983,2021-09-16 18:56:23,True,False,,,,,,saskiaesken_17-09-2021_00:00_image1.jpeg,saskiaesken_17-09-2021_00:00_item1.json,,,
901,fw_bayern,2663913963811057825,GraphStoryImage,,False,,1631783309,1631869709,2021-09-16 09:08:29,True,False,,,,,,fw_bayern_17-09-2021_00:00_image0.jpeg,fw_bayern_17-09-2021_00:00_item1.json,,,
902,robert.habeck,2663920603881438062,GraphStoryImage,,False,,1631784101,1631870501,2021-09-16 09:21:41,False,False,,,,,,robert.habeck_17-09-2021_00:00_image1.jpeg,robert.habeck_17-09-2021_00:00_item1.json,,,
903,abaerbock,2664052535879254898,GraphStoryVideo,,True,False,1631799788,1631886188,2021-09-16 13:43:08,False,False,,,358749.0,,,abaerbock_17-09-2021_00:00_video0.jpeg,abaerbock_17-09-2021_00:00_item1.json,,,
904,christlichsozialeunion,2663977354894246124,GraphStoryImage,,False,,1631790864,1631877264,2021-09-16 11:14:24,False,True,,,,,,christlichsozialeunion_17-09-2021_00:00_image1.jpeg,christlichsozialeunion_17-09-2021_00:00_item1.json,,,
905,olafscholz,2663974092277675036,GraphStoryVideo,,True,True,1631790478,1631876878,2021-09-16 11:07:58,True,False,,,227815266.0,,,olafscholz_17-09-2021_00:00_video1.jpeg,olafscholz_17-09-2021_00:00_item1.json,,,
906,fdp,2663860461920924844,GraphStoryVideo,,True,False,1631776932,1631863332,2021-09-16 07:22:12,False,False,,,,,,fdp_17-09-2021_00:00_video1.jpeg,fdp_17-09-2021_00:00_item1.json,,,
907,markus.soeder,2664127180960922629,GraphStoryImage,,False,,1631808725,1631895125,2021-09-16 16:12:05,False,True,,,,,,markus.soeder_17-09-2021_00:00_image1.jpeg,markus.soeder_17-09-2021_00:00_item1.json,,,
908,christianlindner,2663860238375024385,GraphStoryImage,,False,,1631776905,1631863305,2021-09-16 07:21:45,True,False,,,15589454.0,,,christianlindner_17-09-2021_00:00_image1.jpeg,christianlindner_17-09-2021_00:00_item2.json,,,
909,die_gruenen,2663835006968800410,GraphStoryImage,,False,,1631773898,1631860298,2021-09-16 06:31:38,False,False,,,,,,die_gruenen_17-09-2021_00:00_image2.jpeg,die_gruenen_17-09-2021_00:00_item2.json,,,
910,engin_eroglu_,2663852660590939577,GraphStoryImage,,False,,1631776003,1631862403,2021-09-16 07:06:43,False,False,,,,,,engin_eroglu__17-09-2021_00:00_image1.jpeg,engin_eroglu__17-09-2021_00:00_item2.json,,,
911,fdp,2663860602324519755,GraphStoryImage,,False,,1631776949,1631863349,2021-09-16 07:22:29,False,False,,,,,,fdp_17-09-2021_00:00_image0.jpeg,fdp_17-09-2021_00:00_item2.json,,,
912,robert.habeck,2663921195719710470,GraphStoryVideo,,True,True,1631784162,1631870562,2021-09-16 09:22:42,True,False,,,,,,robert.habeck_17-09-2021_00:00_video0.jpeg,robert.habeck_17-09-2021_00:00_item2.json,,,
913,saskiaesken,2664210150452250608,GraphStoryImage,,False,,1631818617,1631905017,2021-09-16 18:56:57,False,False,,,,,,saskiaesken_17-09-2021_00:00_image2.jpeg,saskiaesken_17-09-2021_00:00_item2.json,,,
914,dielinke,2663912937320875184,GraphStoryVideo,,True,True,1631783162,1631869562,2021-09-16 09:06:02,False,True,,,,,,dielinke_17-09-2021_00:00_video1.jpeg,dielinke_17-09-2021_00:00_item2.json,,,
915,abaerbock,2664055060967471815,GraphStoryVideo,,True,False,1631800131,1631886531,2021-09-16 13:48:51,False,False,,,,,,abaerbock_17-09-2021_00:00_video1.jpeg,abaerbock_17-09-2021_00:00_item2.json,,,
916,cdu,2664019568130865692,GraphStoryVideo,,True,True,1631795899,1631882299,2021-09-16 12:38:19,True,False,,,,,,cdu_17-09-2021_00:00_video2.jpeg,cdu_17-09-2021_00:00_item2.json,,,
917,fw_bayern,2663914179951974444,GraphStoryImage,,False,,1631783335,1631869735,2021-09-16 09:08:55,True,False,,,,,,fw_bayern_17-09-2021_00:00_image1.jpeg,fw_bayern_17-09-2021_00:00_item2.json,,,
918,olafscholz,2663979548977331392,GraphStoryImage,,False,,1631791128,1631877528,2021-09-16 11:18:48,False,False,,,,,,olafscholz_17-09-2021_00:00_image0.jpeg,olafscholz_17-09-2021_00:00_item2.json,,,
919,christlichsozialeunion,2664001238267920607,GraphStoryVideo,,True,True,1631793702,1631880102,2021-09-16 12:01:42,False,True,,,,,,christlichsozialeunion_17-09-2021_00:00_video0.jpeg,christlichsozialeunion_17-09-2021_00:00_item2.json,,,
920,armin_laschet,2663875722948631967,GraphStoryImage,,False,,1631778751,1631865151,2021-09-16 07:52:31,True,False,,,,,,armin_laschet_17-09-2021_00:00_image2.jpeg,armin_laschet_17-09-2021_00:00_item2.json,,,
921,afd.bund,2664037850077813838,GraphStoryVideo,,True,False,1631798080,1631884480,2021-09-16 13:14:40,False,False,,,,,,afd.bund_17-09-2021_00:00_video2.jpeg,afd.bund_17-09-2021_00:00_item2.json,,,
922,dielinke,2663946620167123425,GraphStoryImage,,False,,1631787205,1631873605,2021-09-16 10:13:25,False,False,,,,,,dielinke_17-09-2021_00:00_image1.jpeg,dielinke_17-09-2021_00:00_item3.json,,,
923,robert.habeck,2663921261489624479,GraphStoryImage,,False,,1631784179,1631870579,2021-09-16 09:22:59,False,False,,,,,,robert.habeck_17-09-2021_00:00_image2.jpeg,robert.habeck_17-09-2021_00:00_item3.json,,,
924,armin_laschet,2664009143280682285,GraphStoryImage,,False,,1631794656,1631881056,2021-09-16 12:17:36,True,False,,,,,,armin_laschet_17-09-2021_00:00_image3.jpeg,armin_laschet_17-09-2021_00:00_item3.json,,,
925,die_gruenen,2663835214033316787,GraphStoryVideo,,True,True,1631773922,1631860322,2021-09-16 06:32:02,False,False,,,,,,die_gruenen_17-09-2021_00:00_video0.jpeg,die_gruenen_17-09-2021_00:00_item3.json,,,
926,olafscholz,2664019988893813258,GraphStoryVideo,,True,True,1631795949,1631882349,2021-09-16 12:39:09,False,False,,,,,,olafscholz_17-09-2021_00:00_video2.jpeg,olafscholz_17-09-2021_00:00_item3.json,,,
927,christlichsozialeunion,2664089900443946429,GraphStoryVideo,,True,False,1631804283,1631890683,2021-09-16 14:58:03,False,True,,,,,,christlichsozialeunion_17-09-2021_00:00_video1.jpeg,christlichsozialeunion_17-09-2021_00:00_item3.json,,,
928,engin_eroglu_,2663852705335914624,GraphStoryImage,,False,,1631776008,1631862408,2021-09-16 07:06:48,False,False,,,,,,engin_eroglu__17-09-2021_00:00_image2.jpeg,engin_eroglu__17-09-2021_00:00_item3.json,,,
929,abaerbock,2664057824831716312,GraphStoryImage,,False,,1631800460,1631886860,2021-09-16 13:54:20,True,False,,,,,,abaerbock_17-09-2021_00:00_image1.jpeg,abaerbock_17-09-2021_00:00_item3.json,,,
930,cdu,2664019673340730284,GraphStoryImage,,False,,1631795911,1631882311,2021-09-16 12:38:31,True,False,,,,,,cdu_17-09-2021_00:00_image0.jpeg,cdu_17-09-2021_00:00_item3.json,,,
931,fw_bayern,2663915833036207145,GraphStoryVideo,,True,False,1631783532,1631869932,2021-09-16 09:12:12,False,True,,,,,,fw_bayern_17-09-2021_00:00_video1.jpeg,fw_bayern_17-09-2021_00:00_item3.json,,,
932,christianlindner,2663861206722297658,GraphStoryImage,,False,,1631777021,1631863421,2021-09-16 07:23:41,True,False,,,,,,christianlindner_17-09-2021_00:00_image2.jpeg,christianlindner_17-09-2021_00:00_item3.json,,,
933,saskiaesken,2664210341829880451,GraphStoryImage,,False,,1631818640,1631905040,2021-09-16 18:57:20,False,False,,,,,,saskiaesken_17-09-2021_00:00_image3.jpeg,saskiaesken_17-09-2021_00:00_item3.json,,,
934,fdp,2663864795492669400,GraphStoryVideo,,True,False,1631777447,1631863847,2021-09-16 07:30:47,False,False,,,,,,fdp_17-09-2021_00:00_video2.jpeg,fdp_17-09-2021_00:00_item3.json,,,
935,afd.bund,2664038687780957994,GraphStoryVideo,,True,False,1631798180,1631884580,2021-09-16 13:16:20,False,False,,,,,,afd.bund_17-09-2021_00:00_video3.jpeg,afd.bund_17-09-2021_00:00_item3.json,,,
936,christianlindner,2663864369227666835,GraphStoryVideo,,True,False,1631777398,1631863798,2021-09-16 07:29:58,True,False,,,,,,christianlindner_17-09-2021_00:00_video1.jpeg,christianlindner_17-09-2021_00:00_item4.json,,,
937,afd.bund,2664047544154529063,GraphStoryVideo,,True,True,1631799235,1631885635,2021-09-16 13:33:55,False,False,,,,,,afd.bund_17-09-2021_00:00_video4.jpeg,afd.bund_17-09-2021_00:00_item4.json,,,
938,abaerbock,2664064411038152576,GraphStoryImage,,False,,1631801245,1631887645,2021-09-16 14:07:25,True,False,,,,,,abaerbock_17-09-2021_00:00_image2.jpeg,abaerbock_17-09-2021_00:00_item4.json,,,
939,fdp,2663872042246682935,GraphStoryImage,,False,,1631778312,1631864712,2021-09-16 07:45:12,True,False,,,,,,fdp_17-09-2021_00:00_image1.jpeg,fdp_17-09-2021_00:00_item4.json,,,
940,dielinke,2664045484929432109,GraphStoryVideo,,True,True,1631798981,1631885381,2021-09-16 13:29:41,True,False,,,,,,dielinke_17-09-2021_00:00_video2.jpeg,dielinke_17-09-2021_00:00_item4.json,,,
941,armin_laschet,2664017387830976441,GraphStoryVideo,,True,True,1631795635,1631882035,2021-09-16 12:33:55,False,False,,,,,,armin_laschet_17-09-2021_00:00_video0.jpeg,armin_laschet_17-09-2021_00:00_item4.json,,,
942,fw_bayern,2663938234981568693,GraphStoryVideo,,True,True,1631786197,1631872597,2021-09-16 09:56:37,True,False,,,,,,fw_bayern_17-09-2021_00:00_video2.jpeg,fw_bayern_17-09-2021_00:00_item4.json,,,
943,die_gruenen,2663835511166119947,GraphStoryVideo,,True,True,1631773958,1631860358,2021-09-16 06:32:38,True,False,,,,,,die_gruenen_17-09-2021_00:00_video1.jpeg,die_gruenen_17-09-2021_00:00_item4.json,,,
944,engin_eroglu_,2663852741062859245,GraphStoryImage,,False,,1631776013,1631862413,2021-09-16 07:06:53,False,False,,,,,,engin_eroglu__17-09-2021_00:00_image3.jpeg,engin_eroglu__17-09-2021_00:00_item4.json,,,
945,olafscholz,2664026046148305379,GraphStoryVideo,,True,False,1631796672,1631883072,2021-09-16 12:51:12,True,False,,,,,,olafscholz_17-09-2021_00:00_video3.jpeg,olafscholz_17-09-2021_00:00_item4.json,,,
946,cdu,2664019762226457638,GraphStoryVideo,,True,True,1631795922,1631882322,2021-09-16 12:38:42,True,False,,,,,,cdu_17-09-2021_00:00_video3.jpeg,cdu_17-09-2021_00:00_item4.json,,,
947,robert.habeck,2663921339075685083,GraphStoryImage,,False,,1631784188,1631870588,2021-09-16 09:23:08,False,False,,,,,,robert.habeck_17-09-2021_00:00_image3.jpeg,robert.habeck_17-09-2021_00:00_item4.json,,,
948,christlichsozialeunion,2664095146872152089,GraphStoryVideo,,True,False,1631804909,1631891309,2021-09-16 15:08:29,False,True,,,,,,christlichsozialeunion_17-09-2021_00:00_video2.jpeg,christlichsozialeunion_17-09-2021_00:00_item4.json,,,
949,abaerbock,2664067702708999425,GraphStoryVideo,,True,False,1631801638,1631888038,2021-09-16 14:13:58,True,False,,,,,,abaerbock_17-09-2021_00:00_video2.jpeg,abaerbock_17-09-2021_00:00_item5.json,,,
950,christlichsozialeunion,2664136559433489097,GraphStoryVideo,,True,True,1631809841,1631896241,2021-09-16 16:30:41,True,False,,,,,,christlichsozialeunion_17-09-2021_00:00_video3.jpeg,christlichsozialeunion_17-09-2021_00:00_item5.json,,,
951,olafscholz,2664047085431423281,GraphStoryVideo,,True,True,1631799179,1631885579,2021-09-16 13:32:59,False,False,,,,,,olafscholz_17-09-2021_00:00_video4.jpeg,olafscholz_17-09-2021_00:00_item5.json,,,
952,die_gruenen,2663835668989583927,GraphStoryVideo,,True,True,1631773976,1631860376,2021-09-16 06:32:56,True,False,,,,,,die_gruenen_17-09-2021_00:00_video2.jpeg,die_gruenen_17-09-2021_00:00_item5.json,,,
953,fw_bayern,2664006923110223024,GraphStoryVideo,,True,True,1631794374,1631880774,2021-09-16 12:12:54,True,False,,,,,,fw_bayern_17-09-2021_00:00_video3.jpeg,fw_bayern_17-09-2021_00:00_item5.json,,,
954,cdu,2664019909731708241,GraphStoryVideo,,True,True,1631795936,1631882336,2021-09-16 12:38:56,True,False,,,,,,cdu_17-09-2021_00:00_video4.jpeg,cdu_17-09-2021_00:00_item5.json,,,
955,engin_eroglu_,2663898924225565487,GraphStoryImage,,False,,1631781514,1631867914,2021-09-16 08:38:34,False,True,,,,,,engin_eroglu__17-09-2021_00:00_image4.jpeg,engin_eroglu__17-09-2021_00:00_item5.json,,,
956,afd.bund,2664059262083737669,GraphStoryVideo,,True,False,1631800631,1631887031,2021-09-16 13:57:11,False,False,,,,,,afd.bund_17-09-2021_00:00_video5.jpeg,afd.bund_17-09-2021_00:00_item5.json,,,
957,robert.habeck,2663921804802981403,GraphStoryVideo,,True,False,1631784238,1631870638,2021-09-16 09:23:58,False,False,,,,,,robert.habeck_17-09-2021_00:00_video1.jpeg,robert.habeck_17-09-2021_00:00_item5.json,,,
958,dielinke,2664045456022196631,GraphStoryVideo,,True,True,1631798982,1631885382,2021-09-16 13:29:42,False,False,,,,,,dielinke_17-09-2021_00:00_video3.jpeg,dielinke_17-09-2021_00:00_item5.json,,,
959,christianlindner,2664069776558747921,GraphStoryVideo,,True,True,1631801884,1631888284,2021-09-16 14:18:04,True,False,,,306460813.0,,,christianlindner_17-09-2021_00:00_video2.jpeg,christianlindner_17-09-2021_00:00_item5.json,,,
960,armin_laschet,2664017418046909841,GraphStoryVideo,,True,True,1631795636,1631882036,2021-09-16 12:33:56,False,False,,,,,,armin_laschet_17-09-2021_00:00_video1.jpeg,armin_laschet_17-09-2021_00:00_item5.json,,,
961,engin_eroglu_,2663935737338188996,GraphStoryVideo,,True,False,1631785906,1631872306,2021-09-16 09:51:46,False,False,,,,,,engin_eroglu__17-09-2021_00:00_video1.jpeg,engin_eroglu__17-09-2021_00:00_item6.json,,,
962,christlichsozialeunion,2664137220539655433,GraphStoryVideo,,True,True,1631809917,1631896317,2021-09-16 16:31:57,True,False,,,,,,christlichsozialeunion_17-09-2021_00:00_video4.jpeg,christlichsozialeunion_17-09-2021_00:00_item6.json,,,
963,die_gruenen,2663835752162523182,GraphStoryVideo,,True,True,1631773987,1631860387,2021-09-16 06:33:07,True,False,,,,,,die_gruenen_17-09-2021_00:00_video3.jpeg,die_gruenen_17-09-2021_00:00_item6.json,,,
964,cdu,2664020047598579774,GraphStoryImage,,False,,1631795956,1631882356,2021-09-16 12:39:16,True,False,,,,,,cdu_17-09-2021_00:00_image1.jpeg,cdu_17-09-2021_00:00_item6.json,,,
965,olafscholz,2664083457185731891,GraphStoryVideo,,True,False,1631803515,1631889915,2021-09-16 14:45:15,True,False,,,15850816.0,,,olafscholz_17-09-2021_00:00_video5.jpeg,olafscholz_17-09-2021_00:00_item6.json,,,
966,robert.habeck,2663921869814714430,GraphStoryImage,,False,,1631784251,1631870651,2021-09-16 09:24:11,False,False,,,,,,robert.habeck_17-09-2021_00:00_image4.jpeg,robert.habeck_17-09-2021_00:00_item6.json,,,
967,afd.bund,2664060178773838103,GraphStoryVideo,,True,False,1631800741,1631887141,2021-09-16 13:59:01,True,False,,,,,,afd.bund_17-09-2021_00:00_video6.jpeg,afd.bund_17-09-2021_00:00_item6.json,,,
968,abaerbock,2664069176816068810,GraphStoryImage,,False,,1631801813,1631888213,2021-09-16 14:16:53,False,False,,,,,,abaerbock_17-09-2021_00:00_image3.jpeg,abaerbock_17-09-2021_00:00_item6.json,,,
969,fw_bayern,2664007255290717233,GraphStoryImage,,False,,1631794430,1631880830,2021-09-16 12:13:50,True,False,,,,,,fw_bayern_17-09-2021_00:00_image2.jpeg,fw_bayern_17-09-2021_00:00_item6.json,,,
970,dielinke,2664045470089722467,GraphStoryVideo,,True,True,1631798983,1631885383,2021-09-16 13:29:43,False,False,,,,,,dielinke_17-09-2021_00:00_video4.jpeg,dielinke_17-09-2021_00:00_item6.json,,,
971,armin_laschet,2664017396504728228,GraphStoryVideo,,True,True,1631795637,1631882037,2021-09-16 12:33:57,False,False,,,,,,armin_laschet_17-09-2021_00:00_video2.jpeg,armin_laschet_17-09-2021_00:00_item6.json,,,
972,christianlindner,2664170159566153867,GraphStoryImage,,False,,1631813848,1631900248,2021-09-16 17:37:28,True,False,,,213305671.0,,,christianlindner_17-09-2021_00:00_image3.jpeg,christianlindner_17-09-2021_00:00_item6.json,,,
973,die_gruenen,2663835911067926506,GraphStoryImage,,False,,1631774005,1631860405,2021-09-16 06:33:25,False,False,,,,,,die_gruenen_17-09-2021_00:00_image3.jpeg,die_gruenen_17-09-2021_00:00_item7.json,,,
974,olafscholz,2664084791368740906,GraphStoryVideo,,True,True,1631803667,1631890067,2021-09-16 14:47:47,True,False,,,,,,olafscholz_17-09-2021_00:00_video6.jpeg,olafscholz_17-09-2021_00:00_item7.json,,,
975,cdu,2664020145694844544,GraphStoryImage,,False,,1631795965,1631882365,2021-09-16 12:39:25,True,False,,,,,,cdu_17-09-2021_00:00_image2.jpeg,cdu_17-09-2021_00:00_item7.json,,,
976,christianlindner,2664171860398271862,GraphStoryImage,,False,,1631814053,1631900453,2021-09-16 17:40:53,True,False,,,,,,christianlindner_17-09-2021_00:00_image4.jpeg,christianlindner_17-09-2021_00:00_item7.json,,,
977,abaerbock,2664071193997212921,GraphStoryVideo,,True,False,1631802055,1631888455,2021-09-16 14:20:55,False,False,,,,,,abaerbock_17-09-2021_00:00_video3.jpeg,abaerbock_17-09-2021_00:00_item7.json,,,
978,armin_laschet,2664086723434329780,GraphStoryVideo,,True,True,1631803897,1631890297,2021-09-16 14:51:37,False,True,,,213110159.0,,,armin_laschet_17-09-2021_00:00_video3.jpeg,armin_laschet_17-09-2021_00:00_item7.json,,,
979,robert.habeck,2663921893688566651,GraphStoryImage,,False,,1631784255,1631870655,2021-09-16 09:24:15,False,False,,,,,,robert.habeck_17-09-2021_00:00_image5.jpeg,robert.habeck_17-09-2021_00:00_item7.json,,,
980,fw_bayern,2664007332189012593,GraphStoryImage,,False,,1631794440,1631880840,2021-09-16 12:14:00,True,False,,,,,,fw_bayern_17-09-2021_00:00_image3.jpeg,fw_bayern_17-09-2021_00:00_item7.json,,,
981,engin_eroglu_,2664053002025571766,GraphStoryImage,,False,,1631799879,1631886279,2021-09-16 13:44:39,False,True,,,,,,engin_eroglu__17-09-2021_00:00_image5.jpeg,engin_eroglu__17-09-2021_00:00_item7.json,,,
982,afd.bund,2664062417309648052,GraphStoryImage,,False,,1631801007,1631887407,2021-09-16 14:03:27,True,False,,,,,,afd.bund_17-09-2021_00:00_image0.jpeg,afd.bund_17-09-2021_00:00_item7.json,,,
983,christlichsozialeunion,2664137304610397708,GraphStoryVideo,,True,True,1631809930,1631896330,2021-09-16 16:32:10,True,False,,,,,,christlichsozialeunion_17-09-2021_00:00_video5.jpeg,christlichsozialeunion_17-09-2021_00:00_item7.json,,,
984,dielinke,2664112311726544692,GraphStoryVideo,,True,False,1631806950,1631893350,2021-09-16 15:42:30,True,True,,,,,,dielinke_17-09-2021_00:00_video5.jpeg,dielinke_17-09-2021_00:00_item7.json,,,
985,christianlindner,2664182500902865577,GraphStoryImage,,False,,1631815321,1631901721,2021-09-16 18:02:01,True,False,,,,,,christianlindner_17-09-2021_00:00_image5.jpeg,christianlindner_17-09-2021_00:00_item8.json,,,
986,fw_bayern,2664175818689238095,GraphStoryImage,,False,,1631814523,1631900923,2021-09-16 17:48:43,True,False,,,,,,fw_bayern_17-09-2021_00:00_image4.jpeg,fw_bayern_17-09-2021_00:00_item8.json,,,
987,armin_laschet,2664087391494616863,GraphStoryVideo,,True,True,1631803974,1631890374,2021-09-16 14:52:54,True,False,,,,,,armin_laschet_17-09-2021_00:00_video4.jpeg,armin_laschet_17-09-2021_00:00_item8.json,,,
988,cdu,2664140723739240737,GraphStoryVideo,,True,True,1631810340,1631896740,2021-09-16 16:39:00,False,False,,,,,,cdu_17-09-2021_00:00_video5.jpeg,cdu_17-09-2021_00:00_item8.json,,,
989,robert.habeck,2663922080829965402,GraphStoryVideo,,True,True,1631784277,1631870677,2021-09-16 09:24:37,False,False,,,,,,robert.habeck_17-09-2021_00:00_video2.jpeg,robert.habeck_17-09-2021_00:00_item8.json,,,
990,olafscholz,2664085318729387619,GraphStoryImage,,False,,1631803738,1631890138,2021-09-16 14:48:58,True,False,,,,,,olafscholz_17-09-2021_00:00_image1.jpeg,olafscholz_17-09-2021_00:00_item8.json,,,
991,afd.bund,2664063920940368539,GraphStoryVideo,,True,False,1631801187,1631887587,2021-09-16 14:06:27,False,False,,,,,,afd.bund_17-09-2021_00:00_video7.jpeg,afd.bund_17-09-2021_00:00_item8.json,,,
992,die_gruenen,2663836451478929004,GraphStoryImage,,False,,1631774070,1631860470,2021-09-16 06:34:30,False,False,,,,,,die_gruenen_17-09-2021_00:00_image4.jpeg,die_gruenen_17-09-2021_00:00_item8.json,,,
993,abaerbock,2664073052889851357,GraphStoryImage,,False,,1631802274,1631888674,2021-09-16 14:24:34,False,False,,,,,,abaerbock_17-09-2021_00:00_image4.jpeg,abaerbock_17-09-2021_00:00_item8.json,,,
994,abaerbock,2664077663056817410,GraphStoryVideo,,True,False,1631802823,1631889223,2021-09-16 14:33:43,True,False,,,,,,abaerbock_17-09-2021_00:00_video4.jpeg,abaerbock_17-09-2021_00:00_item9.json,,,
995,fw_bayern,2664175904907397242,GraphStoryImage,,False,,1631814535,1631900935,2021-09-16 17:48:55,True,False,,,,,,fw_bayern_17-09-2021_00:00_image5.jpeg,fw_bayern_17-09-2021_00:00_item9.json,,,
996,die_gruenen,2663836764449405413,GraphStoryVideo,,True,True,1631774108,1631860508,2021-09-16 06:35:08,True,False,,,,,,die_gruenen_17-09-2021_00:00_video4.jpeg,die_gruenen_17-09-2021_00:00_item9.json,,,
997,armin_laschet,2664088096590676373,GraphStoryImage,,False,,1631804068,1631890468,2021-09-16 14:54:28,False,True,,,,,,armin_laschet_17-09-2021_00:00_image4.jpeg,armin_laschet_17-09-2021_00:00_item9.json,,,
998,robert.habeck,2663922119682829752,GraphStoryVideo,,True,True,1631784282,1631870682,2021-09-16 09:24:42,False,False,,,,,,robert.habeck_17-09-2021_00:00_video3.jpeg,robert.habeck_17-09-2021_00:00_item9.json,,,
999,cdu,2664140915947560758,GraphStoryVideo,,True,True,1631810366,1631896766,2021-09-16 16:39:26,True,False,,,,,,cdu_17-09-2021_00:00_video6.jpeg,cdu_17-09-2021_00:00_item9.json,,,
1000,olafscholz,2664088846044278715,GraphStoryVideo,,True,True,1631804157,1631890557,2021-09-16 14:55:57,True,False,,,1030290138.0,,,olafscholz_17-09-2021_00:00_video7.jpeg,olafscholz_17-09-2021_00:00_item9.json,,,
1001,afd.bund,2664075237583592590,GraphStoryVideo,,True,False,1631802536,1631888936,2021-09-16 14:28:56,True,False,,,,,,afd.bund_17-09-2021_00:00_video8.jpeg,afd.bund_17-09-2021_00:00_item9.json,,,
1002,fw_bayern,2664175999270809107,GraphStoryVideo,,True,False,1631814544,1631900944,2021-09-16 17:49:04,True,False,,,,,,fw_bayern_17-09-2021_00:00_video4.jpeg,fw_bayern_17-09-2021_00:00_item10.json,,,
1003,abaerbock,2664080622389899821,GraphStoryVideo,,True,True,1631803176,1631889576,2021-09-16 14:39:36,True,False,,,,,,abaerbock_17-09-2021_00:00_video5.jpeg,abaerbock_17-09-2021_00:00_item10.json,,,
1004,afd.bund,2664077015744135860,GraphStoryImage,,False,,1631802748,1631889148,2021-09-16 14:32:28,False,False,,,,,,afd.bund_17-09-2021_00:00_image1.jpeg,afd.bund_17-09-2021_00:00_item10.json,,,
1005,robert.habeck,2663922168162995748,GraphStoryVideo,,True,True,1631784288,1631870688,2021-09-16 09:24:48,False,False,,,,,,robert.habeck_17-09-2021_00:00_video4.jpeg,robert.habeck_17-09-2021_00:00_item10.json,,,
1006,die_gruenen,2663836873316826279,GraphStoryVideo,,True,True,1631774120,1631860520,2021-09-16 06:35:20,True,False,,,,,,die_gruenen_17-09-2021_00:00_video5.jpeg,die_gruenen_17-09-2021_00:00_item10.json,,,
1007,olafscholz,2664130379949275872,GraphStoryImage,,False,,1631809109,1631895509,2021-09-16 16:18:29,False,False,,,,,,olafscholz_17-09-2021_00:00_image2.jpeg,olafscholz_17-09-2021_00:00_item10.json,,,
1008,armin_laschet,2664109807583216355,GraphStoryVideo,,True,False,1631806652,1631893052,2021-09-16 15:37:32,True,False,,,252308473.0,,,armin_laschet_17-09-2021_00:00_video5.jpeg,armin_laschet_17-09-2021_00:00_item10.json,,,
1009,cdu,2664141235159261851,GraphStoryImage,,False,,1631810402,1631896802,2021-09-16 16:40:02,True,False,,,,,,cdu_17-09-2021_00:00_image3.jpeg,cdu_17-09-2021_00:00_item10.json,,,
1010,abaerbock,2664081192817626712,GraphStoryImage,,False,,1631803246,1631889646,2021-09-16 14:40:46,True,False,,,,,,abaerbock_17-09-2021_00:00_image5.jpeg,abaerbock_17-09-2021_00:00_item11.json,,,
1011,cdu,2664141368101849490,GraphStoryVideo,,True,True,1631810418,1631896818,2021-09-16 16:40:18,True,False,,,,,,cdu_17-09-2021_00:00_video7.jpeg,cdu_17-09-2021_00:00_item11.json,,,
1012,robert.habeck,2663922240437874562,GraphStoryVideo,,True,True,1631784291,1631870691,2021-09-16 09:24:51,False,False,,,,,,robert.habeck_17-09-2021_00:00_video5.jpeg,robert.habeck_17-09-2021_00:00_item11.json,,,
1013,fw_bayern,2664176223859191218,GraphStoryVideo,,True,False,1631814573,1631900973,2021-09-16 17:49:33,False,True,,,,,,fw_bayern_17-09-2021_00:00_video5.jpeg,fw_bayern_17-09-2021_00:00_item11.json,,,
1014,afd.bund,2664084107859102639,GraphStoryImage,,False,,1631803593,1631889993,2021-09-16 14:46:33,False,False,,,,,,afd.bund_17-09-2021_00:00_image2.jpeg,afd.bund_17-09-2021_00:00_item11.json,,,
1015,die_gruenen,2663836962412135508,GraphStoryVideo,,True,True,1631774131,1631860531,2021-09-16 06:35:31,True,False,,,,,,die_gruenen_17-09-2021_00:00_video6.jpeg,die_gruenen_17-09-2021_00:00_item11.json,,,
1016,armin_laschet,2664110337457989410,GraphStoryImage,,False,,1631806719,1631893119,2021-09-16 15:38:39,True,False,,,,,,armin_laschet_17-09-2021_00:00_image5.jpeg,armin_laschet_17-09-2021_00:00_item11.json,,,
1017,olafscholz,2664156301293188070,GraphStoryImage,,False,,1631812104,1631898504,2021-09-16 17:08:24,False,False,,,,,,olafscholz_17-09-2021_00:00_image3.jpeg,olafscholz_17-09-2021_00:00_item11.json,,,
1018,olafscholz,2664217076909087637,GraphStoryImage,,False,,1631819435,1631905835,2021-09-16 19:10:35,True,False,,,,,,olafscholz_17-09-2021_00:00_image4.jpeg,olafscholz_17-09-2021_00:00_item12.json,,,
1019,cdu,2664141550587594982,GraphStoryImage,,False,,1631810438,1631896838,2021-09-16 16:40:38,True,False,,,,,,cdu_17-09-2021_00:00_image4.jpeg,cdu_17-09-2021_00:00_item12.json,,,
1020,robert.habeck,2663922466487967589,GraphStoryImage,,False,,1631784324,1631870724,2021-09-16 09:25:24,True,False,,,,,,robert.habeck_17-09-2021_00:00_image6.jpeg,robert.habeck_17-09-2021_00:00_item12.json,,,
1021,die_gruenen,2663837065130636536,GraphStoryVideo,,True,True,1631774144,1631860544,2021-09-16 06:35:44,True,False,,,,,,die_gruenen_17-09-2021_00:00_video7.jpeg,die_gruenen_17-09-2021_00:00_item12.json,,,
1022,armin_laschet,2664110832000149280,GraphStoryVideo,,True,True,1631806775,1631893175,2021-09-16 15:39:35,True,False,,,,,,armin_laschet_17-09-2021_00:00_video6.jpeg,armin_laschet_17-09-2021_00:00_item12.json,,,
1023,abaerbock,2664087661961207344,GraphStoryImage,,False,,1631804017,1631890417,2021-09-16 14:53:37,True,False,,,,,,abaerbock_17-09-2021_00:00_image6.jpeg,abaerbock_17-09-2021_00:00_item12.json,,,
1024,afd.bund,2664089751326772750,GraphStoryVideo,,True,False,1631803712,1631890112,2021-09-16 14:48:32,False,False,,,,,,afd.bund_17-09-2021_00:00_video9.jpeg,afd.bund_17-09-2021_00:00_item12.json,,,
1025,die_gruenen,2663837215899013807,GraphStoryImage,,False,,1631774160,1631860560,2021-09-16 06:36:00,False,False,,,,,,die_gruenen_17-09-2021_00:00_image5.jpeg,die_gruenen_17-09-2021_00:00_item13.json,,,
1026,robert.habeck,2663924221720356519,GraphStoryVideo,,True,True,1631784529,1631870929,2021-09-16 09:28:49,True,False,,,,,,robert.habeck_17-09-2021_00:00_video6.jpeg,robert.habeck_17-09-2021_00:00_item13.json,,,
1027,olafscholz,2664219762167270171,GraphStoryVideo,,True,False,1631819764,1631906164,2021-09-16 19:16:04,True,False,,,,,,olafscholz_17-09-2021_00:00_video8.jpeg,olafscholz_17-09-2021_00:00_item13.json,,,
1028,abaerbock,2664095146115359232,GraphStoryVideo,,True,False,1631804909,1631891309,2021-09-16 15:08:29,True,False,,,,,,abaerbock_17-09-2021_00:00_video6.jpeg,abaerbock_17-09-2021_00:00_item13.json,,,
1029,afd.bund,2664093874774312095,GraphStoryImage,,False,,1631804758,1631891158,2021-09-16 15:05:58,False,False,,,,,,afd.bund_17-09-2021_00:00_image3.jpeg,afd.bund_17-09-2021_00:00_item13.json,,,
1030,cdu,2664141894327692621,GraphStoryVideo,,True,True,1631810481,1631896881,2021-09-16 16:41:21,True,False,,,,,,cdu_17-09-2021_00:00_video8.jpeg,cdu_17-09-2021_00:00_item13.json,,,
1031,armin_laschet,2664111797889468081,GraphStoryVideo,,True,True,1631806889,1631893289,2021-09-16 15:41:29,False,False,,,,,,armin_laschet_17-09-2021_00:00_video7.jpeg,armin_laschet_17-09-2021_00:00_item13.json,,,
1032,robert.habeck,2663924245904735561,GraphStoryVideo,,True,True,1631784530,1631870930,2021-09-16 09:28:50,True,False,,,,,,robert.habeck_17-09-2021_00:00_video7.jpeg,robert.habeck_17-09-2021_00:00_item14.json,,,
1033,abaerbock,2664098458600697874,GraphStoryVideo,,True,False,1631805304,1631891704,2021-09-16 15:15:04,True,False,,,,,,abaerbock_17-09-2021_00:00_video7.jpeg,abaerbock_17-09-2021_00:00_item14.json,,,
1034,cdu,2664143269782455697,GraphStoryImage,,False,,1631810643,1631897043,2021-09-16 16:44:03,True,False,,,,,,cdu_17-09-2021_00:00_image5.jpeg,cdu_17-09-2021_00:00_item14.json,,,
1035,olafscholz,2664223942529284745,GraphStoryVideo,,True,True,1631820262,1631906662,2021-09-16 19:24:22,False,False,,,,,,olafscholz_17-09-2021_00:00_video9.jpeg,olafscholz_17-09-2021_00:00_item14.json,,,
1036,afd.bund,2664094205369158246,GraphStoryImage,,False,,1631804797,1631891197,2021-09-16 15:06:37,True,False,,,,,,afd.bund_17-09-2021_00:00_image4.jpeg,afd.bund_17-09-2021_00:00_item14.json,,,
1037,armin_laschet,2664112379161294357,GraphStoryVideo,,True,True,1631806957,1631893357,2021-09-16 15:42:37,True,False,,,,,,armin_laschet_17-09-2021_00:00_video8.jpeg,armin_laschet_17-09-2021_00:00_item14.json,,,
1038,die_gruenen,2663837653365145676,GraphStoryImage,,False,,1631774213,1631860613,2021-09-16 06:36:53,False,False,,,,,,die_gruenen_17-09-2021_00:00_image6.jpeg,die_gruenen_17-09-2021_00:00_item14.json,,,
1039,olafscholz,2664226409174317679,GraphStoryVideo,,True,False,1631820557,1631906957,2021-09-16 19:29:17,False,False,,,,,,olafscholz_17-09-2021_00:00_video10.jpeg,olafscholz_17-09-2021_00:00_item15.json,,,
1040,afd.bund,2664098315969504494,GraphStoryVideo,,True,True,1631805287,1631891687,2021-09-16 15:14:47,True,False,,,,,,afd.bund_17-09-2021_00:00_video10.jpeg,afd.bund_17-09-2021_00:00_item15.json,,,
1041,die_gruenen,2663989779412131703,GraphStoryImage,,False,,1631792346,1631878746,2021-09-16 11:39:06,True,False,,,,,,die_gruenen_17-09-2021_00:00_image7.jpeg,die_gruenen_17-09-2021_00:00_item15.json,,,
1042,armin_laschet,2664113709015835371,GraphStoryVideo,,True,True,1631807114,1631893514,2021-09-16 15:45:14,True,False,,,,,,armin_laschet_17-09-2021_00:00_video9.jpeg,armin_laschet_17-09-2021_00:00_item15.json,,,
1043,robert.habeck,2663924264918429453,GraphStoryVideo,,True,True,1631784531,1631870931,2021-09-16 09:28:51,True,False,,,,,,robert.habeck_17-09-2021_00:00_video8.jpeg,robert.habeck_17-09-2021_00:00_item15.json,,,
1044,olafscholz,2664229125877895120,GraphStoryImage,,False,,1631820881,1631907281,2021-09-16 19:34:41,False,False,,,,,,olafscholz_17-09-2021_00:00_image5.jpeg,olafscholz_17-09-2021_00:00_item16.json,,,
1045,robert.habeck,2663924313097414282,GraphStoryImage,,False,,1631784543,1631870943,2021-09-16 09:29:03,False,False,,,,,,robert.habeck_17-09-2021_00:00_image7.jpeg,robert.habeck_17-09-2021_00:00_item16.json,,,
1046,die_gruenen,2664123652469095100,GraphStoryVideo,,True,True,1631808298,1631894698,2021-09-16 16:04:58,False,True,,,,,,die_gruenen_17-09-2021_00:00_video8.jpeg,die_gruenen_17-09-2021_00:00_item16.json,,,
1047,armin_laschet,2664114247128117780,GraphStoryVideo,,True,True,1631807179,1631893579,2021-09-16 15:46:19,True,False,,,,,,armin_laschet_17-09-2021_00:00_video10.jpeg,armin_laschet_17-09-2021_00:00_item16.json,,,
1048,afd.bund,2664101928047572413,GraphStoryImage,,False,,1631805718,1631892118,2021-09-16 15:21:58,True,False,,,229331372.0,,,afd.bund_17-09-2021_00:00_image5.jpeg,afd.bund_17-09-2021_00:00_item16.json,,,
1049,afd.bund,2664102393279787926,GraphStoryImage,,False,,1631805773,1631892173,2021-09-16 15:22:53,True,False,,,,,,afd.bund_17-09-2021_00:00_image6.jpeg,afd.bund_17-09-2021_00:00_item17.json,,,
1050,robert.habeck,2663924354084146271,GraphStoryImage,,False,,1631784548,1631870948,2021-09-16 09:29:08,False,False,,,,,,robert.habeck_17-09-2021_00:00_image8.jpeg,robert.habeck_17-09-2021_00:00_item17.json,,,
1051,olafscholz,2664252078719864076,GraphStoryImage,,False,,1631823617,1631910017,2021-09-16 20:20:17,False,True,,,,,,olafscholz_17-09-2021_00:00_image6.jpeg,olafscholz_17-09-2021_00:00_item17.json,,,
1052,armin_laschet,2664114401025697888,GraphStoryImage,,False,,1631807203,1631893603,2021-09-16 15:46:43,True,False,,,,,,armin_laschet_17-09-2021_00:00_image6.jpeg,armin_laschet_17-09-2021_00:00_item17.json,,,
1053,afd.bund,2664103184644313360,GraphStoryImage,,False,,1631805867,1631892267,2021-09-16 15:24:27,True,False,,,,,,afd.bund_17-09-2021_00:00_image7.jpeg,afd.bund_17-09-2021_00:00_item18.json,,,
1054,robert.habeck,2663944511729832337,GraphStoryVideo,,True,False,1631786952,1631873352,2021-09-16 10:09:12,False,True,,,,,,robert.habeck_17-09-2021_00:00_video9.jpeg,robert.habeck_17-09-2021_00:00_item18.json,,,
1055,armin_laschet,2664114604826949981,GraphStoryImage,,False,,1631807228,1631893628,2021-09-16 15:47:08,True,False,,,,,,armin_laschet_17-09-2021_00:00_image7.jpeg,armin_laschet_17-09-2021_00:00_item18.json,,,
1056,robert.habeck,2664113684703436929,GraphStoryVideo,,True,True,1631807114,1631893514,2021-09-16 15:45:14,True,True,,,,,,robert.habeck_17-09-2021_00:00_video10.jpeg,robert.habeck_17-09-2021_00:00_item19.json,,,
1057,armin_laschet,2664151301404778025,GraphStoryVideo,,True,True,1631811595,1631897995,2021-09-16 16:59:55,False,True,,,115221125158582.0,,,armin_laschet_17-09-2021_00:00_video11.jpeg,armin_laschet_17-09-2021_00:00_item19.json,,,
1058,afd.bund,2664106520540084254,GraphStoryVideo,,True,False,1631806266,1631892666,2021-09-16 15:31:06,True,False,,,,,,afd.bund_17-09-2021_00:00_video11.jpeg,afd.bund_17-09-2021_00:00_item19.json,,,
1059,robert.habeck,2664163312919464288,GraphStoryImage,,False,,1631813033,1631899433,2021-09-16 17:23:53,False,False,,,,,,robert.habeck_17-09-2021_00:00_image9.jpeg,robert.habeck_17-09-2021_00:00_item20.json,,,
1060,armin_laschet,2664217376691730255,GraphStoryVideo,,True,False,1631819477,1631905877,2021-09-16 19:11:17,True,False,,,,,,armin_laschet_17-09-2021_00:00_video12.jpeg,armin_laschet_17-09-2021_00:00_item20.json,,,
1061,afd.bund,2664113842957989541,GraphStoryImage,,False,,1631807138,1631893538,2021-09-16 15:45:38,False,False,,,,,,afd.bund_17-09-2021_00:00_image8.jpeg,afd.bund_17-09-2021_00:00_item20.json,,,
1062,armin_laschet,2664217765780586413,GraphStoryVideo,,True,True,1631819509,1631905909,2021-09-16 19:11:49,True,False,,,,,,armin_laschet_17-09-2021_00:00_video13.jpeg,armin_laschet_17-09-2021_00:00_item21.json,,,
1063,robert.habeck,2664163829370223462,GraphStoryVideo,,True,False,1631813097,1631899497,2021-09-16 17:24:57,False,False,,,244377544.0,,,robert.habeck_17-09-2021_00:00_video11.jpeg,robert.habeck_17-09-2021_00:00_item21.json,,,
1064,afd.bund,2664114247951480753,GraphStoryImage,,False,,1631807186,1631893586,2021-09-16 15:46:26,True,False,,,,,,afd.bund_17-09-2021_00:00_image9.jpeg,afd.bund_17-09-2021_00:00_item21.json,,,
1065,robert.habeck,2664163951007464305,GraphStoryImage,,False,,1631813110,1631899510,2021-09-16 17:25:10,False,False,,,,,,robert.habeck_17-09-2021_00:00_image10.jpeg,robert.habeck_17-09-2021_00:00_item22.json,,,
1066,afd.bund,2664115401460744185,GraphStoryImage,,False,,1631807324,1631893724,2021-09-16 15:48:44,True,False,,,,,,afd.bund_17-09-2021_00:00_image10.jpeg,afd.bund_17-09-2021_00:00_item22.json,,,
1067,armin_laschet,2664218717216421507,GraphStoryVideo,,True,True,1631819629,1631906029,2021-09-16 19:13:49,True,False,,,,,,armin_laschet_17-09-2021_00:00_video14.jpeg,armin_laschet_17-09-2021_00:00_item22.json,,,
1068,armin_laschet,2664219825083183796,GraphStoryImage,,False,,1631819770,1631906170,2021-09-16 19:16:10,True,False,,,,,,armin_laschet_17-09-2021_00:00_image8.jpeg,armin_laschet_17-09-2021_00:00_item23.json,,,
1069,afd.bund,2664117431495373869,GraphStoryImage,,False,,1631807566,1631893966,2021-09-16 15:52:46,True,False,,,,,,afd.bund_17-09-2021_00:00_image11.jpeg,afd.bund_17-09-2021_00:00_item23.json,,,
1070,robert.habeck,2664164007211095190,GraphStoryImage,,False,,1631813117,1631899517,2021-09-16 17:25:17,False,False,,,,,,robert.habeck_17-09-2021_00:00_image11.jpeg,robert.habeck_17-09-2021_00:00_item23.json,,,
1071,robert.habeck,2664164068355559682,GraphStoryImage,,False,,1631813125,1631899525,2021-09-16 17:25:25,False,False,,,,,,robert.habeck_17-09-2021_00:00_image12.jpeg,robert.habeck_17-09-2021_00:00_item24.json,,,
1072,armin_laschet,2664221479761255338,GraphStoryImage,,False,,1631819967,1631906367,2021-09-16 19:19:27,True,False,,,,,,armin_laschet_17-09-2021_00:00_image9.jpeg,armin_laschet_17-09-2021_00:00_item24.json,,,
1073,afd.bund,2664136610997628162,GraphStoryVideo,,True,True,1631809852,1631896252,2021-09-16 16:30:52,False,False,,,,,,afd.bund_17-09-2021_00:00_video12.jpeg,afd.bund_17-09-2021_00:00_item24.json,,,
1074,robert.habeck,2664164640316019230,GraphStoryVideo,,True,False,1631813193,1631899593,2021-09-16 17:26:33,True,False,,,,,,robert.habeck_17-09-2021_00:00_video12.jpeg,robert.habeck_17-09-2021_00:00_item25.json,,,
1075,afd.bund,2664161467845349857,GraphStoryImage,,False,,1631812816,1631899216,2021-09-16 17:20:16,True,False,,,,,,afd.bund_17-09-2021_00:00_image12.jpeg,afd.bund_17-09-2021_00:00_item25.json,,,
1076,armin_laschet,2664221934046333703,GraphStoryVideo,,True,True,1631820016,1631906416,2021-09-16 19:20:16,True,False,,,,,,armin_laschet_17-09-2021_00:00_video15.jpeg,armin_laschet_17-09-2021_00:00_item25.json,,,
1077,robert.habeck,2664164874098239421,GraphStoryImage,,False,,1631813221,1631899621,2021-09-16 17:27:01,False,False,,,222175378.0,,,robert.habeck_17-09-2021_00:00_image13.jpeg,robert.habeck_17-09-2021_00:00_item26.json,,,
1078,armin_laschet,2664222479163184862,GraphStoryVideo,,True,False,1631820082,1631906482,2021-09-16 19:21:22,True,False,,,,,,armin_laschet_17-09-2021_00:00_video16.jpeg,armin_laschet_17-09-2021_00:00_item26.json,,,
1079,armin_laschet,2664223011965512545,GraphStoryImage,,False,,1631820150,1631906550,2021-09-16 19:22:30,True,False,,,,,,armin_laschet_17-09-2021_00:00_image10.jpeg,armin_laschet_17-09-2021_00:00_item27.json,,,
1080,robert.habeck,2664164918339510861,GraphStoryVideo,,True,False,1631813227,1631899627,2021-09-16 17:27:07,False,False,,,,,,robert.habeck_17-09-2021_00:00_video13.jpeg,robert.habeck_17-09-2021_00:00_item27.json,,,
1081,armin_laschet,2664223374051469350,GraphStoryVideo,,True,True,1631820185,1631906585,2021-09-16 19:23:05,True,False,,,,,,armin_laschet_17-09-2021_00:00_video17.jpeg,armin_laschet_17-09-2021_00:00_item28.json,,,
1082,robert.habeck,2664165084098664261,GraphStoryImage,,False,,1631813246,1631899646,2021-09-16 17:27:26,False,False,,,,,,robert.habeck_17-09-2021_00:00_image14.jpeg,robert.habeck_17-09-2021_00:00_item28.json,,,
1083,robert.habeck,2664165134824397515,GraphStoryImage,,False,,1631813252,1631899652,2021-09-16 17:27:32,False,False,,,,,,robert.habeck_17-09-2021_00:00_image15.jpeg,robert.habeck_17-09-2021_00:00_item29.json,,,
1084,armin_laschet,2664225822828917400,GraphStoryVideo,,True,True,1631820481,1631906881,2021-09-16 19:28:01,True,False,,,,,,armin_laschet_17-09-2021_00:00_video18.jpeg,armin_laschet_17-09-2021_00:00_item29.json,,,
1085,armin_laschet,2664226434693979750,GraphStoryImage,,False,,1631820558,1631906958,2021-09-16 19:29:18,False,False,,,,,,armin_laschet_17-09-2021_00:00_image11.jpeg,armin_laschet_17-09-2021_00:00_item30.json,,,
1086,robert.habeck,2664165175660159026,GraphStoryImage,,False,,1631813257,1631899657,2021-09-16 17:27:37,False,False,,,,,,robert.habeck_17-09-2021_00:00_image16.jpeg,robert.habeck_17-09-2021_00:00_item30.json,,,
1087,robert.habeck,2664265616647431259,GraphStoryVideo,,True,False,1631825230,1631911630,2021-09-16 20:47:10,False,True,,,,,,robert.habeck_17-09-2021_00:00_video14.jpeg,robert.habeck_17-09-2021_00:00_item31.json,,,
1088,armin_laschet,2664226702315503795,GraphStoryImage,,False,,1631820589,1631906989,2021-09-16 19:29:49,True,False,,,,,,armin_laschet_17-09-2021_00:00_image12.jpeg,armin_laschet_17-09-2021_00:00_item31.json,,,
1089,robert.habeck,2662407430003089873,GraphStoryImage,,False,,1631603704,1631690104,2021-09-14 07:15:04,False,False,,,,,,robert.habeck_15-09-2021_00:00_image0.jpeg,robert.habeck_15-09-2021_00:00_item0.json,,,
1090,spdde,2662637545618186865,GraphStoryImage,,False,,1631631147,1631717547,2021-09-14 14:52:27,True,False,,,,,,spdde_15-09-2021_00:00_image0.jpeg,spdde_15-09-2021_00:00_item0.json,,,
1091,markus.soeder,2662499852136494444,GraphStoryImage,,False,,1631614733,1631701133,2021-09-14 10:18:53,False,True,,,,,,markus.soeder_15-09-2021_00:00_image0.jpeg,markus.soeder_15-09-2021_00:00_item0.json,,,
1092,atesgurpinar,2662442057371675145,GraphStoryImage,,False,,1631607843,1631694243,2021-09-14 08:24:03,True,False,,,,,,atesgurpinar_15-09-2021_00:00_image0.jpeg,atesgurpinar_15-09-2021_00:00_item0.json,,,
1093,robert.habeck,2662407423862678478,GraphStoryImage,,False,,1631603705,1631690105,2021-09-14 07:15:05,False,False,,,,,,robert.habeck_15-09-2021_00:00_image1.jpeg,robert.habeck_15-09-2021_00:00_item1.json,,,
1094,atesgurpinar,2662789700413133783,GraphStoryImage,,False,,1631649273,1631735673,2021-09-14 19:54:33,False,False,,,,,,atesgurpinar_15-09-2021_00:00_image1.jpeg,atesgurpinar_15-09-2021_00:00_item1.json,,,
1095,atesgurpinar,2662791999568101913,GraphStoryVideo,,True,True,1631649469,1631735869,2021-09-14 19:57:49,False,True,,,,,,atesgurpinar_15-09-2021_00:00_video0.jpeg,atesgurpinar_15-09-2021_00:00_item2.json,,,
1096,robert.habeck,2662407438676916836,GraphStoryImage,,False,,1631603706,1631690106,2021-09-14 07:15:06,False,False,,,,,,robert.habeck_15-09-2021_00:00_image2.jpeg,robert.habeck_15-09-2021_00:00_item2.json,,,
1097,robert.habeck,2662407810267874168,GraphStoryVideo,,True,True,1631603750,1631690150,2021-09-14 07:15:50,False,True,,,,,,robert.habeck_15-09-2021_00:00_video0.jpeg,robert.habeck_15-09-2021_00:00_item3.json,,,
1098,robert.habeck,2662408208927391861,GraphStoryImage,,False,,1631603809,1631690209,2021-09-14 07:16:49,False,False,,,,,,robert.habeck_15-09-2021_00:00_image3.jpeg,robert.habeck_15-09-2021_00:00_item4.json,,,
1099,robert.habeck,2662410252406531587,GraphStoryVideo,,True,True,1631604050,1631690450,2021-09-14 07:20:50,False,False,,,,,,robert.habeck_15-09-2021_00:00_video1.jpeg,robert.habeck_15-09-2021_00:00_item5.json,,,
1100,robert.habeck,2662410271744518600,GraphStoryVideo,,True,True,1631604051,1631690451,2021-09-14 07:20:51,False,False,,,,,,robert.habeck_15-09-2021_00:00_video2.jpeg,robert.habeck_15-09-2021_00:00_item6.json,,,
1101,robert.habeck,2662410287377937374,GraphStoryVideo,,True,True,1631604052,1631690452,2021-09-14 07:20:52,False,False,,,,,,robert.habeck_15-09-2021_00:00_video3.jpeg,robert.habeck_15-09-2021_00:00_item7.json,,,
1102,robert.habeck,2662413112823589996,GraphStoryImage,,False,,1631604388,1631690788,2021-09-14 07:26:28,True,False,,,,,,robert.habeck_15-09-2021_00:00_image4.jpeg,robert.habeck_15-09-2021_00:00_item8.json,,,
1103,robert.habeck,2662413113251381546,GraphStoryImage,,False,,1631604389,1631690789,2021-09-14 07:26:29,False,False,,,,,,robert.habeck_15-09-2021_00:00_image5.jpeg,robert.habeck_15-09-2021_00:00_item9.json,,,
1104,robert.habeck,2662413113544990034,GraphStoryImage,,False,,1631604390,1631690790,2021-09-14 07:26:30,False,False,,,213249370.0,,,robert.habeck_15-09-2021_00:00_image6.jpeg,robert.habeck_15-09-2021_00:00_item10.json,,,
1105,robert.habeck,2662413118167113016,GraphStoryImage,,False,,1631604391,1631690791,2021-09-14 07:26:31,False,False,,,213249370.0,,,robert.habeck_15-09-2021_00:00_image7.jpeg,robert.habeck_15-09-2021_00:00_item11.json,,,
1106,robert.habeck,2662413121505728943,GraphStoryImage,,False,,1631604392,1631690792,2021-09-14 07:26:32,True,False,,,,,,robert.habeck_15-09-2021_00:00_image8.jpeg,robert.habeck_15-09-2021_00:00_item12.json,,,
1107,robert.habeck,2662413117907189983,GraphStoryImage,,False,,1631604393,1631690793,2021-09-14 07:26:33,False,False,,,,,,robert.habeck_15-09-2021_00:00_image9.jpeg,robert.habeck_15-09-2021_00:00_item13.json,,,
1108,christlichsozialeunion,2667472322028002074,GraphStoryImage,,False,,1632207496,1632293896,2021-09-21 06:58:16,False,True,,,,,,christlichsozialeunion_22-09-2021_00:00_image0.jpeg,christlichsozialeunion_22-09-2021_00:00_item0.json,,,
1109,saskiaesken,2667740356030984317,GraphStoryImage,,False,,1632239451,1632325851,2021-09-21 15:50:51,False,True,,,,,,saskiaesken_22-09-2021_00:00_image0.jpeg,saskiaesken_22-09-2021_00:00_item0.json,,,
1110,spdde,2667646919869827065,GraphStoryVideo,,True,False,1632228313,1632314713,2021-09-21 12:45:13,False,True,,,,,,spdde_22-09-2021_00:00_video0.jpeg,spdde_22-09-2021_00:00_item0.json,,,
1111,engin_eroglu_,2667795725093484445,GraphStoryVideo,,True,True,1632246045,1632332445,2021-09-21 17:40:45,False,False,,,,,,engin_eroglu__22-09-2021_00:00_video0.jpeg,engin_eroglu__22-09-2021_00:00_item0.json,,,
1112,olafscholz,2667505966786618044,GraphStoryVideo,,True,True,1632211422,1632297822,2021-09-21 08:03:42,True,False,,,,,,olafscholz_22-09-2021_00:00_video0.jpeg,olafscholz_22-09-2021_00:00_item0.json,,,
1113,cdu,2667484524348293722,GraphStoryVideo,,True,True,1632208919,1632295319,2021-09-21 07:21:59,True,True,,,,,,cdu_22-09-2021_00:00_video0.jpeg,cdu_22-09-2021_00:00_item0.json,,,
1114,afd.bund,2667539308903432565,GraphStoryVideo,,True,True,1632214712,1632301112,2021-09-21 08:58:32,False,True,,,,,,afd.bund_22-09-2021_00:00_video0.jpeg,afd.bund_22-09-2021_00:00_item0.json,,,
1115,fdp,2667633119049418947,GraphStoryVideo,,True,False,1632226664,1632313064,2021-09-21 12:17:44,False,False,,,,,,fdp_22-09-2021_00:00_video0.jpeg,fdp_22-09-2021_00:00_item0.json,,,
1116,nicola_beer,2667460956151459276,GraphStoryImage,,False,,1632206144,1632292544,2021-09-21 06:35:44,True,False,,,,,,nicola_beer_22-09-2021_00:00_image0.jpeg,nicola_beer_22-09-2021_00:00_item0.json,,,
1117,christianlindner,2667477562927846144,GraphStoryImage,,False,,1632208121,1632294521,2021-09-21 07:08:41,True,False,,,,,,christianlindner_22-09-2021_00:00_image0.jpeg,christianlindner_22-09-2021_00:00_item0.json,,,
1118,robert.habeck,2667488153932260697,GraphStoryImage,,False,,1632209386,1632295786,2021-09-21 07:29:46,False,True,,,,,,robert.habeck_22-09-2021_00:00_image0.jpeg,robert.habeck_22-09-2021_00:00_item0.json,,,
1119,abaerbock,2667708878926132861,GraphStoryVideo,,True,False,1632235699,1632322099,2021-09-21 14:48:19,False,False,,,,,,abaerbock_22-09-2021_00:00_video0.jpeg,abaerbock_22-09-2021_00:00_item0.json,,,
1120,dielinke,2667476113100634234,GraphStoryImage,,False,,1632207952,1632294352,2021-09-21 07:05:52,False,True,,,,,,dielinke_22-09-2021_00:00_image0.jpeg,dielinke_22-09-2021_00:00_item0.json,,,
1121,fw_bayern,2667474497890360284,GraphStoryVideo,,True,True,1632207741,1632294141,2021-09-21 07:02:21,False,True,,,,,,fw_bayern_22-09-2021_00:00_video0.jpeg,fw_bayern_22-09-2021_00:00_item0.json,,,
1122,armin_laschet,2667452384076218478,GraphStoryVideo,,True,True,1632205122,1632291522,2021-09-21 06:18:42,True,False,,,,,,armin_laschet_22-09-2021_00:00_video0.jpeg,armin_laschet_22-09-2021_00:00_item0.json,,,
1123,markus.soeder,2667578467203249529,GraphStoryImage,,False,,1632220150,1632306550,2021-09-21 10:29:10,True,False,,,,,,markus.soeder_22-09-2021_00:00_image0.jpeg,markus.soeder_22-09-2021_00:00_item0.json,,,
1124,grey_gor,2667855104945759685,GraphStoryVideo,,True,False,1632253131,1632339531,2021-09-21 19:38:51,True,False,,,,,,grey_gor_22-09-2021_00:00_video0.jpeg,grey_gor_22-09-2021_00:00_item0.json,,,
1125,cdu,2667685418700473571,GraphStoryVideo,,True,False,1632232903,1632319303,2021-09-21 14:01:43,True,False,,,,,,cdu_22-09-2021_00:00_video1.jpeg,cdu_22-09-2021_00:00_item1.json,,,
1126,fdp,2667633125215075718,GraphStoryVideo,,True,False,1632226665,1632313065,2021-09-21 12:17:45,False,False,,,,,,fdp_22-09-2021_00:00_video1.jpeg,fdp_22-09-2021_00:00_item1.json,,,
1127,christianlindner,2667478500908434809,GraphStoryImage,,False,,1632208234,1632294634,2021-09-21 07:10:34,False,False,,,,,,christianlindner_22-09-2021_00:00_image1.jpeg,christianlindner_22-09-2021_00:00_item1.json,,,
1128,abaerbock,2667710300252356578,GraphStoryImage,,False,,1632235797,1632322197,2021-09-21 14:49:57,False,False,,,773383782834310.0,,,abaerbock_22-09-2021_00:00_image0.jpeg,abaerbock_22-09-2021_00:00_item1.json,,,
1129,nicola_beer,2667461028838795467,GraphStoryImage,,False,,1632206153,1632292553,2021-09-21 06:35:53,True,False,,,,,,nicola_beer_22-09-2021_00:00_image1.jpeg,nicola_beer_22-09-2021_00:00_item1.json,,,
1130,armin_laschet,2667493738219149717,GraphStoryImage,,False,,1632210049,1632296449,2021-09-21 07:40:49,True,False,,,,,,armin_laschet_22-09-2021_00:00_image0.jpeg,armin_laschet_22-09-2021_00:00_item1.json,,,
1131,robert.habeck,2667595597136146696,GraphStoryImage,,False,,1632222189,1632308589,2021-09-21 11:03:09,False,False,,,,,,robert.habeck_22-09-2021_00:00_image1.jpeg,robert.habeck_22-09-2021_00:00_item1.json,,,
1132,afd.bund,2667543415311781859,GraphStoryVideo,,True,True,1632215964,1632302364,2021-09-21 09:19:24,False,True,,,,,,afd.bund_22-09-2021_00:00_video1.jpeg,afd.bund_22-09-2021_00:00_item1.json,,,
1133,spdde,2667743350995662660,GraphStoryImage,,False,,1632239808,1632326208,2021-09-21 15:56:48,False,True,,,,,,spdde_22-09-2021_00:00_image0.jpeg,spdde_22-09-2021_00:00_item1.json,,,
1134,olafscholz,2667509568536274448,GraphStoryVideo,,True,True,1632211831,1632298231,2021-09-21 08:10:31,True,False,,,,,,olafscholz_22-09-2021_00:00_video1.jpeg,olafscholz_22-09-2021_00:00_item1.json,,,
1135,christlichsozialeunion,2667503138670072743,GraphStoryVideo,,True,True,1632211142,1632297542,2021-09-21 07:59:02,False,True,,,,,,christlichsozialeunion_22-09-2021_00:00_video0.jpeg,christlichsozialeunion_22-09-2021_00:00_item1.json,,,
1136,fw_bayern,2667475528447543634,GraphStoryImage,,False,,1632207881,1632294281,2021-09-21 07:04:41,False,True,,,,,,fw_bayern_22-09-2021_00:00_image0.jpeg,fw_bayern_22-09-2021_00:00_item1.json,,,
1137,abaerbock,2667710153820765832,GraphStoryImage,,False,,1632235802,1632322202,2021-09-21 14:50:02,False,False,,,,,,abaerbock_22-09-2021_00:00_image1.jpeg,abaerbock_22-09-2021_00:00_item2.json,,,
1138,christianlindner,2667608552442582429,GraphStoryVideo,,True,True,1632223736,1632310136,2021-09-21 11:28:56,True,False,,,105192234961956.0,,,christianlindner_22-09-2021_00:00_video0.jpeg,christianlindner_22-09-2021_00:00_item2.json,,,
1139,christlichsozialeunion,2667528843654881736,GraphStoryVideo,,True,False,1632214237,1632300637,2021-09-21 08:50:37,False,True,,,,,,christlichsozialeunion_22-09-2021_00:00_video1.jpeg,christlichsozialeunion_22-09-2021_00:00_item2.json,,,
1140,armin_laschet,2667536021517939973,GraphStoryVideo,,True,True,1632215090,1632301490,2021-09-21 09:04:50,True,False,,,,,,armin_laschet_22-09-2021_00:00_video1.jpeg,armin_laschet_22-09-2021_00:00_item2.json,,,
1141,robert.habeck,2667720968288462843,GraphStoryImage,,False,,1632237140,1632323540,2021-09-21 15:12:20,False,False,,,217681887.0,,,robert.habeck_22-09-2021_00:00_image2.jpeg,robert.habeck_22-09-2021_00:00_item2.json,,,
1142,olafscholz,2667541428547275996,GraphStoryImage,,False,,1632215736,1632302136,2021-09-21 09:15:36,True,False,,,,,,olafscholz_22-09-2021_00:00_image0.jpeg,olafscholz_22-09-2021_00:00_item2.json,,,
1143,fw_bayern,2667523974395078188,GraphStoryImage,,False,,1632213654,1632300054,2021-09-21 08:40:54,True,False,,,,,,fw_bayern_22-09-2021_00:00_image1.jpeg,fw_bayern_22-09-2021_00:00_item2.json,,,
1144,fdp,2667633131120536013,GraphStoryVideo,,True,False,1632226666,1632313066,2021-09-21 12:17:46,False,False,,,,,,fdp_22-09-2021_00:00_video2.jpeg,fdp_22-09-2021_00:00_item2.json,,,
1145,nicola_beer,2667461171033951899,GraphStoryImage,,False,,1632206170,1632292570,2021-09-21 06:36:10,True,False,,,,,,nicola_beer_22-09-2021_00:00_image2.jpeg,nicola_beer_22-09-2021_00:00_item2.json,,,
1146,spdde,2667743477864923224,GraphStoryImage,,False,,1632239822,1632326222,2021-09-21 15:57:02,False,True,,,,,,spdde_22-09-2021_00:00_image1.jpeg,spdde_22-09-2021_00:00_item2.json,,,
1147,cdu,2667686447403914423,GraphStoryVideo,,True,True,1632233024,1632319424,2021-09-21 14:03:44,True,False,,,,,,cdu_22-09-2021_00:00_video2.jpeg,cdu_22-09-2021_00:00_item2.json,,,
1148,christianlindner,2667664559713586585,GraphStoryImage,,False,,1632230412,1632316812,2021-09-21 13:20:12,True,False,,,105192234961956.0,,,christianlindner_22-09-2021_00:00_image2.jpeg,christianlindner_22-09-2021_00:00_item3.json,,,
1149,olafscholz,2667545531522155459,GraphStoryVideo,,True,True,1632215926,1632302326,2021-09-21 09:18:46,True,False,,,,,,olafscholz_22-09-2021_00:00_video2.jpeg,olafscholz_22-09-2021_00:00_item3.json,,,
1150,fdp,2667802901631507642,GraphStoryVideo,,True,True,1632246898,1632333298,2021-09-21 17:54:58,True,False,,,,,,fdp_22-09-2021_00:00_video3.jpeg,fdp_22-09-2021_00:00_item3.json,,,
1151,armin_laschet,2667536042321752196,GraphStoryVideo,,True,True,1632215091,1632301491,2021-09-21 09:04:51,True,False,,,,,,armin_laschet_22-09-2021_00:00_video2.jpeg,armin_laschet_22-09-2021_00:00_item3.json,,,
1152,nicola_beer,2667762783586741529,GraphStoryImage,,False,,1632242126,1632328526,2021-09-21 16:35:26,True,False,,,,,,nicola_beer_22-09-2021_00:00_image3.jpeg,nicola_beer_22-09-2021_00:00_item3.json,,,
1153,fw_bayern,2667524279958596104,GraphStoryVideo,,True,False,1632213690,1632300090,2021-09-21 08:41:30,True,False,,,,,,fw_bayern_22-09-2021_00:00_video1.jpeg,fw_bayern_22-09-2021_00:00_item3.json,,,
1154,abaerbock,2667710299799455599,GraphStoryImage,,False,,1632235812,1632322212,2021-09-21 14:50:12,False,False,,,,,,abaerbock_22-09-2021_00:00_image2.jpeg,abaerbock_22-09-2021_00:00_item3.json,,,
1155,cdu,2667688789000030932,GraphStoryImage,,False,,1632233303,1632319703,2021-09-21 14:08:23,True,False,,,,,,cdu_22-09-2021_00:00_image0.jpeg,cdu_22-09-2021_00:00_item3.json,,,
1156,robert.habeck,2667721238376455706,GraphStoryImage,,False,,1632237171,1632323571,2021-09-21 15:12:51,False,False,,,217681887.0,,,robert.habeck_22-09-2021_00:00_image3.jpeg,robert.habeck_22-09-2021_00:00_item3.json,,,
1157,christlichsozialeunion,2667560156549856246,GraphStoryVideo,,True,True,1632217967,1632304367,2021-09-21 09:52:47,False,False,,,,,,christlichsozialeunion_22-09-2021_00:00_video2.jpeg,christlichsozialeunion_22-09-2021_00:00_item3.json,,,
1158,nicola_beer,2667821535726830930,GraphStoryImage,,False,,1632249128,1632335528,2021-09-21 18:32:08,True,False,,,,,,nicola_beer_22-09-2021_00:00_image4.jpeg,nicola_beer_22-09-2021_00:00_item4.json,,,
1159,olafscholz,2667597177122044401,GraphStoryImage,,False,,1632222382,1632308782,2021-09-21 11:06:22,False,False,,,,,,olafscholz_22-09-2021_00:00_image1.jpeg,olafscholz_22-09-2021_00:00_item4.json,,,
1160,robert.habeck,2667721963168985307,GraphStoryImage,,False,,1632237258,1632323658,2021-09-21 15:14:18,False,False,,,,,,robert.habeck_22-09-2021_00:00_image4.jpeg,robert.habeck_22-09-2021_00:00_item4.json,,,
1161,fw_bayern,2667728228888253958,GraphStoryImage,,False,,1632238003,1632324403,2021-09-21 15:26:43,True,False,,,,,,fw_bayern_22-09-2021_00:00_image2.jpeg,fw_bayern_22-09-2021_00:00_item4.json,,,
1162,cdu,2667689910690962893,GraphStoryVideo,,True,True,1632233434,1632319834,2021-09-21 14:10:34,True,False,,,,,,cdu_22-09-2021_00:00_video3.jpeg,cdu_22-09-2021_00:00_item4.json,,,
1163,christianlindner,2667764283022972380,GraphStoryVideo,,True,True,1632242303,1632328703,2021-09-21 16:38:23,True,False,,,665547324198040.0,,,christianlindner_22-09-2021_00:00_video1.jpeg,christianlindner_22-09-2021_00:00_item4.json,,,
1164,fdp,2667803050118348197,GraphStoryVideo,,True,False,1632246925,1632333325,2021-09-21 17:55:25,False,False,,,,,,fdp_22-09-2021_00:00_video4.jpeg,fdp_22-09-2021_00:00_item4.json,,,
1165,christlichsozialeunion,2667560171733172345,GraphStoryVideo,,True,True,1632217968,1632304368,2021-09-21 09:52:48,False,False,,,,,,christlichsozialeunion_22-09-2021_00:00_video3.jpeg,christlichsozialeunion_22-09-2021_00:00_item4.json,,,
1166,armin_laschet,2667539310145858713,GraphStoryImage,,False,,1632215482,1632301882,2021-09-21 09:11:22,True,False,,,,,,armin_laschet_22-09-2021_00:00_image1.jpeg,armin_laschet_22-09-2021_00:00_item4.json,,,
1167,abaerbock,2667710298985719596,GraphStoryImage,,False,,1632235817,1632322217,2021-09-21 14:50:17,False,False,,,,,,abaerbock_22-09-2021_00:00_image3.jpeg,abaerbock_22-09-2021_00:00_item4.json,,,
1168,christlichsozialeunion,2667568211618693551,GraphStoryImage,,False,,1632218929,1632305329,2021-09-21 10:08:49,False,True,,,,,,christlichsozialeunion_22-09-2021_00:00_image1.jpeg,christlichsozialeunion_22-09-2021_00:00_item5.json,,,
1169,cdu,2667691159654071367,GraphStoryImage,,False,,1632233586,1632319986,2021-09-21 14:13:06,True,False,,,,,,cdu_22-09-2021_00:00_image1.jpeg,cdu_22-09-2021_00:00_item5.json,,,
1170,olafscholz,2667601385550209451,GraphStoryVideo,,True,True,1632222885,1632309285,2021-09-21 11:14:45,True,False,,,,,,olafscholz_22-09-2021_00:00_video3.jpeg,olafscholz_22-09-2021_00:00_item5.json,,,
1171,fw_bayern,2667728842816807885,GraphStoryVideo,,True,False,1632238079,1632324479,2021-09-21 15:27:59,True,False,,,,,,fw_bayern_22-09-2021_00:00_video2.jpeg,fw_bayern_22-09-2021_00:00_item5.json,,,
1172,robert.habeck,2667722583137399565,GraphStoryImage,,False,,1632237332,1632323732,2021-09-21 15:15:32,False,False,,,,,,robert.habeck_22-09-2021_00:00_image5.jpeg,robert.habeck_22-09-2021_00:00_item5.json,,,
1173,christianlindner,2667821155982870954,GraphStoryImage,,False,,1632249080,1632335480,2021-09-21 18:31:20,True,False,,,213359469.0,,,christianlindner_22-09-2021_00:00_image3.jpeg,christianlindner_22-09-2021_00:00_item5.json,,,
1174,abaerbock,2667710299799376977,GraphStoryImage,,False,,1632235833,1632322233,2021-09-21 14:50:33,False,False,,,,,,abaerbock_22-09-2021_00:00_image4.jpeg,abaerbock_22-09-2021_00:00_item5.json,,,
1175,nicola_beer,2667822946464074778,GraphStoryVideo,,True,False,1632249297,1632335697,2021-09-21 18:34:57,True,False,,,,,,nicola_beer_22-09-2021_00:00_video0.jpeg,nicola_beer_22-09-2021_00:00_item5.json,,,
1176,armin_laschet,2667652019483047316,GraphStoryVideo,,True,False,1632228915,1632315315,2021-09-21 12:55:15,True,False,,,,,,armin_laschet_22-09-2021_00:00_video3.jpeg,armin_laschet_22-09-2021_00:00_item5.json,,,
1177,christianlindner,2667822222779082422,GraphStoryImage,,False,,1632249210,1632335610,2021-09-21 18:33:30,True,False,,,213359469.0,,,christianlindner_22-09-2021_00:00_image4.jpeg,christianlindner_22-09-2021_00:00_item6.json,,,
1178,olafscholz,2667643499585946452,GraphStoryImage,,False,,1632227905,1632314305,2021-09-21 12:38:25,False,False,,,,,,olafscholz_22-09-2021_00:00_image2.jpeg,olafscholz_22-09-2021_00:00_item6.json,,,
1179,nicola_beer,2667825528804845365,GraphStoryVideo,,True,False,1632249605,1632336005,2021-09-21 18:40:05,True,False,,,,,,nicola_beer_22-09-2021_00:00_video1.jpeg,nicola_beer_22-09-2021_00:00_item6.json,,,
1180,christlichsozialeunion,2667577457232286851,GraphStoryVideo,,True,False,1632220032,1632306432,2021-09-21 10:27:12,False,False,,,,,,christlichsozialeunion_22-09-2021_00:00_video4.jpeg,christlichsozialeunion_22-09-2021_00:00_item6.json,,,
1181,robert.habeck,2667723694091109047,GraphStoryImage,,False,,1632237464,1632323864,2021-09-21 15:17:44,False,False,,,,,,robert.habeck_22-09-2021_00:00_image6.jpeg,robert.habeck_22-09-2021_00:00_item6.json,,,
1182,cdu,2667694603991451601,GraphStoryVideo,,True,True,1632233998,1632320398,2021-09-21 14:19:58,True,False,,,,,,cdu_22-09-2021_00:00_video4.jpeg,cdu_22-09-2021_00:00_item6.json,,,
1183,abaerbock,2667710300168594230,GraphStoryImage,,False,,1632235841,1632322241,2021-09-21 14:50:41,False,False,,,,,,abaerbock_22-09-2021_00:00_image5.jpeg,abaerbock_22-09-2021_00:00_item6.json,,,
1184,armin_laschet,2667652929529399948,GraphStoryVideo,,True,True,1632229029,1632315429,2021-09-21 12:57:09,True,False,,,,,,armin_laschet_22-09-2021_00:00_video4.jpeg,armin_laschet_22-09-2021_00:00_item6.json,,,
1185,fw_bayern,2667814281787642840,GraphStoryImage,,False,,1632248261,1632334661,2021-09-21 18:17:41,True,False,,,,,,fw_bayern_22-09-2021_00:00_image3.jpeg,fw_bayern_22-09-2021_00:00_item6.json,,,
1186,christianlindner,2667824859486222697,GraphStoryImage,,False,,1632249524,1632335924,2021-09-21 18:38:44,False,False,,,,,,christianlindner_22-09-2021_00:00_image5.jpeg,christianlindner_22-09-2021_00:00_item7.json,,,
1187,olafscholz,2667681467975154347,GraphStoryVideo,,True,False,1632232431,1632318831,2021-09-21 13:53:51,True,False,,,,,,olafscholz_22-09-2021_00:00_video4.jpeg,olafscholz_22-09-2021_00:00_item7.json,,,
1188,armin_laschet,2667675225006798241,GraphStoryVideo,,True,True,1632231684,1632318084,2021-09-21 13:41:24,True,False,,,,,,armin_laschet_22-09-2021_00:00_video5.jpeg,armin_laschet_22-09-2021_00:00_item7.json,,,
1189,christlichsozialeunion,2667640566617621318,GraphStoryImage,,False,,1632227552,1632313952,2021-09-21 12:32:32,False,True,,,,,,christlichsozialeunion_22-09-2021_00:00_image2.jpeg,christlichsozialeunion_22-09-2021_00:00_item7.json,,,
1190,nicola_beer,2667825964484102093,GraphStoryVideo,,True,False,1632249655,1632336055,2021-09-21 18:40:55,True,False,,,,,,nicola_beer_22-09-2021_00:00_video2.jpeg,nicola_beer_22-09-2021_00:00_item7.json,,,
1191,robert.habeck,2667724839882840272,GraphStoryImage,,False,,1632237601,1632324001,2021-09-21 15:20:01,False,False,,,,,,robert.habeck_22-09-2021_00:00_image7.jpeg,robert.habeck_22-09-2021_00:00_item7.json,,,
1192,cdu,2667771138058405627,GraphStoryVideo,,True,True,1632243122,1632329522,2021-09-21 16:52:02,True,False,,,,,,cdu_22-09-2021_00:00_video5.jpeg,cdu_22-09-2021_00:00_item7.json,,,
1193,abaerbock,2667710311342216999,GraphStoryImage,,False,,1632235850,1632322250,2021-09-21 14:50:50,False,False,,,,,,abaerbock_22-09-2021_00:00_image6.jpeg,abaerbock_22-09-2021_00:00_item7.json,,,
1194,abaerbock,2667715863381966857,GraphStoryVideo,,True,False,1632236532,1632322932,2021-09-21 15:02:12,False,True,,,,,,abaerbock_22-09-2021_00:00_video1.jpeg,abaerbock_22-09-2021_00:00_item8.json,,,
1195,armin_laschet,2667676017729996711,GraphStoryVideo,,True,True,1632231777,1632318177,2021-09-21 13:42:57,True,False,,,,,,armin_laschet_22-09-2021_00:00_video6.jpeg,armin_laschet_22-09-2021_00:00_item8.json,,,
1196,christianlindner,2667827230686785745,GraphStoryImage,,False,,1632249805,1632336205,2021-09-21 18:43:25,False,False,,,,,,christianlindner_22-09-2021_00:00_image6.jpeg,christianlindner_22-09-2021_00:00_item8.json,,,
1197,robert.habeck,2667725983255314421,GraphStoryVideo,,True,True,1632237734,1632324134,2021-09-21 15:22:14,False,False,,,,,,robert.habeck_22-09-2021_00:00_video0.jpeg,robert.habeck_22-09-2021_00:00_item8.json,,,
1198,christlichsozialeunion,2667698169813054383,GraphStoryVideo,,True,False,1632234423,1632320823,2021-09-21 14:27:03,False,True,,,,,,christlichsozialeunion_22-09-2021_00:00_video5.jpeg,christlichsozialeunion_22-09-2021_00:00_item8.json,,,
1199,nicola_beer,2667826035275527627,GraphStoryVideo,,True,False,1632249664,1632336064,2021-09-21 18:41:04,True,False,,,,,,nicola_beer_22-09-2021_00:00_video3.jpeg,nicola_beer_22-09-2021_00:00_item8.json,,,
1200,olafscholz,2667710311543518571,GraphStoryImage,,False,,1632235868,1632322268,2021-09-21 14:51:08,False,False,,,,,,olafscholz_22-09-2021_00:00_image3.jpeg,olafscholz_22-09-2021_00:00_item8.json,,,
1201,cdu,2667771622458482618,GraphStoryVideo,,True,True,1632243179,1632329579,2021-09-21 16:52:59,True,False,,,,,,cdu_22-09-2021_00:00_video6.jpeg,cdu_22-09-2021_00:00_item8.json,,,
1202,cdu,2667772462594347583,GraphStoryVideo,,True,True,1632243280,1632329680,2021-09-21 16:54:40,True,False,,,,,,cdu_22-09-2021_00:00_video7.jpeg,cdu_22-09-2021_00:00_item9.json,,,
1203,christlichsozialeunion,2667717463091376844,GraphStoryVideo,,True,False,1632236722,1632323122,2021-09-21 15:05:22,False,False,,,,,,christlichsozialeunion_22-09-2021_00:00_video6.jpeg,christlichsozialeunion_22-09-2021_00:00_item9.json,,,
1204,olafscholz,2667712133546755327,GraphStoryVideo,,True,True,1632236087,1632322487,2021-09-21 14:54:47,True,False,,,,,,olafscholz_22-09-2021_00:00_video5.jpeg,olafscholz_22-09-2021_00:00_item9.json,,,
1205,armin_laschet,2667676626894072583,GraphStoryImage,,False,,1632231852,1632318252,2021-09-21 13:44:12,True,False,,,,,,armin_laschet_22-09-2021_00:00_image2.jpeg,armin_laschet_22-09-2021_00:00_item9.json,,,
1206,nicola_beer,2667826155710739859,GraphStoryVideo,,True,False,1632249679,1632336079,2021-09-21 18:41:19,True,False,,,,,,nicola_beer_22-09-2021_00:00_video4.jpeg,nicola_beer_22-09-2021_00:00_item9.json,,,
1207,robert.habeck,2667725960808165502,GraphStoryVideo,,True,True,1632237735,1632324135,2021-09-21 15:22:15,False,False,,,,,,robert.habeck_22-09-2021_00:00_video1.jpeg,robert.habeck_22-09-2021_00:00_item9.json,,,
1208,abaerbock,2667786664307103162,GraphStoryVideo,,True,False,1632244970,1632331370,2021-09-21 17:22:50,True,False,,,,,,abaerbock_22-09-2021_00:00_video2.jpeg,abaerbock_22-09-2021_00:00_item9.json,,,
1209,olafscholz,2667724684321948341,GraphStoryVideo,,True,True,1632236782,1632323182,2021-09-21 15:06:22,False,False,,,,,,olafscholz_22-09-2021_00:00_video6.jpeg,olafscholz_22-09-2021_00:00_item10.json,,,
1210,armin_laschet,2667731828053435790,GraphStoryImage,,False,,1632238432,1632324832,2021-09-21 15:33:52,True,True,,,,,,armin_laschet_22-09-2021_00:00_image3.jpeg,armin_laschet_22-09-2021_00:00_item10.json,,,
1211,abaerbock,2667786724285679016,GraphStoryVideo,,True,True,1632244976,1632331376,2021-09-21 17:22:56,True,False,,,,,,abaerbock_22-09-2021_00:00_video3.jpeg,abaerbock_22-09-2021_00:00_item10.json,,,
1212,robert.habeck,2667726599191873097,GraphStoryImage,,False,,1632237811,1632324211,2021-09-21 15:23:31,False,False,,,217681887.0,,,robert.habeck_22-09-2021_00:00_image8.jpeg,robert.habeck_22-09-2021_00:00_item10.json,,,
1213,cdu,2667772924781407102,GraphStoryVideo,,True,True,1632243333,1632329733,2021-09-21 16:55:33,True,False,,,,,,cdu_22-09-2021_00:00_video8.jpeg,cdu_22-09-2021_00:00_item10.json,,,
1214,christlichsozialeunion,2667777727883082384,GraphStoryVideo,,True,False,1632243906,1632330306,2021-09-21 17:05:06,False,True,,,,,,christlichsozialeunion_22-09-2021_00:00_video7.jpeg,christlichsozialeunion_22-09-2021_00:00_item10.json,,,
1215,nicola_beer,2667828301340588516,GraphStoryVideo,,True,False,1632249936,1632336336,2021-09-21 18:45:36,True,False,,,,,,nicola_beer_22-09-2021_00:00_video5.jpeg,nicola_beer_22-09-2021_00:00_item10.json,,,
1216,olafscholz,2667741771910559407,GraphStoryImage,,False,,1632239620,1632326020,2021-09-21 15:53:40,True,False,,,,,,olafscholz_22-09-2021_00:00_image4.jpeg,olafscholz_22-09-2021_00:00_item11.json,,,
1217,robert.habeck,2667728983519411099,GraphStoryImage,,False,,1632238095,1632324495,2021-09-21 15:28:15,True,False,,,,,,robert.habeck_22-09-2021_00:00_image9.jpeg,robert.habeck_22-09-2021_00:00_item11.json,,,
1218,nicola_beer,2667834736619288669,GraphStoryVideo,,True,False,1632250701,1632337101,2021-09-21 18:58:21,True,False,,,,,,nicola_beer_22-09-2021_00:00_video6.jpeg,nicola_beer_22-09-2021_00:00_item11.json,,,
1219,armin_laschet,2667817523984136391,GraphStoryVideo,,True,True,1632248643,1632335043,2021-09-21 18:24:03,True,False,,,235059780.0,,,armin_laschet_22-09-2021_00:00_video7.jpeg,armin_laschet_22-09-2021_00:00_item11.json,,,
1220,cdu,2667773378051656976,GraphStoryVideo,,True,True,1632243388,1632329788,2021-09-21 16:56:28,True,False,,,,,,cdu_22-09-2021_00:00_video9.jpeg,cdu_22-09-2021_00:00_item11.json,,,
1221,christlichsozialeunion,2667789056354142371,GraphStoryVideo,,True,True,1632245248,1632331648,2021-09-21 17:27:28,False,True,,,,,,christlichsozialeunion_22-09-2021_00:00_video8.jpeg,christlichsozialeunion_22-09-2021_00:00_item11.json,,,
1222,abaerbock,2667802103013971956,GraphStoryImage,,False,,1632246813,1632333213,2021-09-21 17:53:33,True,False,,,783699450.0,,,abaerbock_22-09-2021_00:00_image7.jpeg,abaerbock_22-09-2021_00:00_item11.json,,,
1223,nicola_beer,2667847117055437531,GraphStoryImage,,False,,1632252178,1632338578,2021-09-21 19:22:58,True,False,,,,,,nicola_beer_22-09-2021_00:00_image5.jpeg,nicola_beer_22-09-2021_00:00_item12.json,,,
1224,cdu,2667773733158047432,GraphStoryVideo,,True,True,1632243429,1632329829,2021-09-21 16:57:09,True,False,,,,,,cdu_22-09-2021_00:00_video10.jpeg,cdu_22-09-2021_00:00_item12.json,,,
1225,abaerbock,2667802159914098286,GraphStoryImage,,False,,1632246820,1632333220,2021-09-21 17:53:40,False,False,,,,,,abaerbock_22-09-2021_00:00_image8.jpeg,abaerbock_22-09-2021_00:00_item12.json,,,
1226,armin_laschet,2667818166048076966,GraphStoryVideo,,True,True,1632248725,1632335125,2021-09-21 18:25:25,True,False,,,,,,armin_laschet_22-09-2021_00:00_video8.jpeg,armin_laschet_22-09-2021_00:00_item12.json,,,
1227,olafscholz,2667760542494716367,GraphStoryImage,,False,,1632241397,1632327797,2021-09-21 16:23:17,False,False,,,,,,olafscholz_22-09-2021_00:00_image5.jpeg,olafscholz_22-09-2021_00:00_item12.json,,,
1228,robert.habeck,2667731606008095767,GraphStoryImage,,False,,1632238408,1632324808,2021-09-21 15:33:28,False,False,,,,,,robert.habeck_22-09-2021_00:00_image10.jpeg,robert.habeck_22-09-2021_00:00_item12.json,,,
1229,armin_laschet,2667819622536841873,GraphStoryVideo,,True,True,1632248894,1632335294,2021-09-21 18:28:14,True,False,,,,,,armin_laschet_22-09-2021_00:00_video9.jpeg,armin_laschet_22-09-2021_00:00_item13.json,,,
1230,nicola_beer,2667848982606367562,GraphStoryImage,,False,,1632252400,1632338800,2021-09-21 19:26:40,True,False,,,,,,nicola_beer_22-09-2021_00:00_image6.jpeg,nicola_beer_22-09-2021_00:00_item13.json,,,
1231,robert.habeck,2667733685451779277,GraphStoryImage,,False,,1632238655,1632325055,2021-09-21 15:37:35,False,False,,,,,,robert.habeck_22-09-2021_00:00_image11.jpeg,robert.habeck_22-09-2021_00:00_item13.json,,,
1232,cdu,2667780937588399326,GraphStoryVideo,,True,True,1632244289,1632330689,2021-09-21 17:11:29,True,False,,,,,,cdu_22-09-2021_00:00_video11.jpeg,cdu_22-09-2021_00:00_item13.json,,,
1233,olafscholz,2667760706187682325,GraphStoryVideo,,True,True,1632241719,1632328119,2021-09-21 16:28:39,False,False,,,,,,olafscholz_22-09-2021_00:00_video7.jpeg,olafscholz_22-09-2021_00:00_item13.json,,,
1234,abaerbock,2667803393324535393,GraphStoryImage,,False,,1632246966,1632333366,2021-09-21 17:56:06,True,False,,,,,,abaerbock_22-09-2021_00:00_image9.jpeg,abaerbock_22-09-2021_00:00_item13.json,,,
1235,abaerbock,2667822800847324298,GraphStoryImage,,False,,1632249280,1632335680,2021-09-21 18:34:40,False,False,,,,,,abaerbock_22-09-2021_00:00_image10.jpeg,abaerbock_22-09-2021_00:00_item14.json,,,
1236,cdu,2667803656416468929,GraphStoryImage,,False,,1632246994,1632333394,2021-09-21 17:56:34,True,False,,,229914648.0,,,cdu_22-09-2021_00:00_image2.jpeg,cdu_22-09-2021_00:00_item14.json,,,
1237,olafscholz,2667795343194583328,GraphStoryVideo,,True,True,1632245842,1632332242,2021-09-21 17:37:22,False,False,,,,,,olafscholz_22-09-2021_00:00_video8.jpeg,olafscholz_22-09-2021_00:00_item14.json,,,
1238,nicola_beer,2667885632619125230,GraphStoryImage,,False,,1632256767,1632343167,2021-09-21 20:39:27,True,False,,,,,,nicola_beer_22-09-2021_00:00_image7.jpeg,nicola_beer_22-09-2021_00:00_item14.json,,,
1239,robert.habeck,2667867540036888568,GraphStoryImage,,False,,1632254607,1632341007,2021-09-21 20:03:27,False,False,,,213879925.0,,,robert.habeck_22-09-2021_00:00_image12.jpeg,robert.habeck_22-09-2021_00:00_item14.json,,,
1240,armin_laschet,2667820556063285493,GraphStoryVideo,,True,True,1632249006,1632335406,2021-09-21 18:30:06,True,False,,,,,,armin_laschet_22-09-2021_00:00_video10.jpeg,armin_laschet_22-09-2021_00:00_item14.json,,,
1241,abaerbock,2667822852789757086,GraphStoryImage,,False,,1632249286,1632335686,2021-09-21 18:34:46,False,False,,,,,,abaerbock_22-09-2021_00:00_image11.jpeg,abaerbock_22-09-2021_00:00_item15.json,,,
1242,cdu,2667803807995595912,GraphStoryVideo,,True,True,1632247016,1632333416,2021-09-21 17:56:56,True,False,,,,,,cdu_22-09-2021_00:00_video12.jpeg,cdu_22-09-2021_00:00_item15.json,,,
1243,olafscholz,2667817796679632584,GraphStoryVideo,,True,True,1632248682,1632335082,2021-09-21 18:24:42,True,False,,,,,,olafscholz_22-09-2021_00:00_video9.jpeg,olafscholz_22-09-2021_00:00_item15.json,,,
1244,armin_laschet,2667821557000270974,GraphStoryVideo,,True,True,1632249123,1632335523,2021-09-21 18:32:03,True,False,,,,,,armin_laschet_22-09-2021_00:00_video11.jpeg,armin_laschet_22-09-2021_00:00_item15.json,,,
1245,robert.habeck,2667867688213240724,GraphStoryImage,,False,,1632254623,1632341023,2021-09-21 20:03:43,False,False,,,,,,robert.habeck_22-09-2021_00:00_image13.jpeg,robert.habeck_22-09-2021_00:00_item15.json,,,
1246,nicola_beer,2667885720330336707,GraphStoryVideo,,True,False,1632256778,1632343178,2021-09-21 20:39:38,True,False,,,,,,nicola_beer_22-09-2021_00:00_video7.jpeg,nicola_beer_22-09-2021_00:00_item15.json,,,
1247,armin_laschet,2667822312159557805,GraphStoryImage,,False,,1632249219,1632335619,2021-09-21 18:33:39,False,True,,,,,,armin_laschet_22-09-2021_00:00_image4.jpeg,armin_laschet_22-09-2021_00:00_item16.json,,,
1248,olafscholz,2667817937188744507,GraphStoryVideo,,True,True,1632248701,1632335101,2021-09-21 18:25:01,False,False,,,,,,olafscholz_22-09-2021_00:00_video10.jpeg,olafscholz_22-09-2021_00:00_item16.json,,,
1249,robert.habeck,2667868196244126657,GraphStoryImage,,False,,1632254685,1632341085,2021-09-21 20:04:45,False,False,,,,,,robert.habeck_22-09-2021_00:00_image14.jpeg,robert.habeck_22-09-2021_00:00_item16.json,,,
1250,nicola_beer,2667885810600359370,GraphStoryVideo,,True,False,1632256788,1632343188,2021-09-21 20:39:48,True,False,,,,,,nicola_beer_22-09-2021_00:00_video8.jpeg,nicola_beer_22-09-2021_00:00_item16.json,,,
1251,cdu,2667803952098074850,GraphStoryImage,,False,,1632247032,1632333432,2021-09-21 17:57:12,True,False,,,,,,cdu_22-09-2021_00:00_image3.jpeg,cdu_22-09-2021_00:00_item16.json,,,
1252,abaerbock,2667823109933992659,GraphStoryImage,,False,,1632249317,1632335717,2021-09-21 18:35:17,False,False,,,,,,abaerbock_22-09-2021_00:00_image12.jpeg,abaerbock_22-09-2021_00:00_item16.json,,,
1253,olafscholz,2667842075075104626,GraphStoryImage,,False,,1632251576,1632337976,2021-09-21 19:12:56,False,False,,,,,,olafscholz_22-09-2021_00:00_image6.jpeg,olafscholz_22-09-2021_00:00_item17.json,,,
1254,armin_laschet,2667822894958026063,GraphStoryVideo,,True,True,1632249285,1632335685,2021-09-21 18:34:45,True,False,,,,,,armin_laschet_22-09-2021_00:00_video12.jpeg,armin_laschet_22-09-2021_00:00_item17.json,,,
1255,cdu,2667817879994507755,GraphStoryVideo,,True,True,1632248693,1632335093,2021-09-21 18:24:53,True,False,,,,,,cdu_22-09-2021_00:00_video13.jpeg,cdu_22-09-2021_00:00_item17.json,,,
1256,abaerbock,2667823167362459522,GraphStoryImage,,False,,1632249324,1632335724,2021-09-21 18:35:24,False,False,,,,,,abaerbock_22-09-2021_00:00_image13.jpeg,abaerbock_22-09-2021_00:00_item17.json,,,
1257,robert.habeck,2667868540110000447,GraphStoryImage,,False,,1632254720,1632341120,2021-09-21 20:05:20,False,False,,,213879925.0,,,robert.habeck_22-09-2021_00:00_image15.jpeg,robert.habeck_22-09-2021_00:00_item17.json,,,
1258,nicola_beer,2667885883614769592,GraphStoryVideo,,True,False,1632256797,1632343197,2021-09-21 20:39:57,True,False,,,,,,nicola_beer_22-09-2021_00:00_video9.jpeg,nicola_beer_22-09-2021_00:00_item17.json,,,
1259,cdu,2667818318554174867,GraphStoryImage,,False,,1632248744,1632335144,2021-09-21 18:25:44,True,False,,,,,,cdu_22-09-2021_00:00_image4.jpeg,cdu_22-09-2021_00:00_item18.json,,,
1260,abaerbock,2667823226091162481,GraphStoryImage,,False,,1632249331,1632335731,2021-09-21 18:35:31,False,False,,,,,,abaerbock_22-09-2021_00:00_image14.jpeg,abaerbock_22-09-2021_00:00_item18.json,,,
1261,robert.habeck,2667868718284056622,GraphStoryImage,,False,,1632254748,1632341148,2021-09-21 20:05:48,False,False,,,,,,robert.habeck_22-09-2021_00:00_image16.jpeg,robert.habeck_22-09-2021_00:00_item18.json,,,
1262,nicola_beer,2667885938929210026,GraphStoryVideo,,True,False,1632256804,1632343204,2021-09-21 20:40:04,True,False,,,,,,nicola_beer_22-09-2021_00:00_video10.jpeg,nicola_beer_22-09-2021_00:00_item18.json,,,
1263,armin_laschet,2667846131536603088,GraphStoryImage,,False,,1632252058,1632338458,2021-09-21 19:20:58,True,False,,,,,,armin_laschet_22-09-2021_00:00_image5.jpeg,armin_laschet_22-09-2021_00:00_item18.json,,,
1264,robert.habeck,2667868807236821642,GraphStoryImage,,False,,1632254757,1632341157,2021-09-21 20:05:57,False,False,,,,,,robert.habeck_22-09-2021_00:00_image17.jpeg,robert.habeck_22-09-2021_00:00_item19.json,,,
1265,armin_laschet,2667846780395436875,GraphStoryVideo,,True,True,1632252132,1632338532,2021-09-21 19:22:12,True,False,,,,,,armin_laschet_22-09-2021_00:00_video13.jpeg,armin_laschet_22-09-2021_00:00_item19.json,,,
1266,abaerbock,2667823429749727364,GraphStoryImage,,False,,1632249355,1632335755,2021-09-21 18:35:55,False,False,,,,,,abaerbock_22-09-2021_00:00_image15.jpeg,abaerbock_22-09-2021_00:00_item19.json,,,
1267,nicola_beer,2667885974287158391,GraphStoryImage,,False,,1632256810,1632343210,2021-09-21 20:40:10,True,False,,,,,,nicola_beer_22-09-2021_00:00_image8.jpeg,nicola_beer_22-09-2021_00:00_item19.json,,,
1268,armin_laschet,2667847211913711334,GraphStoryVideo,,True,True,1632252188,1632338588,2021-09-21 19:23:08,True,False,,,,,,armin_laschet_22-09-2021_00:00_video14.jpeg,armin_laschet_22-09-2021_00:00_item20.json,,,
1269,abaerbock,2667859044381907081,GraphStoryImage,,False,,1632253600,1632340000,2021-09-21 19:46:40,True,False,,,,,,abaerbock_22-09-2021_00:00_image16.jpeg,abaerbock_22-09-2021_00:00_item20.json,,,
1270,robert.habeck,2667868887540955642,GraphStoryImage,,False,,1632254768,1632341168,2021-09-21 20:06:08,False,False,,,,,,robert.habeck_22-09-2021_00:00_image18.jpeg,robert.habeck_22-09-2021_00:00_item20.json,,,
1271,nicola_beer,2667888878817603123,GraphStoryVideo,,True,False,1632257157,1632343557,2021-09-21 20:45:57,True,False,,,,,,nicola_beer_22-09-2021_00:00_video11.jpeg,nicola_beer_22-09-2021_00:00_item20.json,,,
1272,robert.habeck,2667868998480280213,GraphStoryImage,,False,,1632254776,1632341176,2021-09-21 20:06:16,False,False,,,,,,robert.habeck_22-09-2021_00:00_image19.jpeg,robert.habeck_22-09-2021_00:00_item21.json,,,
1273,nicola_beer,2667891323626858243,GraphStoryImage,,False,,1632257447,1632343847,2021-09-21 20:50:47,False,False,,,,,,nicola_beer_22-09-2021_00:00_image9.jpeg,nicola_beer_22-09-2021_00:00_item21.json,,,
1274,armin_laschet,2667849065477296021,GraphStoryImage,,False,,1632252410,1632338810,2021-09-21 19:26:50,True,False,,,,,,armin_laschet_22-09-2021_00:00_image6.jpeg,armin_laschet_22-09-2021_00:00_item21.json,,,
1275,markus.soeder,2666757095761783718,GraphStoryImage,,False,,1632122235,1632208635,2021-09-20 07:17:15,True,True,,,,,,markus.soeder_21-09-2021_00:00_image0.jpeg,markus.soeder_21-09-2021_00:00_item0.json,,,
1276,dielinke,2666825230014855746,GraphStoryVideo,,True,False,1632130359,1632216759,2021-09-20 09:32:39,True,False,,,,,,dielinke_21-09-2021_00:00_video0.jpeg,dielinke_21-09-2021_00:00_item0.json,,,
1277,christianlindner,2666867681002649303,GraphStoryImage,,False,,1632135418,1632221818,2021-09-20 10:56:58,False,False,,,,,,christianlindner_21-09-2021_00:00_image0.jpeg,christianlindner_21-09-2021_00:00_item0.json,,,
1278,olafscholz,2666857269751340788,GraphStoryImage,,False,,1632134178,1632220578,2021-09-20 10:36:18,False,True,,,,,,olafscholz_21-09-2021_00:00_image0.jpeg,olafscholz_21-09-2021_00:00_item0.json,,,
1279,robert.habeck,2666808451986960008,GraphStoryImage,,False,,1632128357,1632214757,2021-09-20 08:59:17,True,False,,,,,,robert.habeck_21-09-2021_00:00_image0.jpeg,robert.habeck_21-09-2021_00:00_item0.json,,,
1280,nicola_beer,2666748907909976704,GraphStoryVideo,,True,True,1632121262,1632207662,2021-09-20 07:01:02,True,False,,,,,,nicola_beer_21-09-2021_00:00_video0.jpeg,nicola_beer_21-09-2021_00:00_item0.json,,,
1281,abaerbock,2666953574450019109,GraphStoryVideo,,True,False,1632145660,1632232060,2021-09-20 13:47:40,False,True,,,,,,abaerbock_21-09-2021_00:00_video0.jpeg,abaerbock_21-09-2021_00:00_item0.json,,,
1282,afd.bund,2666739734053951689,GraphStoryImage,,False,,1632120167,1632206567,2021-09-20 06:42:47,False,True,,,,,,afd.bund_21-09-2021_00:00_image0.jpeg,afd.bund_21-09-2021_00:00_item0.json,,,
1283,cdu,2666847970315626290,GraphStoryVideo,,True,False,1632133070,1632219470,2021-09-20 10:17:50,True,False,,,,,,cdu_21-09-2021_00:00_video0.jpeg,cdu_21-09-2021_00:00_item0.json,,,
1284,fw_bayern,2666992089546032268,GraphStoryVideo,,True,False,1632150241,1632236641,2021-09-20 15:04:01,True,False,,,,,,fw_bayern_21-09-2021_00:00_video0.jpeg,fw_bayern_21-09-2021_00:00_item0.json,,,
1285,christlichsozialeunion,2666743792512199088,GraphStoryImage,,False,,1632120649,1632207049,2021-09-20 06:50:49,True,True,,,,,,christlichsozialeunion_21-09-2021_00:00_image0.jpeg,christlichsozialeunion_21-09-2021_00:00_item0.json,,,
1286,susanne_hennig_wellsow,2666967953278365375,GraphStoryVideo,,True,False,1632147374,1632233774,2021-09-20 14:16:14,True,False,,,,,,susanne_hennig_wellsow_21-09-2021_00:00_video0.jpeg,susanne_hennig_wellsow_21-09-2021_00:00_item0.json,,,
1287,spdde,2667054655836636253,GraphStoryImage,,False,,1632157708,1632244108,2021-09-20 17:08:28,False,True,,,,,,spdde_21-09-2021_00:00_image0.jpeg,spdde_21-09-2021_00:00_item0.json,,,
1288,grey_gor,2666978394715131831,GraphStoryVideo,,True,False,1632148619,1632235019,2021-09-20 14:36:59,False,False,,,,,,grey_gor_21-09-2021_00:00_video0.jpeg,grey_gor_21-09-2021_00:00_item0.json,,,
1289,armin_laschet,2666793461577063186,GraphStoryVideo,,True,True,1632126572,1632212972,2021-09-20 08:29:32,True,False,,,,,,armin_laschet_21-09-2021_00:00_video0.jpeg,armin_laschet_21-09-2021_00:00_item0.json,,,
1290,abaerbock,2666976642596053467,GraphStoryImage,,False,,1632148410,1632234810,2021-09-20 14:33:30,False,False,,,,,,abaerbock_21-09-2021_00:00_image0.jpeg,abaerbock_21-09-2021_00:00_item1.json,,,
1291,markus.soeder,2666864543696823987,GraphStoryVideo,,True,False,1632135033,1632221433,2021-09-20 10:50:33,True,False,,,,,,markus.soeder_21-09-2021_00:00_video0.jpeg,markus.soeder_21-09-2021_00:00_item1.json,,,
1292,afd.bund,2666829861466051267,GraphStoryVideo,,True,True,1632130376,1632216776,2021-09-20 09:32:56,False,True,,,,,,afd.bund_21-09-2021_00:00_video0.jpeg,afd.bund_21-09-2021_00:00_item1.json,,,
1293,cdu,2666865167029149266,GraphStoryVideo,,True,True,1632135118,1632221518,2021-09-20 10:51:58,True,False,,,,,,cdu_21-09-2021_00:00_video1.jpeg,cdu_21-09-2021_00:00_item1.json,,,
1294,christlichsozialeunion,2666805535611536132,GraphStoryImage,,False,,1632128005,1632214405,2021-09-20 08:53:25,False,False,,,1026084873.0,,,christlichsozialeunion_21-09-2021_00:00_image1.jpeg,christlichsozialeunion_21-09-2021_00:00_item1.json,,,
1295,spdde,2667060509983000244,GraphStoryVideo,,True,False,1632158406,1632244806,2021-09-20 17:20:06,True,True,,,,,,spdde_21-09-2021_00:00_video0.jpeg,spdde_21-09-2021_00:00_item1.json,,,
1296,robert.habeck,2666938798126106252,GraphStoryVideo,,True,True,1632143897,1632230297,2021-09-20 13:18:17,False,True,,,,,,robert.habeck_21-09-2021_00:00_video0.jpeg,robert.habeck_21-09-2021_00:00_item1.json,,,
1297,dielinke,2666994645446224573,GraphStoryImage,,False,,1632150556,1632236956,2021-09-20 15:09:16,False,False,,,,,,dielinke_21-09-2021_00:00_image0.jpeg,dielinke_21-09-2021_00:00_item1.json,,,
1298,armin_laschet,2666815992111543431,GraphStoryImage,,False,,1632129258,1632215658,2021-09-20 09:14:18,True,False,,,,,,armin_laschet_21-09-2021_00:00_image0.jpeg,armin_laschet_21-09-2021_00:00_item1.json,,,
1299,fw_bayern,2666992162132553301,GraphStoryVideo,,True,False,1632150258,1632236658,2021-09-20 15:04:18,True,False,,,,,,fw_bayern_21-09-2021_00:00_video1.jpeg,fw_bayern_21-09-2021_00:00_item1.json,,,
1300,susanne_hennig_wellsow,2666968221713699986,GraphStoryVideo,,True,True,1632147405,1632233805,2021-09-20 14:16:45,True,False,,,,,,susanne_hennig_wellsow_21-09-2021_00:00_video1.jpeg,susanne_hennig_wellsow_21-09-2021_00:00_item1.json,,,
1301,olafscholz,2666917796827256438,GraphStoryVideo,,True,False,1632141395,1632227795,2021-09-20 12:36:35,False,False,,,235463726.0,,,olafscholz_21-09-2021_00:00_video0.jpeg,olafscholz_21-09-2021_00:00_item1.json,,,
1302,nicola_beer,2666880304163180407,GraphStoryImage,,False,,1632136925,1632223325,2021-09-20 11:22:05,True,False,,,,,,nicola_beer_21-09-2021_00:00_image0.jpeg,nicola_beer_21-09-2021_00:00_item1.json,,,
1303,christianlindner,2667114095474423511,GraphStoryImage,,False,,1632164793,1632251193,2021-09-20 19:06:33,False,False,,,,,,christianlindner_21-09-2021_00:00_image1.jpeg,christianlindner_21-09-2021_00:00_item1.json,,,
1304,olafscholz,2666937039077764464,GraphStoryVideo,,True,True,1632143688,1632230088,2021-09-20 13:14:48,True,False,,,235463726.0,,,olafscholz_21-09-2021_00:00_video1.jpeg,olafscholz_21-09-2021_00:00_item2.json,,,
1305,robert.habeck,2667100193579798663,GraphStoryImage,,False,,1632163136,1632249536,2021-09-20 18:38:56,False,False,,,705359.0,,,robert.habeck_21-09-2021_00:00_image1.jpeg,robert.habeck_21-09-2021_00:00_item2.json,,,
1306,armin_laschet,2666889955248363244,GraphStoryVideo,,True,True,1632138071,1632224471,2021-09-20 11:41:11,True,False,,,,,,armin_laschet_21-09-2021_00:00_video1.jpeg,armin_laschet_21-09-2021_00:00_item2.json,,,
1307,nicola_beer,2666882998382696169,GraphStoryImage,,False,,1632137246,1632223646,2021-09-20 11:27:26,True,False,,,,,,nicola_beer_21-09-2021_00:00_image1.jpeg,nicola_beer_21-09-2021_00:00_item2.json,,,
1308,abaerbock,2666976816732721767,GraphStoryVideo,,True,False,1632148431,1632234831,2021-09-20 14:33:51,False,False,,,,,,abaerbock_21-09-2021_00:00_video1.jpeg,abaerbock_21-09-2021_00:00_item2.json,,,
1309,susanne_hennig_wellsow,2666968236841657813,GraphStoryImage,,False,,1632147409,1632233809,2021-09-20 14:16:49,True,False,,,,,,susanne_hennig_wellsow_21-09-2021_00:00_image0.jpeg,susanne_hennig_wellsow_21-09-2021_00:00_item2.json,,,
1310,christlichsozialeunion,2666805538052417105,GraphStoryVideo,,True,False,1632128006,1632214406,2021-09-20 08:53:26,True,False,,,,,,christlichsozialeunion_21-09-2021_00:00_video0.jpeg,christlichsozialeunion_21-09-2021_00:00_item2.json,,,
1311,fw_bayern,2666992277769656160,GraphStoryVideo,,True,False,1632150271,1632236671,2021-09-20 15:04:31,True,False,,,,,,fw_bayern_21-09-2021_00:00_video2.jpeg,fw_bayern_21-09-2021_00:00_item2.json,,,
1312,cdu,2666909451421935539,GraphStoryVideo,,True,True,1632140392,1632226792,2021-09-20 12:19:52,True,False,,,,,,cdu_21-09-2021_00:00_video2.jpeg,cdu_21-09-2021_00:00_item2.json,,,
1313,markus.soeder,2666865006345377798,GraphStoryVideo,,True,True,1632135096,1632221496,2021-09-20 10:51:36,True,False,,,,,,markus.soeder_21-09-2021_00:00_video1.jpeg,markus.soeder_21-09-2021_00:00_item2.json,,,
1314,afd.bund,2666872052852731506,GraphStoryImage,,False,,1632135941,1632222341,2021-09-20 11:05:41,False,True,,,,,,afd.bund_21-09-2021_00:00_image1.jpeg,afd.bund_21-09-2021_00:00_item2.json,,,
1315,abaerbock,2666976883114201282,GraphStoryImage,,False,,1632148439,1632234839,2021-09-20 14:33:59,False,False,,,,,,abaerbock_21-09-2021_00:00_image1.jpeg,abaerbock_21-09-2021_00:00_item3.json,,,
1316,armin_laschet,2666890005445806634,GraphStoryVideo,,True,True,1632138072,1632224472,2021-09-20 11:41:12,True,False,,,,,,armin_laschet_21-09-2021_00:00_video2.jpeg,armin_laschet_21-09-2021_00:00_item3.json,,,
1317,cdu,2666910308855005706,GraphStoryVideo,,True,True,1632140472,1632226872,2021-09-20 12:21:12,True,False,,,,,,cdu_21-09-2021_00:00_video3.jpeg,cdu_21-09-2021_00:00_item3.json,,,
1318,markus.soeder,2666948097881574193,GraphStoryImage,,False,,1632145006,1632231406,2021-09-20 13:36:46,False,True,,,,,,markus.soeder_21-09-2021_00:00_image1.jpeg,markus.soeder_21-09-2021_00:00_item3.json,,,
1319,christlichsozialeunion,2666805527222943135,GraphStoryImage,,False,,1632128007,1632214407,2021-09-20 08:53:27,True,False,,,,,,christlichsozialeunion_21-09-2021_00:00_image2.jpeg,christlichsozialeunion_21-09-2021_00:00_item3.json,,,
1320,susanne_hennig_wellsow,2666968571611170802,GraphStoryVideo,,True,False,1632147447,1632233847,2021-09-20 14:17:27,True,False,,,,,,susanne_hennig_wellsow_21-09-2021_00:00_video2.jpeg,susanne_hennig_wellsow_21-09-2021_00:00_item3.json,,,
1321,olafscholz,2666963077736309764,GraphStoryVideo,,True,True,1632146789,1632233189,2021-09-20 14:06:29,False,False,,,,,,olafscholz_21-09-2021_00:00_video2.jpeg,olafscholz_21-09-2021_00:00_item3.json,,,
1322,afd.bund,2666872277533276024,GraphStoryImage,,False,,1632135966,1632222366,2021-09-20 11:06:06,False,True,,,,,,afd.bund_21-09-2021_00:00_image2.jpeg,afd.bund_21-09-2021_00:00_item3.json,,,
1323,robert.habeck,2667100307807312869,GraphStoryVideo,,True,False,1632163153,1632249553,2021-09-20 18:39:13,False,False,,,705359.0,,,robert.habeck_21-09-2021_00:00_video1.jpeg,robert.habeck_21-09-2021_00:00_item3.json,,,
1324,fw_bayern,2666992351270527704,GraphStoryImage,,False,,1632150282,1632236682,2021-09-20 15:04:42,True,False,,,,,,fw_bayern_21-09-2021_00:00_image0.jpeg,fw_bayern_21-09-2021_00:00_item3.json,,,
1325,cdu,2667130219032324493,GraphStoryImage,,False,,1632166717,1632253117,2021-09-20 19:38:37,False,False,,,,,,cdu_21-09-2021_00:00_image0.jpeg,cdu_21-09-2021_00:00_item4.json,,,
1326,olafscholz,2666963092936425794,GraphStoryVideo,,True,True,1632146790,1632233190,2021-09-20 14:06:30,False,False,,,,,,olafscholz_21-09-2021_00:00_video3.jpeg,olafscholz_21-09-2021_00:00_item4.json,,,
1327,armin_laschet,2666889982150647763,GraphStoryVideo,,True,True,1632138073,1632224473,2021-09-20 11:41:13,True,False,,,,,,armin_laschet_21-09-2021_00:00_video3.jpeg,armin_laschet_21-09-2021_00:00_item4.json,,,
1328,christlichsozialeunion,2666805525662586340,GraphStoryVideo,,True,False,1632128008,1632214408,2021-09-20 08:53:28,True,False,,,,,,christlichsozialeunion_21-09-2021_00:00_video1.jpeg,christlichsozialeunion_21-09-2021_00:00_item4.json,,,
1329,afd.bund,2667041233133033859,GraphStoryImage,,False,,1632156109,1632242509,2021-09-20 16:41:49,False,True,,,,,,afd.bund_21-09-2021_00:00_image3.jpeg,afd.bund_21-09-2021_00:00_item4.json,,,
1330,fw_bayern,2666992494648701128,GraphStoryImage,,False,,1632150299,1632236699,2021-09-20 15:04:59,True,False,,,,,,fw_bayern_21-09-2021_00:00_image1.jpeg,fw_bayern_21-09-2021_00:00_item4.json,,,
1331,susanne_hennig_wellsow,2666968714150198201,GraphStoryVideo,,True,False,1632147464,1632233864,2021-09-20 14:17:44,True,False,,,,,,susanne_hennig_wellsow_21-09-2021_00:00_video3.jpeg,susanne_hennig_wellsow_21-09-2021_00:00_item4.json,,,
1332,robert.habeck,2667100422940991526,GraphStoryImage,,False,,1632163165,1632249565,2021-09-20 18:39:25,False,False,,,,,,robert.habeck_21-09-2021_00:00_image2.jpeg,robert.habeck_21-09-2021_00:00_item4.json,,,
1333,markus.soeder,2666979821600588305,GraphStoryImage,,False,,1632148788,1632235188,2021-09-20 14:39:48,False,True,,,,,,markus.soeder_21-09-2021_00:00_image2.jpeg,markus.soeder_21-09-2021_00:00_item4.json,,,
1334,abaerbock,2666976965205076560,GraphStoryImage,,False,,1632148449,1632234849,2021-09-20 14:34:09,False,False,,,,,,abaerbock_21-09-2021_00:00_image2.jpeg,abaerbock_21-09-2021_00:00_item4.json,,,
1335,armin_laschet,2666893045754214093,GraphStoryVideo,,True,True,1632138441,1632224841,2021-09-20 11:47:21,True,False,,,,,,armin_laschet_21-09-2021_00:00_video4.jpeg,armin_laschet_21-09-2021_00:00_item5.json,,,
1336,christlichsozialeunion,2666805526979649525,GraphStoryImage,,False,,1632128009,1632214409,2021-09-20 08:53:29,True,False,,,,,,christlichsozialeunion_21-09-2021_00:00_image3.jpeg,christlichsozialeunion_21-09-2021_00:00_item5.json,,,
1337,cdu,2667141457434920587,GraphStoryVideo,,True,True,1632168053,1632254453,2021-09-20 20:00:53,False,False,,,,,,cdu_21-09-2021_00:00_video4.jpeg,cdu_21-09-2021_00:00_item5.json,,,
1338,fw_bayern,2666992831971397146,GraphStoryImage,,False,,1632150339,1632236739,2021-09-20 15:05:39,False,True,,,,,,fw_bayern_21-09-2021_00:00_image2.jpeg,fw_bayern_21-09-2021_00:00_item5.json,,,
1339,abaerbock,2666977296404024422,GraphStoryImage,,False,,1632148489,1632234889,2021-09-20 14:34:49,False,False,,,,,,abaerbock_21-09-2021_00:00_image3.jpeg,abaerbock_21-09-2021_00:00_item5.json,,,
1340,olafscholz,2666963101081723673,GraphStoryVideo,,True,True,1632146791,1632233191,2021-09-20 14:06:31,False,False,,,,,,olafscholz_21-09-2021_00:00_video4.jpeg,olafscholz_21-09-2021_00:00_item5.json,,,
1341,robert.habeck,2667100712739040031,GraphStoryVideo,,True,True,1632163200,1632249600,2021-09-20 18:40:00,False,False,,,,,,robert.habeck_21-09-2021_00:00_video2.jpeg,robert.habeck_21-09-2021_00:00_item5.json,,,
1342,abaerbock,2666977522779114846,GraphStoryImage,,False,,1632148515,1632234915,2021-09-20 14:35:15,False,False,,,,,,abaerbock_21-09-2021_00:00_image4.jpeg,abaerbock_21-09-2021_00:00_item6.json,,,
1343,fw_bayern,2666993313955446996,GraphStoryVideo,,True,True,1632150380,1632236780,2021-09-20 15:06:20,False,True,,,,,,fw_bayern_21-09-2021_00:00_video3.jpeg,fw_bayern_21-09-2021_00:00_item6.json,,,
1344,christlichsozialeunion,2666841839376154377,GraphStoryVideo,,True,False,1632132338,1632218738,2021-09-20 10:05:38,True,False,,,,,,christlichsozialeunion_21-09-2021_00:00_video2.jpeg,christlichsozialeunion_21-09-2021_00:00_item6.json,,,
1345,armin_laschet,2666893066129900102,GraphStoryVideo,,True,True,1632138442,1632224842,2021-09-20 11:47:22,True,False,,,,,,armin_laschet_21-09-2021_00:00_video5.jpeg,armin_laschet_21-09-2021_00:00_item6.json,,,
1346,robert.habeck,2667100750398678710,GraphStoryVideo,,True,True,1632163204,1632249604,2021-09-20 18:40:04,False,False,,,,,,robert.habeck_21-09-2021_00:00_video3.jpeg,robert.habeck_21-09-2021_00:00_item6.json,,,
1347,olafscholz,2666971341926788048,GraphStoryImage,,False,,1632147778,1632234178,2021-09-20 14:22:58,False,False,,,235463726.0,,,olafscholz_21-09-2021_00:00_image1.jpeg,olafscholz_21-09-2021_00:00_item6.json,,,
1348,armin_laschet,2666952195649566025,GraphStoryImage,,False,,1632145492,1632231892,2021-09-20 13:44:52,True,False,,,,,,armin_laschet_21-09-2021_00:00_image1.jpeg,armin_laschet_21-09-2021_00:00_item7.json,,,
1349,robert.habeck,2667100792853543360,GraphStoryImage,,False,,1632163209,1632249609,2021-09-20 18:40:09,False,False,,,,,,robert.habeck_21-09-2021_00:00_image3.jpeg,robert.habeck_21-09-2021_00:00_item7.json,,,
1350,christlichsozialeunion,2666841851355073051,GraphStoryVideo,,True,True,1632132339,1632218739,2021-09-20 10:05:39,True,False,,,,,,christlichsozialeunion_21-09-2021_00:00_video3.jpeg,christlichsozialeunion_21-09-2021_00:00_item7.json,,,
1351,olafscholz,2666977736738766779,GraphStoryImage,,False,,1632148540,1632234940,2021-09-20 14:35:40,True,False,,,232063897734050.0,,,olafscholz_21-09-2021_00:00_image2.jpeg,olafscholz_21-09-2021_00:00_item7.json,,,
1352,fw_bayern,2666993985446970086,GraphStoryImage,,False,,1632150477,1632236877,2021-09-20 15:07:57,False,True,,,,,,fw_bayern_21-09-2021_00:00_image3.jpeg,fw_bayern_21-09-2021_00:00_item7.json,,,
1353,abaerbock,2666977614416131406,GraphStoryImage,,False,,1632148526,1632234926,2021-09-20 14:35:26,False,False,,,,,,abaerbock_21-09-2021_00:00_image5.jpeg,abaerbock_21-09-2021_00:00_item7.json,,,
1354,christlichsozialeunion,2666862799772804032,GraphStoryVideo,,True,False,1632134839,1632221239,2021-09-20 10:47:19,False,True,,,,,,christlichsozialeunion_21-09-2021_00:00_video4.jpeg,christlichsozialeunion_21-09-2021_00:00_item8.json,,,
1355,armin_laschet,2667000016729552180,GraphStoryImage,,False,,1632151194,1632237594,2021-09-20 15:19:54,False,True,,,,,,armin_laschet_21-09-2021_00:00_image2.jpeg,armin_laschet_21-09-2021_00:00_item8.json,,,
1356,olafscholz,2666979029731310261,GraphStoryVideo,,True,True,1632148694,1632235094,2021-09-20 14:38:14,True,False,,,232063897734050.0,,,olafscholz_21-09-2021_00:00_video5.jpeg,olafscholz_21-09-2021_00:00_item8.json,,,
1357,fw_bayern,2667147648958123837,GraphStoryVideo,,True,False,1632168794,1632255194,2021-09-20 20:13:14,True,False,,,,,,fw_bayern_21-09-2021_00:00_video4.jpeg,fw_bayern_21-09-2021_00:00_item8.json,,,
1358,robert.habeck,2667100994045838763,GraphStoryImage,,False,,1632163233,1632249633,2021-09-20 18:40:33,False,False,,,705359.0,,,robert.habeck_21-09-2021_00:00_image4.jpeg,robert.habeck_21-09-2021_00:00_item8.json,,,
1359,abaerbock,2666977787045373505,GraphStoryImage,,False,,1632148542,1632234942,2021-09-20 14:35:42,False,False,,,,,,abaerbock_21-09-2021_00:00_image6.jpeg,abaerbock_21-09-2021_00:00_item8.json,,,
1360,abaerbock,2666977798202076251,GraphStoryImage,,False,,1632148548,1632234948,2021-09-20 14:35:48,False,False,,,,,,abaerbock_21-09-2021_00:00_image7.jpeg,abaerbock_21-09-2021_00:00_item9.json,,,
1361,olafscholz,2666996720930574611,GraphStoryImage,,False,,1632150802,1632237202,2021-09-20 15:13:22,True,False,,,232063897734050.0,,,olafscholz_21-09-2021_00:00_image3.jpeg,olafscholz_21-09-2021_00:00_item9.json,,,
1362,christlichsozialeunion,2666896742681220548,GraphStoryVideo,,True,False,1632138885,1632225285,2021-09-20 11:54:45,False,False,,,,,,christlichsozialeunion_21-09-2021_00:00_video5.jpeg,christlichsozialeunion_21-09-2021_00:00_item9.json,,,
1363,fw_bayern,2667147732592374407,GraphStoryImage,,False,,1632168805,1632255205,2021-09-20 20:13:25,True,False,,,,,,fw_bayern_21-09-2021_00:00_image4.jpeg,fw_bayern_21-09-2021_00:00_item9.json,,,
1364,robert.habeck,2667101665813868515,GraphStoryImage,,False,,1632163313,1632249713,2021-09-20 18:41:53,False,False,,,,,,robert.habeck_21-09-2021_00:00_image5.jpeg,robert.habeck_21-09-2021_00:00_item9.json,,,
1365,armin_laschet,2667109527297526340,GraphStoryVideo,,True,True,1632164251,1632250651,2021-09-20 18:57:31,True,False,,,,,,armin_laschet_21-09-2021_00:00_video6.jpeg,armin_laschet_21-09-2021_00:00_item9.json,,,
1366,robert.habeck,2667101725037596293,GraphStoryImage,,False,,1632163320,1632249720,2021-09-20 18:42:00,False,False,,,,,,robert.habeck_21-09-2021_00:00_image6.jpeg,robert.habeck_21-09-2021_00:00_item10.json,,,
1367,fw_bayern,2667147839958247436,GraphStoryImage,,False,,1632168817,1632255217,2021-09-20 20:13:37,True,False,,,,,,fw_bayern_21-09-2021_00:00_image5.jpeg,fw_bayern_21-09-2021_00:00_item10.json,,,
1368,abaerbock,2666978268490320545,GraphStoryVideo,,True,True,1632148603,1632235003,2021-09-20 14:36:43,True,False,,,,,,abaerbock_21-09-2021_00:00_video2.jpeg,abaerbock_21-09-2021_00:00_item10.json,,,
1369,armin_laschet,2667110649273964882,GraphStoryImage,,False,,1632164384,1632250784,2021-09-20 18:59:44,False,False,,,,,,armin_laschet_21-09-2021_00:00_image3.jpeg,armin_laschet_21-09-2021_00:00_item10.json,,,
1370,olafscholz,2667008104204598149,GraphStoryImage,,False,,1632152160,1632238560,2021-09-20 15:36:00,False,False,,,,,,olafscholz_21-09-2021_00:00_image4.jpeg,olafscholz_21-09-2021_00:00_item10.json,,,
1371,christlichsozialeunion,2666910808195805490,GraphStoryVideo,,True,False,1632140561,1632226961,2021-09-20 12:22:41,False,False,,,,,,christlichsozialeunion_21-09-2021_00:00_video6.jpeg,christlichsozialeunion_21-09-2021_00:00_item10.json,,,
1372,fw_bayern,2667148362971192170,GraphStoryVideo,,True,True,1632168872,1632255272,2021-09-20 20:14:32,True,False,,,,,,fw_bayern_21-09-2021_00:00_video5.jpeg,fw_bayern_21-09-2021_00:00_item11.json,,,
1373,robert.habeck,2667188387671424555,GraphStoryImage,,False,,1632173649,1632260049,2021-09-20 21:34:09,False,False,,,213110159.0,,,robert.habeck_21-09-2021_00:00_image7.jpeg,robert.habeck_21-09-2021_00:00_item11.json,,,
1374,abaerbock,2666978400948951053,GraphStoryImage,,False,,1632148619,1632235019,2021-09-20 14:36:59,True,False,,,,,,abaerbock_21-09-2021_00:00_image8.jpeg,abaerbock_21-09-2021_00:00_item11.json,,,
1375,olafscholz,2667077332472960021,GraphStoryVideo,,True,True,1632160412,1632246812,2021-09-20 17:53:32,False,False,,,232063897734050.0,,,olafscholz_21-09-2021_00:00_video6.jpeg,olafscholz_21-09-2021_00:00_item11.json,,,
1376,christlichsozialeunion,2666917645246995722,GraphStoryImage,,False,,1632141374,1632227774,2021-09-20 12:36:14,False,True,,,,,,christlichsozialeunion_21-09-2021_00:00_image4.jpeg,christlichsozialeunion_21-09-2021_00:00_item11.json,,,
1377,christlichsozialeunion,2666944143148393573,GraphStoryImage,,False,,1632144534,1632230934,2021-09-20 13:28:54,False,True,,,,,,christlichsozialeunion_21-09-2021_00:00_image5.jpeg,christlichsozialeunion_21-09-2021_00:00_item12.json,,,
1378,abaerbock,2666978848042559203,GraphStoryVideo,,True,False,1632148673,1632235073,2021-09-20 14:37:53,False,False,,,,,,abaerbock_21-09-2021_00:00_video3.jpeg,abaerbock_21-09-2021_00:00_item12.json,,,
1379,robert.habeck,2667188731226675254,GraphStoryImage,,False,,1632173692,1632260092,2021-09-20 21:34:52,True,False,,,,,,robert.habeck_21-09-2021_00:00_image8.jpeg,robert.habeck_21-09-2021_00:00_item12.json,,,
1380,christlichsozialeunion,2666990235210489725,GraphStoryImage,,False,,1632150027,1632236427,2021-09-20 15:00:27,True,True,,,,,,christlichsozialeunion_21-09-2021_00:00_image6.jpeg,christlichsozialeunion_21-09-2021_00:00_item13.json,,,
1381,abaerbock,2667092916227466485,GraphStoryImage,,False,,1632162271,1632248671,2021-09-20 18:24:31,False,True,,,,,,abaerbock_21-09-2021_00:00_image9.jpeg,abaerbock_21-09-2021_00:00_item13.json,,,
1382,robert.habeck,2667189015539574389,GraphStoryVideo,,True,True,1632173724,1632260124,2021-09-20 21:35:24,True,False,,,,,,robert.habeck_21-09-2021_00:00_video4.jpeg,robert.habeck_21-09-2021_00:00_item13.json,,,
1383,robert.habeck,2667189649032028971,GraphStoryVideo,,True,True,1632173802,1632260202,2021-09-20 21:36:42,True,False,,,,,,robert.habeck_21-09-2021_00:00_video5.jpeg,robert.habeck_21-09-2021_00:00_item14.json,,,
1384,christlichsozialeunion,2667013906771792782,GraphStoryVideo,,True,False,1632152852,1632239252,2021-09-20 15:47:32,False,True,,,,,,christlichsozialeunion_21-09-2021_00:00_video7.jpeg,christlichsozialeunion_21-09-2021_00:00_item14.json,,,
1385,abaerbock,2667151984426153151,GraphStoryImage,,False,,1632169311,1632255711,2021-09-20 20:21:51,False,False,,,230803656.0,,,abaerbock_21-09-2021_00:00_image10.jpeg,abaerbock_21-09-2021_00:00_item14.json,,,
1386,robert.habeck,2667189762245376220,GraphStoryVideo,,True,True,1632173815,1632260215,2021-09-20 21:36:55,True,False,,,,,,robert.habeck_21-09-2021_00:00_video6.jpeg,robert.habeck_21-09-2021_00:00_item15.json,,,
1387,christlichsozialeunion,2667099447420858254,GraphStoryImage,,False,,1632163046,1632249446,2021-09-20 18:37:26,False,True,,,,,,christlichsozialeunion_21-09-2021_00:00_image7.jpeg,christlichsozialeunion_21-09-2021_00:00_item15.json,,,
1388,abaerbock,2667152084348787653,GraphStoryVideo,,True,True,1632169324,1632255724,2021-09-20 20:22:04,False,False,,,,,,abaerbock_21-09-2021_00:00_video4.jpeg,abaerbock_21-09-2021_00:00_item15.json,,,
1389,abaerbock,2667152115932021685,GraphStoryVideo,,True,True,1632169329,1632255729,2021-09-20 20:22:09,False,False,,,,,,abaerbock_21-09-2021_00:00_video5.jpeg,abaerbock_21-09-2021_00:00_item16.json,,,
1390,robert.habeck,2667191774664093318,GraphStoryImage,,False,,1632174055,1632260455,2021-09-20 21:40:55,False,False,,,,,,robert.habeck_21-09-2021_00:00_image9.jpeg,robert.habeck_21-09-2021_00:00_item16.json,,,
1391,robert.habeck,2667193323368711514,GraphStoryVideo,,True,True,1632174228,1632260628,2021-09-20 21:43:48,False,False,,,,,,robert.habeck_21-09-2021_00:00_video7.jpeg,robert.habeck_21-09-2021_00:00_item17.json,,,
1392,abaerbock,2667152265402465507,GraphStoryImage,,False,,1632169345,1632255745,2021-09-20 20:22:25,False,False,,,,,,abaerbock_21-09-2021_00:00_image11.jpeg,abaerbock_21-09-2021_00:00_item17.json,,,
1393,abaerbock,2667152305615198001,GraphStoryVideo,,True,True,1632169350,1632255750,2021-09-20 20:22:30,False,False,,,,,,abaerbock_21-09-2021_00:00_video6.jpeg,abaerbock_21-09-2021_00:00_item18.json,,,
1394,robert.habeck,2667193340521711598,GraphStoryVideo,,True,True,1632174229,1632260629,2021-09-20 21:43:49,False,False,,,,,,robert.habeck_21-09-2021_00:00_video8.jpeg,robert.habeck_21-09-2021_00:00_item18.json,,,
1395,robert.habeck,2667193524720743117,GraphStoryImage,,False,,1632174264,1632260664,2021-09-20 21:44:24,False,False,,,,,,robert.habeck_21-09-2021_00:00_image10.jpeg,robert.habeck_21-09-2021_00:00_item19.json,,,
1396,abaerbock,2667152354285846074,GraphStoryVideo,,True,True,1632169356,1632255756,2021-09-20 20:22:36,False,False,,,,,,abaerbock_21-09-2021_00:00_video7.jpeg,abaerbock_21-09-2021_00:00_item19.json,,,
1397,abaerbock,2667152396371493662,GraphStoryVideo,,True,True,1632169362,1632255762,2021-09-20 20:22:42,False,False,,,,,,abaerbock_21-09-2021_00:00_video8.jpeg,abaerbock_21-09-2021_00:00_item20.json,,,
1398,robert.habeck,2667194031946118633,GraphStoryImage,,False,,1632174315,1632260715,2021-09-20 21:45:15,True,False,,,,,,robert.habeck_21-09-2021_00:00_image11.jpeg,robert.habeck_21-09-2021_00:00_item20.json,,,
1399,robert.habeck,2667195283081858434,GraphStoryImage,,False,,1632174473,1632260873,2021-09-20 21:47:53,True,False,,,,,,robert.habeck_21-09-2021_00:00_image12.jpeg,robert.habeck_21-09-2021_00:00_item21.json,,,
1400,abaerbock,2667152462190839952,GraphStoryImage,,False,,1632169369,1632255769,2021-09-20 20:22:49,False,False,,,,,,abaerbock_21-09-2021_00:00_image12.jpeg,abaerbock_21-09-2021_00:00_item21.json,,,
1401,robert.habeck,2667195911204141635,GraphStoryImage,,False,,1632174548,1632260948,2021-09-20 21:49:08,True,False,,,,,,robert.habeck_21-09-2021_00:00_image13.jpeg,robert.habeck_21-09-2021_00:00_item22.json,,,
1402,abaerbock,2667152515626279240,GraphStoryImage,,False,,1632169376,1632255776,2021-09-20 20:22:56,False,False,,,,,,abaerbock_21-09-2021_00:00_image13.jpeg,abaerbock_21-09-2021_00:00_item22.json,,,
1403,robert.habeck,2667196150027848526,GraphStoryImage,,False,,1632174575,1632260975,2021-09-20 21:49:35,False,False,,,213110159.0,,,robert.habeck_21-09-2021_00:00_image14.jpeg,robert.habeck_21-09-2021_00:00_item23.json,,,
1404,abaerbock,2667152553987438715,GraphStoryImage,,False,,1632169381,1632255781,2021-09-20 20:23:01,False,False,,,,,,abaerbock_21-09-2021_00:00_image14.jpeg,abaerbock_21-09-2021_00:00_item23.json,,,
1405,abaerbock,2667152590368685007,GraphStoryImage,,False,,1632169386,1632255786,2021-09-20 20:23:06,False,False,,,,,,abaerbock_21-09-2021_00:00_image15.jpeg,abaerbock_21-09-2021_00:00_item24.json,,,
1406,markus.soeder,2668868633259822123,GraphStoryImage,,False,,1632373950,1632460350,2021-09-23 05:12:30,False,False,,,,,,markus.soeder_24-09-2021_00:00_image0.jpeg,markus.soeder_24-09-2021_00:00_item0.json,,,
1407,olafscholz,2668993419131574784,GraphStoryImage,,False,,1632388827,1632475227,2021-09-23 09:20:27,True,False,,,,,,olafscholz_24-09-2021_00:00_image0.jpeg,olafscholz_24-09-2021_00:00_item0.json,,,
1408,abaerbock,2668920236932331729,GraphStoryImage,,False,,1632380105,1632466505,2021-09-23 06:55:05,True,False,,,,,,abaerbock_24-09-2021_00:00_image0.jpeg,abaerbock_24-09-2021_00:00_item0.json,,,
1409,fdp,2669052224025417343,GraphStoryVideo,,True,False,1632395834,1632482234,2021-09-23 11:17:14,False,False,,,,,,fdp_24-09-2021_00:00_video0.jpeg,fdp_24-09-2021_00:00_item0.json,,,
1410,armin_laschet,2668894270666117942,GraphStoryVideo,,True,True,1632377006,1632463406,2021-09-23 06:03:26,True,False,,,,,,armin_laschet_24-09-2021_00:00_video0.jpeg,armin_laschet_24-09-2021_00:00_item0.json,,,
1411,engin_eroglu_,2668983994476941529,GraphStoryVideo,,True,False,1632387705,1632474105,2021-09-23 09:01:45,False,False,,,,,,engin_eroglu__24-09-2021_00:00_video0.jpeg,engin_eroglu__24-09-2021_00:00_item0.json,,,
1412,robert.habeck,2669004214641077045,GraphStoryImage,,False,,1632390112,1632476512,2021-09-23 09:41:52,True,False,,,,,,robert.habeck_24-09-2021_00:00_image0.jpeg,robert.habeck_24-09-2021_00:00_item0.json,,,
1413,cdu,2669082008426264977,GraphStoryVideo,,True,True,1632399390,1632485790,2021-09-23 12:16:30,True,False,,,,,,cdu_24-09-2021_00:00_video0.jpeg,cdu_24-09-2021_00:00_item0.json,,,
1414,christianlindner,2669001053585914743,GraphStoryImage,,False,,1632389728,1632476128,2021-09-23 09:35:28,False,False,,,,,,christianlindner_24-09-2021_00:00_image0.jpeg,christianlindner_24-09-2021_00:00_item0.json,,,
1415,christlichsozialeunion,2668886289510072275,GraphStoryImage,,False,,1632376055,1632462455,2021-09-23 05:47:35,False,False,,,,,,christlichsozialeunion_24-09-2021_00:00_image0.jpeg,christlichsozialeunion_24-09-2021_00:00_item0.json,,,
1416,die_gruenen,2668919933322227852,GraphStoryImage,,False,,1632380065,1632466465,2021-09-23 06:54:25,True,False,,,,,,die_gruenen_24-09-2021_00:00_image0.jpeg,die_gruenen_24-09-2021_00:00_item0.json,,,
1417,saskiaesken,2669100304208653560,GraphStoryVideo,,True,True,1632401570,1632487970,2021-09-23 12:52:50,False,False,,,,,,saskiaesken_24-09-2021_00:00_video0.jpeg,saskiaesken_24-09-2021_00:00_item0.json,,,
1418,spdde,2669309189964170944,GraphStoryVideo,,True,True,1632426468,1632512868,2021-09-23 19:47:48,False,False,,,,,,spdde_24-09-2021_00:00_video0.jpeg,spdde_24-09-2021_00:00_item0.json,,,
1419,susanne_hennig_wellsow,2669104414239891051,GraphStoryImage,,False,,1632402056,1632488456,2021-09-23 13:00:56,True,False,,,218257751.0,,,susanne_hennig_wellsow_24-09-2021_00:00_image0.jpeg,susanne_hennig_wellsow_24-09-2021_00:00_item0.json,,,
1420,fw_bayern,2668846584760570040,GraphStoryImage,,False,,1632371323,1632457723,2021-09-23 04:28:43,True,False,,,,,,fw_bayern_24-09-2021_00:00_image0.jpeg,fw_bayern_24-09-2021_00:00_item0.json,,,
1421,dielinke,2669014499055110748,GraphStoryVideo,,True,False,1632391341,1632477741,2021-09-23 10:02:21,True,False,,,,,,dielinke_24-09-2021_00:00_video0.jpeg,dielinke_24-09-2021_00:00_item0.json,,,
1422,atesgurpinar,2669011357598358866,GraphStoryImage,,False,,1632390969,1632477369,2021-09-23 09:56:09,True,False,,,239222163.0,,,atesgurpinar_24-09-2021_00:00_image0.jpeg,atesgurpinar_24-09-2021_00:00_item0.json,,,
1423,nicola_beer,2668933635257765808,GraphStoryVideo,,True,False,1632381702,1632468102,2021-09-23 07:21:42,True,False,,,,,,nicola_beer_24-09-2021_00:00_video0.jpeg,nicola_beer_24-09-2021_00:00_item0.json,,,
1424,afd.bund,2668981477677814543,GraphStoryVideo,,True,True,1632387366,1632473766,2021-09-23 08:56:06,True,False,,,,,,afd.bund_24-09-2021_00:00_video0.jpeg,afd.bund_24-09-2021_00:00_item0.json,,,
1425,saskiaesken,2669101054518369616,GraphStoryVideo,,True,True,1632401660,1632488060,2021-09-23 12:54:20,True,False,,,,,,saskiaesken_24-09-2021_00:00_video1.jpeg,saskiaesken_24-09-2021_00:00_item1.json,,,
1426,die_gruenen,2669093848904566453,GraphStoryVideo,,True,True,1632400800,1632487200,2021-09-23 12:40:00,False,False,,,,,,die_gruenen_24-09-2021_00:00_video0.jpeg,die_gruenen_24-09-2021_00:00_item1.json,,,
1427,olafscholz,2669011276252644961,GraphStoryVideo,,True,True,1632390880,1632477280,2021-09-23 09:54:40,False,False,,,,,,olafscholz_24-09-2021_00:00_video0.jpeg,olafscholz_24-09-2021_00:00_item1.json,,,
1428,engin_eroglu_,2669045594894479648,GraphStoryVideo,,True,True,1632395036,1632481436,2021-09-23 11:03:56,False,False,,,,,,engin_eroglu__24-09-2021_00:00_video1.jpeg,engin_eroglu__24-09-2021_00:00_item1.json,,,
1429,robert.habeck,2669004389518388746,GraphStoryImage,,False,,1632390135,1632476535,2021-09-23 09:42:15,False,False,,,,,,robert.habeck_24-09-2021_00:00_image1.jpeg,robert.habeck_24-09-2021_00:00_item1.json,,,
1430,nicola_beer,2668940627623848543,GraphStoryVideo,,True,False,1632382535,1632468935,2021-09-23 07:35:35,True,False,,,,,,nicola_beer_24-09-2021_00:00_video1.jpeg,nicola_beer_24-09-2021_00:00_item1.json,,,
1431,fdp,2669052241616315658,GraphStoryVideo,,True,False,1632395835,1632482235,2021-09-23 11:17:15,False,False,,,,,,fdp_24-09-2021_00:00_video1.jpeg,fdp_24-09-2021_00:00_item1.json,,,
1432,cdu,2669082141989542929,GraphStoryVideo,,True,True,1632399405,1632485805,2021-09-23 12:16:45,True,False,,,,,,cdu_24-09-2021_00:00_video1.jpeg,cdu_24-09-2021_00:00_item1.json,,,
1433,spdde,2669309227578884887,GraphStoryVideo,,True,True,1632426469,1632512869,2021-09-23 19:47:49,False,False,,,,,,spdde_24-09-2021_00:00_video1.jpeg,spdde_24-09-2021_00:00_item1.json,,,
1434,afd.bund,2668983419433119935,GraphStoryImage,,False,,1632387637,1632474037,2021-09-23 09:00:37,True,True,,,,,,afd.bund_24-09-2021_00:00_image0.jpeg,afd.bund_24-09-2021_00:00_item1.json,,,
1435,markus.soeder,2668885151033012672,GraphStoryImage,,False,,1632375921,1632462321,2021-09-23 05:45:21,False,False,,,,,,markus.soeder_24-09-2021_00:00_image1.jpeg,markus.soeder_24-09-2021_00:00_item1.json,,,
1436,fw_bayern,2668847047056572591,GraphStoryImage,,False,,1632371378,1632457778,2021-09-23 04:29:38,False,True,,,,,,fw_bayern_24-09-2021_00:00_image1.jpeg,fw_bayern_24-09-2021_00:00_item1.json,,,
1437,christlichsozialeunion,2668958307295228259,GraphStoryImage,,False,,1632384640,1632471040,2021-09-23 08:10:40,False,True,,,,,,christlichsozialeunion_24-09-2021_00:00_image1.jpeg,christlichsozialeunion_24-09-2021_00:00_item1.json,,,
1438,dielinke,2669246408023055024,GraphStoryImage,,False,,1632418985,1632505385,2021-09-23 17:43:05,False,False,,,,,,dielinke_24-09-2021_00:00_image0.jpeg,dielinke_24-09-2021_00:00_item1.json,,,
1439,susanne_hennig_wellsow,2669110074559071748,GraphStoryVideo,,True,True,1632402736,1632489136,2021-09-23 13:12:16,True,False,,,6982961.0,,,susanne_hennig_wellsow_24-09-2021_00:00_video0.jpeg,susanne_hennig_wellsow_24-09-2021_00:00_item1.json,,,
1440,christianlindner,2669086944694342277,GraphStoryImage,,False,,1632399975,1632486375,2021-09-23 12:26:15,False,False,,,,,,christianlindner_24-09-2021_00:00_image1.jpeg,christianlindner_24-09-2021_00:00_item1.json,,,
1441,abaerbock,2669125231239339121,GraphStoryVideo,,True,False,1632404542,1632490942,2021-09-23 13:42:22,False,False,,,,,,abaerbock_24-09-2021_00:00_video0.jpeg,abaerbock_24-09-2021_00:00_item1.json,,,
1442,armin_laschet,2668894287812524664,GraphStoryVideo,,True,True,1632377007,1632463407,2021-09-23 06:03:27,True,False,,,,,,armin_laschet_24-09-2021_00:00_video1.jpeg,armin_laschet_24-09-2021_00:00_item1.json,,,
1443,abaerbock,2669126195705094766,GraphStoryImage,,False,,1632404657,1632491057,2021-09-23 13:44:17,False,False,,,107232548274810.0,,,abaerbock_24-09-2021_00:00_image1.jpeg,abaerbock_24-09-2021_00:00_item2.json,,,
1444,markus.soeder,2668916451102160494,GraphStoryImage,,False,,1632379653,1632466053,2021-09-23 06:47:33,False,True,,,,,,markus.soeder_24-09-2021_00:00_image2.jpeg,markus.soeder_24-09-2021_00:00_item2.json,,,
1445,olafscholz,2669012834243820181,GraphStoryVideo,,True,True,1632391071,1632477471,2021-09-23 09:57:51,False,False,,,,,,olafscholz_24-09-2021_00:00_video1.jpeg,olafscholz_24-09-2021_00:00_item2.json,,,
1446,saskiaesken,2669103542495814755,GraphStoryImage,,False,,1632401955,1632488355,2021-09-23 12:59:15,True,False,,,,,,saskiaesken_24-09-2021_00:00_image0.jpeg,saskiaesken_24-09-2021_00:00_item2.json,,,
1447,spdde,2669309214442322973,GraphStoryVideo,,True,True,1632426470,1632512870,2021-09-23 19:47:50,False,False,,,,,,spdde_24-09-2021_00:00_video2.jpeg,spdde_24-09-2021_00:00_item2.json,,,
1448,christlichsozialeunion,2668976521219819310,GraphStoryVideo,,True,True,1632386812,1632473212,2021-09-23 08:46:52,False,False,,,,,,christlichsozialeunion_24-09-2021_00:00_video0.jpeg,christlichsozialeunion_24-09-2021_00:00_item2.json,,,
1449,fdp,2669052242207102973,GraphStoryImage,,False,,1632395836,1632482236,2021-09-23 11:17:16,False,False,,,,,,fdp_24-09-2021_00:00_image0.jpeg,fdp_24-09-2021_00:00_item2.json,,,
1450,cdu,2669082437612637507,GraphStoryVideo,,True,True,1632399441,1632485841,2021-09-23 12:17:21,True,False,,,,,,cdu_24-09-2021_00:00_video2.jpeg,cdu_24-09-2021_00:00_item2.json,,,
1451,christianlindner,2669087397402334481,GraphStoryImage,,False,,1632400031,1632486431,2021-09-23 12:27:11,False,False,,,,,,christianlindner_24-09-2021_00:00_image2.jpeg,christianlindner_24-09-2021_00:00_item2.json,,,
1452,nicola_beer,2668942288811578717,GraphStoryImage,,False,,1632382732,1632469132,2021-09-23 07:38:52,True,False,,,,,,nicola_beer_24-09-2021_00:00_image0.jpeg,nicola_beer_24-09-2021_00:00_item2.json,,,
1453,susanne_hennig_wellsow,2669112471195771663,GraphStoryImage,,False,,1632403020,1632489420,2021-09-23 13:17:00,False,False,,,221530476.0,,,susanne_hennig_wellsow_24-09-2021_00:00_image1.jpeg,susanne_hennig_wellsow_24-09-2021_00:00_item2.json,,,
1454,die_gruenen,2669320538620479868,GraphStoryVideo,,True,True,1632427824,1632514224,2021-09-23 20:10:24,False,False,,,,,,die_gruenen_24-09-2021_00:00_video1.jpeg,die_gruenen_24-09-2021_00:00_item2.json,,,
1455,armin_laschet,2668895000978353874,GraphStoryImage,,False,,1632377095,1632463495,2021-09-23 06:04:55,True,False,,,,,,armin_laschet_24-09-2021_00:00_image0.jpeg,armin_laschet_24-09-2021_00:00_item2.json,,,
1456,robert.habeck,2669004855455243051,GraphStoryImage,,False,,1632390190,1632476590,2021-09-23 09:43:10,False,False,,,,,,robert.habeck_24-09-2021_00:00_image2.jpeg,robert.habeck_24-09-2021_00:00_item2.json,,,
1457,afd.bund,2668986668005261995,GraphStoryImage,,False,,1632388024,1632474424,2021-09-23 09:07:04,False,True,,,,,,afd.bund_24-09-2021_00:00_image1.jpeg,afd.bund_24-09-2021_00:00_item2.json,,,
1458,fw_bayern,2668956710741845636,GraphStoryVideo,,True,True,1632384435,1632470835,2021-09-23 08:07:15,True,False,,,,,,fw_bayern_24-09-2021_00:00_video0.jpeg,fw_bayern_24-09-2021_00:00_item2.json,,,
1459,robert.habeck,2669013085567021284,GraphStoryVideo,,True,True,1632391173,1632477573,2021-09-23 09:59:33,False,False,,,,,,robert.habeck_24-09-2021_00:00_video0.jpeg,robert.habeck_24-09-2021_00:00_item3.json,,,
1460,nicola_beer,2668945063226210396,GraphStoryVideo,,True,False,1632383064,1632469464,2021-09-23 07:44:24,True,False,,,,,,nicola_beer_24-09-2021_00:00_video2.jpeg,nicola_beer_24-09-2021_00:00_item3.json,,,
1461,markus.soeder,2668916589337983763,GraphStoryImage,,False,,1632379669,1632466069,2021-09-23 06:47:49,False,True,,,,,,markus.soeder_24-09-2021_00:00_image3.jpeg,markus.soeder_24-09-2021_00:00_item3.json,,,
1462,susanne_hennig_wellsow,2669116863232937734,GraphStoryVideo,,True,True,1632403542,1632489942,2021-09-23 13:25:42,False,False,,,,,,susanne_hennig_wellsow_24-09-2021_00:00_video1.jpeg,susanne_hennig_wellsow_24-09-2021_00:00_item3.json,,,
1463,christianlindner,2669263561476504411,GraphStoryImage,,False,,1632421031,1632507431,2021-09-23 18:17:11,False,False,,,213131048.0,,,christianlindner_24-09-2021_00:00_image3.jpeg,christianlindner_24-09-2021_00:00_item3.json,,,
1464,fw_bayern,2668959866796373438,GraphStoryVideo,,True,True,1632384811,1632471211,2021-09-23 08:13:31,True,True,,,,,,fw_bayern_24-09-2021_00:00_video1.jpeg,fw_bayern_24-09-2021_00:00_item3.json,,,
1465,saskiaesken,2669104162413977811,GraphStoryImage,,False,,1632402029,1632488429,2021-09-23 13:00:29,False,False,,,,,,saskiaesken_24-09-2021_00:00_image1.jpeg,saskiaesken_24-09-2021_00:00_item3.json,,,
1466,afd.bund,2669027227149317181,GraphStoryVideo,,True,False,1632392858,1632479258,2021-09-23 10:27:38,False,True,,,,,,afd.bund_24-09-2021_00:00_video1.jpeg,afd.bund_24-09-2021_00:00_item3.json,,,
1467,cdu,2669082836239248229,GraphStoryVideo,,True,True,1632399488,1632485888,2021-09-23 12:18:08,True,False,,,,,,cdu_24-09-2021_00:00_video3.jpeg,cdu_24-09-2021_00:00_item3.json,,,
1468,olafscholz,2669023731559688064,GraphStoryImage,,False,,1632392422,1632478822,2021-09-23 10:20:22,False,False,,,,,,olafscholz_24-09-2021_00:00_image1.jpeg,olafscholz_24-09-2021_00:00_item3.json,,,
1469,christlichsozialeunion,2669002941954283585,GraphStoryVideo,,True,False,1632389964,1632476364,2021-09-23 09:39:24,False,True,,,,,,christlichsozialeunion_24-09-2021_00:00_video1.jpeg,christlichsozialeunion_24-09-2021_00:00_item3.json,,,
1470,armin_laschet,2668979840255881656,GraphStoryVideo,,True,True,1632387205,1632473605,2021-09-23 08:53:25,True,False,,,,,,armin_laschet_24-09-2021_00:00_video2.jpeg,armin_laschet_24-09-2021_00:00_item3.json,,,
1471,abaerbock,2669132110093138627,GraphStoryImage,,False,,1632405362,1632491762,2021-09-23 13:56:02,False,False,,,,,,abaerbock_24-09-2021_00:00_image2.jpeg,abaerbock_24-09-2021_00:00_item3.json,,,
1472,fw_bayern,2669046587428719857,GraphStoryVideo,,True,True,1632395167,1632481567,2021-09-23 11:06:07,True,False,,,,,,fw_bayern_24-09-2021_00:00_video2.jpeg,fw_bayern_24-09-2021_00:00_item4.json,,,
1473,robert.habeck,2669043905398336587,GraphStoryImage,,False,,1632394845,1632481245,2021-09-23 11:00:45,False,True,,,,,,robert.habeck_24-09-2021_00:00_image3.jpeg,robert.habeck_24-09-2021_00:00_item4.json,,,
1474,abaerbock,2669305466113423802,GraphStoryImage,,False,,1632426028,1632512428,2021-09-23 19:40:28,False,False,,,,,,abaerbock_24-09-2021_00:00_image3.jpeg,abaerbock_24-09-2021_00:00_item4.json,,,
1475,susanne_hennig_wellsow,2669116871034276232,GraphStoryVideo,,True,True,1632403543,1632489943,2021-09-23 13:25:43,False,False,,,,,,susanne_hennig_wellsow_24-09-2021_00:00_video2.jpeg,susanne_hennig_wellsow_24-09-2021_00:00_item4.json,,,
1476,nicola_beer,2669012648235962174,GraphStoryVideo,,True,True,1632391117,1632477517,2021-09-23 09:58:37,True,False,,,,,,nicola_beer_24-09-2021_00:00_video3.jpeg,nicola_beer_24-09-2021_00:00_item4.json,,,
1477,cdu,2669083133707635319,GraphStoryVideo,,True,True,1632399524,1632485924,2021-09-23 12:18:44,True,False,,,,,,cdu_24-09-2021_00:00_video4.jpeg,cdu_24-09-2021_00:00_item4.json,,,
1478,armin_laschet,2668979858350136272,GraphStoryVideo,,True,True,1632387206,1632473606,2021-09-23 08:53:26,True,False,,,,,,armin_laschet_24-09-2021_00:00_video3.jpeg,armin_laschet_24-09-2021_00:00_item4.json,,,
1479,christlichsozialeunion,2669013818153764316,GraphStoryVideo,,True,False,1632391258,1632477658,2021-09-23 10:00:58,True,False,,,,,,christlichsozialeunion_24-09-2021_00:00_video2.jpeg,christlichsozialeunion_24-09-2021_00:00_item4.json,,,
1480,saskiaesken,2669128142170637248,GraphStoryVideo,,True,True,1632404888,1632491288,2021-09-23 13:48:08,True,False,,,,,,saskiaesken_24-09-2021_00:00_video2.jpeg,saskiaesken_24-09-2021_00:00_item4.json,,,
1481,olafscholz,2669079630472755408,GraphStoryVideo,,True,True,1632399080,1632485480,2021-09-23 12:11:20,False,False,,,,,,olafscholz_24-09-2021_00:00_video2.jpeg,olafscholz_24-09-2021_00:00_item4.json,,,
1482,markus.soeder,2668973033923953796,GraphStoryVideo,,True,True,1632386396,1632472796,2021-09-23 08:39:56,True,False,,,,,,markus.soeder_24-09-2021_00:00_video0.jpeg,markus.soeder_24-09-2021_00:00_item4.json,,,
1483,afd.bund,2669086152567658744,GraphStoryImage,,False,,1632399882,1632486282,2021-09-23 12:24:42,False,True,,,,,,afd.bund_24-09-2021_00:00_image2.jpeg,afd.bund_24-09-2021_00:00_item4.json,,,
1484,christlichsozialeunion,2669037132754488005,GraphStoryVideo,,True,False,1632394039,1632480439,2021-09-23 10:47:19,False,True,,,,,,christlichsozialeunion_24-09-2021_00:00_video3.jpeg,christlichsozialeunion_24-09-2021_00:00_item5.json,,,
1485,armin_laschet,2668979863869735747,GraphStoryVideo,,True,True,1632387207,1632473607,2021-09-23 08:53:27,True,False,,,,,,armin_laschet_24-09-2021_00:00_video4.jpeg,armin_laschet_24-09-2021_00:00_item5.json,,,
1486,olafscholz,2669094183684260473,GraphStoryVideo,,True,True,1632400804,1632487204,2021-09-23 12:40:04,False,False,,,,,,olafscholz_24-09-2021_00:00_video3.jpeg,olafscholz_24-09-2021_00:00_item5.json,,,
1487,markus.soeder,2669013147081450177,GraphStoryVideo,,True,False,1632391180,1632477580,2021-09-23 09:59:40,True,False,,,,,,markus.soeder_24-09-2021_00:00_video1.jpeg,markus.soeder_24-09-2021_00:00_item5.json,,,
1488,abaerbock,2669305783747920881,GraphStoryImage,,False,,1632426066,1632512466,2021-09-23 19:41:06,True,False,,,,,,abaerbock_24-09-2021_00:00_image4.jpeg,abaerbock_24-09-2021_00:00_item5.json,,,
1489,susanne_hennig_wellsow,2669121613226818827,GraphStoryImage,,False,,1632404110,1632490510,2021-09-23 13:35:10,False,False,,,118252978672037.0,,,susanne_hennig_wellsow_24-09-2021_00:00_image2.jpeg,susanne_hennig_wellsow_24-09-2021_00:00_item5.json,,,
1490,afd.bund,2669180417920588524,GraphStoryVideo,,True,True,1632410951,1632497351,2021-09-23 15:29:11,False,True,,,,,,afd.bund_24-09-2021_00:00_video2.jpeg,afd.bund_24-09-2021_00:00_item5.json,,,
1491,nicola_beer,2669012872815834959,GraphStoryImage,,False,,1632391147,1632477547,2021-09-23 09:59:07,True,False,,,,,,nicola_beer_24-09-2021_00:00_image1.jpeg,nicola_beer_24-09-2021_00:00_item5.json,,,
1492,cdu,2669083259696118994,GraphStoryVideo,,True,True,1632399539,1632485939,2021-09-23 12:18:59,True,False,,,,,,cdu_24-09-2021_00:00_video5.jpeg,cdu_24-09-2021_00:00_item5.json,,,
1493,fw_bayern,2669047459298704089,GraphStoryImage,,False,,1632395269,1632481669,2021-09-23 11:07:49,False,True,,,,,,fw_bayern_24-09-2021_00:00_image2.jpeg,fw_bayern_24-09-2021_00:00_item5.json,,,
1494,robert.habeck,2669266409182399984,GraphStoryImage,,False,,1632421363,1632507763,2021-09-23 18:22:43,False,False,,,815814241.0,,,robert.habeck_24-09-2021_00:00_image4.jpeg,robert.habeck_24-09-2021_00:00_item5.json,,,
1495,nicola_beer,2669012990868801685,GraphStoryVideo,,True,False,1632391160,1632477560,2021-09-23 09:59:20,True,False,,,,,,nicola_beer_24-09-2021_00:00_video4.jpeg,nicola_beer_24-09-2021_00:00_item6.json,,,
1496,robert.habeck,2669266588102862628,GraphStoryImage,,False,,1632421392,1632507792,2021-09-23 18:23:12,False,False,,,,,,robert.habeck_24-09-2021_00:00_image5.jpeg,robert.habeck_24-09-2021_00:00_item6.json,,,
1497,abaerbock,2669305866828765280,GraphStoryImage,,False,,1632426076,1632512476,2021-09-23 19:41:16,False,False,,,,,,abaerbock_24-09-2021_00:00_image5.jpeg,abaerbock_24-09-2021_00:00_item6.json,,,
1498,olafscholz,2669095022662294081,GraphStoryVideo,,True,True,1632400940,1632487340,2021-09-23 12:42:20,False,False,,,,,,olafscholz_24-09-2021_00:00_video4.jpeg,olafscholz_24-09-2021_00:00_item6.json,,,
1499,afd.bund,2669370469017507952,GraphStoryImage,,False,,1632433775,1632520175,2021-09-23 21:49:35,False,True,,,,,,afd.bund_24-09-2021_00:00_image3.jpeg,afd.bund_24-09-2021_00:00_item6.json,,,
1500,christlichsozialeunion,2669075351260889951,GraphStoryImage,,False,,1632398592,1632484992,2021-09-23 12:03:12,False,True,,,,,,christlichsozialeunion_24-09-2021_00:00_image2.jpeg,christlichsozialeunion_24-09-2021_00:00_item6.json,,,
1501,fw_bayern,2669048884699467825,GraphStoryVideo,,True,True,1632395439,1632481839,2021-09-23 11:10:39,False,False,,,,,,fw_bayern_24-09-2021_00:00_video3.jpeg,fw_bayern_24-09-2021_00:00_item6.json,,,
1502,cdu,2669083529800972699,GraphStoryVideo,,True,True,1632399571,1632485971,2021-09-23 12:19:31,True,False,,,,,,cdu_24-09-2021_00:00_video6.jpeg,cdu_24-09-2021_00:00_item6.json,,,
1503,armin_laschet,2669099753796574891,GraphStoryVideo,,True,False,1632401500,1632487900,2021-09-23 12:51:40,True,False,,,238338462.0,,,armin_laschet_24-09-2021_00:00_video5.jpeg,armin_laschet_24-09-2021_00:00_item6.json,,,
1504,susanne_hennig_wellsow,2669122810616537199,GraphStoryImage,,False,,1632404253,1632490653,2021-09-23 13:37:33,False,False,,,,,,susanne_hennig_wellsow_24-09-2021_00:00_image3.jpeg,susanne_hennig_wellsow_24-09-2021_00:00_item6.json,,,
1505,markus.soeder,2669108720170092324,GraphStoryImage,,False,,1632402573,1632488973,2021-09-23 13:09:33,False,False,,,,,,markus.soeder_24-09-2021_00:00_image4.jpeg,markus.soeder_24-09-2021_00:00_item6.json,,,
1506,susanne_hennig_wellsow,2669265667235148462,GraphStoryImage,,False,,1632421283,1632507683,2021-09-23 18:21:23,False,False,,,218257751.0,,,susanne_hennig_wellsow_24-09-2021_00:00_image4.jpeg,susanne_hennig_wellsow_24-09-2021_00:00_item7.json,,,
1507,olafscholz,2669096381465854185,GraphStoryVideo,,True,True,1632401063,1632487463,2021-09-23 12:44:23,False,False,,,,,,olafscholz_24-09-2021_00:00_video5.jpeg,olafscholz_24-09-2021_00:00_item7.json,,,
1508,armin_laschet,2669100482599024177,GraphStoryVideo,,True,True,1632401590,1632487990,2021-09-23 12:53:10,True,False,,,,,,armin_laschet_24-09-2021_00:00_video6.jpeg,armin_laschet_24-09-2021_00:00_item7.json,,,
1509,abaerbock,2669305921505782876,GraphStoryImage,,False,,1632426082,1632512482,2021-09-23 19:41:22,False,False,,,,,,abaerbock_24-09-2021_00:00_image6.jpeg,abaerbock_24-09-2021_00:00_item7.json,,,
1510,christlichsozialeunion,2669150901312855512,GraphStoryImage,,False,,1632407598,1632493998,2021-09-23 14:33:18,False,True,,,,,,christlichsozialeunion_24-09-2021_00:00_image3.jpeg,christlichsozialeunion_24-09-2021_00:00_item7.json,,,
1511,nicola_beer,2669013081918738631,GraphStoryVideo,,True,False,1632391171,1632477571,2021-09-23 09:59:31,True,False,,,,,,nicola_beer_24-09-2021_00:00_video5.jpeg,nicola_beer_24-09-2021_00:00_item7.json,,,
1512,markus.soeder,2669212846761658649,GraphStoryImage,,False,,1632414983,1632501383,2021-09-23 16:36:23,False,False,,,,,,markus.soeder_24-09-2021_00:00_image5.jpeg,markus.soeder_24-09-2021_00:00_item7.json,,,
1513,robert.habeck,2669266700669556308,GraphStoryImage,,False,,1632421405,1632507805,2021-09-23 18:23:25,False,False,,,,,,robert.habeck_24-09-2021_00:00_image6.jpeg,robert.habeck_24-09-2021_00:00_item7.json,,,
1514,fw_bayern,2669140471714483029,GraphStoryVideo,,True,True,1632406358,1632492758,2021-09-23 14:12:38,True,False,,,264154173.0,,,fw_bayern_24-09-2021_00:00_video4.jpeg,fw_bayern_24-09-2021_00:00_item7.json,,,
1515,cdu,2669085946349296814,GraphStoryVideo,,True,True,1632399859,1632486259,2021-09-23 12:24:19,True,False,,,,,,cdu_24-09-2021_00:00_video7.jpeg,cdu_24-09-2021_00:00_item7.json,,,
1516,robert.habeck,2669266998867827911,GraphStoryImage,,False,,1632421440,1632507840,2021-09-23 18:24:00,False,False,,,815814241.0,,,robert.habeck_24-09-2021_00:00_image7.jpeg,robert.habeck_24-09-2021_00:00_item8.json,,,
1517,armin_laschet,2669101020199729129,GraphStoryImage,,False,,1632401655,1632488055,2021-09-23 12:54:15,False,True,,,,,,armin_laschet_24-09-2021_00:00_image1.jpeg,armin_laschet_24-09-2021_00:00_item8.json,,,
1518,fw_bayern,2669141589194590710,GraphStoryVideo,,True,True,1632406491,1632492891,2021-09-23 14:14:51,True,False,,,264154173.0,,,fw_bayern_24-09-2021_00:00_video5.jpeg,fw_bayern_24-09-2021_00:00_item8.json,,,
1519,abaerbock,2669306134148495549,GraphStoryImage,,False,,1632426107,1632512507,2021-09-23 19:41:47,False,False,,,,,,abaerbock_24-09-2021_00:00_image7.jpeg,abaerbock_24-09-2021_00:00_item8.json,,,
1520,cdu,2669086093737068390,GraphStoryVideo,,True,True,1632399877,1632486277,2021-09-23 12:24:37,True,False,,,,,,cdu_24-09-2021_00:00_video8.jpeg,cdu_24-09-2021_00:00_item8.json,,,
1521,nicola_beer,2669013185425621711,GraphStoryImage,,False,,1632391184,1632477584,2021-09-23 09:59:44,True,False,,,,,,nicola_beer_24-09-2021_00:00_image2.jpeg,nicola_beer_24-09-2021_00:00_item8.json,,,
1522,olafscholz,2669096814177795361,GraphStoryImage,,False,,1632401154,1632487554,2021-09-23 12:45:54,False,False,,,,,,olafscholz_24-09-2021_00:00_image2.jpeg,olafscholz_24-09-2021_00:00_item8.json,,,
1523,susanne_hennig_wellsow,2669366296850824863,GraphStoryImage,,False,,1632433279,1632519679,2021-09-23 21:41:19,True,False,,,,,,susanne_hennig_wellsow_24-09-2021_00:00_image5.jpeg,susanne_hennig_wellsow_24-09-2021_00:00_item8.json,,,
1524,christlichsozialeunion,2669180353824681065,GraphStoryImage,,False,,1632411108,1632497508,2021-09-23 15:31:48,False,False,,,,,,christlichsozialeunion_24-09-2021_00:00_image4.jpeg,christlichsozialeunion_24-09-2021_00:00_item8.json,,,
1525,markus.soeder,2669247943523138495,GraphStoryVideo,,True,False,1632419171,1632505571,2021-09-23 17:46:11,False,False,,,,,,markus.soeder_24-09-2021_00:00_video2.jpeg,markus.soeder_24-09-2021_00:00_item8.json,,,
1526,cdu,2669086415867890690,GraphStoryVideo,,True,True,1632399915,1632486315,2021-09-23 12:25:15,True,False,,,,,,cdu_24-09-2021_00:00_video9.jpeg,cdu_24-09-2021_00:00_item9.json,,,
1527,nicola_beer,2669013510568108913,GraphStoryVideo,,True,False,1632391224,1632477624,2021-09-23 10:00:24,True,False,,,,,,nicola_beer_24-09-2021_00:00_video6.jpeg,nicola_beer_24-09-2021_00:00_item9.json,,,
1528,abaerbock,2669306241136795234,GraphStoryImage,,False,,1632426120,1632512520,2021-09-23 19:42:00,False,False,,,,,,abaerbock_24-09-2021_00:00_image8.jpeg,abaerbock_24-09-2021_00:00_item9.json,,,
1529,armin_laschet,2669101382126050387,GraphStoryVideo,,True,True,1632401696,1632488096,2021-09-23 12:54:56,True,False,,,,,,armin_laschet_24-09-2021_00:00_video7.jpeg,armin_laschet_24-09-2021_00:00_item9.json,,,
1530,christlichsozialeunion,2669180373495782769,GraphStoryVideo,,True,True,1632411109,1632497509,2021-09-23 15:31:49,False,False,,,,,,christlichsozialeunion_24-09-2021_00:00_video4.jpeg,christlichsozialeunion_24-09-2021_00:00_item9.json,,,
1531,fw_bayern,2669144962933248144,GraphStoryImage,,False,,1632406892,1632493292,2021-09-23 14:21:32,True,False,,,,,,fw_bayern_24-09-2021_00:00_image3.jpeg,fw_bayern_24-09-2021_00:00_item9.json,,,
1532,markus.soeder,2669264865912297460,GraphStoryVideo,,True,False,1632421188,1632507588,2021-09-23 18:19:48,True,False,,,,,,markus.soeder_24-09-2021_00:00_video3.jpeg,markus.soeder_24-09-2021_00:00_item9.json,,,
1533,robert.habeck,2669267383452159675,GraphStoryImage,,False,,1632421483,1632507883,2021-09-23 18:24:43,False,False,,,815814241.0,,,robert.habeck_24-09-2021_00:00_image8.jpeg,robert.habeck_24-09-2021_00:00_item9.json,,,
1534,susanne_hennig_wellsow,2669366356569471502,GraphStoryImage,,False,,1632433287,1632519687,2021-09-23 21:41:27,True,False,,,,,,susanne_hennig_wellsow_24-09-2021_00:00_image6.jpeg,susanne_hennig_wellsow_24-09-2021_00:00_item9.json,,,
1535,olafscholz,2669097569823559985,GraphStoryImage,,False,,1632401245,1632487645,2021-09-23 12:47:25,False,False,,,,,,olafscholz_24-09-2021_00:00_image3.jpeg,olafscholz_24-09-2021_00:00_item9.json,,,
1536,robert.habeck,2669267906437849065,GraphStoryVideo,,True,True,1632421541,1632507941,2021-09-23 18:25:41,False,False,,,,,,robert.habeck_24-09-2021_00:00_video1.jpeg,robert.habeck_24-09-2021_00:00_item10.json,,,
1537,cdu,2669086509904403593,GraphStoryVideo,,True,True,1632399927,1632486327,2021-09-23 12:25:27,True,False,,,,,,cdu_24-09-2021_00:00_video10.jpeg,cdu_24-09-2021_00:00_item10.json,,,
1538,christlichsozialeunion,2669180346006358032,GraphStoryVideo,,True,True,1632411110,1632497510,2021-09-23 15:31:50,True,False,,,,,,christlichsozialeunion_24-09-2021_00:00_video5.jpeg,christlichsozialeunion_24-09-2021_00:00_item10.json,,,
1539,olafscholz,2669244151940418108,GraphStoryImage,,False,,1632418717,1632505117,2021-09-23 17:38:37,True,True,,,,,,olafscholz_24-09-2021_00:00_image4.jpeg,olafscholz_24-09-2021_00:00_item10.json,,,
1540,armin_laschet,2669102171385126116,GraphStoryVideo,,True,True,1632401792,1632488192,2021-09-23 12:56:32,True,False,,,,,,armin_laschet_24-09-2021_00:00_video8.jpeg,armin_laschet_24-09-2021_00:00_item10.json,,,
1541,abaerbock,2669306657511394892,GraphStoryVideo,,True,True,1632426170,1632512570,2021-09-23 19:42:50,True,False,,,,,,abaerbock_24-09-2021_00:00_video1.jpeg,abaerbock_24-09-2021_00:00_item10.json,,,
1542,susanne_hennig_wellsow,2669375373338431994,GraphStoryVideo,,True,True,1632434347,1632520747,2021-09-23 21:59:07,True,False,,,,,,susanne_hennig_wellsow_24-09-2021_00:00_video3.jpeg,susanne_hennig_wellsow_24-09-2021_00:00_item10.json,,,
1543,fw_bayern,2669147849151308638,GraphStoryVideo,,True,False,1632407238,1632493638,2021-09-23 14:27:18,True,False,,,,,,fw_bayern_24-09-2021_00:00_video6.jpeg,fw_bayern_24-09-2021_00:00_item10.json,,,
1544,nicola_beer,2669027351385371184,GraphStoryVideo,,True,True,1632392871,1632479271,2021-09-23 10:27:51,True,False,,,,,,nicola_beer_24-09-2021_00:00_video7.jpeg,nicola_beer_24-09-2021_00:00_item10.json,,,
1545,abaerbock,2669306694924655655,GraphStoryVideo,,True,True,1632426174,1632512574,2021-09-23 19:42:54,False,False,,,,,,abaerbock_24-09-2021_00:00_video2.jpeg,abaerbock_24-09-2021_00:00_item11.json,,,
1546,armin_laschet,2669321051550363646,GraphStoryVideo,,True,True,1632427880,1632514280,2021-09-23 20:11:20,True,False,,,,,,armin_laschet_24-09-2021_00:00_video9.jpeg,armin_laschet_24-09-2021_00:00_item11.json,,,
1547,christlichsozialeunion,2669186620483850501,GraphStoryVideo,,True,False,1632411860,1632498260,2021-09-23 15:44:20,True,False,,,,,,christlichsozialeunion_24-09-2021_00:00_video6.jpeg,christlichsozialeunion_24-09-2021_00:00_item11.json,,,
1548,fw_bayern,2669263607739055214,GraphStoryImage,,False,,1632421035,1632507435,2021-09-23 18:17:15,True,False,,,,,,fw_bayern_24-09-2021_00:00_image4.jpeg,fw_bayern_24-09-2021_00:00_item11.json,,,
1549,nicola_beer,2669027544885379697,GraphStoryVideo,,True,True,1632392893,1632479293,2021-09-23 10:28:13,True,False,,,,,,nicola_beer_24-09-2021_00:00_video8.jpeg,nicola_beer_24-09-2021_00:00_item11.json,,,
1550,robert.habeck,2669268586210611328,GraphStoryImage,,False,,1632421630,1632508030,2021-09-23 18:27:10,True,False,,,,,,robert.habeck_24-09-2021_00:00_image9.jpeg,robert.habeck_24-09-2021_00:00_item11.json,,,
1551,cdu,2669086582331605917,GraphStoryVideo,,True,True,1632399935,1632486335,2021-09-23 12:25:35,True,False,,,,,,cdu_24-09-2021_00:00_video11.jpeg,cdu_24-09-2021_00:00_item11.json,,,
1552,armin_laschet,2669321109926589785,GraphStoryVideo,,True,True,1632427881,1632514281,2021-09-23 20:11:21,True,False,,,,,,armin_laschet_24-09-2021_00:00_video10.jpeg,armin_laschet_24-09-2021_00:00_item12.json,,,
1553,abaerbock,2669306733990305421,GraphStoryVideo,,True,True,1632426179,1632512579,2021-09-23 19:42:59,False,False,,,,,,abaerbock_24-09-2021_00:00_video3.jpeg,abaerbock_24-09-2021_00:00_item12.json,,,
1554,fw_bayern,2669263751939332360,GraphStoryImage,,False,,1632421054,1632507454,2021-09-23 18:17:34,True,False,,,,,,fw_bayern_24-09-2021_00:00_image5.jpeg,fw_bayern_24-09-2021_00:00_item12.json,,,
1555,robert.habeck,2669268705161126408,GraphStoryImage,,False,,1632421643,1632508043,2021-09-23 18:27:23,False,False,,,,,,robert.habeck_24-09-2021_00:00_image10.jpeg,robert.habeck_24-09-2021_00:00_item12.json,,,
1556,cdu,2669086853577051766,GraphStoryVideo,,True,True,1632399967,1632486367,2021-09-23 12:26:07,True,False,,,,,,cdu_24-09-2021_00:00_video12.jpeg,cdu_24-09-2021_00:00_item12.json,,,
1557,christlichsozialeunion,2669205445006782637,GraphStoryVideo,,True,False,1632414101,1632500501,2021-09-23 16:21:41,True,False,,,,,,christlichsozialeunion_24-09-2021_00:00_video7.jpeg,christlichsozialeunion_24-09-2021_00:00_item12.json,,,
1558,nicola_beer,2669043713507959565,GraphStoryVideo,,True,False,1632394822,1632481222,2021-09-23 11:00:22,True,False,,,,,,nicola_beer_24-09-2021_00:00_video9.jpeg,nicola_beer_24-09-2021_00:00_item12.json,,,
1559,nicola_beer,2669052972450857699,GraphStoryImage,,False,,1632395927,1632482327,2021-09-23 11:18:47,True,False,,,,,,nicola_beer_24-09-2021_00:00_image3.jpeg,nicola_beer_24-09-2021_00:00_item13.json,,,
1560,fw_bayern,2669268570808675188,GraphStoryVideo,,True,True,1632421628,1632508028,2021-09-23 18:27:08,True,False,,,,,,fw_bayern_24-09-2021_00:00_video7.jpeg,fw_bayern_24-09-2021_00:00_item13.json,,,
1561,cdu,2669086939317242105,GraphStoryVideo,,True,True,1632399977,1632486377,2021-09-23 12:26:17,True,False,,,,,,cdu_24-09-2021_00:00_video13.jpeg,cdu_24-09-2021_00:00_item13.json,,,
1562,christlichsozialeunion,2669212994904988555,GraphStoryImage,,False,,1632415001,1632501401,2021-09-23 16:36:41,False,False,,,,,,christlichsozialeunion_24-09-2021_00:00_image5.jpeg,christlichsozialeunion_24-09-2021_00:00_item13.json,,,
1563,robert.habeck,2669288908259435803,GraphStoryImage,,False,,1632424053,1632510453,2021-09-23 19:07:33,False,False,,,,,,robert.habeck_24-09-2021_00:00_image11.jpeg,robert.habeck_24-09-2021_00:00_item13.json,,,
1564,abaerbock,2669306833588390899,GraphStoryVideo,,True,True,1632426191,1632512591,2021-09-23 19:43:11,False,False,,,,,,abaerbock_24-09-2021_00:00_video4.jpeg,abaerbock_24-09-2021_00:00_item13.json,,,
1565,armin_laschet,2669321080902236426,GraphStoryVideo,,True,True,1632427882,1632514282,2021-09-23 20:11:22,True,False,,,,,,armin_laschet_24-09-2021_00:00_video11.jpeg,armin_laschet_24-09-2021_00:00_item13.json,,,
1566,abaerbock,2669306870769101653,GraphStoryImage,,False,,1632426196,1632512596,2021-09-23 19:43:16,False,False,,,,,,abaerbock_24-09-2021_00:00_image9.jpeg,abaerbock_24-09-2021_00:00_item14.json,,,
1567,cdu,2669087139192480930,GraphStoryVideo,,True,True,1632400001,1632486401,2021-09-23 12:26:41,True,False,,,,,,cdu_24-09-2021_00:00_video14.jpeg,cdu_24-09-2021_00:00_item14.json,,,
1568,robert.habeck,2669289165126905939,GraphStoryImage,,False,,1632424084,1632510484,2021-09-23 19:08:04,False,True,,,,,,robert.habeck_24-09-2021_00:00_image12.jpeg,robert.habeck_24-09-2021_00:00_item14.json,,,
1569,christlichsozialeunion,2669217051870723031,GraphStoryImage,,False,,1632415486,1632501886,2021-09-23 16:44:46,True,False,,,,,,christlichsozialeunion_24-09-2021_00:00_image6.jpeg,christlichsozialeunion_24-09-2021_00:00_item14.json,,,
1570,armin_laschet,2669321088258850776,GraphStoryVideo,,True,True,1632427883,1632514283,2021-09-23 20:11:23,True,False,,,,,,armin_laschet_24-09-2021_00:00_video12.jpeg,armin_laschet_24-09-2021_00:00_item14.json,,,
1571,nicola_beer,2669087440075197336,GraphStoryVideo,,True,True,1632400033,1632486433,2021-09-23 12:27:13,True,False,,,,,,nicola_beer_24-09-2021_00:00_video10.jpeg,nicola_beer_24-09-2021_00:00_item14.json,,,
1572,christlichsozialeunion,2669246621126617593,GraphStoryVideo,,True,False,1632419013,1632505413,2021-09-23 17:43:33,False,False,,,,,,christlichsozialeunion_24-09-2021_00:00_video8.jpeg,christlichsozialeunion_24-09-2021_00:00_item15.json,,,
1573,armin_laschet,2669321558264226746,GraphStoryVideo,,True,True,1632427941,1632514341,2021-09-23 20:12:21,True,False,,,,,,armin_laschet_24-09-2021_00:00_video13.jpeg,armin_laschet_24-09-2021_00:00_item15.json,,,
1574,nicola_beer,2669087810524367056,GraphStoryImage,,False,,1632400080,1632486480,2021-09-23 12:28:00,True,False,,,,,,nicola_beer_24-09-2021_00:00_image4.jpeg,nicola_beer_24-09-2021_00:00_item15.json,,,
1575,cdu,2669091668680036437,GraphStoryVideo,,True,True,1632400538,1632486938,2021-09-23 12:35:38,True,False,,,,,,cdu_24-09-2021_00:00_video15.jpeg,cdu_24-09-2021_00:00_item15.json,,,
1576,armin_laschet,2669321537485710453,GraphStoryVideo,,True,True,1632427942,1632514342,2021-09-23 20:12:22,True,False,,,,,,armin_laschet_24-09-2021_00:00_video14.jpeg,armin_laschet_24-09-2021_00:00_item16.json,,,
1577,christlichsozialeunion,2669262295744039158,GraphStoryImage,,False,,1632420880,1632507280,2021-09-23 18:14:40,False,True,,,,,,christlichsozialeunion_24-09-2021_00:00_image7.jpeg,christlichsozialeunion_24-09-2021_00:00_item16.json,,,
1578,nicola_beer,2669088272267012149,GraphStoryImage,,False,,1632400135,1632486535,2021-09-23 12:28:55,True,False,,,,,,nicola_beer_24-09-2021_00:00_image5.jpeg,nicola_beer_24-09-2021_00:00_item16.json,,,
1579,cdu,2669091682412226950,GraphStoryVideo,,True,True,1632400539,1632486939,2021-09-23 12:35:39,True,False,,,,,,cdu_24-09-2021_00:00_video16.jpeg,cdu_24-09-2021_00:00_item16.json,,,
1580,christlichsozialeunion,2669265254942818605,GraphStoryVideo,,True,False,1632421233,1632507633,2021-09-23 18:20:33,True,False,,,,,,christlichsozialeunion_24-09-2021_00:00_video9.jpeg,christlichsozialeunion_24-09-2021_00:00_item17.json,,,
1581,cdu,2669092082792038870,GraphStoryVideo,,True,True,1632400591,1632486991,2021-09-23 12:36:31,True,False,,,,,,cdu_24-09-2021_00:00_video17.jpeg,cdu_24-09-2021_00:00_item17.json,,,
1582,armin_laschet,2669344453904486668,GraphStoryVideo,,True,True,1632430670,1632517070,2021-09-23 20:57:50,True,False,,,,,,armin_laschet_24-09-2021_00:00_video15.jpeg,armin_laschet_24-09-2021_00:00_item17.json,,,
1583,cdu,2669093080877138976,GraphStoryVideo,,True,True,1632400706,1632487106,2021-09-23 12:38:26,True,False,,,,,,cdu_24-09-2021_00:00_video18.jpeg,cdu_24-09-2021_00:00_item18.json,,,
1584,christlichsozialeunion,2669286076046895849,GraphStoryVideo,,True,False,1632423716,1632510116,2021-09-23 19:01:56,False,True,,,,,,christlichsozialeunion_24-09-2021_00:00_video10.jpeg,christlichsozialeunion_24-09-2021_00:00_item18.json,,,
1585,armin_laschet,2669344435835469529,GraphStoryVideo,,True,True,1632430671,1632517071,2021-09-23 20:57:51,True,False,,,,,,armin_laschet_24-09-2021_00:00_video16.jpeg,armin_laschet_24-09-2021_00:00_item18.json,,,
1586,cdu,2669093094173053869,GraphStoryVideo,,True,True,1632400707,1632487107,2021-09-23 12:38:27,True,False,,,,,,cdu_24-09-2021_00:00_video19.jpeg,cdu_24-09-2021_00:00_item19.json,,,
1587,christlichsozialeunion,2669310270697341679,GraphStoryImage,,False,,1632426601,1632513001,2021-09-23 19:50:01,False,True,,,,,,christlichsozialeunion_24-09-2021_00:00_image8.jpeg,christlichsozialeunion_24-09-2021_00:00_item19.json,,,
1588,armin_laschet,2669347437757355371,GraphStoryVideo,,True,True,1632431031,1632517431,2021-09-23 21:03:51,True,False,,,,,,armin_laschet_24-09-2021_00:00_video17.jpeg,armin_laschet_24-09-2021_00:00_item19.json,,,
1589,cdu,2669093953762019575,GraphStoryVideo,,True,True,1632400814,1632487214,2021-09-23 12:40:14,True,False,,,,,,cdu_24-09-2021_00:00_video20.jpeg,cdu_24-09-2021_00:00_item20.json,,,
1590,christlichsozialeunion,2669310911066125403,GraphStoryImage,,False,,1632426675,1632513075,2021-09-23 19:51:15,False,True,,,,,,christlichsozialeunion_24-09-2021_00:00_image9.jpeg,christlichsozialeunion_24-09-2021_00:00_item20.json,,,
1591,christlichsozialeunion,2669326083365225824,GraphStoryVideo,,True,False,1632428485,1632514885,2021-09-23 20:21:25,True,True,,,,,,christlichsozialeunion_24-09-2021_00:00_video11.jpeg,christlichsozialeunion_24-09-2021_00:00_item21.json,,,
1592,cdu,2669094062545613742,GraphStoryVideo,,True,True,1632400827,1632487227,2021-09-23 12:40:27,True,False,,,,,,cdu_24-09-2021_00:00_video21.jpeg,cdu_24-09-2021_00:00_item21.json,,,
1593,cdu,2669263716479973341,GraphStoryVideo,,True,True,1632421051,1632507451,2021-09-23 18:17:31,False,False,,,,,,cdu_24-09-2021_00:00_video22.jpeg,cdu_24-09-2021_00:00_item22.json,,,
1594,olafscholz,2664817515608024725,GraphStoryVideo,,True,False,1631891022,1631977422,2021-09-17 15:03:42,False,False,,,228651301.0,,,olafscholz_18-09-2021_00:00_video0.jpeg,olafscholz_18-09-2021_00:00_item0.json,,,
1595,die_gruenen,2664845021259419594,GraphStoryImage,,False,,1631894298,1631980698,2021-09-17 15:58:18,False,True,,,,,,die_gruenen_18-09-2021_00:00_image0.jpeg,die_gruenen_18-09-2021_00:00_item0.json,,,
1596,christianlindner,2664612950830043613,GraphStoryVideo,,True,True,1631866634,1631953034,2021-09-17 08:17:14,False,True,,,,,,christianlindner_18-09-2021_00:00_video0.jpeg,christianlindner_18-09-2021_00:00_item0.json,,,
1597,spdde,2664686057479662593,GraphStoryVideo,,True,True,1631875340,1631961740,2021-09-17 10:42:20,True,False,,,,,,spdde_18-09-2021_00:00_video0.jpeg,spdde_18-09-2021_00:00_item0.json,,,
1598,afd.bund,2664328320916002852,GraphStoryImage,,False,,1631832704,1631919104,2021-09-16 22:51:44,False,True,,,,,,afd.bund_18-09-2021_00:00_image0.jpeg,afd.bund_18-09-2021_00:00_item0.json,,,
1599,robert.habeck,2664570075472946838,GraphStoryImage,,False,,1631861522,1631947922,2021-09-17 06:52:02,True,False,,,,,,robert.habeck_18-09-2021_00:00_image0.jpeg,robert.habeck_18-09-2021_00:00_item0.json,,,
1600,fdp,2664803271225673189,GraphStoryImage,,False,,1631889320,1631975720,2021-09-17 14:35:20,True,False,,,213131048.0,,,fdp_18-09-2021_00:00_image0.jpeg,fdp_18-09-2021_00:00_item0.json,,,
1601,armin_laschet,2664572601709445479,GraphStoryVideo,,True,True,1631861812,1631948212,2021-09-17 06:56:52,True,False,,,,,,armin_laschet_18-09-2021_00:00_video0.jpeg,armin_laschet_18-09-2021_00:00_item0.json,,,
1602,cdu,2664562422905512748,GraphStoryVideo,,True,True,1631860603,1631947003,2021-09-17 06:36:43,False,True,,,,,,cdu_18-09-2021_00:00_video0.jpeg,cdu_18-09-2021_00:00_item0.json,,,
1603,dielinke,2664612972859610239,GraphStoryVideo,,True,True,1631866619,1631953019,2021-09-17 08:16:59,False,True,,,,,,dielinke_18-09-2021_00:00_video0.jpeg,dielinke_18-09-2021_00:00_item0.json,,,
1604,markus.soeder,2664704075825871977,GraphStoryVideo,,True,False,1631877498,1631963898,2021-09-17 11:18:18,True,False,,,,,,markus.soeder_18-09-2021_00:00_video0.jpeg,markus.soeder_18-09-2021_00:00_item0.json,,,
1605,christlichsozialeunion,2664596466536323076,GraphStoryImage,,False,,1631864668,1631951068,2021-09-17 07:44:28,False,True,,,,,,christlichsozialeunion_18-09-2021_00:00_image0.jpeg,christlichsozialeunion_18-09-2021_00:00_item0.json,,,
1606,engin_eroglu_,2664636415484155570,GraphStoryVideo,,True,False,1631869434,1631955834,2021-09-17 09:03:54,False,False,,,,,,engin_eroglu__18-09-2021_00:00_video0.jpeg,engin_eroglu__18-09-2021_00:00_item0.json,,,
1607,grey_gor,2664525889083134777,GraphStoryVideo,,True,True,1631856255,1631942655,2021-09-17 05:24:15,True,False,,,,,,grey_gor_18-09-2021_00:00_video0.jpeg,grey_gor_18-09-2021_00:00_item0.json,,,
1608,abaerbock,2664803417302241208,GraphStoryVideo,,True,False,1631889341,1631975741,2021-09-17 14:35:41,False,False,,,235125781.0,,,abaerbock_18-09-2021_00:00_video0.jpeg,abaerbock_18-09-2021_00:00_item0.json,,,
1609,fw_bayern,2664474764988990136,GraphStoryVideo,,True,True,1631850160,1631936560,2021-09-17 03:42:40,True,False,,,,,,fw_bayern_18-09-2021_00:00_video0.jpeg,fw_bayern_18-09-2021_00:00_item0.json,,,
1610,susanne_hennig_wellsow,2664696703638228707,GraphStoryVideo,,True,False,1631876619,1631963019,2021-09-17 11:03:39,True,False,,,,,,susanne_hennig_wellsow_18-09-2021_00:00_video0.jpeg,susanne_hennig_wellsow_18-09-2021_00:00_item0.json,,,
1611,afd.bund,2664855964988311968,GraphStoryImage,,False,,1631895604,1631982004,2021-09-17 16:20:04,False,True,,,,,,afd.bund_18-09-2021_00:00_image1.jpeg,afd.bund_18-09-2021_00:00_item1.json,,,
1612,cdu,2664691558269403911,GraphStoryVideo,,True,True,1631876006,1631962406,2021-09-17 10:53:26,True,False,,,,,,cdu_18-09-2021_00:00_video1.jpeg,cdu_18-09-2021_00:00_item1.json,,,
1613,robert.habeck,2664598131666894911,GraphStoryVideo,,True,True,1631864867,1631951267,2021-09-17 07:47:47,False,False,,,228554477.0,,,robert.habeck_18-09-2021_00:00_video0.jpeg,robert.habeck_18-09-2021_00:00_item1.json,,,
1614,abaerbock,2664803869534513436,GraphStoryImage,,False,,1631889394,1631975794,2021-09-17 14:36:34,False,False,,,,,,abaerbock_18-09-2021_00:00_image0.jpeg,abaerbock_18-09-2021_00:00_item1.json,,,
1615,spdde,2664686008087400415,GraphStoryVideo,,True,True,1631875341,1631961741,2021-09-17 10:42:21,True,False,,,,,,spdde_18-09-2021_00:00_video1.jpeg,spdde_18-09-2021_00:00_item1.json,,,
1616,susanne_hennig_wellsow,2664714973405749221,GraphStoryVideo,,True,False,1631876638,1631963038,2021-09-17 11:03:58,True,False,,,,,,susanne_hennig_wellsow_18-09-2021_00:00_video1.jpeg,susanne_hennig_wellsow_18-09-2021_00:00_item1.json,,,
1617,olafscholz,2664823661739722070,GraphStoryVideo,,True,False,1631891754,1631978154,2021-09-17 15:15:54,False,False,,,,,,olafscholz_18-09-2021_00:00_video1.jpeg,olafscholz_18-09-2021_00:00_item1.json,,,
1618,christianlindner,2664645015362446728,GraphStoryImage,,False,,1631870457,1631956857,2021-09-17 09:20:57,False,False,,,214326583.0,,,christianlindner_18-09-2021_00:00_image0.jpeg,christianlindner_18-09-2021_00:00_item1.json,,,
1619,fw_bayern,2664475406742776706,GraphStoryVideo,,True,False,1631850239,1631936639,2021-09-17 03:43:59,True,False,,,,,,fw_bayern_18-09-2021_00:00_video1.jpeg,fw_bayern_18-09-2021_00:00_item1.json,,,
1620,markus.soeder,2664846290984338482,GraphStoryVideo,,True,True,1631894446,1631980846,2021-09-17 16:00:46,True,False,,,,,,markus.soeder_18-09-2021_00:00_video1.jpeg,markus.soeder_18-09-2021_00:00_item1.json,,,
1621,christlichsozialeunion,2664671995004215301,GraphStoryVideo,,True,False,1631873674,1631960074,2021-09-17 10:14:34,False,True,,,,,,christlichsozialeunion_18-09-2021_00:00_video0.jpeg,christlichsozialeunion_18-09-2021_00:00_item1.json,,,
1622,armin_laschet,2664572918035460432,GraphStoryVideo,,True,True,1631861861,1631948261,2021-09-17 06:57:41,True,False,,,,,,armin_laschet_18-09-2021_00:00_video1.jpeg,armin_laschet_18-09-2021_00:00_item1.json,,,
1623,fdp,2664843718858705057,GraphStoryVideo,,True,True,1631894145,1631980545,2021-09-17 15:55:45,True,False,,,,,,fdp_18-09-2021_00:00_video0.jpeg,fdp_18-09-2021_00:00_item1.json,,,
1624,die_gruenen,2664923430786347084,GraphStoryImage,,False,,1631903646,1631990046,2021-09-17 18:34:06,False,True,,,,,,die_gruenen_18-09-2021_00:00_image1.jpeg,die_gruenen_18-09-2021_00:00_item1.json,,,
1625,cdu,2664691957332203624,GraphStoryImage,,False,,1631876054,1631962454,2021-09-17 10:54:14,True,False,,,,,,cdu_18-09-2021_00:00_image0.jpeg,cdu_18-09-2021_00:00_item2.json,,,
1626,christianlindner,2664774710269542985,GraphStoryVideo,,True,True,1631879833,1631966233,2021-09-17 11:57:13,True,False,,,214326583.0,,,christianlindner_18-09-2021_00:00_video1.jpeg,christianlindner_18-09-2021_00:00_item2.json,,,
1627,armin_laschet,2664573886248544555,GraphStoryImage,,False,,1631861978,1631948378,2021-09-17 06:59:38,True,False,,,,,,armin_laschet_18-09-2021_00:00_image0.jpeg,armin_laschet_18-09-2021_00:00_item2.json,,,
1628,olafscholz,2664842116090228317,GraphStoryVideo,,True,False,1631893954,1631980354,2021-09-17 15:52:34,False,False,,,,,,olafscholz_18-09-2021_00:00_video2.jpeg,olafscholz_18-09-2021_00:00_item2.json,,,
1629,christlichsozialeunion,2664688257042318828,GraphStoryVideo,,True,False,1631875613,1631962013,2021-09-17 10:46:53,False,False,,,,,,christlichsozialeunion_18-09-2021_00:00_video1.jpeg,christlichsozialeunion_18-09-2021_00:00_item2.json,,,
1630,susanne_hennig_wellsow,2664761308477525553,GraphStoryVideo,,True,True,1631883881,1631970281,2021-09-17 13:04:41,True,False,,,,,,susanne_hennig_wellsow_18-09-2021_00:00_video2.jpeg,susanne_hennig_wellsow_18-09-2021_00:00_item2.json,,,
1631,markus.soeder,2664871665676267348,GraphStoryVideo,,True,True,1631897473,1631983873,2021-09-17 16:51:13,True,False,,,,,,markus.soeder_18-09-2021_00:00_video2.jpeg,markus.soeder_18-09-2021_00:00_item2.json,,,
1632,afd.bund,2664856241686535257,GraphStoryImage,,False,,1631895639,1631982039,2021-09-17 16:20:39,False,True,,,,,,afd.bund_18-09-2021_00:00_image2.jpeg,afd.bund_18-09-2021_00:00_item2.json,,,
1633,spdde,2664687042503606259,GraphStoryVideo,,True,True,1631875468,1631961868,2021-09-17 10:44:28,False,False,,,,,,spdde_18-09-2021_00:00_video2.jpeg,spdde_18-09-2021_00:00_item2.json,,,
1634,fw_bayern,2664475752286141603,GraphStoryVideo,,True,False,1631850279,1631936679,2021-09-17 03:44:39,True,False,,,,,,fw_bayern_18-09-2021_00:00_video2.jpeg,fw_bayern_18-09-2021_00:00_item2.json,,,
1635,fdp,2664845992800718607,GraphStoryVideo,,True,True,1631894404,1631980804,2021-09-17 16:00:04,True,False,,,,,,fdp_18-09-2021_00:00_video1.jpeg,fdp_18-09-2021_00:00_item2.json,,,
1636,abaerbock,2664804325019171498,GraphStoryImage,,False,,1631889450,1631975850,2021-09-17 14:37:30,False,False,,,,,,abaerbock_18-09-2021_00:00_image1.jpeg,abaerbock_18-09-2021_00:00_item2.json,,,
1637,robert.habeck,2664598239829826542,GraphStoryImage,,False,,1631864881,1631951281,2021-09-17 07:48:01,False,False,,,,,,robert.habeck_18-09-2021_00:00_image1.jpeg,robert.habeck_18-09-2021_00:00_item2.json,,,
1638,markus.soeder,2664885013411172420,GraphStoryVideo,,True,True,1631899060,1631985460,2021-09-17 17:17:40,True,False,,,,,,markus.soeder_18-09-2021_00:00_video3.jpeg,markus.soeder_18-09-2021_00:00_item3.json,,,
1639,christlichsozialeunion,2664705959437907227,GraphStoryVideo,,True,False,1631877689,1631964089,2021-09-17 11:21:29,True,False,,,,,,christlichsozialeunion_18-09-2021_00:00_video2.jpeg,christlichsozialeunion_18-09-2021_00:00_item3.json,,,
1640,abaerbock,2664805450426471141,GraphStoryImage,,False,,1631889584,1631975984,2021-09-17 14:39:44,False,False,,,235125781.0,,,abaerbock_18-09-2021_00:00_image2.jpeg,abaerbock_18-09-2021_00:00_item3.json,,,
1641,spdde,2664863765937429296,GraphStoryVideo,,True,True,1631896535,1631982935,2021-09-17 16:35:35,False,False,,,,,,spdde_18-09-2021_00:00_video3.jpeg,spdde_18-09-2021_00:00_item3.json,,,
1642,christianlindner,2664958594437252116,GraphStoryVideo,,True,False,1631907839,1631994239,2021-09-17 19:43:59,False,False,,,214326583.0,,,christianlindner_18-09-2021_00:00_video2.jpeg,christianlindner_18-09-2021_00:00_item3.json,,,
1643,susanne_hennig_wellsow,2664853144847211608,GraphStoryImage,,False,,1631895270,1631981670,2021-09-17 16:14:30,True,False,,,,,,susanne_hennig_wellsow_18-09-2021_00:00_image0.jpeg,susanne_hennig_wellsow_18-09-2021_00:00_item3.json,,,
1644,armin_laschet,2664621854179877093,GraphStoryImage,,False,,1631867697,1631954097,2021-09-17 08:34:57,True,False,,,,,,armin_laschet_18-09-2021_00:00_image1.jpeg,armin_laschet_18-09-2021_00:00_item3.json,,,
1645,olafscholz,2664855899420411339,GraphStoryVideo,,True,False,1631895598,1631981998,2021-09-17 16:19:58,True,False,,,324211488017436.0,,,olafscholz_18-09-2021_00:00_video3.jpeg,olafscholz_18-09-2021_00:00_item3.json,,,
1646,fdp,2664847377021776719,GraphStoryVideo,,True,True,1631894582,1631980982,2021-09-17 16:03:02,True,False,,,,,,fdp_18-09-2021_00:00_video2.jpeg,fdp_18-09-2021_00:00_item3.json,,,
1647,robert.habeck,2664598325502830911,GraphStoryImage,,False,,1631864890,1631951290,2021-09-17 07:48:10,False,False,,,,,,robert.habeck_18-09-2021_00:00_image2.jpeg,robert.habeck_18-09-2021_00:00_item3.json,,,
1648,fw_bayern,2664637758083454458,GraphStoryImage,,False,,1631869592,1631955992,2021-09-17 09:06:32,False,True,,,,,,fw_bayern_18-09-2021_00:00_image0.jpeg,fw_bayern_18-09-2021_00:00_item3.json,,,
1649,cdu,2664693487028638388,GraphStoryVideo,,True,True,1631876236,1631962636,2021-09-17 10:57:16,True,False,,,,,,cdu_18-09-2021_00:00_video2.jpeg,cdu_18-09-2021_00:00_item3.json,,,
1650,fdp,2664848250837705972,GraphStoryVideo,,True,True,1631894674,1631981074,2021-09-17 16:04:34,False,True,,,,,,fdp_18-09-2021_00:00_video3.jpeg,fdp_18-09-2021_00:00_item4.json,,,
1651,christianlindner,2664960156622583205,GraphStoryVideo,,True,False,1631908026,1631994426,2021-09-17 19:47:06,False,False,,,235125781.0,,,christianlindner_18-09-2021_00:00_video3.jpeg,christianlindner_18-09-2021_00:00_item4.json,,,
1652,christlichsozialeunion,2664733036119712947,GraphStoryVideo,,True,False,1631880951,1631967351,2021-09-17 12:15:51,False,False,,,,,,christlichsozialeunion_18-09-2021_00:00_video3.jpeg,christlichsozialeunion_18-09-2021_00:00_item4.json,,,
1653,cdu,2664693893397957044,GraphStoryImage,,False,,1631876285,1631962685,2021-09-17 10:58:05,True,False,,,,,,cdu_18-09-2021_00:00_image1.jpeg,cdu_18-09-2021_00:00_item4.json,,,
1654,susanne_hennig_wellsow,2664873765882814251,GraphStoryImage,,False,,1631897728,1631984128,2021-09-17 16:55:28,True,False,,,,,,susanne_hennig_wellsow_18-09-2021_00:00_image1.jpeg,susanne_hennig_wellsow_18-09-2021_00:00_item4.json,,,
1655,spdde,2664863914927499148,GraphStoryVideo,,True,True,1631896554,1631982954,2021-09-17 16:35:54,False,False,,,,,,spdde_18-09-2021_00:00_video4.jpeg,spdde_18-09-2021_00:00_item4.json,,,
1656,abaerbock,2664809022849470727,GraphStoryImage,,False,,1631890009,1631976409,2021-09-17 14:46:49,False,False,,,,,,abaerbock_18-09-2021_00:00_image3.jpeg,abaerbock_18-09-2021_00:00_item4.json,,,
1657,armin_laschet,2664674865585376573,GraphStoryImage,,False,,1631874013,1631960413,2021-09-17 10:20:13,True,False,,,,,,armin_laschet_18-09-2021_00:00_image2.jpeg,armin_laschet_18-09-2021_00:00_item4.json,,,
1658,robert.habeck,2664598599918611907,GraphStoryVideo,,True,True,1631864923,1631951323,2021-09-17 07:48:43,False,False,,,,,,robert.habeck_18-09-2021_00:00_video1.jpeg,robert.habeck_18-09-2021_00:00_item4.json,,,
1659,fw_bayern,2664731489579271133,GraphStoryVideo,,True,True,1631880755,1631967155,2021-09-17 12:12:35,True,False,,,,,,fw_bayern_18-09-2021_00:00_video3.jpeg,fw_bayern_18-09-2021_00:00_item4.json,,,
1660,olafscholz,2664867968135770057,GraphStoryVideo,,True,False,1631897036,1631983436,2021-09-17 16:43:56,True,False,,,,,,olafscholz_18-09-2021_00:00_video4.jpeg,olafscholz_18-09-2021_00:00_item4.json,,,
1661,susanne_hennig_wellsow,2664874093063547785,GraphStoryImage,,False,,1631897767,1631984167,2021-09-17 16:56:07,True,False,,,,,,susanne_hennig_wellsow_18-09-2021_00:00_image2.jpeg,susanne_hennig_wellsow_18-09-2021_00:00_item5.json,,,
1662,spdde,2664864377668119367,GraphStoryVideo,,True,True,1631896609,1631983009,2021-09-17 16:36:49,False,False,,,,,,spdde_18-09-2021_00:00_video5.jpeg,spdde_18-09-2021_00:00_item5.json,,,
1663,christianlindner,2664961085788959315,GraphStoryImage,,False,,1631908133,1631994533,2021-09-17 19:48:53,False,False,,,3719615.0,,,christianlindner_18-09-2021_00:00_image1.jpeg,christianlindner_18-09-2021_00:00_item5.json,,,
1664,christlichsozialeunion,2664776892618052437,GraphStoryImage,,False,,1631886161,1631972561,2021-09-17 13:42:41,False,True,,,,,,christlichsozialeunion_18-09-2021_00:00_image1.jpeg,christlichsozialeunion_18-09-2021_00:00_item5.json,,,
1665,fw_bayern,2664731548609789837,GraphStoryVideo,,True,False,1631880771,1631967171,2021-09-17 12:12:51,True,False,,,,,,fw_bayern_18-09-2021_00:00_video4.jpeg,fw_bayern_18-09-2021_00:00_item5.json,,,
1666,fdp,2664848416314772785,GraphStoryImage,,False,,1631894704,1631981104,2021-09-17 16:05:04,False,True,,,,,,fdp_18-09-2021_00:00_image1.jpeg,fdp_18-09-2021_00:00_item5.json,,,
1667,abaerbock,2664809314110222681,GraphStoryImage,,False,,1631890045,1631976445,2021-09-17 14:47:25,False,False,,,,,,abaerbock_18-09-2021_00:00_image4.jpeg,abaerbock_18-09-2021_00:00_item5.json,,,
1668,armin_laschet,2664704001729254702,GraphStoryVideo,,True,True,1631877456,1631963856,2021-09-17 11:17:36,True,False,,,,,,armin_laschet_18-09-2021_00:00_video2.jpeg,armin_laschet_18-09-2021_00:00_item5.json,,,
1669,cdu,2664694205428909940,GraphStoryImage,,False,,1631876321,1631962721,2021-09-17 10:58:41,True,False,,,,,,cdu_18-09-2021_00:00_image2.jpeg,cdu_18-09-2021_00:00_item5.json,,,
1670,robert.habeck,2664598923367310984,GraphStoryImage,,False,,1631864933,1631951333,2021-09-17 07:48:53,False,False,,,,,,robert.habeck_18-09-2021_00:00_image3.jpeg,robert.habeck_18-09-2021_00:00_item5.json,,,
1671,olafscholz,2664873896541159935,GraphStoryVideo,,True,False,1631897743,1631984143,2021-09-17 16:55:43,False,False,,,228651301.0,,,olafscholz_18-09-2021_00:00_video5.jpeg,olafscholz_18-09-2021_00:00_item5.json,,,
1672,fdp,2664849772782869055,GraphStoryVideo,,True,False,1631894793,1631981193,2021-09-17 16:06:33,True,True,,,,,,fdp_18-09-2021_00:00_video4.jpeg,fdp_18-09-2021_00:00_item6.json,,,
1673,robert.habeck,2664599097179130388,GraphStoryImage,,False,,1631864940,1631951340,2021-09-17 07:49:00,False,False,,,,,,robert.habeck_18-09-2021_00:00_image4.jpeg,robert.habeck_18-09-2021_00:00_item6.json,,,
1674,olafscholz,2664919056880837221,GraphStoryVideo,,True,False,1631903127,1631989527,2021-09-17 18:25:27,False,False,,,,,,olafscholz_18-09-2021_00:00_video6.jpeg,olafscholz_18-09-2021_00:00_item6.json,,,
1675,fw_bayern,2664731760766200547,GraphStoryImage,,False,,1631880798,1631967198,2021-09-17 12:13:18,False,True,,,,,,fw_bayern_18-09-2021_00:00_image1.jpeg,fw_bayern_18-09-2021_00:00_item6.json,,,
1676,spdde,2664866904937627375,GraphStoryVideo,,True,False,1631896909,1631983309,2021-09-17 16:41:49,False,False,,,,,,spdde_18-09-2021_00:00_video6.jpeg,spdde_18-09-2021_00:00_item6.json,,,
1677,armin_laschet,2664704633248752926,GraphStoryImage,,False,,1631877565,1631963965,2021-09-17 11:19:25,True,False,,,,,,armin_laschet_18-09-2021_00:00_image3.jpeg,armin_laschet_18-09-2021_00:00_item6.json,,,
1678,christianlindner,2664962198787274965,GraphStoryVideo,,True,False,1631908269,1631994669,2021-09-17 19:51:09,False,False,,,215121828.0,,,christianlindner_18-09-2021_00:00_video4.jpeg,christianlindner_18-09-2021_00:00_item6.json,,,
1679,cdu,2664720694497130690,GraphStoryVideo,,True,True,1631879478,1631965878,2021-09-17 11:51:18,True,False,,,,,,cdu_18-09-2021_00:00_video3.jpeg,cdu_18-09-2021_00:00_item6.json,,,
1680,christlichsozialeunion,2664798151481289660,GraphStoryVideo,,True,False,1631888712,1631975112,2021-09-17 14:25:12,True,False,,,,,,christlichsozialeunion_18-09-2021_00:00_video4.jpeg,christlichsozialeunion_18-09-2021_00:00_item6.json,,,
1681,abaerbock,2664810249884702643,GraphStoryImage,,False,,1631890155,1631976555,2021-09-17 14:49:15,False,False,,,,,,abaerbock_18-09-2021_00:00_image5.jpeg,abaerbock_18-09-2021_00:00_item6.json,,,
1682,armin_laschet,2664704905006168714,GraphStoryVideo,,True,True,1631877593,1631963993,2021-09-17 11:19:53,True,False,,,,,,armin_laschet_18-09-2021_00:00_video3.jpeg,armin_laschet_18-09-2021_00:00_item7.json,,,
1683,christlichsozialeunion,2664810115892807819,GraphStoryImage,,False,,1631890136,1631976536,2021-09-17 14:48:56,False,False,,,,,,christlichsozialeunion_18-09-2021_00:00_image2.jpeg,christlichsozialeunion_18-09-2021_00:00_item7.json,,,
1684,cdu,2664721452751822162,GraphStoryVideo,,True,True,1631879570,1631965970,2021-09-17 11:52:50,True,False,,,,,,cdu_18-09-2021_00:00_video4.jpeg,cdu_18-09-2021_00:00_item7.json,,,
1685,robert.habeck,2664599098110351572,GraphStoryVideo,,True,False,1631864945,1631951345,2021-09-17 07:49:05,False,False,,,,,,robert.habeck_18-09-2021_00:00_video2.jpeg,robert.habeck_18-09-2021_00:00_item7.json,,,
1686,christianlindner,2664963092587340460,GraphStoryImage,,False,,1631908375,1631994775,2021-09-17 19:52:55,False,False,,,215121828.0,,,christianlindner_18-09-2021_00:00_image2.jpeg,christianlindner_18-09-2021_00:00_item7.json,,,
1687,spdde,2664870516032174495,GraphStoryVideo,,True,True,1631897340,1631983740,2021-09-17 16:49:00,False,False,,,,,,spdde_18-09-2021_00:00_video7.jpeg,spdde_18-09-2021_00:00_item7.json,,,
1688,olafscholz,2664920038836958600,GraphStoryImage,,False,,1631903240,1631989640,2021-09-17 18:27:20,False,False,,,228651301.0,,,olafscholz_18-09-2021_00:00_image0.jpeg,olafscholz_18-09-2021_00:00_item7.json,,,
1689,abaerbock,2664811061297813026,GraphStoryImage,,False,,1631890252,1631976652,2021-09-17 14:50:52,True,False,,,,,,abaerbock_18-09-2021_00:00_image6.jpeg,abaerbock_18-09-2021_00:00_item7.json,,,
1690,fw_bayern,2664882096692656036,GraphStoryImage,,False,,1631898717,1631985117,2021-09-17 17:11:57,True,False,,,,,,fw_bayern_18-09-2021_00:00_image2.jpeg,fw_bayern_18-09-2021_00:00_item7.json,,,
1691,christlichsozialeunion,2664822186982460555,GraphStoryVideo,,True,True,1631891579,1631977979,2021-09-17 15:12:59,False,False,,,,,,christlichsozialeunion_18-09-2021_00:00_video5.jpeg,christlichsozialeunion_18-09-2021_00:00_item8.json,,,
1692,abaerbock,2664811296405389194,GraphStoryImage,,False,,1631890281,1631976681,2021-09-17 14:51:21,True,False,,,,,,abaerbock_18-09-2021_00:00_image7.jpeg,abaerbock_18-09-2021_00:00_item8.json,,,
1693,olafscholz,2664926514437393330,GraphStoryVideo,,True,True,1631904015,1631990415,2021-09-17 18:40:15,False,False,,,228651301.0,,,olafscholz_18-09-2021_00:00_video7.jpeg,olafscholz_18-09-2021_00:00_item8.json,,,
1694,robert.habeck,2664973983944953064,GraphStoryImage,,False,,1631909673,1631996073,2021-09-17 20:14:33,False,False,,,214326583.0,,,robert.habeck_18-09-2021_00:00_image5.jpeg,robert.habeck_18-09-2021_00:00_item8.json,,,
1695,spdde,2664928978224281075,GraphStoryImage,,False,,1631904308,1631990708,2021-09-17 18:45:08,True,False,,,,,,spdde_18-09-2021_00:00_image0.jpeg,spdde_18-09-2021_00:00_item8.json,,,
1696,cdu,2664721576022361496,GraphStoryVideo,,True,True,1631879584,1631965984,2021-09-17 11:53:04,True,False,,,,,,cdu_18-09-2021_00:00_video5.jpeg,cdu_18-09-2021_00:00_item8.json,,,
1697,fw_bayern,2664882238652988692,GraphStoryVideo,,True,True,1631898731,1631985131,2021-09-17 17:12:11,True,False,,,,,,fw_bayern_18-09-2021_00:00_video5.jpeg,fw_bayern_18-09-2021_00:00_item8.json,,,
1698,armin_laschet,2664705636534716378,GraphStoryImage,,False,,1631877684,1631964084,2021-09-17 11:21:24,True,False,,,,,,armin_laschet_18-09-2021_00:00_image4.jpeg,armin_laschet_18-09-2021_00:00_item8.json,,,
1699,christianlindner,2664964167042076815,GraphStoryImage,,False,,1631908503,1631994903,2021-09-17 19:55:03,False,False,,,,,,christianlindner_18-09-2021_00:00_image3.jpeg,christianlindner_18-09-2021_00:00_item8.json,,,
1700,armin_laschet,2664760877800005659,GraphStoryVideo,,True,False,1631884263,1631970663,2021-09-17 13:11:03,True,False,,,1241936822594905.0,,,armin_laschet_18-09-2021_00:00_video4.jpeg,armin_laschet_18-09-2021_00:00_item9.json,,,
1701,abaerbock,2664812004479353560,GraphStoryImage,,False,,1631890365,1631976765,2021-09-17 14:52:45,False,False,,,,,,abaerbock_18-09-2021_00:00_image8.jpeg,abaerbock_18-09-2021_00:00_item9.json,,,
1702,olafscholz,2664937400971304220,GraphStoryVideo,,True,False,1631905314,1631991714,2021-09-17 19:01:54,True,False,,,,,,olafscholz_18-09-2021_00:00_video8.jpeg,olafscholz_18-09-2021_00:00_item9.json,,,
1703,christlichsozialeunion,2664827289529349799,GraphStoryVideo,,True,True,1631892181,1631978581,2021-09-17 15:23:01,True,False,,,,,,christlichsozialeunion_18-09-2021_00:00_video6.jpeg,christlichsozialeunion_18-09-2021_00:00_item9.json,,,
1704,cdu,2664823113310604111,GraphStoryVideo,,True,True,1631891679,1631978079,2021-09-17 15:14:39,True,True,,,,,,cdu_18-09-2021_00:00_video6.jpeg,cdu_18-09-2021_00:00_item9.json,,,
1705,robert.habeck,2664974297947059422,GraphStoryVideo,,True,False,1631909711,1631996111,2021-09-17 20:15:11,False,False,,,,,,robert.habeck_18-09-2021_00:00_video3.jpeg,robert.habeck_18-09-2021_00:00_item9.json,,,
1706,spdde,2664932102921854997,GraphStoryImage,,False,,1631904680,1631991080,2021-09-17 18:51:20,False,False,,,,,,spdde_18-09-2021_00:00_image1.jpeg,spdde_18-09-2021_00:00_item9.json,,,
1707,christlichsozialeunion,2664829102383022131,GraphStoryVideo,,True,True,1631892182,1631978582,2021-09-17 15:23:02,True,False,,,,,,christlichsozialeunion_18-09-2021_00:00_video7.jpeg,christlichsozialeunion_18-09-2021_00:00_item10.json,,,
1708,robert.habeck,2664974389559289194,GraphStoryImage,,False,,1631909722,1631996122,2021-09-17 20:15:22,False,False,,,,,,robert.habeck_18-09-2021_00:00_image6.jpeg,robert.habeck_18-09-2021_00:00_item10.json,,,
1709,abaerbock,2664812892791019629,GraphStoryImage,,False,,1631890471,1631976871,2021-09-17 14:54:31,False,False,,,,,,abaerbock_18-09-2021_00:00_image9.jpeg,abaerbock_18-09-2021_00:00_item10.json,,,
1710,spdde,2664936522431807888,GraphStoryVideo,,True,True,1631905208,1631991608,2021-09-17 19:00:08,False,False,,,,,,spdde_18-09-2021_00:00_video8.jpeg,spdde_18-09-2021_00:00_item10.json,,,
1711,cdu,2664845950901722206,GraphStoryImage,,False,,1631894412,1631980812,2021-09-17 16:00:12,True,True,,,,,,cdu_18-09-2021_00:00_image3.jpeg,cdu_18-09-2021_00:00_item10.json,,,
1712,abaerbock,2664855271191481184,GraphStoryImage,,False,,1631895521,1631981921,2021-09-17 16:18:41,True,False,,,,,,abaerbock_18-09-2021_00:00_image10.jpeg,abaerbock_18-09-2021_00:00_item11.json,,,
1713,cdu,2664846577698397058,GraphStoryImage,,False,,1631894487,1631980887,2021-09-17 16:01:27,True,True,,,,,,cdu_18-09-2021_00:00_image4.jpeg,cdu_18-09-2021_00:00_item11.json,,,
1714,spdde,2664962918235248280,GraphStoryVideo,,True,False,1631908354,1631994754,2021-09-17 19:52:34,True,False,,,,,,spdde_18-09-2021_00:00_video9.jpeg,spdde_18-09-2021_00:00_item11.json,,,
1715,robert.habeck,2664974538272897588,GraphStoryVideo,,True,True,1631909740,1631996140,2021-09-17 20:15:40,False,False,,,,,,robert.habeck_18-09-2021_00:00_video4.jpeg,robert.habeck_18-09-2021_00:00_item11.json,,,
1716,christlichsozialeunion,2664836435972696440,GraphStoryVideo,,True,True,1631893276,1631979676,2021-09-17 15:41:16,True,False,,,,,,christlichsozialeunion_18-09-2021_00:00_video8.jpeg,christlichsozialeunion_18-09-2021_00:00_item11.json,,,
1717,christlichsozialeunion,2664845902869021610,GraphStoryVideo,,True,True,1631894405,1631980805,2021-09-17 16:00:05,True,False,,,,,,christlichsozialeunion_18-09-2021_00:00_video9.jpeg,christlichsozialeunion_18-09-2021_00:00_item12.json,,,
1718,abaerbock,2664886060478107227,GraphStoryImage,,False,,1631899194,1631985594,2021-09-17 17:19:54,True,False,,,,,,abaerbock_18-09-2021_00:00_image11.jpeg,abaerbock_18-09-2021_00:00_item12.json,,,
1719,robert.habeck,2664974564923073737,GraphStoryVideo,,True,True,1631909744,1631996144,2021-09-17 20:15:44,False,False,,,,,,robert.habeck_18-09-2021_00:00_video5.jpeg,robert.habeck_18-09-2021_00:00_item12.json,,,
1720,christlichsozialeunion,2664849696675729587,GraphStoryVideo,,True,True,1631894682,1631981082,2021-09-17 16:04:42,False,False,,,,,,christlichsozialeunion_18-09-2021_00:00_video10.jpeg,christlichsozialeunion_18-09-2021_00:00_item13.json,,,
1721,abaerbock,2664973207503666834,GraphStoryImage,,False,,1631909581,1631995981,2021-09-17 20:13:01,True,False,,,215121828.0,,,abaerbock_18-09-2021_00:00_image12.jpeg,abaerbock_18-09-2021_00:00_item13.json,,,
1722,robert.habeck,2664974716681405996,GraphStoryImage,,False,,1631909761,1631996161,2021-09-17 20:16:01,False,False,,,,,,robert.habeck_18-09-2021_00:00_image7.jpeg,robert.habeck_18-09-2021_00:00_item13.json,,,
1723,abaerbock,2664973923337175262,GraphStoryImage,,False,,1631909668,1631996068,2021-09-17 20:14:28,False,False,,,,,,abaerbock_18-09-2021_00:00_image13.jpeg,abaerbock_18-09-2021_00:00_item14.json,,,
1724,christlichsozialeunion,2664853077091859696,GraphStoryVideo,,True,True,1631895256,1631981656,2021-09-17 16:14:16,True,False,,,,,,christlichsozialeunion_18-09-2021_00:00_video11.jpeg,christlichsozialeunion_18-09-2021_00:00_item14.json,,,
1725,robert.habeck,2664974791767787595,GraphStoryImage,,False,,1631909770,1631996170,2021-09-17 20:16:10,False,False,,,,,,robert.habeck_18-09-2021_00:00_image8.jpeg,robert.habeck_18-09-2021_00:00_item14.json,,,
1726,christlichsozialeunion,2664857270397630675,GraphStoryVideo,,True,False,1631895762,1631982162,2021-09-17 16:22:42,True,False,,,,,,christlichsozialeunion_18-09-2021_00:00_video12.jpeg,christlichsozialeunion_18-09-2021_00:00_item15.json,,,
1727,abaerbock,2664974935674554026,GraphStoryImage,,False,,1631909788,1631996188,2021-09-17 20:16:28,False,False,,,,,,abaerbock_18-09-2021_00:00_image14.jpeg,abaerbock_18-09-2021_00:00_item15.json,,,
1728,robert.habeck,2664974906280755087,GraphStoryImage,,False,,1631909783,1631996183,2021-09-17 20:16:23,False,False,,,,,,robert.habeck_18-09-2021_00:00_image9.jpeg,robert.habeck_18-09-2021_00:00_item15.json,,,
1729,christlichsozialeunion,2664862440506298108,GraphStoryVideo,,True,False,1631896375,1631982775,2021-09-17 16:32:55,False,False,,,,,,christlichsozialeunion_18-09-2021_00:00_video13.jpeg,christlichsozialeunion_18-09-2021_00:00_item16.json,,,
1730,robert.habeck,2664975119182838284,GraphStoryVideo,,True,True,1631909799,1631996199,2021-09-17 20:16:39,False,False,,,,,,robert.habeck_18-09-2021_00:00_video6.jpeg,robert.habeck_18-09-2021_00:00_item16.json,,,
1731,abaerbock,2664975523757811645,GraphStoryImage,,False,,1631909859,1631996259,2021-09-17 20:17:39,False,True,,,,,,abaerbock_18-09-2021_00:00_image15.jpeg,abaerbock_18-09-2021_00:00_item16.json,,,
1732,christlichsozialeunion,2664872695252448075,GraphStoryVideo,,True,True,1631897587,1631983987,2021-09-17 16:53:07,True,False,,,,,,christlichsozialeunion_18-09-2021_00:00_video14.jpeg,christlichsozialeunion_18-09-2021_00:00_item17.json,,,
1733,abaerbock,2665010168068909019,GraphStoryVideo,,True,True,1631913985,1632000385,2021-09-17 21:26:25,True,False,,,,,,abaerbock_18-09-2021_00:00_video1.jpeg,abaerbock_18-09-2021_00:00_item17.json,,,
1734,robert.habeck,2664975621258575631,GraphStoryImage,,False,,1631909869,1631996269,2021-09-17 20:17:49,True,False,,,,,,robert.habeck_18-09-2021_00:00_image10.jpeg,robert.habeck_18-09-2021_00:00_item17.json,,,
1735,robert.habeck,2664975884635763730,GraphStoryImage,,False,,1631909900,1631996300,2021-09-17 20:18:20,False,False,,,215121828.0,,,robert.habeck_18-09-2021_00:00_image11.jpeg,robert.habeck_18-09-2021_00:00_item18.json,,,
1736,abaerbock,2665010183831073769,GraphStoryVideo,,True,True,1631913986,1632000386,2021-09-17 21:26:26,True,False,,,,,,abaerbock_18-09-2021_00:00_video2.jpeg,abaerbock_18-09-2021_00:00_item18.json,,,
1737,christlichsozialeunion,2664874959388116476,GraphStoryVideo,,True,True,1631897857,1631984257,2021-09-17 16:57:37,True,False,,,,,,christlichsozialeunion_18-09-2021_00:00_video15.jpeg,christlichsozialeunion_18-09-2021_00:00_item18.json,,,
1738,abaerbock,2665013517633980418,GraphStoryImage,,False,,1631914385,1632000785,2021-09-17 21:33:05,False,False,,,,,,abaerbock_18-09-2021_00:00_image16.jpeg,abaerbock_18-09-2021_00:00_item19.json,,,
1739,robert.habeck,2664975920581032658,GraphStoryImage,,False,,1631909905,1631996305,2021-09-17 20:18:25,False,False,,,,,,robert.habeck_18-09-2021_00:00_image12.jpeg,robert.habeck_18-09-2021_00:00_item19.json,,,
1740,christlichsozialeunion,2664884437835612601,GraphStoryVideo,,True,True,1631898998,1631985398,2021-09-17 17:16:38,True,False,,,,,,christlichsozialeunion_18-09-2021_00:00_video16.jpeg,christlichsozialeunion_18-09-2021_00:00_item19.json,,,
1741,robert.habeck,2664976390980466152,GraphStoryImage,,False,,1631909959,1631996359,2021-09-17 20:19:19,False,False,,,,,,robert.habeck_18-09-2021_00:00_image13.jpeg,robert.habeck_18-09-2021_00:00_item20.json,,,
1742,christlichsozialeunion,2664887098651792919,GraphStoryVideo,,True,True,1631899303,1631985703,2021-09-17 17:21:43,True,False,,,,,,christlichsozialeunion_18-09-2021_00:00_video17.jpeg,christlichsozialeunion_18-09-2021_00:00_item20.json,,,
1743,christlichsozialeunion,2664901980780718062,GraphStoryVideo,,True,True,1631901090,1631987490,2021-09-17 17:51:30,True,False,,,,,,christlichsozialeunion_18-09-2021_00:00_video18.jpeg,christlichsozialeunion_18-09-2021_00:00_item21.json,,,
1744,robert.habeck,2664976485268533911,GraphStoryImage,,False,,1631909972,1631996372,2021-09-17 20:19:32,False,False,,,,,,robert.habeck_18-09-2021_00:00_image14.jpeg,robert.habeck_18-09-2021_00:00_item21.json,,,
1745,robert.habeck,2664976544173197988,GraphStoryImage,,False,,1631909979,1631996379,2021-09-17 20:19:39,False,False,,,,,,robert.habeck_18-09-2021_00:00_image15.jpeg,robert.habeck_18-09-2021_00:00_item22.json,,,
1746,christlichsozialeunion,2664906726870532161,GraphStoryVideo,,True,True,1631901644,1631988044,2021-09-17 18:00:44,True,False,,,,,,christlichsozialeunion_18-09-2021_00:00_video19.jpeg,christlichsozialeunion_18-09-2021_00:00_item22.json,,,
1747,robert.habeck,2664977514307410424,GraphStoryVideo,,True,True,1631910084,1631996484,2021-09-17 20:21:24,True,False,,,,,,robert.habeck_18-09-2021_00:00_video7.jpeg,robert.habeck_18-09-2021_00:00_item23.json,,,
1748,robert.habeck,2664977542608105180,GraphStoryVideo,,True,True,1631910085,1631996485,2021-09-17 20:21:25,True,False,,,,,,robert.habeck_18-09-2021_00:00_video8.jpeg,robert.habeck_18-09-2021_00:00_item24.json,,,
1749,robert.habeck,2664977897088066906,GraphStoryImage,,False,,1631910141,1631996541,2021-09-17 20:22:21,True,False,,,,,,robert.habeck_18-09-2021_00:00_image16.jpeg,robert.habeck_18-09-2021_00:00_item25.json,,,
1750,robert.habeck,2664978087853351541,GraphStoryImage,,False,,1631910163,1631996563,2021-09-17 20:22:43,True,False,,,,,,robert.habeck_18-09-2021_00:00_image17.jpeg,robert.habeck_18-09-2021_00:00_item26.json,,,
1751,robert.habeck,2664978276159026311,GraphStoryVideo,,True,True,1631910186,1631996586,2021-09-17 20:23:06,True,False,,,,,,robert.habeck_18-09-2021_00:00_video9.jpeg,robert.habeck_18-09-2021_00:00_item27.json,,,
1752,robert.habeck,2664978400043783593,GraphStoryVideo,,True,True,1631910200,1631996600,2021-09-17 20:23:20,True,False,,,,,,robert.habeck_18-09-2021_00:00_video10.jpeg,robert.habeck_18-09-2021_00:00_item28.json,,,
1753,robert.habeck,2664978510705508664,GraphStoryVideo,,True,True,1631910214,1631996614,2021-09-17 20:23:34,True,False,,,,,,robert.habeck_18-09-2021_00:00_video11.jpeg,robert.habeck_18-09-2021_00:00_item29.json,,,
1754,robert.habeck,2664978628004261519,GraphStoryImage,,False,,1631910227,1631996627,2021-09-17 20:23:47,False,False,,,,,,robert.habeck_18-09-2021_00:00_image18.jpeg,robert.habeck_18-09-2021_00:00_item30.json,,,
1755,robert.habeck,2664979076599796087,GraphStoryVideo,,True,False,1631910282,1631996682,2021-09-17 20:24:42,True,False,,,,,,robert.habeck_18-09-2021_00:00_video12.jpeg,robert.habeck_18-09-2021_00:00_item31.json,,,
1756,christianlindner,2670421207600342702,GraphStoryImage,,False,,1632558998,1632645398,2021-09-25 08:36:38,False,False,,,,,,christianlindner_26-09-2021_00:00_image0.jpeg,christianlindner_26-09-2021_00:00_item0.json,,,
1757,abaerbock,2670421971506702073,GraphStoryVideo,,True,True,1632559116,1632645516,2021-09-25 08:38:36,False,True,,,,,,abaerbock_26-09-2021_00:00_video0.jpeg,abaerbock_26-09-2021_00:00_item0.json,,,
1758,olafscholz,2670415148819207868,GraphStoryImage,,False,,1632558311,1632644711,2021-09-25 08:25:11,True,False,,,107267474236006.0,,,olafscholz_26-09-2021_00:00_image0.jpeg,olafscholz_26-09-2021_00:00_item0.json,,,
1759,fdp,2670436091504505534,GraphStoryVideo,,True,True,1632560801,1632647201,2021-09-25 09:06:41,False,True,,,,,,fdp_26-09-2021_00:00_video0.jpeg,fdp_26-09-2021_00:00_item0.json,,,
1760,joerg.meuthen,2670600818636680921,GraphStoryImage,,False,,1632580443,1632666843,2021-09-25 14:34:03,False,False,,,,,,joerg.meuthen_26-09-2021_00:00_image0.jpeg,joerg.meuthen_26-09-2021_00:00_item0.json,,,
1761,grey_gor,2670405953433893374,GraphStoryVideo,,True,True,1632557214,1632643614,2021-09-25 08:06:54,False,False,,,,,,grey_gor_26-09-2021_00:00_video0.jpeg,grey_gor_26-09-2021_00:00_item0.json,,,
1762,nicola_beer,2670559936930555174,GraphStoryVideo,,True,True,1632575567,1632661967,2021-09-25 13:12:47,True,False,,,,,,nicola_beer_26-09-2021_00:00_video0.jpeg,nicola_beer_26-09-2021_00:00_item0.json,,,
1763,die_gruenen,2670406054535235619,GraphStoryVideo,,True,True,1632557215,1632643615,2021-09-25 08:06:55,False,True,,,,,,die_gruenen_26-09-2021_00:00_video0.jpeg,die_gruenen_26-09-2021_00:00_item0.json,,,
1764,spdde,2670374072243955358,GraphStoryVideo,,True,True,1632553411,1632639811,2021-09-25 07:03:31,False,False,,,,,,spdde_26-09-2021_00:00_video0.jpeg,spdde_26-09-2021_00:00_item0.json,,,
1765,fw_bayern,2670721440233950081,GraphStoryImage,,False,,1632594822,1632681222,2021-09-25 18:33:42,True,False,,,,,,fw_bayern_26-09-2021_00:00_image0.jpeg,fw_bayern_26-09-2021_00:00_item0.json,,,
1766,dielinke,2670370938539389778,GraphStoryImage,,False,,1632553044,1632639444,2021-09-25 06:57:24,False,False,,,,,,dielinke_26-09-2021_00:00_image0.jpeg,dielinke_26-09-2021_00:00_item0.json,,,
1767,atesgurpinar,2670722913995386532,GraphStoryImage,,False,,1632594956,1632681356,2021-09-25 18:35:56,False,False,,,,,,atesgurpinar_26-09-2021_00:00_image0.jpeg,atesgurpinar_26-09-2021_00:00_item0.json,,,
1768,susanne_hennig_wellsow,2670363668801207864,GraphStoryVideo,,True,False,1632552175,1632638575,2021-09-25 06:42:55,True,False,,,,,,susanne_hennig_wellsow_26-09-2021_00:00_video0.jpeg,susanne_hennig_wellsow_26-09-2021_00:00_item0.json,,,
1769,afd.bund,2670356982823999098,GraphStoryImage,,False,,1632551378,1632637778,2021-09-25 06:29:38,False,False,,,,,,afd.bund_26-09-2021_00:00_image0.jpeg,afd.bund_26-09-2021_00:00_item0.json,,,
1770,robert.habeck,2670392398459564518,GraphStoryVideo,,True,True,1632555598,1632641998,2021-09-25 07:39:58,False,True,,,,,,robert.habeck_26-09-2021_00:00_video0.jpeg,robert.habeck_26-09-2021_00:00_item0.json,,,
1771,armin_laschet,2670368679973244813,GraphStoryVideo,,True,True,1632552767,1632639167,2021-09-25 06:52:47,True,False,,,,,,armin_laschet_26-09-2021_00:00_video0.jpeg,armin_laschet_26-09-2021_00:00_item0.json,,,
1772,christlichsozialeunion,2670549454467659675,GraphStoryVideo,,True,False,1632574322,1632660722,2021-09-25 12:52:02,False,True,,,,,,christlichsozialeunion_26-09-2021_00:00_video0.jpeg,christlichsozialeunion_26-09-2021_00:00_item0.json,,,
1773,cdu,2670455416158168599,GraphStoryVideo,,True,True,1632563111,1632649511,2021-09-25 09:45:11,True,False,,,,,,cdu_26-09-2021_00:00_video0.jpeg,cdu_26-09-2021_00:00_item0.json,,,
1774,die_gruenen,2670432600134494142,GraphStoryVideo,,True,True,1632559876,1632646276,2021-09-25 08:51:16,False,True,,,,,,die_gruenen_26-09-2021_00:00_video1.jpeg,die_gruenen_26-09-2021_00:00_item1.json,,,
1775,afd.bund,2670371519023476511,GraphStoryImage,,False,,1632553110,1632639510,2021-09-25 06:58:30,False,True,,,,,,afd.bund_26-09-2021_00:00_image1.jpeg,afd.bund_26-09-2021_00:00_item1.json,,,
1776,nicola_beer,2670559955720914689,GraphStoryVideo,,True,True,1632575568,1632661968,2021-09-25 13:12:48,False,False,,,,,,nicola_beer_26-09-2021_00:00_video1.jpeg,nicola_beer_26-09-2021_00:00_item1.json,,,
1777,fw_bayern,2670721482613182893,GraphStoryImage,,False,,1632594829,1632681229,2021-09-25 18:33:49,True,False,,,,,,fw_bayern_26-09-2021_00:00_image1.jpeg,fw_bayern_26-09-2021_00:00_item1.json,,,
1778,spdde,2670374094138107994,GraphStoryVideo,,True,True,1632553412,1632639812,2021-09-25 07:03:32,False,False,,,,,,spdde_26-09-2021_00:00_video1.jpeg,spdde_26-09-2021_00:00_item1.json,,,
1779,cdu,2670456198832320656,GraphStoryVideo,,True,True,1632563204,1632649604,2021-09-25 09:46:44,True,False,,,220268636.0,,,cdu_26-09-2021_00:00_video1.jpeg,cdu_26-09-2021_00:00_item1.json,,,
1780,olafscholz,2670419095120121569,GraphStoryVideo,,True,False,1632558782,1632645182,2021-09-25 08:33:02,True,False,,,256247631.0,,,olafscholz_26-09-2021_00:00_video0.jpeg,olafscholz_26-09-2021_00:00_item1.json,,,
1781,abaerbock,2670767770170037624,GraphStoryVideo,,True,False,1632600348,1632686748,2021-09-25 20:05:48,False,False,,,,,,abaerbock_26-09-2021_00:00_video1.jpeg,abaerbock_26-09-2021_00:00_item1.json,,,
1782,christianlindner,2670487514077277691,GraphStoryImage,,False,,1632566936,1632653336,2021-09-25 10:48:56,False,False,,,496948690.0,,,christianlindner_26-09-2021_00:00_image1.jpeg,christianlindner_26-09-2021_00:00_item1.json,,,
1783,susanne_hennig_wellsow,2670684926804920208,GraphStoryImage,,False,,1632590473,1632676873,2021-09-25 17:21:13,True,False,,,,,,susanne_hennig_wellsow_26-09-2021_00:00_image0.jpeg,susanne_hennig_wellsow_26-09-2021_00:00_item1.json,,,
1784,christlichsozialeunion,2670646145740990449,GraphStoryVideo,,True,False,1632585848,1632672248,2021-09-25 16:04:08,False,True,,,,,,christlichsozialeunion_26-09-2021_00:00_video1.jpeg,christlichsozialeunion_26-09-2021_00:00_item1.json,,,
1785,robert.habeck,2670453847003191246,GraphStoryImage,,False,,1632562921,1632649321,2021-09-25 09:42:01,False,True,,,,,,robert.habeck_26-09-2021_00:00_image0.jpeg,robert.habeck_26-09-2021_00:00_item1.json,,,
1786,grey_gor,2670470914705088275,GraphStoryVideo,,True,False,1632564960,1632651360,2021-09-25 10:16:00,True,True,,,,,,grey_gor_26-09-2021_00:00_video1.jpeg,grey_gor_26-09-2021_00:00_item1.json,,,
1787,dielinke,2670584329334421287,GraphStoryImage,,False,,1632578478,1632664878,2021-09-25 14:01:18,False,True,,,,,,dielinke_26-09-2021_00:00_image1.jpeg,dielinke_26-09-2021_00:00_item1.json,,,
1788,armin_laschet,2670368772952623711,GraphStoryVideo,,True,True,1632552768,1632639168,2021-09-25 06:52:48,True,False,,,,,,armin_laschet_26-09-2021_00:00_video1.jpeg,armin_laschet_26-09-2021_00:00_item1.json,,,
1789,fw_bayern,2670721663849002290,GraphStoryVideo,,True,True,1632594838,1632681238,2021-09-25 18:33:58,True,False,,,,,,fw_bayern_26-09-2021_00:00_video0.jpeg,fw_bayern_26-09-2021_00:00_item2.json,,,
1790,afd.bund,2670420171146319663,GraphStoryImage,,False,,1632558911,1632645311,2021-09-25 08:35:11,False,True,,,,,,afd.bund_26-09-2021_00:00_image2.jpeg,afd.bund_26-09-2021_00:00_item2.json,,,
1791,spdde,2670374098533646564,GraphStoryVideo,,True,True,1632553413,1632639813,2021-09-25 07:03:33,False,False,,,,,,spdde_26-09-2021_00:00_video2.jpeg,spdde_26-09-2021_00:00_item2.json,,,
1792,die_gruenen,2670441272461945896,GraphStoryVideo,,True,False,1632561426,1632647826,2021-09-25 09:17:06,False,True,,,,,,die_gruenen_26-09-2021_00:00_video2.jpeg,die_gruenen_26-09-2021_00:00_item2.json,,,
1793,nicola_beer,2670559972439510532,GraphStoryVideo,,True,True,1632575569,1632661969,2021-09-25 13:12:49,False,False,,,,,,nicola_beer_26-09-2021_00:00_video2.jpeg,nicola_beer_26-09-2021_00:00_item2.json,,,
1794,christlichsozialeunion,2670705547923730675,GraphStoryImage,,False,,1632592927,1632679327,2021-09-25 18:02:07,False,True,,,,,,christlichsozialeunion_26-09-2021_00:00_image0.jpeg,christlichsozialeunion_26-09-2021_00:00_item2.json,,,
1795,abaerbock,2670767894927953676,GraphStoryImage,,False,,1632600363,1632686763,2021-09-25 20:06:03,False,False,,,,,,abaerbock_26-09-2021_00:00_image0.jpeg,abaerbock_26-09-2021_00:00_item2.json,,,
1796,robert.habeck,2670522831517836810,GraphStoryImage,,False,,1632571145,1632657545,2021-09-25 11:59:05,False,False,,,705359.0,,,robert.habeck_26-09-2021_00:00_image1.jpeg,robert.habeck_26-09-2021_00:00_item2.json,,,
1797,armin_laschet,2670368772558359676,GraphStoryVideo,,True,True,1632552769,1632639169,2021-09-25 06:52:49,True,False,,,,,,armin_laschet_26-09-2021_00:00_video2.jpeg,armin_laschet_26-09-2021_00:00_item2.json,,,
1798,olafscholz,2670424039493949213,GraphStoryImage,,False,,1632559372,1632645772,2021-09-25 08:42:52,True,False,,,107267474236006.0,,,olafscholz_26-09-2021_00:00_image1.jpeg,olafscholz_26-09-2021_00:00_item2.json,,,
1799,christianlindner,2670509580048187566,GraphStoryVideo,,True,False,1632569569,1632655969,2021-09-25 11:32:49,True,False,,,278357369.0,,,christianlindner_26-09-2021_00:00_video0.jpeg,christianlindner_26-09-2021_00:00_item2.json,,,
1800,cdu,2670458118699233244,GraphStoryVideo,,True,False,1632563434,1632649834,2021-09-25 09:50:34,True,False,,,,,,cdu_26-09-2021_00:00_video2.jpeg,cdu_26-09-2021_00:00_item2.json,,,
1801,olafscholz,2670432103695130471,GraphStoryVideo,,True,True,1632560332,1632646732,2021-09-25 08:58:52,False,False,,,,,,olafscholz_26-09-2021_00:00_video1.jpeg,olafscholz_26-09-2021_00:00_item3.json,,,
1802,christlichsozialeunion,2670705947188026370,GraphStoryImage,,False,,1632592976,1632679376,2021-09-25 18:02:56,False,True,,,,,,christlichsozialeunion_26-09-2021_00:00_image1.jpeg,christlichsozialeunion_26-09-2021_00:00_item3.json,,,
1803,christianlindner,2670624146424229879,GraphStoryImage,,False,,1632583225,1632669625,2021-09-25 15:20:25,False,False,,,496948690.0,,,christianlindner_26-09-2021_00:00_image2.jpeg,christianlindner_26-09-2021_00:00_item3.json,,,
1804,spdde,2670417395025272273,GraphStoryVideo,,True,False,1632558580,1632644980,2021-09-25 08:29:40,True,False,,,,,,spdde_26-09-2021_00:00_video3.jpeg,spdde_26-09-2021_00:00_item3.json,,,
1805,abaerbock,2670768412572023460,GraphStoryImage,,False,,1632600425,1632686825,2021-09-25 20:07:05,False,False,,,,,,abaerbock_26-09-2021_00:00_image1.jpeg,abaerbock_26-09-2021_00:00_item3.json,,,
1806,nicola_beer,2670559997177591219,GraphStoryVideo,,True,True,1632575570,1632661970,2021-09-25 13:12:50,False,False,,,,,,nicola_beer_26-09-2021_00:00_video3.jpeg,nicola_beer_26-09-2021_00:00_item3.json,,,
1807,armin_laschet,2670368772415805321,GraphStoryVideo,,True,True,1632552770,1632639170,2021-09-25 06:52:50,True,False,,,,,,armin_laschet_26-09-2021_00:00_video3.jpeg,armin_laschet_26-09-2021_00:00_item3.json,,,
1808,die_gruenen,2670587409705571127,GraphStoryVideo,,True,True,1632578847,1632665247,2021-09-25 14:07:27,False,False,,,,,,die_gruenen_26-09-2021_00:00_video3.jpeg,die_gruenen_26-09-2021_00:00_item3.json,,,
1809,cdu,2670470383985176097,GraphStoryVideo,,True,True,1632564476,1632650876,2021-09-25 10:07:56,True,False,,,220268636.0,,,cdu_26-09-2021_00:00_video3.jpeg,cdu_26-09-2021_00:00_item3.json,,,
1810,fw_bayern,2670721760485758363,GraphStoryVideo,,True,True,1632594846,1632681246,2021-09-25 18:34:06,True,False,,,,,,fw_bayern_26-09-2021_00:00_video1.jpeg,fw_bayern_26-09-2021_00:00_item3.json,,,
1811,robert.habeck,2670523623201246741,GraphStoryImage,,False,,1632571243,1632657643,2021-09-25 12:00:43,False,False,,,,,,robert.habeck_26-09-2021_00:00_image2.jpeg,robert.habeck_26-09-2021_00:00_item3.json,,,
1812,afd.bund,2670494706008679710,GraphStoryImage,,False,,1632567796,1632654196,2021-09-25 11:03:16,False,True,,,,,,afd.bund_26-09-2021_00:00_image3.jpeg,afd.bund_26-09-2021_00:00_item3.json,,,
1813,nicola_beer,2670644611774614753,GraphStoryImage,,False,,1632585664,1632672064,2021-09-25 16:01:04,True,False,,,,,,nicola_beer_26-09-2021_00:00_image0.jpeg,nicola_beer_26-09-2021_00:00_item4.json,,,
1814,fw_bayern,2670721802202491553,GraphStoryVideo,,True,False,1632594853,1632681253,2021-09-25 18:34:13,True,False,,,,,,fw_bayern_26-09-2021_00:00_video2.jpeg,fw_bayern_26-09-2021_00:00_item4.json,,,
1815,die_gruenen,2670587509773414672,GraphStoryVideo,,True,True,1632578859,1632665259,2021-09-25 14:07:39,False,False,,,,,,die_gruenen_26-09-2021_00:00_video4.jpeg,die_gruenen_26-09-2021_00:00_item4.json,,,
1816,cdu,2670469948733882730,GraphStoryVideo,,True,True,1632564841,1632651241,2021-09-25 10:14:01,True,False,,,,,,cdu_26-09-2021_00:00_video4.jpeg,cdu_26-09-2021_00:00_item4.json,,,
1817,olafscholz,2670460879992881465,GraphStoryVideo,,True,True,1632563763,1632650163,2021-09-25 09:56:03,False,False,,,213759886.0,,,olafscholz_26-09-2021_00:00_video2.jpeg,olafscholz_26-09-2021_00:00_item4.json,,,
1818,robert.habeck,2670523954643388321,GraphStoryImage,,False,,1632571282,1632657682,2021-09-25 12:01:22,False,False,,,,,,robert.habeck_26-09-2021_00:00_image3.jpeg,robert.habeck_26-09-2021_00:00_item4.json,,,
1819,afd.bund,2670588587104780041,GraphStoryVideo,,True,True,1632578443,1632664843,2021-09-25 14:00:43,True,True,,,,,,afd.bund_26-09-2021_00:00_video0.jpeg,afd.bund_26-09-2021_00:00_item4.json,,,
1820,spdde,2670418926130826754,GraphStoryVideo,,True,False,1632558762,1632645162,2021-09-25 08:32:42,True,False,,,,,,spdde_26-09-2021_00:00_video4.jpeg,spdde_26-09-2021_00:00_item4.json,,,
1821,armin_laschet,2670431437985088430,GraphStoryImage,,False,,1632560253,1632646653,2021-09-25 08:57:33,True,True,,,,,,armin_laschet_26-09-2021_00:00_image0.jpeg,armin_laschet_26-09-2021_00:00_item4.json,,,
1822,christianlindner,2670624749548409975,GraphStoryImage,,False,,1632583297,1632669697,2021-09-25 15:21:37,False,False,,,496948690.0,,,christianlindner_26-09-2021_00:00_image3.jpeg,christianlindner_26-09-2021_00:00_item4.json,,,
1823,christlichsozialeunion,2670706566804096933,GraphStoryImage,,False,,1632593050,1632679450,2021-09-25 18:04:10,False,True,,,,,,christlichsozialeunion_26-09-2021_00:00_image2.jpeg,christlichsozialeunion_26-09-2021_00:00_item4.json,,,
1824,abaerbock,2670768543719600980,GraphStoryImage,,False,,1632600441,1632686841,2021-09-25 20:07:21,False,False,,,,,,abaerbock_26-09-2021_00:00_image2.jpeg,abaerbock_26-09-2021_00:00_item4.json,,,
1825,christianlindner,2670625710203451522,GraphStoryImage,,False,,1632583411,1632669811,2021-09-25 15:23:31,False,False,,,214512512.0,,,christianlindner_26-09-2021_00:00_image4.jpeg,christianlindner_26-09-2021_00:00_item5.json,,,
1826,spdde,2670420873864989070,GraphStoryVideo,,True,True,1632558986,1632645386,2021-09-25 08:36:26,True,False,,,,,,spdde_26-09-2021_00:00_video5.jpeg,spdde_26-09-2021_00:00_item5.json,,,
1827,afd.bund,2670730467492508083,GraphStoryImage,,False,,1632595900,1632682300,2021-09-25 18:51:40,False,True,,,,,,afd.bund_26-09-2021_00:00_image4.jpeg,afd.bund_26-09-2021_00:00_item5.json,,,
1828,christlichsozialeunion,2670707155633976502,GraphStoryVideo,,True,True,1632593109,1632679509,2021-09-25 18:05:09,False,True,,,,,,christlichsozialeunion_26-09-2021_00:00_video2.jpeg,christlichsozialeunion_26-09-2021_00:00_item5.json,,,
1829,armin_laschet,2670438545392639719,GraphStoryVideo,,True,True,1632561096,1632647496,2021-09-25 09:11:36,False,True,,,,,,armin_laschet_26-09-2021_00:00_video4.jpeg,armin_laschet_26-09-2021_00:00_item5.json,,,
1830,die_gruenen,2670587578333512236,GraphStoryVideo,,True,True,1632578867,1632665267,2021-09-25 14:07:47,False,False,,,,,,die_gruenen_26-09-2021_00:00_video5.jpeg,die_gruenen_26-09-2021_00:00_item5.json,,,
1831,robert.habeck,2670524318642007975,GraphStoryImage,,False,,1632571325,1632657725,2021-09-25 12:02:05,False,False,,,,,,robert.habeck_26-09-2021_00:00_image4.jpeg,robert.habeck_26-09-2021_00:00_item5.json,,,
1832,olafscholz,2670475464292532735,GraphStoryVideo,,True,False,1632565502,1632651902,2021-09-25 10:25:02,False,False,,,229909947836289.0,,,olafscholz_26-09-2021_00:00_video3.jpeg,olafscholz_26-09-2021_00:00_item5.json,,,
1833,cdu,2670478747301454834,GraphStoryVideo,,True,True,1632565669,1632652069,2021-09-25 10:27:49,True,False,,,,,,cdu_26-09-2021_00:00_video5.jpeg,cdu_26-09-2021_00:00_item5.json,,,
1834,abaerbock,2670768605350752717,GraphStoryImage,,False,,1632600448,1632686848,2021-09-25 20:07:28,False,False,,,,,,abaerbock_26-09-2021_00:00_image3.jpeg,abaerbock_26-09-2021_00:00_item5.json,,,
1835,fw_bayern,2670721929222711828,GraphStoryVideo,,True,True,1632594870,1632681270,2021-09-25 18:34:30,True,False,,,,,,fw_bayern_26-09-2021_00:00_video3.jpeg,fw_bayern_26-09-2021_00:00_item5.json,,,
1836,armin_laschet,2670592529197613315,GraphStoryVideo,,True,True,1632579450,1632665850,2021-09-25 14:17:30,True,False,,,220268636.0,,,armin_laschet_26-09-2021_00:00_video5.jpeg,armin_laschet_26-09-2021_00:00_item6.json,,,
1837,christlichsozialeunion,2670708275395801662,GraphStoryImage,,False,,1632593254,1632679654,2021-09-25 18:07:34,False,True,,,,,,christlichsozialeunion_26-09-2021_00:00_image3.jpeg,christlichsozialeunion_26-09-2021_00:00_item6.json,,,
1838,cdu,2670482506085799084,GraphStoryVideo,,True,True,1632566341,1632652741,2021-09-25 10:39:01,True,False,,,,,,cdu_26-09-2021_00:00_video6.jpeg,cdu_26-09-2021_00:00_item6.json,,,
1839,fw_bayern,2670721900466514137,GraphStoryImage,,False,,1632594879,1632681279,2021-09-25 18:34:39,True,False,,,,,,fw_bayern_26-09-2021_00:00_image2.jpeg,fw_bayern_26-09-2021_00:00_item6.json,,,
1840,robert.habeck,2670524775259100626,GraphStoryImage,,False,,1632571380,1632657780,2021-09-25 12:03:00,False,False,,,271279848.0,,,robert.habeck_26-09-2021_00:00_image5.jpeg,robert.habeck_26-09-2021_00:00_item6.json,,,
1841,olafscholz,2670484850576733305,GraphStoryImage,,False,,1632566621,1632653021,2021-09-25 10:43:41,True,False,,,,,,olafscholz_26-09-2021_00:00_image2.jpeg,olafscholz_26-09-2021_00:00_item6.json,,,
1842,spdde,2670421249691427025,GraphStoryVideo,,True,True,1632559032,1632645432,2021-09-25 08:37:12,True,False,,,,,,spdde_26-09-2021_00:00_video6.jpeg,spdde_26-09-2021_00:00_item6.json,,,
1843,abaerbock,2670769129183412940,GraphStoryVideo,,True,True,1632600509,1632686909,2021-09-25 20:08:29,False,False,,,,,,abaerbock_26-09-2021_00:00_video2.jpeg,abaerbock_26-09-2021_00:00_item6.json,,,
1844,christianlindner,2670637003481948611,GraphStoryVideo,,True,True,1632584759,1632671159,2021-09-25 15:45:59,False,False,,,,,,christianlindner_26-09-2021_00:00_video1.jpeg,christianlindner_26-09-2021_00:00_item6.json,,,
1845,die_gruenen,2670599778683361484,GraphStoryVideo,,True,True,1632580330,1632666730,2021-09-25 14:32:10,False,False,,,,,,die_gruenen_26-09-2021_00:00_video6.jpeg,die_gruenen_26-09-2021_00:00_item6.json,,,
1846,afd.bund,2670750306145850058,GraphStoryVideo,,True,True,1632596157,1632682557,2021-09-25 18:55:57,False,True,,,,,,afd.bund_26-09-2021_00:00_video1.jpeg,afd.bund_26-09-2021_00:00_item6.json,,,
1847,abaerbock,2670769386397139235,GraphStoryImage,,False,,1632600541,1632686941,2021-09-25 20:09:01,False,False,,,,,,abaerbock_26-09-2021_00:00_image4.jpeg,abaerbock_26-09-2021_00:00_item7.json,,,
1848,cdu,2670485800954809954,GraphStoryImage,,False,,1632566733,1632653133,2021-09-25 10:45:33,True,False,,,,,,cdu_26-09-2021_00:00_image0.jpeg,cdu_26-09-2021_00:00_item7.json,,,
1849,die_gruenen,2670618533530439544,GraphStoryVideo,,True,True,1632582567,1632668967,2021-09-25 15:09:27,False,False,,,,,,die_gruenen_26-09-2021_00:00_video7.jpeg,die_gruenen_26-09-2021_00:00_item7.json,,,
1850,spdde,2670422125134992279,GraphStoryVideo,,True,False,1632559144,1632645544,2021-09-25 08:39:04,True,False,,,,,,spdde_26-09-2021_00:00_video7.jpeg,spdde_26-09-2021_00:00_item7.json,,,
1851,olafscholz,2670501579782587046,GraphStoryVideo,,True,False,1632568615,1632655015,2021-09-25 11:16:55,False,False,,,249117518770705.0,,,olafscholz_26-09-2021_00:00_video4.jpeg,olafscholz_26-09-2021_00:00_item7.json,,,
1852,robert.habeck,2670525207420138940,GraphStoryVideo,,True,False,1632571431,1632657831,2021-09-25 12:03:51,False,False,,,260168634.0,,,robert.habeck_26-09-2021_00:00_video1.jpeg,robert.habeck_26-09-2021_00:00_item7.json,,,
1853,armin_laschet,2670592584696496577,GraphStoryVideo,,True,True,1632579451,1632665851,2021-09-25 14:17:31,True,False,,,,,,armin_laschet_26-09-2021_00:00_video6.jpeg,armin_laschet_26-09-2021_00:00_item7.json,,,
1854,christianlindner,2670708814909689247,GraphStoryImage,,False,,1632593317,1632679717,2021-09-25 18:08:37,False,False,,,,,,christianlindner_26-09-2021_00:00_image5.jpeg,christianlindner_26-09-2021_00:00_item7.json,,,
1855,fw_bayern,2670722304797555630,GraphStoryImage,,False,,1632594927,1632681327,2021-09-25 18:35:27,False,True,,,,,,fw_bayern_26-09-2021_00:00_image3.jpeg,fw_bayern_26-09-2021_00:00_item7.json,,,
1856,armin_laschet,2670592556837969779,GraphStoryVideo,,True,True,1632579452,1632665852,2021-09-25 14:17:32,True,False,,,,,,armin_laschet_26-09-2021_00:00_video7.jpeg,armin_laschet_26-09-2021_00:00_item8.json,,,
1857,abaerbock,2670769536813412200,GraphStoryImage,,False,,1632600559,1632686959,2021-09-25 20:09:19,False,False,,,,,,abaerbock_26-09-2021_00:00_image5.jpeg,abaerbock_26-09-2021_00:00_item8.json,,,
1858,die_gruenen,2670645591992237385,GraphStoryVideo,,True,True,1632585792,1632672192,2021-09-25 16:03:12,False,False,,,,,,die_gruenen_26-09-2021_00:00_video8.jpeg,die_gruenen_26-09-2021_00:00_item8.json,,,
1859,fw_bayern,2670722898257830641,GraphStoryImage,,False,,1632594998,1632681398,2021-09-25 18:36:38,False,True,,,,,,fw_bayern_26-09-2021_00:00_image4.jpeg,fw_bayern_26-09-2021_00:00_item8.json,,,
1860,cdu,2670487977094014181,GraphStoryVideo,,True,True,1632566991,1632653391,2021-09-25 10:49:51,True,False,,,,,,cdu_26-09-2021_00:00_video7.jpeg,cdu_26-09-2021_00:00_item8.json,,,
1861,christianlindner,2670709877265839266,GraphStoryVideo,,True,True,1632593446,1632679846,2021-09-25 18:10:46,False,False,,,214512512.0,,,christianlindner_26-09-2021_00:00_video2.jpeg,christianlindner_26-09-2021_00:00_item8.json,,,
1862,spdde,2670423054785696207,GraphStoryVideo,,True,True,1632559245,1632645645,2021-09-25 08:40:45,True,False,,,,,,spdde_26-09-2021_00:00_video8.jpeg,spdde_26-09-2021_00:00_item8.json,,,
1863,olafscholz,2670520275081237783,GraphStoryImage,,False,,1632570843,1632657243,2021-09-25 11:54:03,False,False,,,249117518770705.0,,,olafscholz_26-09-2021_00:00_image3.jpeg,olafscholz_26-09-2021_00:00_item8.json,,,
1864,robert.habeck,2670541305229208937,GraphStoryImage,,False,,1632573348,1632659748,2021-09-25 12:35:48,False,False,,,260168634.0,,,robert.habeck_26-09-2021_00:00_image6.jpeg,robert.habeck_26-09-2021_00:00_item8.json,,,
1865,olafscholz,2670564083166405907,GraphStoryVideo,,True,False,1632576064,1632662464,2021-09-25 13:21:04,True,False,,,,,,olafscholz_26-09-2021_00:00_video5.jpeg,olafscholz_26-09-2021_00:00_item9.json,,,
1866,spdde,2670437676355685806,GraphStoryVideo,,True,False,1632560997,1632647397,2021-09-25 09:09:57,True,False,,,,,,spdde_26-09-2021_00:00_video9.jpeg,spdde_26-09-2021_00:00_item9.json,,,
1867,abaerbock,2670775589403735486,GraphStoryImage,,False,,1632601280,1632687680,2021-09-25 20:21:20,False,False,,,110445091242545.0,,,abaerbock_26-09-2021_00:00_image6.jpeg,abaerbock_26-09-2021_00:00_item9.json,,,
1868,cdu,2670487993778954447,GraphStoryVideo,,True,True,1632566992,1632653392,2021-09-25 10:49:52,True,False,,,,,,cdu_26-09-2021_00:00_video8.jpeg,cdu_26-09-2021_00:00_item9.json,,,
1869,christianlindner,2670711476539541746,GraphStoryImage,,False,,1632593635,1632680035,2021-09-25 18:13:55,True,False,,,214512512.0,,,christianlindner_26-09-2021_00:00_image6.jpeg,christianlindner_26-09-2021_00:00_item9.json,,,
1870,armin_laschet,2670592504518168091,GraphStoryVideo,,True,True,1632579453,1632665853,2021-09-25 14:17:33,True,False,,,,,,armin_laschet_26-09-2021_00:00_video8.jpeg,armin_laschet_26-09-2021_00:00_item9.json,,,
1871,die_gruenen,2670667608623680142,GraphStoryVideo,,True,True,1632588416,1632674816,2021-09-25 16:46:56,False,False,,,,,,die_gruenen_26-09-2021_00:00_video9.jpeg,die_gruenen_26-09-2021_00:00_item9.json,,,
1872,robert.habeck,2670552079943259704,GraphStoryVideo,,True,False,1632574636,1632661036,2021-09-25 12:57:16,False,False,,,705359.0,,,robert.habeck_26-09-2021_00:00_video2.jpeg,robert.habeck_26-09-2021_00:00_item9.json,,,
1873,die_gruenen,2670686840153696158,GraphStoryVideo,,True,True,1632590708,1632677108,2021-09-25 17:25:08,False,False,,,,,,die_gruenen_26-09-2021_00:00_video10.jpeg,die_gruenen_26-09-2021_00:00_item10.json,,,
1874,spdde,2670452262291126437,GraphStoryVideo,,True,False,1632561058,1632647458,2021-09-25 09:10:58,True,False,,,,,,spdde_26-09-2021_00:00_video10.jpeg,spdde_26-09-2021_00:00_item10.json,,,
1875,abaerbock,2670775919000547642,GraphStoryImage,,False,,1632601319,1632687719,2021-09-25 20:21:59,False,False,,,213759886.0,,,abaerbock_26-09-2021_00:00_image7.jpeg,abaerbock_26-09-2021_00:00_item10.json,,,
1876,armin_laschet,2670593077409830977,GraphStoryVideo,,True,True,1632579519,1632665919,2021-09-25 14:18:39,True,False,,,,,,armin_laschet_26-09-2021_00:00_video9.jpeg,armin_laschet_26-09-2021_00:00_item10.json,,,
1877,olafscholz,2670575409381109453,GraphStoryVideo,,True,True,1632577214,1632663614,2021-09-25 13:40:14,False,False,,,,,,olafscholz_26-09-2021_00:00_video6.jpeg,olafscholz_26-09-2021_00:00_item10.json,,,
1878,cdu,2670503247036294649,GraphStoryVideo,,True,True,1632568811,1632655211,2021-09-25 11:20:11,True,False,,,,,,cdu_26-09-2021_00:00_video9.jpeg,cdu_26-09-2021_00:00_item10.json,,,
1879,robert.habeck,2670614806715947475,GraphStoryImage,,False,,1632582109,1632668509,2021-09-25 15:01:49,False,False,,,705359.0,,,robert.habeck_26-09-2021_00:00_image7.jpeg,robert.habeck_26-09-2021_00:00_item10.json,,,
1880,die_gruenen,2670708328084538107,GraphStoryVideo,,True,True,1632593270,1632679670,2021-09-25 18:07:50,False,False,,,,,,die_gruenen_26-09-2021_00:00_video11.jpeg,die_gruenen_26-09-2021_00:00_item11.json,,,
1881,armin_laschet,2670593097743893817,GraphStoryVideo,,True,True,1632579520,1632665920,2021-09-25 14:18:40,True,False,,,,,,armin_laschet_26-09-2021_00:00_video10.jpeg,armin_laschet_26-09-2021_00:00_item11.json,,,
1882,cdu,2670518430450456481,GraphStoryVideo,,True,True,1632570621,1632657021,2021-09-25 11:50:21,True,False,,,,,,cdu_26-09-2021_00:00_video10.jpeg,cdu_26-09-2021_00:00_item11.json,,,
1883,spdde,2670452389143724429,GraphStoryVideo,,True,False,1632562749,1632649149,2021-09-25 09:39:09,True,False,,,,,,spdde_26-09-2021_00:00_video11.jpeg,spdde_26-09-2021_00:00_item11.json,,,
1884,robert.habeck,2670614887791644984,GraphStoryImage,,False,,1632582120,1632668520,2021-09-25 15:02:00,False,False,,,,,,robert.habeck_26-09-2021_00:00_image8.jpeg,robert.habeck_26-09-2021_00:00_item11.json,,,
1885,abaerbock,2670776362520691575,GraphStoryVideo,,True,False,1632601373,1632687773,2021-09-25 20:22:53,False,False,,,,,,abaerbock_26-09-2021_00:00_video3.jpeg,abaerbock_26-09-2021_00:00_item11.json,,,
1886,olafscholz,2670587941989006518,GraphStoryImage,,False,,1632578910,1632665310,2021-09-25 14:08:30,False,False,,,,,,olafscholz_26-09-2021_00:00_image4.jpeg,olafscholz_26-09-2021_00:00_item11.json,,,
1887,robert.habeck,2670790984150181338,GraphStoryVideo,,True,False,1632603113,1632689513,2021-09-25 20:51:53,True,False,,,,,,robert.habeck_26-09-2021_00:00_video3.jpeg,robert.habeck_26-09-2021_00:00_item12.json,,,
1888,spdde,2670453045023755709,GraphStoryImage,,False,,1632562829,1632649229,2021-09-25 09:40:29,True,False,,,,,,spdde_26-09-2021_00:00_image0.jpeg,spdde_26-09-2021_00:00_item12.json,,,
1889,cdu,2670520218297660997,GraphStoryVideo,,True,True,1632570823,1632657223,2021-09-25 11:53:43,True,False,,,,,,cdu_26-09-2021_00:00_video11.jpeg,cdu_26-09-2021_00:00_item12.json,,,
1890,olafscholz,2670589364417779733,GraphStoryVideo,,True,True,1632579079,1632665479,2021-09-25 14:11:19,False,False,,,,,,olafscholz_26-09-2021_00:00_video7.jpeg,olafscholz_26-09-2021_00:00_item12.json,,,
1891,die_gruenen,2670734760093565505,GraphStoryVideo,,True,True,1632596421,1632682821,2021-09-25 19:00:21,False,False,,,,,,die_gruenen_26-09-2021_00:00_video12.jpeg,die_gruenen_26-09-2021_00:00_item12.json,,,
1892,olafscholz,2670648815810454969,GraphStoryImage,,False,,1632586166,1632672566,2021-09-25 16:09:26,False,False,,,,,,olafscholz_26-09-2021_00:00_image5.jpeg,olafscholz_26-09-2021_00:00_item13.json,,,
1893,cdu,2670520142707855156,GraphStoryVideo,,True,True,1632570824,1632657224,2021-09-25 11:53:44,True,False,,,,,,cdu_26-09-2021_00:00_video12.jpeg,cdu_26-09-2021_00:00_item13.json,,,
1894,robert.habeck,2670791052544416045,GraphStoryVideo,,True,False,1632603123,1632689523,2021-09-25 20:52:03,True,False,,,,,,robert.habeck_26-09-2021_00:00_video4.jpeg,robert.habeck_26-09-2021_00:00_item13.json,,,
1895,spdde,2670554016327565205,GraphStoryImage,,False,,1632574864,1632661264,2021-09-25 13:01:04,True,False,,,,,,spdde_26-09-2021_00:00_image1.jpeg,spdde_26-09-2021_00:00_item13.json,,,
1896,cdu,2670522596258412369,GraphStoryVideo,,True,True,1632571119,1632657519,2021-09-25 11:58:39,True,False,,,,,,cdu_26-09-2021_00:00_video13.jpeg,cdu_26-09-2021_00:00_item14.json,,,
1897,spdde,2670554275926699375,GraphStoryVideo,,True,True,1632574894,1632661294,2021-09-25 13:01:34,True,False,,,,,,spdde_26-09-2021_00:00_video12.jpeg,spdde_26-09-2021_00:00_item14.json,,,
1898,olafscholz,2670711558988739647,GraphStoryVideo,,True,True,1632593646,1632680046,2021-09-25 18:14:06,False,False,,,,,,olafscholz_26-09-2021_00:00_video8.jpeg,olafscholz_26-09-2021_00:00_item14.json,,,
1899,cdu,2670524072326255145,GraphStoryVideo,,True,True,1632571297,1632657697,2021-09-25 12:01:37,True,False,,,,,,cdu_26-09-2021_00:00_video14.jpeg,cdu_26-09-2021_00:00_item15.json,,,
1900,spdde,2670554533720034057,GraphStoryImage,,False,,1632574928,1632661328,2021-09-25 13:02:08,True,False,,,,,,spdde_26-09-2021_00:00_image2.jpeg,spdde_26-09-2021_00:00_item15.json,,,
1901,cdu,2670547943485905356,GraphStoryVideo,,True,True,1632574141,1632660541,2021-09-25 12:49:01,True,False,,,,,,cdu_26-09-2021_00:00_video15.jpeg,cdu_26-09-2021_00:00_item16.json,,,
1902,spdde,2670554665773496105,GraphStoryImage,,False,,1632574944,1632661344,2021-09-25 13:02:24,True,False,,,,,,spdde_26-09-2021_00:00_image3.jpeg,spdde_26-09-2021_00:00_item16.json,,,
1903,cdu,2670574465705937122,GraphStoryImage,,False,,1632577303,1632663703,2021-09-25 13:41:43,True,False,,,,,,cdu_26-09-2021_00:00_image1.jpeg,cdu_26-09-2021_00:00_item17.json,,,
1904,spdde,2670584578137249215,GraphStoryVideo,,True,False,1632578509,1632664909,2021-09-25 14:01:49,True,False,,,,,,spdde_26-09-2021_00:00_video13.jpeg,spdde_26-09-2021_00:00_item17.json,,,
1905,spdde,2670585003703060857,GraphStoryImage,,False,,1632578560,1632664960,2021-09-25 14:02:40,False,True,,,,,,spdde_26-09-2021_00:00_image4.jpeg,spdde_26-09-2021_00:00_item18.json,,,
1906,cdu,2670685076163113106,GraphStoryVideo,,True,True,1632590488,1632676888,2021-09-25 17:21:28,False,False,,,,,,cdu_26-09-2021_00:00_video16.jpeg,cdu_26-09-2021_00:00_item18.json,,,
1907,spdde,2670634341222268335,GraphStoryVideo,,True,False,1632584442,1632670842,2021-09-25 15:40:42,True,True,,,,,,spdde_26-09-2021_00:00_video14.jpeg,spdde_26-09-2021_00:00_item19.json,,,
1908,spdde,2670635777103365202,GraphStoryImage,,False,,1632584613,1632671013,2021-09-25 15:43:33,True,False,,,,,,spdde_26-09-2021_00:00_image5.jpeg,spdde_26-09-2021_00:00_item20.json,,,
1909,spdde,2670647555192283084,GraphStoryVideo,,True,False,1632586017,1632672417,2021-09-25 16:06:57,True,True,,,,,,spdde_26-09-2021_00:00_video15.jpeg,spdde_26-09-2021_00:00_item21.json,,,
1910,spdde,2670679278592604268,GraphStoryVideo,,True,False,1632589799,1632676199,2021-09-25 17:09:59,True,False,,,,,,spdde_26-09-2021_00:00_video16.jpeg,spdde_26-09-2021_00:00_item22.json,,,
1911,spdde,2670683589758321134,GraphStoryVideo,,True,False,1632590304,1632676704,2021-09-25 17:18:24,True,False,,,,,,spdde_26-09-2021_00:00_video17.jpeg,spdde_26-09-2021_00:00_item23.json,,,
1912,spdde,2670728823313700975,GraphStoryVideo,,True,False,1632595704,1632682104,2021-09-25 18:48:24,True,False,,,,,,spdde_26-09-2021_00:00_video18.jpeg,spdde_26-09-2021_00:00_item24.json,,,
1913,cdu,2666139078942049340,GraphStoryVideo,,True,True,1632048559,1632134959,2021-09-19 10:49:19,True,False,,,,,,cdu_20-09-2021_00:00_video0.jpeg,cdu_20-09-2021_00:00_item0.json,,,
1914,spdde,2666338526433406609,GraphStoryImage,,False,,1632072340,1632158740,2021-09-19 17:25:40,False,False,,,,,,spdde_20-09-2021_00:00_image0.jpeg,spdde_20-09-2021_00:00_item0.json,,,
1915,fw_bayern,2666079871644051309,GraphStoryVideo,,True,False,1632041503,1632127903,2021-09-19 08:51:43,True,False,,,,,,fw_bayern_20-09-2021_00:00_video0.jpeg,fw_bayern_20-09-2021_00:00_item0.json,,,
1916,grey_gor,2666012449228084187,GraphStoryVideo,,True,True,1632033468,1632119868,2021-09-19 06:37:48,False,False,,,,,,grey_gor_20-09-2021_00:00_video0.jpeg,grey_gor_20-09-2021_00:00_item0.json,,,
1917,afd.bund,2666148409147583882,GraphStoryImage,,False,,1632049677,1632136077,2021-09-19 11:07:57,False,True,,,,,,afd.bund_20-09-2021_00:00_image0.jpeg,afd.bund_20-09-2021_00:00_item0.json,,,
1918,robert.habeck,2666082322149804927,GraphStoryImage,,False,,1632041798,1632128198,2021-09-19 08:56:38,True,False,,,,,,robert.habeck_20-09-2021_00:00_image0.jpeg,robert.habeck_20-09-2021_00:00_item0.json,,,
1919,armin_laschet,2666122274471478452,GraphStoryVideo,,True,True,1632046561,1632132961,2021-09-19 10:16:01,True,False,,,,,,armin_laschet_20-09-2021_00:00_video0.jpeg,armin_laschet_20-09-2021_00:00_item0.json,,,
1920,abaerbock,2666059881935769706,GraphStoryImage,,False,,1632039122,1632125522,2021-09-19 08:12:02,True,False,,,,,,abaerbock_20-09-2021_00:00_image0.jpeg,abaerbock_20-09-2021_00:00_item0.json,,,
1921,markus.soeder,2666087358425763800,GraphStoryVideo,,True,False,1632042399,1632128799,2021-09-19 09:06:39,True,False,,,,,,markus.soeder_20-09-2021_00:00_video0.jpeg,markus.soeder_20-09-2021_00:00_item0.json,,,
1922,christlichsozialeunion,2666067929948958732,GraphStoryVideo,,True,False,1632040083,1632126483,2021-09-19 08:28:03,False,True,,,,,,christlichsozialeunion_20-09-2021_00:00_video0.jpeg,christlichsozialeunion_20-09-2021_00:00_item0.json,,,
1923,christianlindner,2666036566981524912,GraphStoryImage,,False,,1632036342,1632122742,2021-09-19 07:25:42,True,False,,,213131048.0,,,christianlindner_20-09-2021_00:00_image0.jpeg,christianlindner_20-09-2021_00:00_item0.json,,,
1924,nicola_beer,2666053281962283567,GraphStoryImage,,False,,1632038336,1632124736,2021-09-19 07:58:56,False,False,,,,,,nicola_beer_20-09-2021_00:00_image0.jpeg,nicola_beer_20-09-2021_00:00_item0.json,,,
1925,die_gruenen,2666056606132817725,GraphStoryImage,,False,,1632038728,1632125128,2021-09-19 08:05:28,True,False,,,,,,die_gruenen_20-09-2021_00:00_image0.jpeg,die_gruenen_20-09-2021_00:00_item0.json,,,
1926,olafscholz,2666079485615280639,GraphStoryVideo,,True,True,1632040649,1632127049,2021-09-19 08:37:29,True,False,,,110049874681551.0,,,olafscholz_20-09-2021_00:00_video0.jpeg,olafscholz_20-09-2021_00:00_item0.json,,,
1927,fdp,2666044039291416734,GraphStoryVideo,,True,True,1632037236,1632123636,2021-09-19 07:40:36,False,False,,,,,,fdp_20-09-2021_00:00_video0.jpeg,fdp_20-09-2021_00:00_item0.json,,,
1928,fdp,2666048837905763157,GraphStoryImage,,False,,1632037804,1632124204,2021-09-19 07:50:04,False,False,,,,,,fdp_20-09-2021_00:00_image0.jpeg,fdp_20-09-2021_00:00_item1.json,,,
1929,fw_bayern,2666079951612667487,GraphStoryVideo,,True,False,1632041513,1632127913,2021-09-19 08:51:53,True,False,,,,,,fw_bayern_20-09-2021_00:00_video1.jpeg,fw_bayern_20-09-2021_00:00_item1.json,,,
1930,spdde,2666348363670272693,GraphStoryVideo,,True,True,1632073448,1632159848,2021-09-19 17:44:08,True,False,,,,,,spdde_20-09-2021_00:00_video0.jpeg,spdde_20-09-2021_00:00_item1.json,,,
1931,nicola_beer,2666054578807635166,GraphStoryVideo,,True,False,1632038492,1632124892,2021-09-19 08:01:32,False,False,,,,,,nicola_beer_20-09-2021_00:00_video0.jpeg,nicola_beer_20-09-2021_00:00_item1.json,,,
1932,die_gruenen,2666081450513797030,GraphStoryImage,,False,,1632041695,1632128095,2021-09-19 08:54:55,True,False,,,,,,die_gruenen_20-09-2021_00:00_image1.jpeg,die_gruenen_20-09-2021_00:00_item1.json,,,
1933,christianlindner,2666102830223512471,GraphStoryVideo,,True,True,1632044237,1632130637,2021-09-19 09:37:17,True,False,,,,,,christianlindner_20-09-2021_00:00_video0.jpeg,christianlindner_20-09-2021_00:00_item1.json,,,
1934,cdu,2666324268285113248,GraphStoryVideo,,True,True,1632070638,1632157038,2021-09-19 16:57:18,True,False,,,,,,cdu_20-09-2021_00:00_video1.jpeg,cdu_20-09-2021_00:00_item1.json,,,
1935,armin_laschet,2666220936664979180,GraphStoryImage,,False,,1632058319,1632144719,2021-09-19 13:31:59,False,True,,,,,,armin_laschet_20-09-2021_00:00_image0.jpeg,armin_laschet_20-09-2021_00:00_item1.json,,,
1936,christlichsozialeunion,2666085430950796848,GraphStoryVideo,,True,False,1632042168,1632128568,2021-09-19 09:02:48,True,False,,,,,,christlichsozialeunion_20-09-2021_00:00_video1.jpeg,christlichsozialeunion_20-09-2021_00:00_item1.json,,,
1937,robert.habeck,2666316591350846696,GraphStoryImage,,False,,1632069722,1632156122,2021-09-19 16:42:02,False,True,,,,,,robert.habeck_20-09-2021_00:00_image1.jpeg,robert.habeck_20-09-2021_00:00_item1.json,,,
1938,olafscholz,2666091621181856955,GraphStoryImage,,False,,1632042907,1632129307,2021-09-19 09:15:07,True,False,,,,,,olafscholz_20-09-2021_00:00_image0.jpeg,olafscholz_20-09-2021_00:00_item1.json,,,
1939,markus.soeder,2666089305228723579,GraphStoryVideo,,True,False,1632042628,1632129028,2021-09-19 09:10:28,True,False,,,,,,markus.soeder_20-09-2021_00:00_video1.jpeg,markus.soeder_20-09-2021_00:00_item1.json,,,
1940,abaerbock,2666082007006799971,GraphStoryImage,,False,,1632041760,1632128160,2021-09-19 08:56:00,True,False,,,,,,abaerbock_20-09-2021_00:00_image1.jpeg,abaerbock_20-09-2021_00:00_item1.json,,,
1941,afd.bund,2666167348181292976,GraphStoryVideo,,True,True,1632051260,1632137660,2021-09-19 11:34:20,True,True,,,,,,afd.bund_20-09-2021_00:00_video0.jpeg,afd.bund_20-09-2021_00:00_item1.json,,,
1942,die_gruenen,2666179769613365301,GraphStoryVideo,,True,False,1632053415,1632139815,2021-09-19 12:10:15,False,True,,,,,,die_gruenen_20-09-2021_00:00_video0.jpeg,die_gruenen_20-09-2021_00:00_item2.json,,,
1943,olafscholz,2666096367168766558,GraphStoryVideo,,True,False,1632043232,1632129632,2021-09-19 09:20:32,True,False,,,,,,olafscholz_20-09-2021_00:00_video1.jpeg,olafscholz_20-09-2021_00:00_item2.json,,,
1944,nicola_beer,2666065579099781034,GraphStoryVideo,,True,True,1632039804,1632126204,2021-09-19 08:23:24,True,False,,,240919588.0,,,nicola_beer_20-09-2021_00:00_video1.jpeg,nicola_beer_20-09-2021_00:00_item2.json,,,
1945,spdde,2666355232841335432,GraphStoryVideo,,True,True,1632073920,1632160320,2021-09-19 17:52:00,False,False,,,238950907.0,,,spdde_20-09-2021_00:00_video1.jpeg,spdde_20-09-2021_00:00_item2.json,,,
1946,fw_bayern,2666080258518367916,GraphStoryVideo,,True,True,1632041543,1632127943,2021-09-19 08:52:23,True,False,,,,,,fw_bayern_20-09-2021_00:00_video2.jpeg,fw_bayern_20-09-2021_00:00_item2.json,,,
1947,christlichsozialeunion,2666085445865720886,GraphStoryVideo,,True,False,1632042169,1632128569,2021-09-19 09:02:49,True,False,,,,,,christlichsozialeunion_20-09-2021_00:00_video2.jpeg,christlichsozialeunion_20-09-2021_00:00_item2.json,,,
1948,afd.bund,2666316199938679193,GraphStoryImage,,False,,1632069678,1632156078,2021-09-19 16:41:18,False,True,,,,,,afd.bund_20-09-2021_00:00_image1.jpeg,afd.bund_20-09-2021_00:00_item2.json,,,
1949,abaerbock,2666180339131344116,GraphStoryVideo,,True,False,1632053483,1632139883,2021-09-19 12:11:23,False,True,,,,,,abaerbock_20-09-2021_00:00_video0.jpeg,abaerbock_20-09-2021_00:00_item2.json,,,
1950,armin_laschet,2666222041209869034,GraphStoryImage,,False,,1632058451,1632144851,2021-09-19 13:34:11,True,False,,,,,,armin_laschet_20-09-2021_00:00_image1.jpeg,armin_laschet_20-09-2021_00:00_item2.json,,,
1951,fdp,2666058227199130015,GraphStoryImage,,False,,1632038926,1632125326,2021-09-19 08:08:46,False,False,,,,,,fdp_20-09-2021_00:00_image1.jpeg,fdp_20-09-2021_00:00_item2.json,,,
1952,cdu,2666325050682122303,GraphStoryVideo,,True,True,1632070731,1632157131,2021-09-19 16:58:51,False,False,,,,,,cdu_20-09-2021_00:00_video2.jpeg,cdu_20-09-2021_00:00_item2.json,,,
1953,christianlindner,2666132660482520103,GraphStoryVideo,,True,True,1632047798,1632134198,2021-09-19 10:36:38,True,False,,,,,,christianlindner_20-09-2021_00:00_video1.jpeg,christianlindner_20-09-2021_00:00_item2.json,,,
1954,markus.soeder,2666093852894529306,GraphStoryVideo,,True,False,1632043172,1632129572,2021-09-19 09:19:32,False,False,,,,,,markus.soeder_20-09-2021_00:00_video2.jpeg,markus.soeder_20-09-2021_00:00_item2.json,,,
1955,cdu,2666326845097606132,GraphStoryVideo,,True,True,1632070904,1632157304,2021-09-19 17:01:44,True,False,,,,,,cdu_20-09-2021_00:00_video3.jpeg,cdu_20-09-2021_00:00_item3.json,,,
1956,nicola_beer,2666099095766288809,GraphStoryImage,,False,,1632043798,1632130198,2021-09-19 09:29:58,True,False,,,,,,nicola_beer_20-09-2021_00:00_image1.jpeg,nicola_beer_20-09-2021_00:00_item3.json,,,
1957,abaerbock,2666337041955143673,GraphStoryImage,,False,,1632072163,1632158563,2021-09-19 17:22:43,False,False,,,245869838814474.0,,,abaerbock_20-09-2021_00:00_image2.jpeg,abaerbock_20-09-2021_00:00_item3.json,,,
1958,fdp,2666074649283516307,GraphStoryImage,,False,,1632040882,1632127282,2021-09-19 08:41:22,False,False,,,,,,fdp_20-09-2021_00:00_image2.jpeg,fdp_20-09-2021_00:00_item3.json,,,
1959,afd.bund,2666334394751672603,GraphStoryVideo,,True,True,1632071829,1632158229,2021-09-19 17:17:09,False,True,,,,,,afd.bund_20-09-2021_00:00_video1.jpeg,afd.bund_20-09-2021_00:00_item3.json,,,
1960,fw_bayern,2666345306234888751,GraphStoryVideo,,True,False,1632073146,1632159546,2021-09-19 17:39:06,True,False,,,,,,fw_bayern_20-09-2021_00:00_video3.jpeg,fw_bayern_20-09-2021_00:00_item3.json,,,
1961,spdde,2666366017369954665,GraphStoryImage,,False,,1632075618,1632162018,2021-09-19 18:20:18,False,False,,,,,,spdde_20-09-2021_00:00_image1.jpeg,spdde_20-09-2021_00:00_item3.json,,,
1962,christianlindner,2666140535615503751,GraphStoryImage,,False,,1632048737,1632135137,2021-09-19 10:52:17,True,False,,,,,,christianlindner_20-09-2021_00:00_image1.jpeg,christianlindner_20-09-2021_00:00_item3.json,,,
1963,armin_laschet,2666339223738673483,GraphStoryVideo,,True,True,1632072424,1632158824,2021-09-19 17:27:04,True,False,,,,,,armin_laschet_20-09-2021_00:00_video1.jpeg,armin_laschet_20-09-2021_00:00_item3.json,,,
1964,markus.soeder,2666181252308051282,GraphStoryVideo,,True,False,1632053592,1632139992,2021-09-19 12:13:12,False,False,,,,,,markus.soeder_20-09-2021_00:00_video3.jpeg,markus.soeder_20-09-2021_00:00_item3.json,,,
1965,olafscholz,2666141281990653369,GraphStoryVideo,,True,True,1632048827,1632135227,2021-09-19 10:53:47,True,False,,,,,,olafscholz_20-09-2021_00:00_video2.jpeg,olafscholz_20-09-2021_00:00_item3.json,,,
1966,die_gruenen,2666287746726961354,GraphStoryVideo,,True,True,1632066284,1632152684,2021-09-19 15:44:44,True,False,,,,,,die_gruenen_20-09-2021_00:00_video1.jpeg,die_gruenen_20-09-2021_00:00_item3.json,,,
1967,christlichsozialeunion,2666090331508361314,GraphStoryVideo,,True,False,1632042461,1632128861,2021-09-19 09:07:41,True,False,,,,,,christlichsozialeunion_20-09-2021_00:00_video3.jpeg,christlichsozialeunion_20-09-2021_00:00_item3.json,,,
1968,die_gruenen,2666287754234710456,GraphStoryVideo,,True,True,1632066285,1632152685,2021-09-19 15:44:45,True,False,,,,,,die_gruenen_20-09-2021_00:00_video2.jpeg,die_gruenen_20-09-2021_00:00_item4.json,,,
1969,christianlindner,2666158169643966996,GraphStoryImage,,False,,1632050838,1632137238,2021-09-19 11:27:18,True,False,,,,,,christianlindner_20-09-2021_00:00_image2.jpeg,christianlindner_20-09-2021_00:00_item4.json,,,
1970,armin_laschet,2666432382426613074,GraphStoryVideo,,True,True,1632083528,1632169928,2021-09-19 20:32:08,True,False,,,,,,armin_laschet_20-09-2021_00:00_video2.jpeg,armin_laschet_20-09-2021_00:00_item4.json,,,
1971,spdde,2666371731127685336,GraphStoryVideo,,True,True,1632076299,1632162699,2021-09-19 18:31:39,False,False,,,,,,spdde_20-09-2021_00:00_video2.jpeg,spdde_20-09-2021_00:00_item4.json,,,
1972,christlichsozialeunion,2666091360883013662,GraphStoryVideo,,True,False,1632042865,1632129265,2021-09-19 09:14:25,True,False,,,,,,christlichsozialeunion_20-09-2021_00:00_video4.jpeg,christlichsozialeunion_20-09-2021_00:00_item4.json,,,
1973,fw_bayern,2666345373519851492,GraphStoryImage,,False,,1632073156,1632159556,2021-09-19 17:39:16,True,False,,,,,,fw_bayern_20-09-2021_00:00_image0.jpeg,fw_bayern_20-09-2021_00:00_item4.json,,,
1974,fdp,2666089458352352286,GraphStoryVideo,,True,True,1632042647,1632129047,2021-09-19 09:10:47,False,False,,,,,,fdp_20-09-2021_00:00_video1.jpeg,fdp_20-09-2021_00:00_item4.json,,,
1975,nicola_beer,2666103644144829651,GraphStoryVideo,,True,True,1632044341,1632130741,2021-09-19 09:39:01,True,False,,,,,,nicola_beer_20-09-2021_00:00_video2.jpeg,nicola_beer_20-09-2021_00:00_item4.json,,,
1976,markus.soeder,2666199120269552382,GraphStoryImage,,False,,1632055721,1632142121,2021-09-19 12:48:41,False,True,,,,,,markus.soeder_20-09-2021_00:00_image0.jpeg,markus.soeder_20-09-2021_00:00_item4.json,,,
1977,olafscholz,2666143978776959550,GraphStoryVideo,,True,True,1632049121,1632135521,2021-09-19 10:58:41,True,False,,,,,,olafscholz_20-09-2021_00:00_video3.jpeg,olafscholz_20-09-2021_00:00_item4.json,,,
1978,abaerbock,2666339461498142455,GraphStoryImage,,False,,1632072452,1632158852,2021-09-19 17:27:32,False,False,,,,,,abaerbock_20-09-2021_00:00_image3.jpeg,abaerbock_20-09-2021_00:00_item4.json,,,
1979,cdu,2666328622702429641,GraphStoryVideo,,True,True,1632071119,1632157519,2021-09-19 17:05:19,True,False,,,,,,cdu_20-09-2021_00:00_video4.jpeg,cdu_20-09-2021_00:00_item4.json,,,
1980,christlichsozialeunion,2666099871050285924,GraphStoryVideo,,True,True,1632043888,1632130288,2021-09-19 09:31:28,True,False,,,,,,christlichsozialeunion_20-09-2021_00:00_video5.jpeg,christlichsozialeunion_20-09-2021_00:00_item5.json,,,
1981,fw_bayern,2666345493049162301,GraphStoryImage,,False,,1632073170,1632159570,2021-09-19 17:39:30,True,False,,,,,,fw_bayern_20-09-2021_00:00_image1.jpeg,fw_bayern_20-09-2021_00:00_item5.json,,,
1982,cdu,2666328696102674258,GraphStoryVideo,,True,True,1632071120,1632157520,2021-09-19 17:05:20,True,False,,,,,,cdu_20-09-2021_00:00_video5.jpeg,cdu_20-09-2021_00:00_item5.json,,,
1983,abaerbock,2666395019307587728,GraphStoryImage,,False,,1632079075,1632165475,2021-09-19 19:17:55,False,False,,,,,,abaerbock_20-09-2021_00:00_image4.jpeg,abaerbock_20-09-2021_00:00_item5.json,,,
1984,spdde,2666373702525963984,GraphStoryVideo,,True,False,1632076483,1632162883,2021-09-19 18:34:43,True,False,,,,,,spdde_20-09-2021_00:00_video3.jpeg,spdde_20-09-2021_00:00_item5.json,,,
1985,fdp,2666100313034885548,GraphStoryVideo,,True,True,1632043940,1632130340,2021-09-19 09:32:20,False,False,,,,,,fdp_20-09-2021_00:00_video2.jpeg,fdp_20-09-2021_00:00_item5.json,,,
1986,die_gruenen,2666328214705734199,GraphStoryImage,,False,,1632071109,1632157509,2021-09-19 17:05:09,True,False,,,382963013.0,,,die_gruenen_20-09-2021_00:00_image2.jpeg,die_gruenen_20-09-2021_00:00_item5.json,,,
1987,christianlindner,2666164578389516551,GraphStoryImage,,False,,1632051602,1632138002,2021-09-19 11:40:02,True,False,,,,,,christianlindner_20-09-2021_00:00_image3.jpeg,christianlindner_20-09-2021_00:00_item5.json,,,
1988,armin_laschet,2666437460755658352,GraphStoryVideo,,True,True,1632084126,1632170526,2021-09-19 20:42:06,True,False,,,,,,armin_laschet_20-09-2021_00:00_video3.jpeg,armin_laschet_20-09-2021_00:00_item5.json,,,
1989,olafscholz,2666143771553218093,GraphStoryVideo,,True,True,1632049122,1632135522,2021-09-19 10:58:42,True,False,,,,,,olafscholz_20-09-2021_00:00_video4.jpeg,olafscholz_20-09-2021_00:00_item5.json,,,
1990,nicola_beer,2666103782087321085,GraphStoryImage,,False,,1632044356,1632130756,2021-09-19 09:39:16,True,False,,,,,,nicola_beer_20-09-2021_00:00_image2.jpeg,nicola_beer_20-09-2021_00:00_item5.json,,,
1991,abaerbock,2666413581711490521,GraphStoryImage,,False,,1632081288,1632167688,2021-09-19 19:54:48,False,False,,,,,,abaerbock_20-09-2021_00:00_image5.jpeg,abaerbock_20-09-2021_00:00_item6.json,,,
1992,die_gruenen,2666370852934648483,GraphStoryImage,,False,,1632076194,1632162594,2021-09-19 18:29:54,False,False,,,,,,die_gruenen_20-09-2021_00:00_image3.jpeg,die_gruenen_20-09-2021_00:00_item6.json,,,
1993,fw_bayern,2666345607386077653,GraphStoryVideo,,True,False,1632073179,1632159579,2021-09-19 17:39:39,True,False,,,,,,fw_bayern_20-09-2021_00:00_video4.jpeg,fw_bayern_20-09-2021_00:00_item6.json,,,
1994,armin_laschet,2666437437326291211,GraphStoryVideo,,True,True,1632084127,1632170527,2021-09-19 20:42:07,True,False,,,,,,armin_laschet_20-09-2021_00:00_video4.jpeg,armin_laschet_20-09-2021_00:00_item6.json,,,
1995,spdde,2666373981875084356,GraphStoryVideo,,True,False,1632076562,1632162962,2021-09-19 18:36:02,True,False,,,,,,spdde_20-09-2021_00:00_video4.jpeg,spdde_20-09-2021_00:00_item6.json,,,
1996,christianlindner,2666166198758259422,GraphStoryImage,,False,,1632051797,1632138197,2021-09-19 11:43:17,True,False,,,,,,christianlindner_20-09-2021_00:00_image4.jpeg,christianlindner_20-09-2021_00:00_item6.json,,,
1997,nicola_beer,2666103818955223323,GraphStoryImage,,False,,1632044360,1632130760,2021-09-19 09:39:20,True,False,,,,,,nicola_beer_20-09-2021_00:00_image3.jpeg,nicola_beer_20-09-2021_00:00_item6.json,,,
1998,fdp,2666100328478399580,GraphStoryVideo,,True,True,1632043941,1632130341,2021-09-19 09:32:21,False,False,,,,,,fdp_20-09-2021_00:00_video3.jpeg,fdp_20-09-2021_00:00_item6.json,,,
1999,olafscholz,2666156105401403294,GraphStoryImage,,False,,1632050594,1632136994,2021-09-19 11:23:14,False,False,,,,,,olafscholz_20-09-2021_00:00_image1.jpeg,olafscholz_20-09-2021_00:00_item6.json,,,
2000,christlichsozialeunion,2666099879900297262,GraphStoryVideo,,True,True,1632043889,1632130289,2021-09-19 09:31:29,True,False,,,,,,christlichsozialeunion_20-09-2021_00:00_video6.jpeg,christlichsozialeunion_20-09-2021_00:00_item6.json,,,
2001,cdu,2666329149095871594,GraphStoryVideo,,True,True,1632071209,1632157609,2021-09-19 17:06:49,True,False,,,,,,cdu_20-09-2021_00:00_video6.jpeg,cdu_20-09-2021_00:00_item6.json,,,
2002,nicola_beer,2666103892506483086,GraphStoryImage,,False,,1632044369,1632130769,2021-09-19 09:39:29,False,False,,,,,,nicola_beer_20-09-2021_00:00_image4.jpeg,nicola_beer_20-09-2021_00:00_item7.json,,,
2003,spdde,2666376840628700612,GraphStoryVideo,,True,False,1632076901,1632163301,2021-09-19 18:41:41,True,False,,,,,,spdde_20-09-2021_00:00_video5.jpeg,spdde_20-09-2021_00:00_item7.json,,,
2004,christianlindner,2666184629804877421,GraphStoryVideo,,True,True,1632053993,1632140393,2021-09-19 12:19:53,True,False,,,,,,christianlindner_20-09-2021_00:00_video2.jpeg,christianlindner_20-09-2021_00:00_item7.json,,,
2005,cdu,2666338610934099096,GraphStoryVideo,,True,True,1632072111,1632158511,2021-09-19 17:21:51,True,False,,,,,,cdu_20-09-2021_00:00_video7.jpeg,cdu_20-09-2021_00:00_item7.json,,,
2006,fdp,2666100347252231227,GraphStoryVideo,,True,True,1632043942,1632130342,2021-09-19 09:32:22,False,False,,,,,,fdp_20-09-2021_00:00_video4.jpeg,fdp_20-09-2021_00:00_item7.json,,,
2007,christlichsozialeunion,2666104003387610774,GraphStoryVideo,,True,False,1632044383,1632130783,2021-09-19 09:39:43,True,False,,,,,,christlichsozialeunion_20-09-2021_00:00_video7.jpeg,christlichsozialeunion_20-09-2021_00:00_item7.json,,,
2008,armin_laschet,2666437486743501472,GraphStoryVideo,,True,True,1632084128,1632170528,2021-09-19 20:42:08,True,False,,,,,,armin_laschet_20-09-2021_00:00_video5.jpeg,armin_laschet_20-09-2021_00:00_item7.json,,,
2009,fw_bayern,2666345780090741322,GraphStoryImage,,False,,1632073204,1632159604,2021-09-19 17:40:04,True,False,,,,,,fw_bayern_20-09-2021_00:00_image2.jpeg,fw_bayern_20-09-2021_00:00_item7.json,,,
2010,abaerbock,2666425802057128083,GraphStoryVideo,,True,False,1632082744,1632169144,2021-09-19 20:19:04,False,False,,,,,,abaerbock_20-09-2021_00:00_video1.jpeg,abaerbock_20-09-2021_00:00_item7.json,,,
2011,olafscholz,2666172335921057895,GraphStoryVideo,,True,False,1632051698,1632138098,2021-09-19 11:41:38,True,False,,,,,,olafscholz_20-09-2021_00:00_video5.jpeg,olafscholz_20-09-2021_00:00_item7.json,,,
2012,die_gruenen,2666387877975407935,GraphStoryImage,,False,,1632078221,1632164621,2021-09-19 19:03:41,True,False,,,,,,die_gruenen_20-09-2021_00:00_image4.jpeg,die_gruenen_20-09-2021_00:00_item7.json,,,
2013,cdu,2666338680366674426,GraphStoryVideo,,True,True,1632072112,1632158512,2021-09-19 17:21:52,True,False,,,,,,cdu_20-09-2021_00:00_video8.jpeg,cdu_20-09-2021_00:00_item8.json,,,
2014,die_gruenen,2666392022543329132,GraphStoryVideo,,True,False,1632078718,1632165118,2021-09-19 19:11:58,True,False,,,,,,die_gruenen_20-09-2021_00:00_video3.jpeg,die_gruenen_20-09-2021_00:00_item8.json,,,
2015,nicola_beer,2666103952342483470,GraphStoryImage,,False,,1632044377,1632130777,2021-09-19 09:39:37,True,False,,,,,,nicola_beer_20-09-2021_00:00_image5.jpeg,nicola_beer_20-09-2021_00:00_item8.json,,,
2016,armin_laschet,2666437465620896953,GraphStoryVideo,,True,True,1632084129,1632170529,2021-09-19 20:42:09,True,False,,,,,,armin_laschet_20-09-2021_00:00_video6.jpeg,armin_laschet_20-09-2021_00:00_item8.json,,,
2017,fw_bayern,2666345917722637721,GraphStoryVideo,,True,False,1632073217,1632159617,2021-09-19 17:40:17,True,False,,,,,,fw_bayern_20-09-2021_00:00_video5.jpeg,fw_bayern_20-09-2021_00:00_item8.json,,,
2018,christlichsozialeunion,2666112493430619941,GraphStoryVideo,,True,False,1632045395,1632131795,2021-09-19 09:56:35,True,False,,,,,,christlichsozialeunion_20-09-2021_00:00_video8.jpeg,christlichsozialeunion_20-09-2021_00:00_item8.json,,,
2019,olafscholz,2666342353694854715,GraphStoryVideo,,True,True,1632072796,1632159196,2021-09-19 17:33:16,True,False,,,,,,olafscholz_20-09-2021_00:00_video6.jpeg,olafscholz_20-09-2021_00:00_item8.json,,,
2020,fdp,2666101594406519552,GraphStoryImage,,False,,1632044096,1632130496,2021-09-19 09:34:56,False,True,,,,,,fdp_20-09-2021_00:00_image3.jpeg,fdp_20-09-2021_00:00_item8.json,,,
2021,christianlindner,2666252859001227965,GraphStoryVideo,,True,True,1632062127,1632148527,2021-09-19 14:35:27,True,False,,,1570182913055967.0,,,christianlindner_20-09-2021_00:00_video3.jpeg,christianlindner_20-09-2021_00:00_item8.json,,,
2022,spdde,2666379871801863675,GraphStoryImage,,False,,1632077267,1632163667,2021-09-19 18:47:47,False,False,,,,,,spdde_20-09-2021_00:00_image2.jpeg,spdde_20-09-2021_00:00_item8.json,,,
2023,abaerbock,2666453299673297911,GraphStoryImage,,False,,1632086023,1632172423,2021-09-19 21:13:43,True,False,,,,,,abaerbock_20-09-2021_00:00_image6.jpeg,abaerbock_20-09-2021_00:00_item8.json,,,
2024,olafscholz,2666343694657934398,GraphStoryImage,,False,,1632072957,1632159357,2021-09-19 17:35:57,False,True,,,,,,olafscholz_20-09-2021_00:00_image2.jpeg,olafscholz_20-09-2021_00:00_item9.json,,,
2025,cdu,2666338730991815283,GraphStoryVideo,,True,True,1632072113,1632158513,2021-09-19 17:21:53,True,False,,,,,,cdu_20-09-2021_00:00_video9.jpeg,cdu_20-09-2021_00:00_item9.json,,,
2026,fdp,2666103110731481483,GraphStoryImage,,False,,1632044276,1632130676,2021-09-19 09:37:56,True,False,,,,,,fdp_20-09-2021_00:00_image4.jpeg,fdp_20-09-2021_00:00_item9.json,,,
2027,nicola_beer,2666104860501518851,GraphStoryImage,,False,,1632044485,1632130885,2021-09-19 09:41:25,True,False,,,,,,nicola_beer_20-09-2021_00:00_image6.jpeg,nicola_beer_20-09-2021_00:00_item9.json,,,
2028,die_gruenen,2666394463661924352,GraphStoryImage,,False,,1632079008,1632165408,2021-09-19 19:16:48,True,False,,,,,,die_gruenen_20-09-2021_00:00_image5.jpeg,die_gruenen_20-09-2021_00:00_item9.json,,,
2029,christlichsozialeunion,2666121911471848990,GraphStoryVideo,,True,False,1632046519,1632132919,2021-09-19 10:15:19,True,False,,,,,,christlichsozialeunion_20-09-2021_00:00_video9.jpeg,christlichsozialeunion_20-09-2021_00:00_item9.json,,,
2030,fw_bayern,2666346258685840332,GraphStoryVideo,,True,False,1632073257,1632159657,2021-09-19 17:40:57,True,False,,,,,,fw_bayern_20-09-2021_00:00_video6.jpeg,fw_bayern_20-09-2021_00:00_item9.json,,,
2031,armin_laschet,2666445425797529397,GraphStoryVideo,,True,True,1632085069,1632171469,2021-09-19 20:57:49,True,False,,,,,,armin_laschet_20-09-2021_00:00_video7.jpeg,armin_laschet_20-09-2021_00:00_item9.json,,,
2032,christianlindner,2666288969014054742,GraphStoryVideo,,True,True,1632066432,1632152832,2021-09-19 15:47:12,True,False,,,1624175837853867.0,,,christianlindner_20-09-2021_00:00_video4.jpeg,christianlindner_20-09-2021_00:00_item9.json,,,
2033,spdde,2666380997737758147,GraphStoryVideo,,True,False,1632077397,1632163797,2021-09-19 18:49:57,True,False,,,,,,spdde_20-09-2021_00:00_video6.jpeg,spdde_20-09-2021_00:00_item9.json,,,
2034,abaerbock,2666459011365100472,GraphStoryVideo,,True,False,1632086654,1632173054,2021-09-19 21:24:14,True,False,,,,,,abaerbock_20-09-2021_00:00_video2.jpeg,abaerbock_20-09-2021_00:00_item9.json,,,
2035,olafscholz,2666420505473384534,GraphStoryVideo,,True,True,1632082113,1632168513,2021-09-19 20:08:33,True,False,,,,,,olafscholz_20-09-2021_00:00_video7.jpeg,olafscholz_20-09-2021_00:00_item10.json,,,
2036,christianlindner,2666316952034763476,GraphStoryImage,,False,,1632069767,1632156167,2021-09-19 16:42:47,True,False,,,,,,christianlindner_20-09-2021_00:00_image5.jpeg,christianlindner_20-09-2021_00:00_item10.json,,,
2037,abaerbock,2666475941765529373,GraphStoryVideo,,True,True,1632088720,1632175120,2021-09-19 21:58:40,False,False,,,,,,abaerbock_20-09-2021_00:00_video3.jpeg,abaerbock_20-09-2021_00:00_item10.json,,,
2038,spdde,2666383231179441196,GraphStoryImage,,False,,1632077670,1632164070,2021-09-19 18:54:30,False,True,,,,,,spdde_20-09-2021_00:00_image3.jpeg,spdde_20-09-2021_00:00_item10.json,,,
2039,fdp,2666108488743565902,GraphStoryImage,,False,,1632044917,1632131317,2021-09-19 09:48:37,True,False,,,,,,fdp_20-09-2021_00:00_image5.jpeg,fdp_20-09-2021_00:00_item10.json,,,
2040,armin_laschet,2666450195258048402,GraphStoryImage,,False,,1632085651,1632172051,2021-09-19 21:07:31,False,True,,,,,,armin_laschet_20-09-2021_00:00_image2.jpeg,armin_laschet_20-09-2021_00:00_item10.json,,,
2041,die_gruenen,2666398223805082996,GraphStoryImage,,False,,1632079457,1632165857,2021-09-19 19:24:17,True,False,,,,,,die_gruenen_20-09-2021_00:00_image6.jpeg,die_gruenen_20-09-2021_00:00_item10.json,,,
2042,cdu,2666346309931352307,GraphStoryVideo,,True,True,1632073268,1632159668,2021-09-19 17:41:08,True,False,,,,,,cdu_20-09-2021_00:00_video10.jpeg,cdu_20-09-2021_00:00_item10.json,,,
2043,nicola_beer,2666105499990134860,GraphStoryVideo,,True,True,1632044559,1632130959,2021-09-19 09:42:39,True,False,,,,,,nicola_beer_20-09-2021_00:00_video3.jpeg,nicola_beer_20-09-2021_00:00_item10.json,,,
2044,christlichsozialeunion,2666415798299533894,GraphStoryImage,,False,,1632081549,1632167949,2021-09-19 19:59:09,False,True,,,,,,christlichsozialeunion_20-09-2021_00:00_image0.jpeg,christlichsozialeunion_20-09-2021_00:00_item10.json,,,
2045,die_gruenen,2666412660331027732,GraphStoryImage,,False,,1632081177,1632167577,2021-09-19 19:52:57,True,False,,,,,,die_gruenen_20-09-2021_00:00_image7.jpeg,die_gruenen_20-09-2021_00:00_item11.json,,,
2046,fdp,2666112869761083776,GraphStoryImage,,False,,1632045439,1632131839,2021-09-19 09:57:19,True,False,,,,,,fdp_20-09-2021_00:00_image6.jpeg,fdp_20-09-2021_00:00_item11.json,,,
2047,olafscholz,2666425364650098966,GraphStoryVideo,,True,False,1632082692,1632169092,2021-09-19 20:18:12,True,False,,,,,,olafscholz_20-09-2021_00:00_video8.jpeg,olafscholz_20-09-2021_00:00_item11.json,,,
2048,armin_laschet,2666450570539217194,GraphStoryImage,,False,,1632085697,1632172097,2021-09-19 21:08:17,False,True,,,,,,armin_laschet_20-09-2021_00:00_image3.jpeg,armin_laschet_20-09-2021_00:00_item11.json,,,
2049,spdde,2666383936736767723,GraphStoryImage,,False,,1632077754,1632164154,2021-09-19 18:55:54,True,False,,,,,,spdde_20-09-2021_00:00_image4.jpeg,spdde_20-09-2021_00:00_item11.json,,,
2050,cdu,2666349846702639852,GraphStoryVideo,,True,True,1632073572,1632159972,2021-09-19 17:46:12,True,False,,,,,,cdu_20-09-2021_00:00_video11.jpeg,cdu_20-09-2021_00:00_item11.json,,,
2051,nicola_beer,2666105730089785376,GraphStoryVideo,,True,False,1632044588,1632130988,2021-09-19 09:43:08,True,False,,,,,,nicola_beer_20-09-2021_00:00_video4.jpeg,nicola_beer_20-09-2021_00:00_item11.json,,,
2052,spdde,2666384309979702199,GraphStoryImage,,False,,1632077799,1632164199,2021-09-19 18:56:39,False,True,,,,,,spdde_20-09-2021_00:00_image5.jpeg,spdde_20-09-2021_00:00_item12.json,,,
2053,cdu,2666349886187974750,GraphStoryVideo,,True,True,1632073573,1632159973,2021-09-19 17:46:13,True,False,,,,,,cdu_20-09-2021_00:00_video12.jpeg,cdu_20-09-2021_00:00_item12.json,,,
2054,nicola_beer,2666108245640461829,GraphStoryVideo,,True,True,1632044888,1632131288,2021-09-19 09:48:08,True,False,,,,,,nicola_beer_20-09-2021_00:00_video5.jpeg,nicola_beer_20-09-2021_00:00_item12.json,,,
2055,olafscholz,2666438217434175183,GraphStoryImage,,False,,1632084225,1632170625,2021-09-19 20:43:45,True,False,,,,,,olafscholz_20-09-2021_00:00_image3.jpeg,olafscholz_20-09-2021_00:00_item12.json,,,
2056,fdp,2666130968431098930,GraphStoryVideo,,True,True,1632047596,1632133996,2021-09-19 10:33:16,True,False,,,,,,fdp_20-09-2021_00:00_video5.jpeg,fdp_20-09-2021_00:00_item12.json,,,
2057,fdp,2666135673730667159,GraphStoryImage,,False,,1632048158,1632134558,2021-09-19 10:42:38,False,False,,,,,,fdp_20-09-2021_00:00_image7.jpeg,fdp_20-09-2021_00:00_item13.json,,,
2058,spdde,2666390441699824428,GraphStoryImage,,False,,1632078530,1632164930,2021-09-19 19:08:50,False,True,,,,,,spdde_20-09-2021_00:00_image6.jpeg,spdde_20-09-2021_00:00_item13.json,,,
2059,cdu,2666353624596160964,GraphStoryVideo,,True,True,1632074135,1632160535,2021-09-19 17:55:35,True,False,,,,,,cdu_20-09-2021_00:00_video13.jpeg,cdu_20-09-2021_00:00_item13.json,,,
2060,nicola_beer,2666108357905214604,GraphStoryVideo,,True,True,1632044901,1632131301,2021-09-19 09:48:21,True,False,,,,,,nicola_beer_20-09-2021_00:00_video6.jpeg,nicola_beer_20-09-2021_00:00_item13.json,,,
2061,nicola_beer,2666108508983829186,GraphStoryImage,,False,,1632044920,1632131320,2021-09-19 09:48:40,True,False,,,,,,nicola_beer_20-09-2021_00:00_image7.jpeg,nicola_beer_20-09-2021_00:00_item14.json,,,
2062,spdde,2666394285796112106,GraphStoryImage,,False,,1632078987,1632165387,2021-09-19 19:16:27,False,False,,,,,,spdde_20-09-2021_00:00_image7.jpeg,spdde_20-09-2021_00:00_item14.json,,,
2063,fdp,2666141108114248949,GraphStoryImage,,False,,1632048805,1632135205,2021-09-19 10:53:25,False,False,,,,,,fdp_20-09-2021_00:00_image8.jpeg,fdp_20-09-2021_00:00_item14.json,,,
2064,cdu,2666353676202942945,GraphStoryVideo,,True,True,1632074136,1632160536,2021-09-19 17:55:36,True,False,,,,,,cdu_20-09-2021_00:00_video14.jpeg,cdu_20-09-2021_00:00_item14.json,,,
2065,cdu,2666355472917058553,GraphStoryVideo,,True,True,1632074329,1632160729,2021-09-19 17:58:49,True,False,,,,,,cdu_20-09-2021_00:00_video15.jpeg,cdu_20-09-2021_00:00_item15.json,,,
2066,fdp,2666147887392967215,GraphStoryImage,,False,,1632049610,1632136010,2021-09-19 11:06:50,True,False,,,,,,fdp_20-09-2021_00:00_image9.jpeg,fdp_20-09-2021_00:00_item15.json,,,
2067,nicola_beer,2666110101183621871,GraphStoryImage,,False,,1632045110,1632131510,2021-09-19 09:51:50,True,False,,,,,,nicola_beer_20-09-2021_00:00_image8.jpeg,nicola_beer_20-09-2021_00:00_item15.json,,,
2068,spdde,2666396867666994354,GraphStoryImage,,False,,1632079296,1632165696,2021-09-19 19:21:36,False,False,,,,,,spdde_20-09-2021_00:00_image8.jpeg,spdde_20-09-2021_00:00_item15.json,,,
2069,fdp,2666162931983777940,GraphStoryImage,,False,,1632051407,1632137807,2021-09-19 11:36:47,True,False,,,,,,fdp_20-09-2021_00:00_image10.jpeg,fdp_20-09-2021_00:00_item16.json,,,
2070,cdu,2666355438347515309,GraphStoryVideo,,True,True,1632074330,1632160730,2021-09-19 17:58:50,True,False,,,,,,cdu_20-09-2021_00:00_video16.jpeg,cdu_20-09-2021_00:00_item16.json,,,
2071,spdde,2666402077386968599,GraphStoryImage,,False,,1632079916,1632166316,2021-09-19 19:31:56,False,False,,,,,,spdde_20-09-2021_00:00_image9.jpeg,spdde_20-09-2021_00:00_item16.json,,,
2072,nicola_beer,2666110238253434663,GraphStoryVideo,,True,False,1632045126,1632131526,2021-09-19 09:52:06,True,False,,,,,,nicola_beer_20-09-2021_00:00_video7.jpeg,nicola_beer_20-09-2021_00:00_item16.json,,,
2073,spdde,2666408039497613938,GraphStoryImage,,False,,1632080628,1632167028,2021-09-19 19:43:48,False,True,,,,,,spdde_20-09-2021_00:00_image10.jpeg,spdde_20-09-2021_00:00_item17.json,,,
2074,cdu,2666359248243650928,GraphStoryVideo,,True,True,1632074751,1632161151,2021-09-19 18:05:51,True,False,,,,,,cdu_20-09-2021_00:00_video17.jpeg,cdu_20-09-2021_00:00_item17.json,,,
2075,nicola_beer,2666111747162689701,GraphStoryVideo,,True,False,1632045305,1632131705,2021-09-19 09:55:05,True,False,,,,,,nicola_beer_20-09-2021_00:00_video8.jpeg,nicola_beer_20-09-2021_00:00_item17.json,,,
2076,fdp,2666166446139627873,GraphStoryImage,,False,,1632051826,1632138226,2021-09-19 11:43:46,True,False,,,,,,fdp_20-09-2021_00:00_image11.jpeg,fdp_20-09-2021_00:00_item17.json,,,
2077,spdde,2666417048510366674,GraphStoryImage,,False,,1632081701,1632168101,2021-09-19 20:01:41,False,True,,,,,,spdde_20-09-2021_00:00_image11.jpeg,spdde_20-09-2021_00:00_item18.json,,,
2078,cdu,2666359160557498066,GraphStoryVideo,,True,True,1632074752,1632161152,2021-09-19 18:05:52,True,False,,,,,,cdu_20-09-2021_00:00_video18.jpeg,cdu_20-09-2021_00:00_item18.json,,,
2079,nicola_beer,2666111858940949411,GraphStoryImage,,False,,1632045319,1632131719,2021-09-19 09:55:19,False,False,,,,,,nicola_beer_20-09-2021_00:00_image9.jpeg,nicola_beer_20-09-2021_00:00_item18.json,,,
2080,fdp,2666181385663073224,GraphStoryImage,,False,,1632053607,1632140007,2021-09-19 12:13:27,True,False,,,,,,fdp_20-09-2021_00:00_image12.jpeg,fdp_20-09-2021_00:00_item18.json,,,
2081,spdde,2666420115737774844,GraphStoryImage,,False,,1632082067,1632168467,2021-09-19 20:07:47,False,True,,,,,,spdde_20-09-2021_00:00_image12.jpeg,spdde_20-09-2021_00:00_item19.json,,,
2082,cdu,2666358795048949394,GraphStoryVideo,,True,True,1632074753,1632161153,2021-09-19 18:05:53,True,False,,,,,,cdu_20-09-2021_00:00_video19.jpeg,cdu_20-09-2021_00:00_item19.json,,,
2083,fdp,2666187136322252366,GraphStoryImage,,False,,1632054292,1632140692,2021-09-19 12:24:52,True,False,,,,,,fdp_20-09-2021_00:00_image13.jpeg,fdp_20-09-2021_00:00_item19.json,,,
2084,nicola_beer,2666112166526134412,GraphStoryVideo,,True,False,1632045356,1632131756,2021-09-19 09:55:56,True,False,,,,,,nicola_beer_20-09-2021_00:00_video9.jpeg,nicola_beer_20-09-2021_00:00_item19.json,,,
2085,nicola_beer,2666112254422017337,GraphStoryVideo,,True,False,1632045365,1632131765,2021-09-19 09:56:05,True,False,,,,,,nicola_beer_20-09-2021_00:00_video10.jpeg,nicola_beer_20-09-2021_00:00_item20.json,,,
2086,spdde,2666424980400721908,GraphStoryVideo,,True,True,1632082639,1632169039,2021-09-19 20:17:19,True,False,,,,,,spdde_20-09-2021_00:00_video7.jpeg,spdde_20-09-2021_00:00_item20.json,,,
2087,fdp,2666188105651067263,GraphStoryImage,,False,,1632054408,1632140808,2021-09-19 12:26:48,True,False,,,,,,fdp_20-09-2021_00:00_image14.jpeg,fdp_20-09-2021_00:00_item20.json,,,
2088,cdu,2666366549671024826,GraphStoryVideo,,True,True,1632075681,1632162081,2021-09-19 18:21:21,False,False,,,,,,cdu_20-09-2021_00:00_video20.jpeg,cdu_20-09-2021_00:00_item20.json,,,
2089,nicola_beer,2666113801314698430,GraphStoryImage,,False,,1632045551,1632131951,2021-09-19 09:59:11,True,False,,,,,,nicola_beer_20-09-2021_00:00_image10.jpeg,nicola_beer_20-09-2021_00:00_item21.json,,,
2090,fdp,2666217507316191407,GraphStoryVideo,,True,False,1632057915,1632144315,2021-09-19 13:25:15,True,False,,,,,,fdp_20-09-2021_00:00_video6.jpeg,fdp_20-09-2021_00:00_item21.json,,,
2091,cdu,2666368133213977362,GraphStoryVideo,,True,True,1632075870,1632162270,2021-09-19 18:24:30,True,False,,,,,,cdu_20-09-2021_00:00_video21.jpeg,cdu_20-09-2021_00:00_item21.json,,,
2092,fdp,2666220139270533665,GraphStoryImage,,False,,1632058227,1632144627,2021-09-19 13:30:27,True,False,,,,,,fdp_20-09-2021_00:00_image15.jpeg,fdp_20-09-2021_00:00_item22.json,,,
2093,nicola_beer,2666145994720163638,GraphStoryImage,,False,,1632049389,1632135789,2021-09-19 11:03:09,False,False,,,,,,nicola_beer_20-09-2021_00:00_image11.jpeg,nicola_beer_20-09-2021_00:00_item22.json,,,
2094,cdu,2666370606485920801,GraphStoryVideo,,True,True,1632076158,1632162558,2021-09-19 18:29:18,True,False,,,,,,cdu_20-09-2021_00:00_video22.jpeg,cdu_20-09-2021_00:00_item22.json,,,
2095,nicola_beer,2666146339894739311,GraphStoryImage,,False,,1632049430,1632135830,2021-09-19 11:03:50,True,False,,,,,,nicola_beer_20-09-2021_00:00_image12.jpeg,nicola_beer_20-09-2021_00:00_item23.json,,,
2096,fdp,2666226291841368466,GraphStoryVideo,,True,False,1632058961,1632145361,2021-09-19 13:42:41,False,False,,,,,,fdp_20-09-2021_00:00_video7.jpeg,fdp_20-09-2021_00:00_item23.json,,,
2097,cdu,2666370957020554277,GraphStoryVideo,,True,True,1632076159,1632162559,2021-09-19 18:29:19,True,False,,,,,,cdu_20-09-2021_00:00_video23.jpeg,cdu_20-09-2021_00:00_item23.json,,,
2098,nicola_beer,2666147389259316905,GraphStoryImage,,False,,1632049555,1632135955,2021-09-19 11:05:55,True,False,,,,,,nicola_beer_20-09-2021_00:00_image13.jpeg,nicola_beer_20-09-2021_00:00_item24.json,,,
2099,cdu,2666370957129581864,GraphStoryVideo,,True,True,1632076160,1632162560,2021-09-19 18:29:20,True,False,,,,,,cdu_20-09-2021_00:00_video24.jpeg,cdu_20-09-2021_00:00_item24.json,,,
2100,nicola_beer,2666186445066241809,GraphStoryImage,,False,,1632054211,1632140611,2021-09-19 12:23:31,True,False,,,,,,nicola_beer_20-09-2021_00:00_image14.jpeg,nicola_beer_20-09-2021_00:00_item25.json,,,
2101,cdu,2666373920849984839,GraphStoryVideo,,True,True,1632076526,1632162926,2021-09-19 18:35:26,True,False,,,,,,cdu_20-09-2021_00:00_video25.jpeg,cdu_20-09-2021_00:00_item25.json,,,
2102,cdu,2666373973840775254,GraphStoryVideo,,True,True,1632076527,1632162927,2021-09-19 18:35:27,True,False,,,,,,cdu_20-09-2021_00:00_video26.jpeg,cdu_20-09-2021_00:00_item26.json,,,
2103,nicola_beer,2666207407249807964,GraphStoryImage,,False,,1632056710,1632143110,2021-09-19 13:05:10,True,False,,,,,,nicola_beer_20-09-2021_00:00_image15.jpeg,nicola_beer_20-09-2021_00:00_item26.json,,,
2104,cdu,2666375686677243613,GraphStoryVideo,,True,True,1632076528,1632162928,2021-09-19 18:35:28,True,False,,,,,,cdu_20-09-2021_00:00_video27.jpeg,cdu_20-09-2021_00:00_item27.json,,,
2105,nicola_beer,2666213364662896580,GraphStoryVideo,,True,True,1632057416,1632143816,2021-09-19 13:16:56,True,False,,,,,,nicola_beer_20-09-2021_00:00_video11.jpeg,nicola_beer_20-09-2021_00:00_item27.json,,,
2106,cdu,2666376185430187470,GraphStoryVideo,,True,True,1632076529,1632162929,2021-09-19 18:35:29,True,False,,,,,,cdu_20-09-2021_00:00_video28.jpeg,cdu_20-09-2021_00:00_item28.json,,,
2107,nicola_beer,2666229203009155187,GraphStoryVideo,,True,False,1632059306,1632145706,2021-09-19 13:48:26,True,False,,,,,,nicola_beer_20-09-2021_00:00_video12.jpeg,nicola_beer_20-09-2021_00:00_item28.json,,,
2108,cdu,2666378973602130976,GraphStoryImage,,False,,1632076875,1632163275,2021-09-19 18:41:15,True,False,,,,,,cdu_20-09-2021_00:00_image0.jpeg,cdu_20-09-2021_00:00_item29.json,,,
2109,nicola_beer,2666229426070576658,GraphStoryVideo,,True,False,1632059333,1632145733,2021-09-19 13:48:53,True,False,,,,,,nicola_beer_20-09-2021_00:00_video13.jpeg,nicola_beer_20-09-2021_00:00_item29.json,,,
2110,cdu,2666416476929483261,GraphStoryVideo,,True,True,1632081626,1632168026,2021-09-19 20:00:26,True,False,,,,,,cdu_20-09-2021_00:00_video29.jpeg,cdu_20-09-2021_00:00_item30.json,,,
2111,cdu,2666419292498695606,GraphStoryVideo,,True,True,1632081965,1632168365,2021-09-19 20:06:05,True,False,,,,,,cdu_20-09-2021_00:00_video30.jpeg,cdu_20-09-2021_00:00_item31.json,,,
2112,cdu,2666467294890348332,GraphStoryVideo,,True,True,1632087690,1632174090,2021-09-19 21:41:30,True,False,,,,,,cdu_20-09-2021_00:00_video31.jpeg,cdu_20-09-2021_00:00_item32.json,,,
2113,cdu,2666468042038406842,GraphStoryVideo,,True,True,1632087778,1632174178,2021-09-19 21:42:58,True,False,,,78502295414.0,,,cdu_20-09-2021_00:00_video32.jpeg,cdu_20-09-2021_00:00_item33.json,,,
2114,cdu,2666468942563791421,GraphStoryVideo,,True,True,1632087887,1632174287,2021-09-19 21:44:47,True,False,,,,,,cdu_20-09-2021_00:00_video33.jpeg,cdu_20-09-2021_00:00_item34.json,,,
2115,fdp,2665317359195065390,GraphStoryVideo,,True,True,1631950597,1632036997,2021-09-18 07:36:37,False,True,,,,,,fdp_19-09-2021_00:00_video0.jpeg,fdp_19-09-2021_00:00_item0.json,,,
2116,christlichsozialeunion,2665285079448194079,GraphStoryVideo,,True,False,1631946760,1632033160,2021-09-18 06:32:40,False,True,,,,,,christlichsozialeunion_19-09-2021_00:00_video0.jpeg,christlichsozialeunion_19-09-2021_00:00_item0.json,,,
2117,spdde,2665338890025612439,GraphStoryVideo,,True,True,1631953172,1632039572,2021-09-18 08:19:32,True,False,,,,,,spdde_19-09-2021_00:00_video0.jpeg,spdde_19-09-2021_00:00_item0.json,,,
2118,armin_laschet,2665268156068711271,GraphStoryImage,,False,,1631944739,1632031139,2021-09-18 05:58:59,True,False,,,,,,armin_laschet_19-09-2021_00:00_image0.jpeg,armin_laschet_19-09-2021_00:00_item0.json,,,
2119,grey_gor,2665440920756921564,GraphStoryVideo,,True,False,1631965338,1632051738,2021-09-18 11:42:18,False,True,,,,,,grey_gor_19-09-2021_00:00_video0.jpeg,grey_gor_19-09-2021_00:00_item0.json,,,
2120,robert.habeck,2665344776256003403,GraphStoryVideo,,True,False,1631953876,1632040276,2021-09-18 08:31:16,False,True,,,,,,robert.habeck_19-09-2021_00:00_video0.jpeg,robert.habeck_19-09-2021_00:00_item0.json,,,
2121,cdu,2665419174911729954,GraphStoryVideo,,True,True,1631962744,1632049144,2021-09-18 10:59:04,True,False,,,,,,cdu_19-09-2021_00:00_video0.jpeg,cdu_19-09-2021_00:00_item0.json,,,
2122,susanne_hennig_wellsow,2665708292649557918,GraphStoryImage,,False,,1631997210,1632083610,2021-09-18 20:33:30,True,False,,,,,,susanne_hennig_wellsow_19-09-2021_00:00_image0.jpeg,susanne_hennig_wellsow_19-09-2021_00:00_item0.json,,,
2123,olafscholz,2665375078397383695,GraphStoryVideo,,True,False,1631957487,1632043887,2021-09-18 09:31:27,True,False,,,112836663459424.0,,,olafscholz_19-09-2021_00:00_video0.jpeg,olafscholz_19-09-2021_00:00_item0.json,,,
2124,fw_bayern,2665250027247016204,GraphStoryVideo,,True,False,1631942578,1632028978,2021-09-18 05:22:58,True,False,,,,,,fw_bayern_19-09-2021_00:00_video0.jpeg,fw_bayern_19-09-2021_00:00_item0.json,,,
2125,afd.bund,2665342085996373210,GraphStoryImage,,False,,1631953556,1632039956,2021-09-18 08:25:56,False,True,,,,,,afd.bund_19-09-2021_00:00_image0.jpeg,afd.bund_19-09-2021_00:00_item0.json,,,
2126,armin_laschet,2665287362759867813,GraphStoryImage,,False,,1631947029,1632033429,2021-09-18 06:37:09,True,False,,,,,,armin_laschet_19-09-2021_00:00_image1.jpeg,armin_laschet_19-09-2021_00:00_item1.json,,,
2127,grey_gor,2665629925331045357,GraphStoryVideo,,True,True,1631987867,1632074267,2021-09-18 17:57:47,True,True,,,2202677079980318.0,,,grey_gor_19-09-2021_00:00_video1.jpeg,grey_gor_19-09-2021_00:00_item1.json,,,
2128,susanne_hennig_wellsow,2665708480467310762,GraphStoryVideo,,True,True,1631997227,1632083627,2021-09-18 20:33:47,True,False,,,,,,susanne_hennig_wellsow_19-09-2021_00:00_video0.jpeg,susanne_hennig_wellsow_19-09-2021_00:00_item1.json,,,
2129,afd.bund,2665459835544729580,GraphStoryImage,,False,,1631967593,1632053993,2021-09-18 12:19:53,False,True,,,,,,afd.bund_19-09-2021_00:00_image1.jpeg,afd.bund_19-09-2021_00:00_item1.json,,,
2130,cdu,2665419271137641942,GraphStoryVideo,,True,True,1631962757,1632049157,2021-09-18 10:59:17,True,False,,,,,,cdu_19-09-2021_00:00_video1.jpeg,cdu_19-09-2021_00:00_item1.json,,,
2131,spdde,2665338894370748085,GraphStoryVideo,,True,True,1631953173,1632039573,2021-09-18 08:19:33,True,False,,,,,,spdde_19-09-2021_00:00_video1.jpeg,spdde_19-09-2021_00:00_item1.json,,,
2132,christlichsozialeunion,2665542250866124833,GraphStoryImage,,False,,1631977413,1632063813,2021-09-18 15:03:33,False,True,,,,,,christlichsozialeunion_19-09-2021_00:00_image0.jpeg,christlichsozialeunion_19-09-2021_00:00_item1.json,,,
2133,fw_bayern,2665250157387924590,GraphStoryImage,,False,,1631942595,1632028995,2021-09-18 05:23:15,True,False,,,,,,fw_bayern_19-09-2021_00:00_image0.jpeg,fw_bayern_19-09-2021_00:00_item1.json,,,
2134,olafscholz,2665391743885473943,GraphStoryVideo,,True,True,1631958996,1632045396,2021-09-18 09:56:36,True,False,,,,,,olafscholz_19-09-2021_00:00_video1.jpeg,olafscholz_19-09-2021_00:00_item1.json,,,
2135,christlichsozialeunion,2665542558317005651,GraphStoryImage,,False,,1631977452,1632063852,2021-09-18 15:04:12,False,True,,,,,,christlichsozialeunion_19-09-2021_00:00_image1.jpeg,christlichsozialeunion_19-09-2021_00:00_item2.json,,,
2136,susanne_hennig_wellsow,2665708586905216623,GraphStoryImage,,False,,1631997242,1632083642,2021-09-18 20:34:02,True,False,,,,,,susanne_hennig_wellsow_19-09-2021_00:00_image1.jpeg,susanne_hennig_wellsow_19-09-2021_00:00_item2.json,,,
2137,armin_laschet,2665440209983916337,GraphStoryVideo,,True,True,1631965251,1632051651,2021-09-18 11:40:51,True,False,,,218585973.0,,,armin_laschet_19-09-2021_00:00_video0.jpeg,armin_laschet_19-09-2021_00:00_item2.json,,,
2138,spdde,2665345635229681881,GraphStoryVideo,,True,True,1631953978,1632040378,2021-09-18 08:32:58,True,False,,,,,,spdde_19-09-2021_00:00_video2.jpeg,spdde_19-09-2021_00:00_item2.json,,,
2139,fw_bayern,2665314076265751177,GraphStoryVideo,,True,False,1631950216,1632036616,2021-09-18 07:30:16,True,True,,,,,,fw_bayern_19-09-2021_00:00_video1.jpeg,fw_bayern_19-09-2021_00:00_item2.json,,,
2140,olafscholz,2665397112359790299,GraphStoryVideo,,True,False,1631959700,1632046100,2021-09-18 10:08:20,True,False,,,,,,olafscholz_19-09-2021_00:00_video2.jpeg,olafscholz_19-09-2021_00:00_item2.json,,,
2141,afd.bund,2665468139419335791,GraphStoryImage,,False,,1631968583,1632054983,2021-09-18 12:36:23,False,True,,,,,,afd.bund_19-09-2021_00:00_image2.jpeg,afd.bund_19-09-2021_00:00_item2.json,,,
2142,cdu,2665419602336524212,GraphStoryImage,,False,,1631962796,1632049196,2021-09-18 10:59:56,True,False,,,,,,cdu_19-09-2021_00:00_image0.jpeg,cdu_19-09-2021_00:00_item2.json,,,
2143,fw_bayern,2665314638117873908,GraphStoryVideo,,True,False,1631950283,1632036683,2021-09-18 07:31:23,False,True,,,,,,fw_bayern_19-09-2021_00:00_video2.jpeg,fw_bayern_19-09-2021_00:00_item3.json,,,
2144,armin_laschet,2665440658153572060,GraphStoryImage,,False,,1631965306,1632051706,2021-09-18 11:41:46,True,False,,,,,,armin_laschet_19-09-2021_00:00_image2.jpeg,armin_laschet_19-09-2021_00:00_item3.json,,,
2145,olafscholz,2665397760622897970,GraphStoryVideo,,True,True,1631960192,1632046592,2021-09-18 10:16:32,True,False,,,,,,olafscholz_19-09-2021_00:00_video3.jpeg,olafscholz_19-09-2021_00:00_item3.json,,,
2146,spdde,2665363156758548179,GraphStoryVideo,,True,True,1631956066,1632042466,2021-09-18 09:07:46,True,False,,,112836663459424.0,,,spdde_19-09-2021_00:00_video3.jpeg,spdde_19-09-2021_00:00_item3.json,,,
2147,susanne_hennig_wellsow,2665708655935062966,GraphStoryImage,,False,,1631997250,1632083650,2021-09-18 20:34:10,True,False,,,,,,susanne_hennig_wellsow_19-09-2021_00:00_image2.jpeg,susanne_hennig_wellsow_19-09-2021_00:00_item3.json,,,
2148,cdu,2665419939105590077,GraphStoryImage,,False,,1631962835,1632049235,2021-09-18 11:00:35,True,False,,,,,,cdu_19-09-2021_00:00_image1.jpeg,cdu_19-09-2021_00:00_item3.json,,,
2149,afd.bund,2665624634354280766,GraphStoryImage,,False,,1631987237,1632073637,2021-09-18 17:47:17,False,True,,,,,,afd.bund_19-09-2021_00:00_image3.jpeg,afd.bund_19-09-2021_00:00_item3.json,,,
2150,olafscholz,2665405243750094976,GraphStoryImage,,False,,1631961083,1632047483,2021-09-18 10:31:23,True,False,,,,,,olafscholz_19-09-2021_00:00_image0.jpeg,olafscholz_19-09-2021_00:00_item4.json,,,
2151,armin_laschet,2665440937754273253,GraphStoryVideo,,True,True,1631965333,1632051733,2021-09-18 11:42:13,True,False,,,,,,armin_laschet_19-09-2021_00:00_video1.jpeg,armin_laschet_19-09-2021_00:00_item4.json,,,
2152,cdu,2665420139853296708,GraphStoryVideo,,True,True,1631962860,1632049260,2021-09-18 11:01:00,True,False,,,,,,cdu_19-09-2021_00:00_video2.jpeg,cdu_19-09-2021_00:00_item4.json,,,
2153,spdde,2665375818984965391,GraphStoryImage,,False,,1631957577,1632043977,2021-09-18 09:32:57,True,False,,,,,,spdde_19-09-2021_00:00_image0.jpeg,spdde_19-09-2021_00:00_item4.json,,,
2154,afd.bund,2665640440938916198,GraphStoryVideo,,True,True,1631988620,1632075020,2021-09-18 18:10:20,False,True,,,,,,afd.bund_19-09-2021_00:00_video0.jpeg,afd.bund_19-09-2021_00:00_item4.json,,,
2155,fw_bayern,2665446905309850112,GraphStoryVideo,,True,True,1631966039,1632052439,2021-09-18 11:53:59,True,False,,,,,,fw_bayern_19-09-2021_00:00_video3.jpeg,fw_bayern_19-09-2021_00:00_item4.json,,,
2156,susanne_hennig_wellsow,2665708846453934964,GraphStoryVideo,,True,False,1631997275,1632083675,2021-09-18 20:34:35,True,False,,,,,,susanne_hennig_wellsow_19-09-2021_00:00_video1.jpeg,susanne_hennig_wellsow_19-09-2021_00:00_item4.json,,,
2157,armin_laschet,2665441110861803334,GraphStoryImage,,False,,1631965360,1632051760,2021-09-18 11:42:40,True,False,,,,,,armin_laschet_19-09-2021_00:00_image3.jpeg,armin_laschet_19-09-2021_00:00_item5.json,,,
2158,cdu,2665420316114788578,GraphStoryImage,,False,,1631962881,1632049281,2021-09-18 11:01:21,True,False,,,,,,cdu_19-09-2021_00:00_image2.jpeg,cdu_19-09-2021_00:00_item5.json,,,
2159,olafscholz,2665407577433536998,GraphStoryVideo,,True,True,1631961319,1632047719,2021-09-18 10:35:19,True,False,,,,,,olafscholz_19-09-2021_00:00_video4.jpeg,olafscholz_19-09-2021_00:00_item5.json,,,
2160,fw_bayern,2665446894698249472,GraphStoryImage,,False,,1631966049,1632052449,2021-09-18 11:54:09,True,False,,,,,,fw_bayern_19-09-2021_00:00_image1.jpeg,fw_bayern_19-09-2021_00:00_item5.json,,,
2161,spdde,2665381035977593490,GraphStoryVideo,,True,True,1631958197,1632044597,2021-09-18 09:43:17,True,False,,,,,,spdde_19-09-2021_00:00_video4.jpeg,spdde_19-09-2021_00:00_item5.json,,,
2162,olafscholz,2665487845573984403,GraphStoryVideo,,True,True,1631970679,1632057079,2021-09-18 13:11:19,True,False,,,,,,olafscholz_19-09-2021_00:00_video5.jpeg,olafscholz_19-09-2021_00:00_item6.json,,,
2163,fw_bayern,2665447054610303276,GraphStoryVideo,,True,True,1631966056,1632052456,2021-09-18 11:54:16,True,False,,,,,,fw_bayern_19-09-2021_00:00_video4.jpeg,fw_bayern_19-09-2021_00:00_item6.json,,,
2164,cdu,2665420575196913213,GraphStoryVideo,,True,True,1631962909,1632049309,2021-09-18 11:01:49,True,False,,,,,,cdu_19-09-2021_00:00_video3.jpeg,cdu_19-09-2021_00:00_item6.json,,,
2165,spdde,2665393952496218033,GraphStoryVideo,,True,True,1631959735,1632046135,2021-09-18 10:08:55,True,False,,,,,,spdde_19-09-2021_00:00_video5.jpeg,spdde_19-09-2021_00:00_item6.json,,,
2166,armin_laschet,2665441586193881625,GraphStoryImage,,False,,1631965416,1632051816,2021-09-18 11:43:36,True,False,,,,,,armin_laschet_19-09-2021_00:00_image4.jpeg,armin_laschet_19-09-2021_00:00_item6.json,,,
2167,cdu,2665420750611145811,GraphStoryImage,,False,,1631962931,1632049331,2021-09-18 11:02:11,True,False,,,,,,cdu_19-09-2021_00:00_image3.jpeg,cdu_19-09-2021_00:00_item7.json,,,
2168,fw_bayern,2665447100462537582,GraphStoryVideo,,True,False,1631966064,1632052464,2021-09-18 11:54:24,True,False,,,,,,fw_bayern_19-09-2021_00:00_video5.jpeg,fw_bayern_19-09-2021_00:00_item7.json,,,
2169,olafscholz,2665488850202000057,GraphStoryVideo,,True,True,1631971035,1632057435,2021-09-18 13:17:15,True,False,,,,,,olafscholz_19-09-2021_00:00_video6.jpeg,olafscholz_19-09-2021_00:00_item7.json,,,
2170,armin_laschet,2665441831560613585,GraphStoryImage,,False,,1631965446,1632051846,2021-09-18 11:44:06,True,False,,,,,,armin_laschet_19-09-2021_00:00_image5.jpeg,armin_laschet_19-09-2021_00:00_item7.json,,,
2171,spdde,2665395890608540248,GraphStoryVideo,,True,True,1631959969,1632046369,2021-09-18 10:12:49,True,False,,,,,,spdde_19-09-2021_00:00_video6.jpeg,spdde_19-09-2021_00:00_item7.json,,,
2172,olafscholz,2665498232090673057,GraphStoryImage,,False,,1631972170,1632058570,2021-09-18 13:36:10,True,False,,,,,,olafscholz_19-09-2021_00:00_image1.jpeg,olafscholz_19-09-2021_00:00_item8.json,,,
2173,armin_laschet,2665442263087444221,GraphStoryImage,,False,,1631965497,1632051897,2021-09-18 11:44:57,True,False,,,,,,armin_laschet_19-09-2021_00:00_image6.jpeg,armin_laschet_19-09-2021_00:00_item8.json,,,
2174,spdde,2665398067913673521,GraphStoryVideo,,True,True,1631960228,1632046628,2021-09-18 10:17:08,True,False,,,,,,spdde_19-09-2021_00:00_video7.jpeg,spdde_19-09-2021_00:00_item8.json,,,
2175,fw_bayern,2665447856460674984,GraphStoryVideo,,True,False,1631966073,1632052473,2021-09-18 11:54:33,True,False,,,,,,fw_bayern_19-09-2021_00:00_video6.jpeg,fw_bayern_19-09-2021_00:00_item8.json,,,
2176,cdu,2665420966424748429,GraphStoryImage,,False,,1631962957,1632049357,2021-09-18 11:02:37,True,False,,,,,,cdu_19-09-2021_00:00_image4.jpeg,cdu_19-09-2021_00:00_item8.json,,,
2177,fw_bayern,2665571342441185717,GraphStoryVideo,,True,False,1631980882,1632067282,2021-09-18 16:01:22,True,False,,,,,,fw_bayern_19-09-2021_00:00_video7.jpeg,fw_bayern_19-09-2021_00:00_item9.json,,,
2178,armin_laschet,2665442737236485888,GraphStoryImage,,False,,1631965554,1632051954,2021-09-18 11:45:54,True,False,,,,,,armin_laschet_19-09-2021_00:00_image7.jpeg,armin_laschet_19-09-2021_00:00_item9.json,,,
2179,olafscholz,2665510875862010683,GraphStoryImage,,False,,1631973678,1632060078,2021-09-18 14:01:18,True,False,,,,,,olafscholz_19-09-2021_00:00_image2.jpeg,olafscholz_19-09-2021_00:00_item9.json,,,
2180,cdu,2665421751338630910,GraphStoryImage,,False,,1631963052,1632049452,2021-09-18 11:04:12,True,False,,,,,,cdu_19-09-2021_00:00_image5.jpeg,cdu_19-09-2021_00:00_item9.json,,,
2181,spdde,2665471645803632272,GraphStoryVideo,,True,True,1631968997,1632055397,2021-09-18 12:43:17,True,False,,,,,,spdde_19-09-2021_00:00_video8.jpeg,spdde_19-09-2021_00:00_item9.json,,,
2182,cdu,2665421986278286347,GraphStoryImage,,False,,1631963079,1632049479,2021-09-18 11:04:39,True,False,,,,,,cdu_19-09-2021_00:00_image6.jpeg,cdu_19-09-2021_00:00_item10.json,,,
2183,fw_bayern,2665571468060410661,GraphStoryVideo,,True,True,1631980894,1632067294,2021-09-18 16:01:34,True,False,,,,,,fw_bayern_19-09-2021_00:00_video8.jpeg,fw_bayern_19-09-2021_00:00_item10.json,,,
2184,spdde,2665475425047853422,GraphStoryVideo,,True,True,1631969445,1632055845,2021-09-18 12:50:45,True,False,,,,,,spdde_19-09-2021_00:00_video9.jpeg,spdde_19-09-2021_00:00_item10.json,,,
2185,armin_laschet,2665474345511524740,GraphStoryImage,,False,,1631969320,1632055720,2021-09-18 12:48:40,True,False,,,,,,armin_laschet_19-09-2021_00:00_image8.jpeg,armin_laschet_19-09-2021_00:00_item10.json,,,
2186,olafscholz,2665514500761656560,GraphStoryVideo,,True,True,1631974109,1632060509,2021-09-18 14:08:29,True,False,,,,,,olafscholz_19-09-2021_00:00_video7.jpeg,olafscholz_19-09-2021_00:00_item10.json,,,
2187,armin_laschet,2665575316568880600,GraphStoryVideo,,True,True,1631981351,1632067751,2021-09-18 16:09:11,True,False,,,224891167.0,,,armin_laschet_19-09-2021_00:00_video2.jpeg,armin_laschet_19-09-2021_00:00_item11.json,,,
2188,spdde,2665475467242446175,GraphStoryVideo,,True,True,1631969446,1632055846,2021-09-18 12:50:46,False,False,,,,,,spdde_19-09-2021_00:00_video10.jpeg,spdde_19-09-2021_00:00_item11.json,,,
2189,olafscholz,2665518829319471954,GraphStoryImage,,False,,1631974622,1632061022,2021-09-18 14:17:02,True,False,,,,,,olafscholz_19-09-2021_00:00_image3.jpeg,olafscholz_19-09-2021_00:00_item11.json,,,
2190,cdu,2665658434461956226,GraphStoryVideo,,True,True,1631991268,1632077668,2021-09-18 18:54:28,True,False,,,224891167.0,,,cdu_19-09-2021_00:00_video4.jpeg,cdu_19-09-2021_00:00_item11.json,,,
2191,spdde,2665481970024305258,GraphStoryVideo,,True,False,1631970231,1632056631,2021-09-18 13:03:51,True,False,,,,,,spdde_19-09-2021_00:00_video11.jpeg,spdde_19-09-2021_00:00_item12.json,,,
2192,olafscholz,2665519516645987211,GraphStoryVideo,,True,True,1631974706,1632061106,2021-09-18 14:18:26,True,False,,,,,,olafscholz_19-09-2021_00:00_video8.jpeg,olafscholz_19-09-2021_00:00_item12.json,,,
2193,armin_laschet,2665575291545603531,GraphStoryVideo,,True,True,1631981352,1632067752,2021-09-18 16:09:12,True,False,,,224891167.0,,,armin_laschet_19-09-2021_00:00_video3.jpeg,armin_laschet_19-09-2021_00:00_item12.json,,,
2194,cdu,2665658660157564044,GraphStoryImage,,False,,1631991290,1632077690,2021-09-18 18:54:50,True,False,,,,,,cdu_19-09-2021_00:00_image7.jpeg,cdu_19-09-2021_00:00_item12.json,,,
2195,spdde,2665491385585758185,GraphStoryImage,,False,,1631971354,1632057754,2021-09-18 13:22:34,True,False,,,20687.0,,,spdde_19-09-2021_00:00_image1.jpeg,spdde_19-09-2021_00:00_item13.json,,,
2196,cdu,2665658856232847875,GraphStoryVideo,,True,True,1631991314,1632077714,2021-09-18 18:55:14,True,False,,,,,,cdu_19-09-2021_00:00_video5.jpeg,cdu_19-09-2021_00:00_item13.json,,,
2197,armin_laschet,2665575340434433991,GraphStoryVideo,,True,True,1631981353,1632067753,2021-09-18 16:09:13,True,False,,,224891167.0,,,armin_laschet_19-09-2021_00:00_video4.jpeg,armin_laschet_19-09-2021_00:00_item13.json,,,
2198,olafscholz,2665569071729219739,GraphStoryImage,,False,,1631980614,1632067014,2021-09-18 15:56:54,True,False,,,,,,olafscholz_19-09-2021_00:00_image4.jpeg,olafscholz_19-09-2021_00:00_item13.json,,,
2199,olafscholz,2665575174917450528,GraphStoryVideo,,True,True,1631981341,1632067741,2021-09-18 16:09:01,True,False,,,887881328.0,,,olafscholz_19-09-2021_00:00_video9.jpeg,olafscholz_19-09-2021_00:00_item14.json,,,
2200,cdu,2665659092439274925,GraphStoryImage,,False,,1631991335,1632077735,2021-09-18 18:55:35,True,False,,,224891167.0,,,cdu_19-09-2021_00:00_image8.jpeg,cdu_19-09-2021_00:00_item14.json,,,
2201,olafscholz,2665591249464178891,GraphStoryImage,,False,,1631983258,1632069658,2021-09-18 16:40:58,True,False,,,,,,olafscholz_19-09-2021_00:00_image5.jpeg,olafscholz_19-09-2021_00:00_item15.json,,,
2202,olafscholz,2665597565876200936,GraphStoryImage,,False,,1631984009,1632070409,2021-09-18 16:53:29,True,False,,,,,,olafscholz_19-09-2021_00:00_image6.jpeg,olafscholz_19-09-2021_00:00_item16.json,,,
2203,olafscholz,2665605544715144853,GraphStoryVideo,,True,True,1631984961,1632071361,2021-09-18 17:09:21,True,False,,,,,,olafscholz_19-09-2021_00:00_video10.jpeg,olafscholz_19-09-2021_00:00_item17.json,,,
2204,olafscholz,2665607694513881981,GraphStoryVideo,,True,True,1631985218,1632071618,2021-09-18 17:13:38,True,False,,,,,,olafscholz_19-09-2021_00:00_video11.jpeg,olafscholz_19-09-2021_00:00_item18.json,,,
2205,olafscholz,2665631643539261791,GraphStoryImage,,False,,1631988066,1632074466,2021-09-18 18:01:06,True,False,,,,,,olafscholz_19-09-2021_00:00_image7.jpeg,olafscholz_19-09-2021_00:00_item19.json,,,
2206,olafscholz,2665651704196595646,GraphStoryVideo,,True,True,1631990464,1632076864,2021-09-18 18:41:04,True,False,,,,,,olafscholz_19-09-2021_00:00_video12.jpeg,olafscholz_19-09-2021_00:00_item20.json,,,
2207,olafscholz,2665686393299313062,GraphStoryImage,,False,,1631994596,1632080996,2021-09-18 19:49:56,False,False,,,,,,olafscholz_19-09-2021_00:00_image8.jpeg,olafscholz_19-09-2021_00:00_item21.json,,,
2208,olafscholz,2665704110710449324,GraphStoryImage,,False,,1631996712,1632083112,2021-09-18 20:25:12,True,False,,,,,,olafscholz_19-09-2021_00:00_image9.jpeg,olafscholz_19-09-2021_00:00_item22.json,,,
