,face_uuid,account_name,Ground Truth,filename,match_file,match_score,model,distance_metric,number_of_hits,Model
0,0b8b3aa1-e602-4d45-a088-e7f3b57e2306,armin_laschet,Armin Laschet,armin_laschet_26-09-2021_00:00_video2.jpeg,c9b28a08-82fc-4524-9287-70b4dbc96c5b.png,0.7983085170280382,Facenet512,euclidean_l2,18.0,Armin Laschet
1,f2cc0ff3-6696-4d59-a762-2073cae25025,armin_laschet,Unknown,armin_laschet_26-09-2021_00:00_video2.jpeg,,,,,,Unknown
2,d5890112-c278-4c09-ac0c-13e4ecef8790,armin_laschet,Unknown,armin_laschet_26-09-2021_00:00_video2.jpeg,,,,,,Unknown
3,842af872-d788-4629-aa74-b031cea55fe2,armin_laschet,Unknown,armin_laschet_14-09-2021_00:00_video3.jpeg,,,,,,Unknown
4,523fccf4-70e1-437e-bb1d-c906fd0d4648,spdde,Olaf Scholz,spdde_26-09-2021_00:00_video1.jpeg,cf207ba3-2a6b-42b2-b0c6-b0fb9e7532f0.png,0.754718212987882,Facenet512,euclidean_l2,19.0,Olaf Scholz
5,9378611f-0eb2-4714-a2a0-a2302fadca2e,spdde,Unknown,spdde_26-09-2021_00:00_video1.jpeg,,,,,,Unknown
6,554549f0-eb26-48f4-bd5b-b5513dbb9dd3,spdde,Unknown,spdde_26-09-2021_00:00_video1.jpeg,,,,,,Unknown
7,b8205fa2-9302-4ba6-82ff-00587434e0f9,armin_laschet,Armin Laschet,armin_laschet_20-09-2021_00:00_video6.jpeg,1e103923-022b-4d3f-a32e-e9c848a00e70.png,0.6318174212405551,Facenet512,euclidean_l2,20.0,Armin Laschet
37,cd95ebf9-1438-4b80-ac5e-4853add83fb8,christianlindner,Unknown,christianlindner_25-09-2021_00:00_video0.jpeg,,,,,,Unknown
38,18305234-b78c-4227-89e3-9340d0b7416b,christianlindner,Unknown,christianlindner_25-09-2021_00:00_video0.jpeg,,,,,,Unknown
39,a44eed36-cfa8-4187-b3f4-af8ccf7c5241,christianlindner,Christian Lindner,christianlindner_25-09-2021_00:00_video0.jpeg,b2b81709-caad-45cc-b632-78901d5ab389.png,0.7637544541030263,Facenet512,euclidean_l2,7.0,Christian Lindner
40,629e0332-a662-4cee-8051-8d6033541d07,abaerbock,Unknown,abaerbock_18-09-2021_00:00_image6.jpeg,,,,,,Unknown
41,6d7abb70-94a7-4928-a327-f6e77a32bb31,abaerbock,Annalena Baerbock,abaerbock_18-09-2021_00:00_image6.jpeg,,,,,,Unknown
42,0663e9b8-7bb6-42fb-b313-a51020ed03df,cdu,Unknown,cdu_21-09-2021_00:00_video0.jpeg,,,,,,Unknown
43,0e464991-082c-4af9-ab9c-43e1ce42c6f2,cdu,Unknown,cdu_18-09-2021_00:00_video6.jpeg,,,,,,Unknown
44,abb7d3a0-71ad-4d89-b033-8232e21c6ca3,cdu,Unknown,cdu_18-09-2021_00:00_video6.jpeg,,,,,,Unknown
45,30cb08a6-6c04-44fd-8425-990f81ab3043,abaerbock,Unknown,abaerbock_16-09-2021_00:00_image8.jpeg,,,,,,Unknown
46,ecc2b064-f9ea-4e6c-8ebd-7e57266802ce,abaerbock,Unknown,abaerbock_16-09-2021_00:00_image8.jpeg,,,,,,Unknown
47,6763653e-1115-489c-8a89-b80398b522be,abaerbock,Annalena Baerbock,abaerbock_16-09-2021_00:00_image8.jpeg,,,,,,Unknown
48,00365845-c602-43ce-8cd0-aebd9be00e1c,abaerbock,Unknown,abaerbock_16-09-2021_00:00_image8.jpeg,,,,,,Unknown
60,ed30461d-590f-4f03-ab3d-97f9a0e385c7,olafscholz,Unknown,olafscholz_19-09-2021_00:00_image3.jpeg,,,,,,Unknown
68,03d3d740-8428-49fb-b7a4-b34bca3a1f2d,cdu,Unknown,cdu_20-09-2021_00:00_video16.jpeg,,,,,,Unknown
69,97d04a82-8cda-41df-b1aa-71236cc4df7a,cdu,Unknown,cdu_20-09-2021_00:00_video16.jpeg,,,,,,Unknown
72,08725f5a-76ff-4c97-bfef-bb96a8ed257b,armin_laschet,Armin Laschet,armin_laschet_16-09-2021_00:00_image0.jpeg,7cdeee40-f222-4b03-a819-4db32fc47d20.png,1.001871318096836,Facenet512,euclidean_l2,1.0,Armin Laschet
73,f22d3b4c-c982-476e-b477-823a7c5d6be1,armin_laschet,Unknown,armin_laschet_16-09-2021_00:00_image0.jpeg,,,,,,Unknown
74,60e8b4ef-97ef-463b-ad15-a4798e471b25,abaerbock,Unknown,abaerbock_18-09-2021_00:00_image7.jpeg,,,,,,Unknown
75,b44efec9-bee1-4ad6-af8a-c9a010fac1c8,abaerbock,Annalena Baerbock,abaerbock_18-09-2021_00:00_image7.jpeg,,,,,,Unknown
76,63333411-6903-48bc-a8a6-a44242020c8e,armin_laschet,Armin Laschet,armin_laschet_23-09-2021_00:00_video11.jpeg,cc6b3530-cd71-4500-a5fe-d868c449b8d1.png,1.0282618262795138,Facenet512,euclidean_l2,1.0,Armin Laschet
77,0d6b375c-6c81-4332-81f9-5962d7d4dd63,armin_laschet,Unknown,armin_laschet_23-09-2021_00:00_video11.jpeg,,,,,,Unknown
78,496410d6-586f-4b4d-a4c1-2e1e9b6b07a6,armin_laschet,Unknown,armin_laschet_23-09-2021_00:00_video11.jpeg,,,,,,Unknown
79,0514cbc0-9c32-41c4-bb52-71dc57f9a816,cdu,Armin Laschet,cdu_13-09-2021_00:00_video10.jpeg,1bd44b42-05b1-4e5e-9ecf-b19872c3a776.png,0.6316004752094275,Facenet512,euclidean_l2,20.0,Armin Laschet
80,8cf09a2e-3260-4e49-bd5a-69a5e1b9ece8,cdu,Unknown,cdu_13-09-2021_00:00_video10.jpeg,,,,,,Unknown
81,9f274a04-aaf8-4463-8177-337163b78915,armin_laschet,Armin Laschet,armin_laschet_13-09-2021_00:00_image1.jpeg,f891fb5e-737c-4bf0-9c55-824f2cdff348.png,0.6367235305661194,Facenet512,euclidean_l2,16.0,Armin Laschet
82,6b889d34-9e1d-4b9a-9057-804ef969d860,armin_laschet,Unknown,armin_laschet_13-09-2021_00:00_image1.jpeg,,,,,,Unknown
83,c04418b1-3f23-4095-911c-d9cad257e5d2,spdde,Unknown,spdde_18-09-2021_00:00_image1.jpeg,,,,,,Unknown
84,a5aad0ac-6c55-418d-be84-bf0bf2b9c8e1,spdde,Unknown,spdde_18-09-2021_00:00_image1.jpeg,82f4d29e-1d17-4672-b015-52009fda2a23.png,0.9222744865968092,Facenet512,euclidean_l2,4.0,Olaf Scholz
85,dad6d171-6ce7-4524-b389-5ac05c564e4e,spdde,Unknown,spdde_18-09-2021_00:00_image1.jpeg,,,,,,Unknown
86,19741873-ccb9-41eb-8b81-8eeaa8319697,spdde,Unknown,spdde_18-09-2021_00:00_image1.jpeg,,,,,,Unknown
87,3fab20b1-3b98-4a52-b380-1122ae258961,spdde,Unknown,spdde_18-09-2021_00:00_image1.jpeg,,,,,,Unknown
88,a22a61cd-0ca3-41ed-8a4c-77f13bd3e2e1,spdde,Unknown,spdde_18-09-2021_00:00_image1.jpeg,,,,,,Unknown
89,cfa1fe3b-d37d-4123-bd5a-1c7321a6ee85,spdde,Unknown,spdde_18-09-2021_00:00_image1.jpeg,,,,,,Unknown
90,1bf03476-965c-4001-bf17-b63e605b43f5,spdde,Olaf Scholz,spdde_18-09-2021_00:00_image1.jpeg,,,,,,Unknown
91,7b91803a-49ba-4e1c-9e6e-742e44db6de5,spdde,Unknown,spdde_18-09-2021_00:00_image1.jpeg,,,,,,Unknown
92,08b95eb9-a049-47e3-b666-261f715c4b56,spdde,Unknown,spdde_18-09-2021_00:00_image1.jpeg,,,,,,Unknown
93,139da1ac-7806-498d-9eb0-60d9a241265c,spdde,Unknown,spdde_18-09-2021_00:00_image1.jpeg,,,,,,Unknown
94,59b7356a-e048-4076-8fa4-d24ef2d3afd0,spdde,Unknown,spdde_18-09-2021_00:00_image1.jpeg,,,,,,Unknown
95,4a5c9a20-eb5a-4942-b14f-48ed62350ad6,spdde,Unknown,spdde_18-09-2021_00:00_image1.jpeg,,,,,,Unknown
96,9c6cf6b9-3c93-4f08-89e4-b8347a560227,spdde,Unknown,spdde_18-09-2021_00:00_image1.jpeg,,,,,,Unknown
97,21948004-30a8-4529-b7b4-92f591d67597,spdde,Unknown,spdde_18-09-2021_00:00_image1.jpeg,,,,,,Unknown
98,7be9d80d-369d-4cf3-a5c0-66bef581c293,spdde,Unknown,spdde_18-09-2021_00:00_image1.jpeg,,,,,,Unknown
99,de38f29e-e171-416b-a04f-a9def9bafcf1,spdde,Unknown,spdde_18-09-2021_00:00_image1.jpeg,,,,,,Unknown
100,fb4c4ce8-086b-4084-b806-1fe4f4349745,spdde,Unknown,spdde_18-09-2021_00:00_image1.jpeg,,,,,,Unknown
101,d43c5ed0-f4a1-4053-873b-c3c8ae303cf5,spdde,Unknown,spdde_18-09-2021_00:00_image1.jpeg,,,,,,Unknown
102,457992a2-7888-41ed-9c9d-403776258379,spdde,Unknown,spdde_18-09-2021_00:00_image1.jpeg,,,,,,Unknown
103,5261769e-6cd1-4df6-999d-f86215acaf43,spdde,Unknown,spdde_18-09-2021_00:00_image1.jpeg,,,,,,Unknown
104,56d55dcb-acb8-4dd6-bd56-e1bbab781bdc,spdde,Unknown,spdde_18-09-2021_00:00_image1.jpeg,,,,,,Unknown
105,6fb3bc31-50f5-4766-9840-33b235aac0aa,olafscholz,Unknown,olafscholz_24-09-2021_00:00_image1.jpeg,,,,,,Unknown
106,2117a2bc-2a6d-493a-8842-1c9bfbf073a5,olafscholz,Olaf Scholz,olafscholz_24-09-2021_00:00_image1.jpeg,b4140b08-8bd8-4631-a580-a48195a9970a.png,0.7084092491796604,Facenet512,euclidean_l2,19.0,Olaf Scholz
107,e6ec5a62-776c-4f20-9967-034c46c93873,olafscholz,Unknown,olafscholz_24-09-2021_00:00_image1.jpeg,,,,,,Unknown
108,614afe77-9bef-4ab9-b5d2-05747dd2cd42,die_gruenen,Unknown,die_gruenen_25-09-2021_00:00_video27.jpeg,,,,,,Unknown
109,0ffd3dc8-bcf5-4952-88b4-95f92d9b0d19,die_gruenen,Unknown,die_gruenen_25-09-2021_00:00_video27.jpeg,,,,,,Unknown
110,25963164-5ea9-4d51-b732-12e88523359d,die_gruenen,Unknown,die_gruenen_25-09-2021_00:00_video27.jpeg,,,,,,Unknown
111,e4b90ebc-9681-4a06-b058-dc745a01b151,die_gruenen,Unknown,die_gruenen_25-09-2021_00:00_video27.jpeg,,,,,,Unknown
112,f1a9ac2b-d716-4e1a-b610-572b99208b90,die_gruenen,Unknown,die_gruenen_25-09-2021_00:00_video27.jpeg,,,,,,Unknown
113,3673416b-de6a-4b06-bd66-3cad1d875fcd,die_gruenen,Unknown,die_gruenen_25-09-2021_00:00_video27.jpeg,,,,,,Unknown
114,6aa66a69-f9b3-4baf-bdcf-95ad76aeb1f6,die_gruenen,Unknown,die_gruenen_25-09-2021_00:00_video27.jpeg,,,,,,Unknown
115,a00ed167-04b9-4f6b-9a43-ca6a19f9adb9,christlichsozialeunion,Unknown,christlichsozialeunion_23-09-2021_00:00_video7.jpeg,,,,,,Unknown
116,49bd0e0a-516c-4cc3-aa08-fea433263486,fdp,Unknown,fdp_20-09-2021_00:00_image13.jpeg,,,,,,Unknown
117,c3a8a841-3a32-4a15-93c4-2bcb2019c1d9,fdp,Unknown,fdp_20-09-2021_00:00_image13.jpeg,,,,,,Unknown
118,e75ced77-ad09-448a-940d-c367c84b2532,fdp,Unknown,fdp_20-09-2021_00:00_image13.jpeg,,,,,,Unknown
119,3ec342f1-7818-4fa9-a12e-c9da37806c6f,fdp,Unknown,fdp_20-09-2021_00:00_image13.jpeg,cebfea5f-bce7-498c-9d1a-5b80c9e97361.png,0.9236658085264088,Facenet512,euclidean_l2,5.0,Christian Lindner
120,321e76ce-52c5-4cf5-bc22-092f45c816d0,fdp,Unknown,fdp_20-09-2021_00:00_image13.jpeg,,,,,,Unknown
121,551b0d5a-7a8b-4b86-b1f2-bfe5ab3bc0a1,fdp,Unknown,fdp_20-09-2021_00:00_image13.jpeg,,,,,,Unknown
122,3443bc59-4bf3-41a9-93d8-01abc7357cb0,fdp,Unknown,fdp_20-09-2021_00:00_image13.jpeg,,,,,,Unknown
123,1c41b0cc-8554-4e8d-a268-f1324ae37f13,fdp,Unknown,fdp_20-09-2021_00:00_image13.jpeg,,,,,,Unknown
124,bc4f413d-2b77-4980-bd42-0129bcbf5747,fdp,Unknown,fdp_20-09-2021_00:00_image13.jpeg,,,,,,Unknown
125,26396e4d-9f13-4f8c-a5b0-ef308dda09de,fdp,Unknown,fdp_20-09-2021_00:00_image13.jpeg,,,,,,Unknown
126,5588bcfe-6546-4e54-8969-dff487f6cd2b,fdp,Unknown,fdp_20-09-2021_00:00_image13.jpeg,,,,,,Unknown
127,c03cddce-30b4-4f3b-a993-6495b0754631,fdp,Unknown,fdp_20-09-2021_00:00_image13.jpeg,,,,,,Unknown
128,f5940433-b670-4d84-938c-093cc2754198,fdp,Unknown,fdp_20-09-2021_00:00_image13.jpeg,,,,,,Unknown
129,cf16cd95-493e-4364-ab0b-3b802de9d0b2,olafscholz,Olaf Scholz,olafscholz_25-09-2021_00:00_image1.jpeg,7283a49c-fba4-43e9-9a0b-a767ea44c1c0.png,0.5344629388403724,Facenet512,euclidean_l2,20.0,Olaf Scholz
130,f2d5103e-a4f8-41e7-84fa-9b376407a3b0,spdde,Unknown,spdde_18-09-2021_00:00_image0.jpeg,,,,,,Unknown
131,1a48032e-6be0-43fb-9503-852f99a437d9,spdde,Unknown,spdde_18-09-2021_00:00_image0.jpeg,,,,,,Unknown
132,23315193-6390-4b52-a38b-3c03df069db7,spdde,Unknown,spdde_18-09-2021_00:00_image0.jpeg,,,,,,Unknown
133,cd6cd323-90c2-436d-a947-8d9d56d0f4e2,spdde,Unknown,spdde_18-09-2021_00:00_image0.jpeg,,,,,,Unknown
134,bdb686f8-8d6c-414e-8bb4-cc8afe0a58f4,christlichsozialeunion,Unknown,christlichsozialeunion_16-09-2021_00:00_video6.jpeg,,,,,,Unknown
135,c40268e3-188c-4a02-8be2-7b4435b64b9f,christlichsozialeunion,Unknown,christlichsozialeunion_16-09-2021_00:00_video6.jpeg,,,,,,Unknown
136,ea08dab4-73de-4bd0-81f1-a3162fe2fdca,olafscholz,Unknown,olafscholz_20-09-2021_00:00_video1.jpeg,,,,,,Unknown
137,154b41b4-471b-47c9-a462-9683427f6552,olafscholz,Unknown,olafscholz_20-09-2021_00:00_video1.jpeg,,,,,,Unknown
141,32b0408b-0f3e-467b-ae26-58ae2ec134ac,die_gruenen,Unknown,die_gruenen_25-09-2021_00:00_image6.jpeg,,,,,,Unknown
142,cab8a338-5a70-481d-aeca-755af2c06f53,die_gruenen,Unknown,die_gruenen_25-09-2021_00:00_image6.jpeg,,,,,,Unknown
143,2c3e226b-a2b3-42e9-8c1a-8751036cfd0c,die_gruenen,Unknown,die_gruenen_25-09-2021_00:00_image6.jpeg,,,,,,Unknown
144,263438e8-31b8-4a37-9eb7-de4c0086ed78,die_gruenen,Unknown,die_gruenen_25-09-2021_00:00_image6.jpeg,,,,,,Unknown
145,efc7206d-4ff2-4b41-bdeb-58a6c9927e77,die_gruenen,Unknown,die_gruenen_25-09-2021_00:00_image6.jpeg,,,,,,Unknown
146,be140acf-f302-4779-ab62-1808e4ef4d45,die_gruenen,Unknown,die_gruenen_25-09-2021_00:00_image6.jpeg,,,,,,Unknown
147,bb1cb3ae-b930-43de-800a-fe775fc39b03,die_gruenen,Unknown,die_gruenen_25-09-2021_00:00_image6.jpeg,,,,,,Unknown
148,e9a70a6e-4c49-437e-a643-d580ba6d3ced,die_gruenen,Unknown,die_gruenen_25-09-2021_00:00_image6.jpeg,,,,,,Unknown
149,00c7feb9-5560-4079-9013-ddc2d17f9b57,die_gruenen,Unknown,die_gruenen_25-09-2021_00:00_image6.jpeg,,,,,,Unknown
150,3bd01045-4307-4dc6-ab81-871047cefd08,die_gruenen,Unknown,die_gruenen_25-09-2021_00:00_image6.jpeg,,,,,,Unknown
151,33117b64-5c5a-4d02-82f3-a6c57e2b6644,die_gruenen,Unknown,die_gruenen_25-09-2021_00:00_image6.jpeg,,,,,,Unknown
152,266dc32f-620d-4cd2-8f44-58d0bcb38ab3,die_gruenen,Unknown,die_gruenen_25-09-2021_00:00_image6.jpeg,,,,,,Unknown
153,e9744c81-4268-4c7c-9303-6f68d6b537c6,die_gruenen,Unknown,die_gruenen_25-09-2021_00:00_image6.jpeg,,,,,,Unknown
154,3559f0d3-16a7-4b74-863e-2087b10766db,die_gruenen,Unknown,die_gruenen_25-09-2021_00:00_image6.jpeg,,,,,,Unknown
155,5ecea025-63b6-44b7-ba0c-1fdbcbe8ce59,die_gruenen,Unknown,die_gruenen_25-09-2021_00:00_image6.jpeg,,,,,,Unknown
166,b341c49d-4e3e-473b-86b6-4c0239b9c6c9,fdp,Unknown,fdp_18-09-2021_00:00_video2.jpeg,,,,,,Unknown
167,de14dc76-4dd5-4ceb-ac57-8daca5a1e781,cdu,Unknown,cdu_16-09-2021_00:00_video20.jpeg,,,,,,Unknown
176,541b2f0b-b100-4945-bc5f-d159e110a549,fdp,Unknown,fdp_17-09-2021_00:00_video2.jpeg,,,,,,Unknown
177,f5835344-4fe9-4f5d-a8f0-e3b5a1b803c0,fdp,Christian Lindner,fdp_17-09-2021_00:00_video2.jpeg,,,,,,Unknown
198,2f5f8129-7e77-41cf-b643-a67acba57c2a,cdu,Armin Laschet,cdu_26-09-2021_00:00_video5.jpeg,,,,,,Unknown
203,5cb819df-fcc6-4ddc-ac65-e433e97af798,christlichsozialeunion,Unknown,christlichsozialeunion_23-09-2021_00:00_video0.jpeg,49bdb61e-e0b0-4666-9cf0-5c7ab16b2516.png,0.9793578683209252,Facenet512,euclidean_l2,2.0,Markus Söder
205,4c7e3b2b-197f-45f5-b3fb-b6ff897afecc,olafscholz,Unknown,olafscholz_22-09-2021_00:00_image4.jpeg,91d6fa25-3671-4110-8beb-1c3296cdf4d0.png,1.0384747663367504,Facenet512,euclidean_l2,1.0,Olaf Scholz
206,e9ebfb78-09ba-4d08-85d6-550db0a2e938,olafscholz,Olaf Scholz,olafscholz_22-09-2021_00:00_image4.jpeg,c27ee252-e37c-4074-92b5-20e300431107.png,0.5313578683557378,Facenet512,euclidean_l2,19.0,Olaf Scholz
209,2494dab0-41da-49b7-bf80-6047679ca11b,cdu,Unknown,cdu_22-09-2021_00:00_video0.jpeg,,,,,,Unknown
210,58d4a34f-5984-4156-94fd-986de74fa9e1,fdp,Unknown,fdp_18-09-2021_00:00_image1.jpeg,,,,,,Unknown
226,35179508-0098-429e-aef5-35e150adb21b,armin_laschet,Armin Laschet,armin_laschet_22-09-2021_00:00_video2.jpeg,c9b28a08-82fc-4524-9287-70b4dbc96c5b.png,0.6872065444346401,Facenet512,euclidean_l2,20.0,Armin Laschet
227,c83de8ff-3566-4484-bbd5-f7f007a4ecea,olafscholz,Unknown,olafscholz_25-09-2021_00:00_video7.jpeg,,,,,,Unknown
228,70a5178b-4cd4-4e67-9c39-68df06d4dc3a,olafscholz,Unknown,olafscholz_25-09-2021_00:00_video7.jpeg,,,,,,Unknown
229,22138ec6-5476-4e4a-95e8-2c5c34c0c1b4,olafscholz,Unknown,olafscholz_25-09-2021_00:00_video7.jpeg,,,,,,Unknown
230,bafec046-6d70-43a1-b046-364c63325be7,cdu,Unknown,cdu_26-09-2021_00:00_video3.jpeg,,,,,,Unknown
231,d6541c69-45a9-4d5a-a93a-132e8ea94760,cdu,Unknown,cdu_26-09-2021_00:00_video3.jpeg,,,,,,Unknown
232,f04a1032-4b19-4520-a7be-e8ae671ee719,cdu,Unknown,cdu_26-09-2021_00:00_video3.jpeg,,,,,,Unknown
233,00aa55bc-129e-46a5-be31-2a9cd797da59,cdu,Unknown,cdu_26-09-2021_00:00_video3.jpeg,,,,,,Unknown
234,59623bbf-1a67-4dd9-9fbe-7ef1bfaea5ab,cdu,Unknown,cdu_26-09-2021_00:00_video3.jpeg,,,,,,Unknown
235,be2ea3dc-626c-42b2-8adb-4a61112e0a2b,cdu,Unknown,cdu_26-09-2021_00:00_video3.jpeg,,,,,,Unknown
236,9123c830-29d5-4d5a-9760-b6a47d84de40,cdu,Unknown,cdu_26-09-2021_00:00_video3.jpeg,,,,,,Unknown
237,9272593a-50f3-4d1a-9a4d-74e28f56f55c,cdu,Unknown,cdu_26-09-2021_00:00_video3.jpeg,,,,,,Unknown
238,ab4ca2de-c1f8-42b1-9959-f0d3c21e5f52,cdu,Unknown,cdu_26-09-2021_00:00_video3.jpeg,,,,,,Unknown
239,065bcd1c-21f5-4e85-b7fc-46b46c8b0ad4,cdu,Unknown,cdu_26-09-2021_00:00_video3.jpeg,,,,,,Unknown
240,16964b77-31e5-422c-a320-d09eab150d95,olafscholz,Olaf Scholz,olafscholz_22-09-2021_00:00_video8.jpeg,,,,,,Unknown
241,3851042c-0345-4919-910b-73cda4693d15,christlichsozialeunion,Unknown,christlichsozialeunion_20-09-2021_00:00_video7.jpeg,,,,,,Unknown
249,9c4f6b6e-495e-4553-9df7-8e6c4ed7e37c,cdu,Unknown,cdu_26-09-2021_00:00_video0.jpeg,,,,,,Unknown
250,3234bc3a-334d-42f2-bf8c-77dc560942ac,cdu,Unknown,cdu_26-09-2021_00:00_video0.jpeg,,,,,,Unknown
251,e8c83eef-a22b-42b9-bd5a-c31284a21615,cdu,Unknown,cdu_26-09-2021_00:00_video0.jpeg,,,,,,Unknown
252,29e8b3fd-50fc-4c2b-bc86-f0bae54cb265,fdp,Unknown,fdp_23-09-2021_00:00_image0.jpeg,,,,,,Unknown
253,438c5a8f-816a-4615-bdd2-82fd1a9b66c8,fdp,Christian Lindner,fdp_23-09-2021_00:00_image0.jpeg,,,,,,Unknown
255,ecc9b50c-db19-496e-9929-1d7ecef497d5,abaerbock,Unknown,abaerbock_23-09-2021_00:00_image6.jpeg,,,,,,Unknown
256,f96fa21d-be78-475f-af79-8620303d6a17,abaerbock,Unknown,abaerbock_23-09-2021_00:00_image6.jpeg,,,,,,Unknown
257,638161cc-e73b-47e4-9cbe-0b4da14bfba9,abaerbock,Unknown,abaerbock_23-09-2021_00:00_image6.jpeg,,,,,,Unknown
258,d4499f08-1403-45b3-b998-b89efe184422,die_gruenen,Unknown,die_gruenen_14-09-2021_00:00_image0.jpeg,,,,,,Unknown
259,da64c83d-bd61-46ed-9c61-c9354f5d4818,die_gruenen,Unknown,die_gruenen_14-09-2021_00:00_image0.jpeg,,,,,,Unknown
260,3491e638-5815-4332-a8de-d99c9ed8caf6,die_gruenen,Unknown,die_gruenen_14-09-2021_00:00_image0.jpeg,,,,,,Unknown
261,5038559c-fd0f-4467-ac94-d0dd20f26211,cdu,Unknown,cdu_26-09-2021_00:00_video13.jpeg,,,,,,Unknown
262,d2701baf-e807-4b53-877b-156b6f73be1e,cdu,Armin Laschet,cdu_26-09-2021_00:00_video13.jpeg,,,,,,Unknown
263,01edfb91-5f5b-4481-b9ab-0fd8aabac43c,cdu,Unknown,cdu_26-09-2021_00:00_video13.jpeg,,,,,,Unknown
264,5021dd6f-073d-4c94-9bf1-e944e3008428,cdu,Armin Laschet,cdu_17-09-2021_00:00_video8.jpeg,,,,,,Unknown
267,ce599d00-3ce5-4dfd-879c-de9ee46f2df2,christianlindner,Christian Lindner,christianlindner_21-09-2021_00:00_image0.jpeg,lindner_christian_gross.jpeg,0.572773413302972,Facenet512,euclidean_l2,10.0,Christian Lindner
268,decafd94-5ecf-43bd-aacf-d6f252fb88b7,christianlindner,Unknown,christianlindner_21-09-2021_00:00_image0.jpeg,,,,,,Unknown
269,5d2958a5-09f8-43fe-a8d6-03874cd70eeb,christianlindner,Unknown,christianlindner_21-09-2021_00:00_image0.jpeg,,,,,,Unknown
270,5caf8879-1b03-476f-b595-1dc4a5e610e9,christianlindner,Unknown,christianlindner_21-09-2021_00:00_image0.jpeg,,,,,,Unknown
271,b15a1ab9-eb4c-4b93-bb52-0586615784bb,christianlindner,Unknown,christianlindner_21-09-2021_00:00_image0.jpeg,,,,,,Unknown
276,5f313918-328c-4000-a4a1-4cb1a1bee5c6,christlichsozialeunion,Unknown,christlichsozialeunion_25-09-2021_00:00_video3.jpeg,,,,,,Unknown
277,352309d7-d2bc-40d3-aff8-8bb2898edeec,spdde,Unknown,spdde_19-09-2021_00:00_video6.jpeg,,,,,,Unknown
284,4743c8b7-bc23-4b7e-8106-491376d8ecfa,abaerbock,Annalena Baerbock,abaerbock_21-09-2021_00:00_video0.jpeg,,,,,,Unknown
285,c8331bb4-2f85-48d4-8d5c-ba01ec62270e,cdu,Unknown,cdu_16-09-2021_00:00_video14.jpeg,,,,,,Unknown
286,9e373fcd-cf2d-4b80-98ca-c008bbb10175,spdde,Unknown,spdde_21-09-2021_00:00_video0.jpeg,82f4d29e-1d17-4672-b015-52009fda2a23.png,0.9719649346595765,Facenet512,euclidean_l2,2.0,Olaf Scholz
287,d8246fc5-78cb-4c44-85f3-763f7856e210,spdde,Olaf Scholz,spdde_21-09-2021_00:00_video0.jpeg,scholz_olaf.jpeg,0.6739640191282757,Facenet512,euclidean_l2,19.0,Olaf Scholz
288,5e93c9c8-f2fc-43f9-a70c-c587ca2cca94,christianlindner,Christian Lindner,christianlindner_25-09-2021_00:00_image2.jpeg,aba5bb44-8485-4f0d-9b60-c596194fa33b.png,0.5694734316756318,Facenet512,euclidean_l2,10.0,Christian Lindner
289,e6c8d591-2712-413e-8675-d04b9d0c1a0e,armin_laschet,Unknown,armin_laschet_17-09-2021_00:00_video18.jpeg,,,,,,Unknown
290,f8954ebd-8f45-40ba-a4fc-21b423e73728,armin_laschet,Unknown,armin_laschet_17-09-2021_00:00_video18.jpeg,,,,,,Unknown
291,82dc36b8-f484-4d4f-999b-9a3543e0a79c,armin_laschet,Unknown,armin_laschet_17-09-2021_00:00_video18.jpeg,,,,,,Unknown
292,7cfcb7c6-d2ae-4dbc-b63f-533a5e73a2f4,armin_laschet,Unknown,armin_laschet_17-09-2021_00:00_video18.jpeg,,,,,,Unknown
293,469d5278-277e-4abf-b502-2cc21ffb489a,abaerbock,Unknown,abaerbock_25-09-2021_00:00_image10.jpeg,,,,,,Unknown
294,b26b7961-277d-47c3-8dad-4afa2fcb2d19,abaerbock,Unknown,abaerbock_25-09-2021_00:00_image10.jpeg,,,,,,Unknown
295,543694ab-107e-451d-ae69-58c31f7fe7af,markus.soeder,Unknown,markus.soeder_25-09-2021_00:00_video2.jpeg,,,,,,Unknown
296,12ce9405-78d0-4c0e-a965-9f9ef458fb32,markus.soeder,Unknown,markus.soeder_25-09-2021_00:00_video2.jpeg,,,,,,Unknown
297,7ec91f99-1928-484a-bd3b-2a5a78ed8654,olafscholz,Unknown,olafscholz_22-09-2021_00:00_video9.jpeg,,,,,,Unknown
298,94a9edcd-5058-4bc8-9c8e-228e34c6ae9c,olafscholz,Unknown,olafscholz_22-09-2021_00:00_video9.jpeg,,,,,,Unknown
299,b18a3581-f599-4e8e-bf8a-fbcdbf77c675,olafscholz,Olaf Scholz,olafscholz_22-09-2021_00:00_video9.jpeg,,,,,,Unknown
300,a3c3a473-92e7-4cc8-b1b8-529f049b305d,spdde,Unknown,spdde_26-09-2021_00:00_image0.jpeg,,,,,,Unknown
301,ef1c5f1e-0296-4040-8428-08e54ca4b66e,spdde,Unknown,spdde_26-09-2021_00:00_image0.jpeg,,,,,,Unknown
302,bfef27b0-32c5-4177-a98b-bc31281652ae,spdde,Unknown,spdde_26-09-2021_00:00_image0.jpeg,,,,,,Unknown
303,0aacffb2-00ba-4f07-b63c-0d335bd4c802,olafscholz,Unknown,olafscholz_19-09-2021_00:00_image2.jpeg,,,,,,Unknown
304,116df7de-8292-48bb-ba60-53bcbe611fa2,olafscholz,Unknown,olafscholz_19-09-2021_00:00_video12.jpeg,,,,,,Unknown
305,3a4060b1-6796-4bc1-bcfb-ca50b892e6dc,olafscholz,Olaf Scholz,olafscholz_19-09-2021_00:00_video12.jpeg,82f4d29e-1d17-4672-b015-52009fda2a23.png,0.9898100375317482,Facenet512,euclidean_l2,4.0,Olaf Scholz
306,ba101281-3852-42ea-837f-396b7857ba63,olafscholz,Unknown,olafscholz_19-09-2021_00:00_video12.jpeg,,,,,,Unknown
307,8eb2e653-bae5-4fa9-b7ce-80709d7e6093,christlichsozialeunion,Unknown,christlichsozialeunion_18-09-2021_00:00_video12.jpeg,,,,,,Unknown
308,67f56794-29ba-4c1c-9efe-dbc53110070b,christlichsozialeunion,Unknown,christlichsozialeunion_18-09-2021_00:00_video12.jpeg,,,,,,Unknown
309,24d67f57-2105-44f5-8f8e-b891d87fd182,christlichsozialeunion,Unknown,christlichsozialeunion_18-09-2021_00:00_video12.jpeg,,,,,,Unknown
310,c5cf341b-1d9b-456c-a58b-b9604ec0c25f,christlichsozialeunion,Unknown,christlichsozialeunion_18-09-2021_00:00_video12.jpeg,,,,,,Unknown
316,6a8f33ee-de7c-4263-bca2-2909da07b55c,abaerbock,Unknown,abaerbock_26-09-2021_00:00_image7.jpeg,,,,,,Unknown
317,eba8afaa-daa1-4e18-b876-71427dc0f995,abaerbock,Unknown,abaerbock_26-09-2021_00:00_image7.jpeg,,,,,,Unknown
318,8227f5b5-bfa7-4a0a-bc8e-87cefa15d79b,abaerbock,Unknown,abaerbock_26-09-2021_00:00_image7.jpeg,,,,,,Unknown
319,1fb3c052-f8fe-4a7e-b6f4-72ee9f4ada35,abaerbock,Unknown,abaerbock_26-09-2021_00:00_image7.jpeg,,,,,,Unknown
320,81301dd3-5930-49e3-a027-6557372b45e5,abaerbock,Unknown,abaerbock_26-09-2021_00:00_image7.jpeg,,,,,,Unknown
321,4f3e9363-7412-4bda-a27a-c848a65d7a1c,abaerbock,Unknown,abaerbock_26-09-2021_00:00_image7.jpeg,,,,,,Unknown
322,a48ac094-cc0a-41a0-924c-3b966186c6da,abaerbock,Unknown,abaerbock_26-09-2021_00:00_image7.jpeg,,,,,,Unknown
323,fd012839-2d0a-4382-b369-00ac588d828c,abaerbock,Unknown,abaerbock_26-09-2021_00:00_image7.jpeg,,,,,,Unknown
324,7a523b06-b9cd-4432-bdbc-a7b7a348a4d0,abaerbock,Unknown,abaerbock_26-09-2021_00:00_image7.jpeg,,,,,,Unknown
325,b6638567-8dbf-429a-92b8-320260d7ec48,abaerbock,Unknown,abaerbock_26-09-2021_00:00_image7.jpeg,,,,,,Unknown
326,0e766e02-f3e2-4e17-a210-2efd45ddb834,cdu,Unknown,cdu_25-09-2021_00:00_video2.jpeg,,,,,,Unknown
327,eb55871d-b078-47c5-9cf9-9258fef12f9f,abaerbock,Annalena Baerbock,abaerbock_14-09-2021_00:00_video3.jpeg,,,,,,Unknown
328,7dca0c9c-5e89-4359-b133-33e0bdca7325,abaerbock,Unknown,abaerbock_14-09-2021_00:00_video3.jpeg,,,,,,Unknown
329,43b8e217-0ba7-4cb9-931d-462a9d2bf8a3,abaerbock,Unknown,abaerbock_14-09-2021_00:00_video3.jpeg,,,,,,Unknown
330,549aca64-e93c-44d8-8c23-2a1643e23677,abaerbock,Unknown,abaerbock_14-09-2021_00:00_video3.jpeg,,,,,,Unknown
331,560fc27b-cc43-424c-9633-03835e966591,olafscholz,Olaf Scholz,olafscholz_22-09-2021_00:00_video7.jpeg,82f4d29e-1d17-4672-b015-52009fda2a23.png,0.7365740938905597,Facenet512,euclidean_l2,20.0,Olaf Scholz
332,de8c78dd-af93-4383-8d6f-3981d7f41847,olafscholz,Unknown,olafscholz_22-09-2021_00:00_video7.jpeg,,,,,,Unknown
333,a71bece2-5c32-40f2-a293-5d0ec6549db5,olafscholz,Unknown,olafscholz_22-09-2021_00:00_video7.jpeg,,,,,,Unknown
334,c69f97db-f63f-436e-9d61-6b447cb168f1,olafscholz,Unknown,olafscholz_22-09-2021_00:00_video7.jpeg,,,,,,Unknown
335,8f64566e-d557-4f06-bab9-bb0a7967fa41,olafscholz,Unknown,olafscholz_22-09-2021_00:00_video7.jpeg,,,,,,Unknown
342,f456c618-4868-48e4-b9de-bf50750a40cc,olafscholz,Unknown,olafscholz_17-09-2021_00:00_image6.jpeg,,,,,,Unknown
343,87f410f6-7c31-42aa-be29-8a3c9be80ef4,olafscholz,Unknown,olafscholz_17-09-2021_00:00_image6.jpeg,,,,,,Unknown
344,354ebd23-2930-4290-8d1f-57de15b5332b,olafscholz,Unknown,olafscholz_17-09-2021_00:00_image6.jpeg,,,,,,Unknown
345,ea1275d8-87c0-4180-9ec9-ad291e07ee94,olafscholz,Unknown,olafscholz_17-09-2021_00:00_image6.jpeg,,,,,,Unknown
346,e9b779bb-5755-42fa-b9db-f02738654b2e,olafscholz,Unknown,olafscholz_17-09-2021_00:00_image6.jpeg,,,,,,Unknown
347,08d3a91e-c380-424c-bbd2-69dd42f87455,olafscholz,Unknown,olafscholz_17-09-2021_00:00_image6.jpeg,,,,,,Unknown
348,8e32dce4-91ee-4afa-b7e8-1c5a87121d12,olafscholz,Unknown,olafscholz_17-09-2021_00:00_image6.jpeg,,,,,,Unknown
349,994d93ad-0507-48a8-8156-6dc5063bfb9b,olafscholz,Unknown,olafscholz_17-09-2021_00:00_image6.jpeg,,,,,,Unknown
350,c639d687-0920-4844-9661-9372d8921018,olafscholz,Unknown,olafscholz_17-09-2021_00:00_image6.jpeg,,,,,,Unknown
351,d95c4660-8037-40a6-88be-c0b72f594744,olafscholz,Unknown,olafscholz_17-09-2021_00:00_image6.jpeg,,,,,,Unknown
352,8b4def58-8d77-4840-a405-6592b7ba92a7,olafscholz,Unknown,olafscholz_17-09-2021_00:00_image6.jpeg,,,,,,Unknown
353,cc7b3144-6079-4ed3-8a25-5327b44535cd,olafscholz,Unknown,olafscholz_17-09-2021_00:00_image6.jpeg,,,,,,Unknown
354,4eec7ff1-75d4-475c-86b9-dee8966b4d29,olafscholz,Unknown,olafscholz_17-09-2021_00:00_image6.jpeg,,,,,,Unknown
355,b068b40a-ded7-4f49-897e-52a7e56edc7a,olafscholz,Unknown,olafscholz_17-09-2021_00:00_image6.jpeg,,,,,,Unknown
356,7de575ca-9bf1-4141-81fb-425d3bbaab47,olafscholz,Unknown,olafscholz_17-09-2021_00:00_image6.jpeg,,,,,,Unknown
357,6173cf8e-2367-40a0-a979-f07641cb5c3f,olafscholz,Unknown,olafscholz_17-09-2021_00:00_image6.jpeg,,,,,,Unknown
358,b0a79e6c-bb33-4dad-b6e7-c0c3e94b9e97,olafscholz,Unknown,olafscholz_17-09-2021_00:00_image6.jpeg,,,,,,Unknown
359,cc46a016-4bc8-4a0c-8a20-d821aeba6a3e,olafscholz,Unknown,olafscholz_17-09-2021_00:00_image6.jpeg,,,,,,Unknown
360,03793b19-e2b9-496c-913e-3f8009bb4420,olafscholz,Unknown,olafscholz_17-09-2021_00:00_image6.jpeg,,,,,,Unknown
361,22ecf3db-9f80-4069-bb23-e0249b4dea35,olafscholz,Unknown,olafscholz_17-09-2021_00:00_image6.jpeg,,,,,,Unknown
362,7c00026a-9118-414e-8b10-fd9e74048d5a,olafscholz,Unknown,olafscholz_17-09-2021_00:00_image6.jpeg,,,,,,Unknown
363,28b08f28-7317-42a1-b1d5-5ecd379a3f60,olafscholz,Unknown,olafscholz_17-09-2021_00:00_image6.jpeg,,,,,,Unknown
364,3ec1d96d-b6db-416c-9821-6364d0f7d402,olafscholz,Unknown,olafscholz_17-09-2021_00:00_image6.jpeg,,,,,,Unknown
365,e4c79d7d-978e-46f4-924e-7aa9e1748f2d,olafscholz,Unknown,olafscholz_17-09-2021_00:00_image6.jpeg,,,,,,Unknown
366,57c8be9f-e0ad-4ef6-bd8b-be45f35f43d4,olafscholz,Unknown,olafscholz_17-09-2021_00:00_image6.jpeg,,,,,,Unknown
367,ceb93c76-d54b-49ca-a325-2291d9ccd83f,olafscholz,Unknown,olafscholz_17-09-2021_00:00_image6.jpeg,,,,,,Unknown
368,7d49dfb6-692f-4ef7-a935-a629cca9c300,olafscholz,Unknown,olafscholz_17-09-2021_00:00_image6.jpeg,,,,,,Unknown
369,2d74153a-2e79-46a2-8925-464e76012e93,olafscholz,Unknown,olafscholz_17-09-2021_00:00_image6.jpeg,,,,,,Unknown
370,7a358226-8c65-47e2-a85b-73f6df19031d,olafscholz,Unknown,olafscholz_17-09-2021_00:00_image6.jpeg,,,,,,Unknown
371,f92b052c-363c-4c7b-8029-bb1af835ba36,olafscholz,Unknown,olafscholz_17-09-2021_00:00_image6.jpeg,,,,,,Unknown
372,660af007-756f-4165-9f0a-335e93a8b922,olafscholz,Unknown,olafscholz_17-09-2021_00:00_image6.jpeg,,,,,,Unknown
373,47299808-c644-4afd-8b02-8429b929ed34,olafscholz,Unknown,olafscholz_17-09-2021_00:00_image6.jpeg,,,,,,Unknown
374,d0773da5-4603-48f0-b5c4-244d063a9691,olafscholz,Olaf Scholz,olafscholz_17-09-2021_00:00_image6.jpeg,04a53ef1-618b-4c9c-97a8-a1187a75c05c.png,0.6233114484186433,Facenet512,euclidean_l2,20.0,Olaf Scholz
375,20ccf1c6-ab05-4108-9840-25afbc06f183,olafscholz,Unknown,olafscholz_17-09-2021_00:00_image6.jpeg,,,,,,Unknown
376,62559291-c482-4f88-8abd-fdca83933a2d,olafscholz,Unknown,olafscholz_17-09-2021_00:00_image6.jpeg,,,,,,Unknown
377,036455c9-2bfa-43b0-ab71-b353a93afcc1,christlichsozialeunion,Markus Söder,christlichsozialeunion_16-09-2021_00:00_video13.jpeg,aef8776f-6cb2-461e-aa5f-26798f3b263e.png,0.5861922139361742,Facenet512,euclidean_l2,13.0,Markus Söder
378,637f92d3-35d1-48bb-9570-3d50f629b8a2,christlichsozialeunion,Unknown,christlichsozialeunion_16-09-2021_00:00_video13.jpeg,,,,,,Unknown
379,59b7786b-f71c-4089-a74e-eb67df7612a2,christlichsozialeunion,Unknown,christlichsozialeunion_16-09-2021_00:00_video13.jpeg,,,,,,Unknown
380,998ed263-2c51-405f-9958-ec938e3529be,armin_laschet,Unknown,armin_laschet_18-09-2021_00:00_image3.jpeg,,,,,,Unknown
381,404529b6-77c4-40d2-94d9-db93528207d2,armin_laschet,Unknown,armin_laschet_18-09-2021_00:00_image3.jpeg,,,,,,Unknown
382,a598d251-6911-474a-a323-f172c9d296a5,armin_laschet,Armin Laschet,armin_laschet_18-09-2021_00:00_image3.jpeg,,,,,,Unknown
383,48ab8c0d-7f17-4982-9f9d-68537de5cfc2,armin_laschet,Unknown,armin_laschet_18-09-2021_00:00_image3.jpeg,,,,,,Unknown
384,638b5a63-2cca-49a9-96f6-5e2c9d15f5c0,armin_laschet,Unknown,armin_laschet_18-09-2021_00:00_image3.jpeg,,,,,,Unknown
385,840eca3c-dadc-478a-8ee9-1c680063f3e7,spdde,Unknown,spdde_25-09-2021_00:00_video10.jpeg,,,,,,Unknown
396,3bfe0249-379e-4804-906a-7979a21bfe26,christlichsozialeunion,Unknown,christlichsozialeunion_24-09-2021_00:00_image2.jpeg,,,,,,Unknown
408,e77fac27-ef63-4adc-b63f-731082a79d0a,abaerbock,Unknown,abaerbock_20-09-2021_00:00_video1.jpeg,,,,,,Unknown
409,fb312b04-b67b-456e-a1e4-32d8b670e006,abaerbock,Unknown,abaerbock_20-09-2021_00:00_video1.jpeg,,,,,,Unknown
410,d8b1a430-25ab-4e11-ad51-0e54549c7a20,abaerbock,Unknown,abaerbock_20-09-2021_00:00_video1.jpeg,,,,,,Unknown
411,16b94da4-528f-439d-afbc-a793760314b9,abaerbock,Unknown,abaerbock_20-09-2021_00:00_video1.jpeg,,,,,,Unknown
412,04a967f6-9791-452a-9815-9530814f5b4e,abaerbock,Unknown,abaerbock_20-09-2021_00:00_video1.jpeg,,,,,,Unknown
420,ab59a326-3025-4449-91d6-57ea451b2a82,armin_laschet,Armin Laschet,armin_laschet_23-09-2021_00:00_video3.jpeg,7cdeee40-f222-4b03-a819-4db32fc47d20.png,0.7489834339869094,Facenet512,euclidean_l2,17.0,Armin Laschet
421,d17a51bd-a5a4-4d61-962e-5c9be516b727,christianlindner,Unknown,christianlindner_23-09-2021_00:00_image2.jpeg,,,,,,Unknown
422,6c4c98c5-9a7c-48c6-a9c6-7923e02f5af1,christianlindner,Unknown,christianlindner_23-09-2021_00:00_image2.jpeg,,,,,,Unknown
423,a8af9a98-0454-435a-bacd-f3ee09f1229c,christianlindner,Unknown,christianlindner_23-09-2021_00:00_image2.jpeg,,,,,,Unknown
424,c207eaf7-ff72-454d-be68-c5145ffd522b,christianlindner,Unknown,christianlindner_23-09-2021_00:00_image2.jpeg,,,,,,Unknown
425,1ad23d82-d8ec-4a8c-a8bb-886f30a9b4ef,christianlindner,Unknown,christianlindner_23-09-2021_00:00_image2.jpeg,,,,,,Unknown
426,3c945e3b-1b39-4a59-856e-c345265219b3,christianlindner,Unknown,christianlindner_23-09-2021_00:00_image2.jpeg,,,,,,Unknown
427,6964c9a1-cd84-4895-b840-13b496369c8b,christianlindner,Unknown,christianlindner_23-09-2021_00:00_image2.jpeg,,,,,,Unknown
428,72b8df0f-68a8-4076-948e-8e7a4153930d,christianlindner,Unknown,christianlindner_23-09-2021_00:00_image2.jpeg,,,,,,Unknown
429,7b5e1cc6-dcdc-4270-ac45-bd1a59fb6a76,christianlindner,Unknown,christianlindner_23-09-2021_00:00_image2.jpeg,,,,,,Unknown
430,af2caf33-c517-4160-97d3-ab191788aaab,christianlindner,Unknown,christianlindner_23-09-2021_00:00_image2.jpeg,,,,,,Unknown
431,f27e208d-31e8-48df-ac50-25a6425b86b2,christianlindner,Unknown,christianlindner_23-09-2021_00:00_image2.jpeg,,,,,,Unknown
432,e78b9b7b-5ba1-4887-9225-a75331ffb37e,christianlindner,Unknown,christianlindner_23-09-2021_00:00_image2.jpeg,,,,,,Unknown
433,493d085a-ddac-4028-822d-bc6b43badbf0,christianlindner,Unknown,christianlindner_23-09-2021_00:00_image2.jpeg,,,,,,Unknown
434,5b13c8c8-a7aa-4f76-abc1-9afdde46392c,christianlindner,Unknown,christianlindner_23-09-2021_00:00_image2.jpeg,,,,,,Unknown
435,723a712c-de8c-47eb-aaaa-425141991139,christianlindner,Unknown,christianlindner_23-09-2021_00:00_image2.jpeg,,,,,,Unknown
436,754e6662-94c7-4a42-86f2-4aedf25261cb,christianlindner,Unknown,christianlindner_23-09-2021_00:00_image2.jpeg,,,,,,Unknown
437,f9426750-1bf7-4dbe-aa1c-4a9dbe9bc3a1,christianlindner,Unknown,christianlindner_23-09-2021_00:00_image2.jpeg,,,,,,Unknown
438,c76da527-a16f-4cad-84b7-910daadc8441,christianlindner,Unknown,christianlindner_23-09-2021_00:00_image2.jpeg,,,,,,Unknown
439,c69f53d8-ba1a-4c71-92c0-b37eca5673c0,christianlindner,Unknown,christianlindner_23-09-2021_00:00_image2.jpeg,,,,,,Unknown
440,9ca68d68-93a3-49fb-bf31-57ce11650ec4,christianlindner,Unknown,christianlindner_23-09-2021_00:00_image2.jpeg,,,,,,Unknown
441,1f96b101-902d-442c-9025-b6b37a610350,christianlindner,Unknown,christianlindner_23-09-2021_00:00_image2.jpeg,,,,,,Unknown
442,134dd992-f1d3-4636-8367-fa9a6ba403b7,christianlindner,Unknown,christianlindner_23-09-2021_00:00_image2.jpeg,,,,,,Unknown
443,011efb49-eb6d-4007-bd0e-cd4be82f2c54,christianlindner,Unknown,christianlindner_23-09-2021_00:00_image2.jpeg,,,,,,Unknown
444,4cadcebf-3c59-4750-989b-dce1b990272f,christianlindner,Unknown,christianlindner_23-09-2021_00:00_image2.jpeg,,,,,,Unknown
445,ebf7e666-8f3a-4471-91e1-b52f9fe84698,christianlindner,Unknown,christianlindner_23-09-2021_00:00_image2.jpeg,,,,,,Unknown
446,c77f50d8-a251-40cc-9243-3b73add53ffe,christianlindner,Unknown,christianlindner_23-09-2021_00:00_image2.jpeg,,,,,,Unknown
447,26ece3a2-18ba-4023-ab61-b5fd09432d5f,christianlindner,Unknown,christianlindner_23-09-2021_00:00_image2.jpeg,,,,,,Unknown
448,6b0b82f2-7b28-400d-9808-c5287ca621b8,christianlindner,Unknown,christianlindner_23-09-2021_00:00_image2.jpeg,,,,,,Unknown
449,828ccbea-181b-4502-beb2-f66616a8d5a4,christianlindner,Unknown,christianlindner_23-09-2021_00:00_image2.jpeg,,,,,,Unknown
450,052b94f2-9f9b-4dd8-a9f7-6e859e4cf523,christianlindner,Unknown,christianlindner_23-09-2021_00:00_image2.jpeg,,,,,,Unknown
451,4552329e-fbd2-4325-b992-f7ce3b8ac72d,christianlindner,Unknown,christianlindner_23-09-2021_00:00_image2.jpeg,,,,,,Unknown
452,5c7ec5d5-8d82-40be-8548-c4e4f5947f6c,christianlindner,Unknown,christianlindner_23-09-2021_00:00_image2.jpeg,,,,,,Unknown
453,ee9ce360-fbc4-4558-94a1-cc48efe2af89,christianlindner,Unknown,christianlindner_23-09-2021_00:00_image2.jpeg,,,,,,Unknown
454,4c95dec2-2347-458e-bc56-bf170f53b054,christianlindner,Unknown,christianlindner_23-09-2021_00:00_image2.jpeg,,,,,,Unknown
455,e21bd30c-0f4f-4728-9af0-927c4ee44c4b,christianlindner,Unknown,christianlindner_23-09-2021_00:00_image2.jpeg,,,,,,Unknown
456,1637611d-1406-4df3-a94a-f2c9856438eb,christianlindner,Unknown,christianlindner_23-09-2021_00:00_image2.jpeg,,,,,,Unknown
457,98906edb-a70a-45e9-aa81-e768d21945e2,christianlindner,Unknown,christianlindner_23-09-2021_00:00_image2.jpeg,,,,,,Unknown
458,8c7a44de-7aea-4d3f-a57c-950084d230c9,christianlindner,Unknown,christianlindner_23-09-2021_00:00_image2.jpeg,,,,,,Unknown
459,393d629d-e35d-4a76-91b3-4044d2c5b891,christianlindner,Unknown,christianlindner_23-09-2021_00:00_image2.jpeg,,,,,,Unknown
460,4a051448-1b32-4315-a76e-de603edf4b13,christianlindner,Unknown,christianlindner_23-09-2021_00:00_image2.jpeg,,,,,,Unknown
461,9c34ec0f-df90-4e9b-850f-502730fa00f6,christianlindner,Unknown,christianlindner_23-09-2021_00:00_image2.jpeg,,,,,,Unknown
462,b76572d0-ee53-4d0e-b114-1f3156076681,christianlindner,Unknown,christianlindner_23-09-2021_00:00_image2.jpeg,,,,,,Unknown
463,02be636a-1c8d-492c-8330-1867520359b1,christianlindner,Unknown,christianlindner_23-09-2021_00:00_image2.jpeg,,,,,,Unknown
464,776f9040-9b50-4206-841e-40fa4657fedb,christianlindner,Unknown,christianlindner_23-09-2021_00:00_image2.jpeg,,,,,,Unknown
465,923c38b2-8615-492d-ba83-53d41f781af2,christianlindner,Unknown,christianlindner_23-09-2021_00:00_image2.jpeg,,,,,,Unknown
466,763f595c-32ec-4a02-bf31-19f3802d226e,christianlindner,Unknown,christianlindner_23-09-2021_00:00_image2.jpeg,,,,,,Unknown
467,412cf4ac-5bde-486c-b261-62895980ddcd,christianlindner,Unknown,christianlindner_23-09-2021_00:00_image2.jpeg,,,,,,Unknown
468,03434204-1506-4860-b4a5-48a46831f211,christianlindner,Unknown,christianlindner_23-09-2021_00:00_image2.jpeg,,,,,,Unknown
469,e5cc5068-b9d3-47f7-8e3f-805893d85ac3,christianlindner,Unknown,christianlindner_23-09-2021_00:00_image2.jpeg,,,,,,Unknown
470,dbb40bfd-db9c-4c38-8743-332ded3d5a06,christianlindner,Unknown,christianlindner_23-09-2021_00:00_image2.jpeg,,,,,,Unknown
471,e850ec5e-1036-4235-8684-09a683ca79d6,christianlindner,Unknown,christianlindner_23-09-2021_00:00_image2.jpeg,,,,,,Unknown
472,e59ce6cd-21fa-4305-a148-6100dde7c6c9,christianlindner,Unknown,christianlindner_23-09-2021_00:00_image2.jpeg,,,,,,Unknown
473,263e30f2-cef9-4c43-b586-764e4bc9c178,christianlindner,Unknown,christianlindner_23-09-2021_00:00_image2.jpeg,,,,,,Unknown
474,1881c786-f34c-44bd-ac73-4a4b566d93f7,christianlindner,Unknown,christianlindner_23-09-2021_00:00_image2.jpeg,,,,,,Unknown
475,83443097-e3eb-4ac7-83a0-11afa643a480,christianlindner,Unknown,christianlindner_23-09-2021_00:00_image2.jpeg,,,,,,Unknown
476,54c3a160-39cd-429b-85b1-67713461b4b2,christianlindner,Unknown,christianlindner_23-09-2021_00:00_image2.jpeg,,,,,,Unknown
477,0b8db1f3-5751-45da-93d4-8d4ca6bf079e,christianlindner,Unknown,christianlindner_23-09-2021_00:00_image2.jpeg,,,,,,Unknown
478,d4dff134-5a0d-46b9-b4df-6a51da0a0268,christianlindner,Unknown,christianlindner_23-09-2021_00:00_image2.jpeg,,,,,,Unknown
479,abbb04d0-cc15-4e2c-a09f-32e6c4788ba9,christianlindner,Unknown,christianlindner_23-09-2021_00:00_image2.jpeg,,,,,,Unknown
480,36bf3f05-e7a6-4f8d-ad5f-0ba3f422fb27,christianlindner,Unknown,christianlindner_23-09-2021_00:00_image2.jpeg,,,,,,Unknown
481,3333b8e0-63cc-43bd-a71f-5a15a58992f9,christianlindner,Unknown,christianlindner_23-09-2021_00:00_image2.jpeg,,,,,,Unknown
482,6c952a78-3ebc-47bc-aeef-06fe71c2de4a,christianlindner,Unknown,christianlindner_23-09-2021_00:00_image2.jpeg,,,,,,Unknown
483,dba154ea-07e0-44d2-bf5b-9c9f35d0f0e2,christianlindner,Unknown,christianlindner_23-09-2021_00:00_image2.jpeg,,,,,,Unknown
484,ffeda254-0487-444d-a6b8-b991dc6e3552,christianlindner,Unknown,christianlindner_23-09-2021_00:00_image2.jpeg,,,,,,Unknown
489,987052e6-4732-4d07-be55-19dc15396bff,christlichsozialeunion,Markus Söder,christlichsozialeunion_24-09-2021_00:00_image5.jpeg,e673e074-b17d-46b3-a482-2f69bca15936.png,0.5991901234196048,Facenet512,euclidean_l2,13.0,Markus Söder
490,dd70b7a9-e941-4c9c-8e22-2e3b1f5579b7,christianlindner,Unknown,christianlindner_20-09-2021_00:00_video1.jpeg,,,,,,Unknown
491,7d395320-556e-4b45-a00d-950893bb9230,christianlindner,Unknown,christianlindner_20-09-2021_00:00_video1.jpeg,,,,,,Unknown
492,0ee1a2b0-db39-4cc7-95c1-c6ca3a8fb09a,christianlindner,Unknown,christianlindner_20-09-2021_00:00_video1.jpeg,,,,,,Unknown
493,6abf490e-86ec-4887-98de-724135488dfa,armin_laschet,Armin Laschet,armin_laschet_17-09-2021_00:00_image2.jpeg,7cdeee40-f222-4b03-a819-4db32fc47d20.png,0.5410147421370856,Facenet512,euclidean_l2,20.0,Armin Laschet
496,792174b6-178b-4c98-a4ee-0c78bd94d766,abaerbock,Unknown,abaerbock_14-09-2021_00:00_video7.jpeg,,,,,,Unknown
497,56557466-ad82-4b57-b4e0-ad4d2698e8ca,abaerbock,Unknown,abaerbock_14-09-2021_00:00_video7.jpeg,,,,,,Unknown
498,bfaf1e37-a823-43fd-90dc-fb282e0b0cb7,abaerbock,Unknown,abaerbock_14-09-2021_00:00_video7.jpeg,,,,,,Unknown
499,6babed58-51d6-456f-a74a-27d2f63b4952,abaerbock,Unknown,abaerbock_14-09-2021_00:00_video7.jpeg,,,,,,Unknown
500,f77ae709-d8f0-4ec8-a857-9bae572aadfe,abaerbock,Unknown,abaerbock_14-09-2021_00:00_video7.jpeg,,,,,,Unknown
501,010abcd1-b2e5-44d2-b735-fd2766a4f78a,abaerbock,Unknown,abaerbock_14-09-2021_00:00_video7.jpeg,,,,,,Unknown
502,0337cc82-fd1f-44e9-be68-08ce21354c6d,abaerbock,Unknown,abaerbock_14-09-2021_00:00_video7.jpeg,,,,,,Unknown
503,70e4a218-87ed-403f-9000-e43b16914d2e,abaerbock,Unknown,abaerbock_14-09-2021_00:00_video7.jpeg,,,,,,Unknown
504,05123476-bb34-4548-9bca-31e5dfc81929,abaerbock,Unknown,abaerbock_14-09-2021_00:00_video7.jpeg,,,,,,Unknown
505,8598baf7-acde-44a1-9c25-c0b62904b5a6,abaerbock,Unknown,abaerbock_14-09-2021_00:00_video7.jpeg,,,,,,Unknown
506,d3264490-2dbb-4299-bec7-611a07be6314,abaerbock,Unknown,abaerbock_14-09-2021_00:00_video7.jpeg,,,,,,Unknown
507,b3624241-f07a-4579-909c-d942c803dbbf,abaerbock,Unknown,abaerbock_14-09-2021_00:00_video7.jpeg,,,,,,Unknown
508,317c353b-f08b-498e-aa57-c252697e5f9f,abaerbock,Unknown,abaerbock_14-09-2021_00:00_video7.jpeg,,,,,,Unknown
509,ae68697f-75eb-4546-a25d-6d57b1b19074,abaerbock,Unknown,abaerbock_14-09-2021_00:00_video7.jpeg,,,,,,Unknown
510,94519edc-64ba-43cc-9a37-60c84e14b85b,abaerbock,Unknown,abaerbock_14-09-2021_00:00_video7.jpeg,,,,,,Unknown
511,f2d6fc16-dd11-44ad-a50e-49ff2e09abc0,abaerbock,Unknown,abaerbock_14-09-2021_00:00_video7.jpeg,,,,,,Unknown
512,e7a4b80e-6efa-491b-80f8-8f7362b82622,abaerbock,Unknown,abaerbock_14-09-2021_00:00_video7.jpeg,,,,,,Unknown
513,a9cf7bb1-42ed-40a6-89ff-7ae1117acc5e,abaerbock,Unknown,abaerbock_14-09-2021_00:00_video7.jpeg,,,,,,Unknown
514,fb7a6b48-36e9-4da1-814b-c2a0c1004cbc,abaerbock,Unknown,abaerbock_14-09-2021_00:00_video7.jpeg,,,,,,Unknown
515,9043af29-a504-4a21-8388-585c079eb9b4,abaerbock,Unknown,abaerbock_14-09-2021_00:00_video7.jpeg,,,,,,Unknown
516,5718e325-1e29-4c89-9367-0c848d3a1b9a,abaerbock,Unknown,abaerbock_14-09-2021_00:00_video7.jpeg,,,,,,Unknown
517,8c22b6f8-39b3-410f-8c27-b20c561b8556,abaerbock,Unknown,abaerbock_14-09-2021_00:00_video7.jpeg,,,,,,Unknown
518,732edea5-8fbe-4759-b757-f6abd1edd889,abaerbock,Unknown,abaerbock_14-09-2021_00:00_video7.jpeg,,,,,,Unknown
519,6904c630-56d9-49ce-9e31-5fc048fecf2f,abaerbock,Unknown,abaerbock_14-09-2021_00:00_video7.jpeg,,,,,,Unknown
520,abe91b68-8a3a-4ce9-9b94-0e35908bf8ef,abaerbock,Unknown,abaerbock_14-09-2021_00:00_video7.jpeg,,,,,,Unknown
521,4ef0bd1b-b9ad-4c83-be97-e92e63ff2e32,cdu,Unknown,cdu_21-09-2021_00:00_video4.jpeg,,,,,,Unknown
525,e4ed5ec7-ea7f-4d31-9e8b-e5165607ead8,abaerbock,Unknown,abaerbock_21-09-2021_00:00_image12.jpeg,,,,,,Unknown
526,b671ac07-0c5b-4e7c-9938-b6827ead495d,abaerbock,Unknown,abaerbock_21-09-2021_00:00_image12.jpeg,,,,,,Unknown
527,e97451cb-d448-4b57-9b2d-39f70b510207,abaerbock,Unknown,abaerbock_21-09-2021_00:00_image12.jpeg,,,,,,Unknown
528,a3f872ba-b668-443b-8878-64577df5a269,abaerbock,Unknown,abaerbock_21-09-2021_00:00_image12.jpeg,,,,,,Unknown
529,ccbcd184-4269-4dfd-b23b-bd1265c68d9d,abaerbock,Unknown,abaerbock_21-09-2021_00:00_image12.jpeg,,,,,,Unknown
530,407cd964-181d-4aa7-943c-530db3a114c1,abaerbock,Unknown,abaerbock_21-09-2021_00:00_image12.jpeg,,,,,,Unknown
531,9907513b-3620-45d1-9083-7763c8d94243,abaerbock,Unknown,abaerbock_21-09-2021_00:00_image12.jpeg,,,,,,Unknown
532,48739f26-31e2-4a34-a7f4-68c6f2c8eb9b,abaerbock,Unknown,abaerbock_21-09-2021_00:00_image12.jpeg,,,,,,Unknown
533,af948ec9-6bed-4e0c-ac5a-a0dd29a66cf7,abaerbock,Unknown,abaerbock_21-09-2021_00:00_image12.jpeg,,,,,,Unknown
534,3e7a1fad-8188-48cb-9759-0565d0addd53,abaerbock,Unknown,abaerbock_21-09-2021_00:00_image12.jpeg,,,,,,Unknown
535,b0591e75-37f0-45a3-8589-14e3ed6f28cf,abaerbock,Unknown,abaerbock_21-09-2021_00:00_image12.jpeg,,,,,,Unknown
536,da286358-6393-459f-affc-3de53ce8f476,abaerbock,Unknown,abaerbock_21-09-2021_00:00_image12.jpeg,,,,,,Unknown
537,df748ad9-3f7d-4103-9275-a3a7ed677301,abaerbock,Unknown,abaerbock_21-09-2021_00:00_image12.jpeg,,,,,,Unknown
538,56f16b8e-c63d-4589-85dd-d0829ecd6dd0,abaerbock,Unknown,abaerbock_21-09-2021_00:00_image12.jpeg,,,,,,Unknown
539,87cefd7b-2a30-459c-9f1a-c4784c09718f,die_gruenen,Unknown,die_gruenen_20-09-2021_00:00_image4.jpeg,,,,,,Unknown
540,d2020d2a-3073-44cf-adf3-aab2a4a9899b,die_gruenen,Unknown,die_gruenen_20-09-2021_00:00_image4.jpeg,,,,,,Unknown
541,d819a8c4-a626-4298-a64a-72f870ac7d94,die_gruenen,Annalena Baerbock,die_gruenen_20-09-2021_00:00_image4.jpeg,d0023ba3-e826-4b9e-9f82-cd652ea335bd.png,0.7083822376014509,Facenet512,euclidean_l2,13.0,Annalena Baerbock
542,990853a7-7403-44d0-bc95-54773a7eb148,cdu,Unknown,cdu_16-09-2021_00:00_video17.jpeg,,,,,,Unknown
548,af74d4ea-18c0-4b2f-9836-2a8d5178e0c1,cdu,Armin Laschet,cdu_17-09-2021_00:00_image5.jpeg,5efa5b53-ada6-486e-8b66-4c6330a71ea7.png,0.6522704783658847,Facenet512,euclidean_l2,16.0,Armin Laschet
549,25d23fb2-f01a-4423-aa0d-56fca29b18ba,cdu,Unknown,cdu_17-09-2021_00:00_image5.jpeg,872af970-553e-4d30-abdc-252f937b8d70.png,0.9863791046044446,Facenet512,euclidean_l2,6.0,Armin Laschet
550,7978e31f-5899-4e9a-9d0c-4839c074229e,cdu,Unknown,cdu_17-09-2021_00:00_image5.jpeg,,,,,,Unknown
551,42462865-7be8-46d4-9265-dd4931cea148,cdu,Unknown,cdu_17-09-2021_00:00_image5.jpeg,,,,,,Unknown
552,42b65e3d-f4c4-4df2-aaa8-eba26dbda337,cdu,Unknown,cdu_17-09-2021_00:00_image5.jpeg,,,,,,Unknown
553,e8f543cf-d0bc-4ea8-9060-249b234c241f,cdu,Unknown,cdu_17-09-2021_00:00_image5.jpeg,,,,,,Unknown
554,17b0c9d3-d1fc-4e6c-a117-4fb9a19828b1,cdu,Unknown,cdu_17-09-2021_00:00_image5.jpeg,f891fb5e-737c-4bf0-9c55-824f2cdff348.png,1.0221799961728826,Facenet512,euclidean_l2,1.0,Armin Laschet
555,6684972f-8402-4ecc-828e-7ac651c05200,cdu,Unknown,cdu_17-09-2021_00:00_image5.jpeg,,,,,,Unknown
556,a76bb7a3-7186-4c6c-8429-8b26f6205c9e,cdu,Armin Laschet,cdu_17-09-2021_00:00_image5.jpeg,,,,,,Unknown
557,9c8f2624-66da-472e-a4d2-434845bc7163,cdu,Unknown,cdu_17-09-2021_00:00_image5.jpeg,,,,,,Unknown
558,ee3808a9-5083-4787-83e7-12ea0cd2b700,cdu,Unknown,cdu_17-09-2021_00:00_image5.jpeg,,,,,,Unknown
559,5fbe52ec-c4f3-4d85-897b-43c3651345f5,cdu,Unknown,cdu_17-09-2021_00:00_image5.jpeg,,,,,,Unknown
560,b91160e1-dfb9-4736-b507-a919137009b6,cdu,Unknown,cdu_17-09-2021_00:00_image5.jpeg,,,,,,Unknown
561,a1c7832a-2188-442c-9ccf-7883d58bcda3,cdu,Unknown,cdu_17-09-2021_00:00_image5.jpeg,,,,,,Unknown
562,1472b391-8462-4cb5-b6c4-10b341d2cd0d,cdu,Unknown,cdu_17-09-2021_00:00_image5.jpeg,,,,,,Unknown
563,25e2e780-ba24-471d-8293-fe867b79d139,cdu,Unknown,cdu_17-09-2021_00:00_image5.jpeg,,,,,,Unknown
564,a90c4d54-a5e0-4924-bf0a-4bb340685719,cdu,Unknown,cdu_17-09-2021_00:00_image5.jpeg,1e103923-022b-4d3f-a32e-e9c848a00e70.png,0.982409531933753,Facenet512,euclidean_l2,4.0,Armin Laschet
565,a621fbce-940e-409f-bf73-2cdcac34740b,cdu,Unknown,cdu_17-09-2021_00:00_image5.jpeg,,,,,,Unknown
566,1b87f5cb-3d2e-4533-a753-a3295597bfc3,cdu,Unknown,cdu_17-09-2021_00:00_image5.jpeg,,,,,,Unknown
567,d111bcd4-13fa-4944-b3bd-8acf0555d00b,cdu,Unknown,cdu_17-09-2021_00:00_image5.jpeg,,,,,,Unknown
568,9c94f364-d175-4868-b2b3-414228db21ab,cdu,Unknown,cdu_17-09-2021_00:00_image5.jpeg,,,,,,Unknown
569,4adc44fc-6622-40ea-842a-f5735b2c7d76,cdu,Unknown,cdu_17-09-2021_00:00_image5.jpeg,,,,,,Unknown
570,3a8232b1-0ae7-4973-879a-6dde28c35582,cdu,Unknown,cdu_17-09-2021_00:00_image5.jpeg,,,,,,Unknown
577,acce11fe-0374-4b19-a010-4b3e40d7304d,die_gruenen,Unknown,die_gruenen_25-09-2021_00:00_video4.jpeg,,,,,,Unknown
578,7fa70379-2c34-44eb-846f-f879a24d8dd4,die_gruenen,Unknown,die_gruenen_25-09-2021_00:00_video4.jpeg,,,,,,Unknown
579,f09f817f-dae0-43ab-96f6-ea000d84bf84,die_gruenen,Unknown,die_gruenen_25-09-2021_00:00_video4.jpeg,,,,,,Unknown
580,44e02cab-1e40-4d57-835f-c69c1a3ac21b,die_gruenen,Unknown,die_gruenen_25-09-2021_00:00_video4.jpeg,,,,,,Unknown
581,bdadb8cb-48fd-46f4-b76d-26fb32f04927,die_gruenen,Unknown,die_gruenen_25-09-2021_00:00_video4.jpeg,,,,,,Unknown
582,785d9418-c86e-4176-aa9f-2922dfb7d602,die_gruenen,Unknown,die_gruenen_25-09-2021_00:00_video4.jpeg,,,,,,Unknown
583,30471226-06ee-4979-96a4-5529f0241dc1,die_gruenen,Unknown,die_gruenen_25-09-2021_00:00_video4.jpeg,,,,,,Unknown
584,a7de81fd-4e0e-4178-89c8-e16a333b3f89,die_gruenen,Unknown,die_gruenen_25-09-2021_00:00_video4.jpeg,,,,,,Unknown
585,f4d87887-6664-4be0-ad1e-d0cf6cfb74cf,die_gruenen,Unknown,die_gruenen_25-09-2021_00:00_video4.jpeg,,,,,,Unknown
586,2f66d2d6-e6ea-42e9-9fb0-9e5b88508cec,die_gruenen,Unknown,die_gruenen_25-09-2021_00:00_video4.jpeg,,,,,,Unknown
587,7a82960b-f996-47b6-8e0a-1588032f19b3,die_gruenen,Unknown,die_gruenen_25-09-2021_00:00_video4.jpeg,,,,,,Unknown
588,0266e125-3769-427c-8054-806ec2d17cfc,die_gruenen,Unknown,die_gruenen_25-09-2021_00:00_video4.jpeg,,,,,,Unknown
589,4a1ae87f-6fe0-40e3-bf39-f89de6b3a7a7,die_gruenen,Unknown,die_gruenen_25-09-2021_00:00_video4.jpeg,,,,,,Unknown
590,c7e286d1-a865-4e8d-a049-6054b728ed4d,armin_laschet,Armin Laschet,armin_laschet_13-09-2021_00:00_video5.jpeg,f891fb5e-737c-4bf0-9c55-824f2cdff348.png,0.4877148260474943,Facenet512,euclidean_l2,20.0,Armin Laschet
604,7d1d35a6-365e-49da-a325-e32cc1f5a474,christianlindner,Christian Lindner,christianlindner_20-09-2021_00:00_image1.jpeg,2384c946-7f3b-4280-8257-c73c1bb814b1.png,0.8778984819023887,Facenet512,euclidean_l2,7.0,Christian Lindner
607,ba848686-43cc-4ab8-8ec9-1e84c74f9729,christlichsozialeunion,Unknown,christlichsozialeunion_24-09-2021_00:00_image7.jpeg,,,,,,Unknown
608,360b0e15-c2e3-4a6a-a25c-207c8243a062,christlichsozialeunion,Unknown,christlichsozialeunion_24-09-2021_00:00_image7.jpeg,,,,,,Unknown
609,eb13adbe-bbd9-48d0-9340-eab59a8e2599,christlichsozialeunion,Unknown,christlichsozialeunion_24-09-2021_00:00_image7.jpeg,,,,,,Unknown
610,8c427927-b812-40b6-8dbf-fbb5d0144b3d,christlichsozialeunion,Unknown,christlichsozialeunion_24-09-2021_00:00_image7.jpeg,,,,,,Unknown
611,1f3dffa8-66cf-43b3-ac09-a33a5e46d500,olafscholz,Olaf Scholz,olafscholz_23-09-2021_00:00_image4.jpeg,82f4d29e-1d17-4672-b015-52009fda2a23.png,0.9945455768492,Facenet512,euclidean_l2,1.0,Olaf Scholz
615,f28a0730-3c28-463f-bb29-95cba081d700,die_gruenen,Unknown,die_gruenen_17-09-2021_00:00_video8.jpeg,,,,,,Unknown
621,64e178b0-f53a-43e0-be07-cc0298d9955c,christlichsozialeunion,Markus Söder,christlichsozialeunion_18-09-2021_00:00_image1.jpeg,d58b66d8-f621-4c58-9284-a999f266986a.png,0.2930498913089688,Facenet512,euclidean_l2,13.0,Markus Söder
622,5490b703-5e20-43b1-8a1b-4123f4df6277,christlichsozialeunion,Unknown,christlichsozialeunion_18-09-2021_00:00_image1.jpeg,,,,,,Unknown
623,311d0881-ff36-4362-bda5-17c4ab62a99a,christlichsozialeunion,Unknown,christlichsozialeunion_18-09-2021_00:00_image1.jpeg,,,,,,Unknown
631,89f5db90-0a58-4ff2-a123-fc0a6f02f9af,cdu,Unknown,cdu_22-09-2021_00:00_video4.jpeg,,,,,,Unknown
632,93458ce0-85d5-441f-ae94-56877b668f4f,cdu,Unknown,cdu_22-09-2021_00:00_video4.jpeg,,,,,,Unknown
633,7c9162f3-74dc-488d-9fb1-ef062b02345c,cdu,Unknown,cdu_22-09-2021_00:00_video4.jpeg,,,,,,Unknown
634,7de4a2b2-63c7-405d-b6a7-15236fbdd4c0,cdu,Unknown,cdu_22-09-2021_00:00_video4.jpeg,,,,,,Unknown
635,18693f21-3a54-47e6-a335-ae6960706ea1,cdu,Unknown,cdu_22-09-2021_00:00_video4.jpeg,,,,,,Unknown
636,96ffae49-7e19-49e9-a870-6b3923d72f14,cdu,Unknown,cdu_22-09-2021_00:00_video4.jpeg,,,,,,Unknown
647,62e7f7bb-359c-4921-96da-45a127066246,spdde,Olaf Scholz,spdde_20-09-2021_00:00_image0.jpeg,b4140b08-8bd8-4631-a580-a48195a9970a.png,0.2938897198541945,Facenet512,euclidean_l2,20.0,Olaf Scholz
650,5036e4c2-72f7-478e-be0f-16ba6d47be39,abaerbock,Unknown,abaerbock_23-09-2021_00:00_image11.jpeg,,,,,,Unknown
651,66288329-f19b-474f-9e5b-8e6f97877b8b,abaerbock,Unknown,abaerbock_23-09-2021_00:00_image11.jpeg,,,,,,Unknown
652,44b5039c-c959-43f8-a08f-b06bdb7dcde6,cdu,Unknown,cdu_20-09-2021_00:00_video18.jpeg,,,,,,Unknown
653,d8535765-81aa-450c-ace2-940475581d34,cdu,Unknown,cdu_20-09-2021_00:00_video18.jpeg,,,,,,Unknown
654,c9774be6-c3e7-4213-a64f-6e85caf0c850,cdu,Unknown,cdu_20-09-2021_00:00_video17.jpeg,,,,,,Unknown
655,243af758-6978-4b9d-aa97-112d86d324ef,cdu,Unknown,cdu_20-09-2021_00:00_video17.jpeg,,,,,,Unknown
656,35dca481-ac3d-4404-858c-b15b30cca503,spdde,Unknown,spdde_13-09-2021_00:00_video2.jpeg,,,,,,Unknown
665,14954370-e8b8-42fd-be2d-b333b0fbf446,abaerbock,Annalena Baerbock,abaerbock_25-09-2021_00:00_image11.jpeg,9a8aa257-6928-4d20-bb76-b003078f551d.png,0.9387802791350964,Facenet512,euclidean_l2,6.0,Annalena Baerbock
666,fa49bf84-e203-4aef-8a76-b5598a4ee7e0,abaerbock,Unknown,abaerbock_25-09-2021_00:00_image11.jpeg,,,,,,Unknown
667,da9379e1-0b90-4ca4-b97b-88fbafe0fded,abaerbock,Unknown,abaerbock_25-09-2021_00:00_image11.jpeg,,,,,,Unknown
668,584e1071-b23c-4ee2-87a8-0552f34e2614,abaerbock,Unknown,abaerbock_25-09-2021_00:00_image11.jpeg,,,,,,Unknown
669,c1b04bae-02a6-4a79-bcfb-1e1e65ada2d6,abaerbock,Unknown,abaerbock_25-09-2021_00:00_image11.jpeg,,,,,,Unknown
670,fe817e12-13df-4f89-bc52-eb3c40cf4ac3,abaerbock,Unknown,abaerbock_25-09-2021_00:00_image11.jpeg,,,,,,Unknown
671,9473111e-a4de-4d51-a1d2-b2b6fb9d7598,abaerbock,Unknown,abaerbock_25-09-2021_00:00_image11.jpeg,,,,,,Unknown
672,ac3098db-9e09-4b42-916b-0a7ba4fbe054,abaerbock,Unknown,abaerbock_25-09-2021_00:00_image11.jpeg,,,,,,Unknown
699,f3f55383-c263-4a9f-b9d7-733abc110a59,christianlindner,Unknown,christianlindner_20-09-2021_00:00_image5.jpeg,,,,,,Unknown
700,d5dac8d2-b7e0-4d6e-b406-6417b06ace21,christianlindner,Christian Lindner,christianlindner_20-09-2021_00:00_image5.jpeg,aba5bb44-8485-4f0d-9b60-c596194fa33b.png,0.6660642224195101,Facenet512,euclidean_l2,10.0,Christian Lindner
701,3a7ee054-0cd3-4546-b86a-ff65dcbdd77b,christianlindner,Unknown,christianlindner_20-09-2021_00:00_image5.jpeg,b2b81709-caad-45cc-b632-78901d5ab389.png,1.0094304466492214,Facenet512,euclidean_l2,1.0,Christian Lindner
702,69f73424-24cb-4476-beaa-3ddbd8793ed3,christianlindner,Unknown,christianlindner_20-09-2021_00:00_image5.jpeg,,,,,,Unknown
703,ee08cb2e-a678-432a-8053-4c2fb63db0da,christianlindner,Unknown,christianlindner_20-09-2021_00:00_image5.jpeg,,,,,,Unknown
704,f2e33a9f-bf44-4a97-a81f-9f85dcd9c0f8,christianlindner,Unknown,christianlindner_20-09-2021_00:00_image5.jpeg,,,,,,Unknown
705,70ae5d78-1785-40b8-a2e0-124470a88865,armin_laschet,Armin Laschet,armin_laschet_22-09-2021_00:00_video10.jpeg,,,,,,Unknown
706,98cb15fe-5dde-4e38-a250-a20443d4576f,armin_laschet,Unknown,armin_laschet_22-09-2021_00:00_video10.jpeg,,,,,,Unknown
710,f9654685-ccb7-4fc5-a9b2-eefdf180f35d,abaerbock,Unknown,abaerbock_21-09-2021_00:00_image6.jpeg,,,,,,Unknown
711,a7a99983-208b-4055-87e7-31154bd905d0,abaerbock,Unknown,abaerbock_21-09-2021_00:00_image6.jpeg,,,,,,Unknown
712,d4a55aa0-1608-495c-a179-782dd05ab690,abaerbock,Annalena Baerbock,abaerbock_21-09-2021_00:00_image6.jpeg,,,,,,Unknown
713,a80fc7d9-f013-42a4-a5dd-888843920afa,armin_laschet,Armin Laschet,armin_laschet_24-09-2021_00:00_video10.jpeg,d0e6d963-6d02-463b-a226-ce3f34b0fcc5.png,0.7462797673029471,Facenet512,euclidean_l2,20.0,Armin Laschet
714,f3609855-3b98-4a5c-9625-9d8a3de06f9f,christlichsozialeunion,Unknown,christlichsozialeunion_13-09-2021_00:00_image1.jpeg,,,,,,Unknown
715,e1492008-c440-43fb-92c8-3f38fc9d72f3,christlichsozialeunion,Unknown,christlichsozialeunion_13-09-2021_00:00_image1.jpeg,,,,,,Unknown
719,c43c13e4-aeb9-4fb2-9b0b-60fa36b53dcb,cdu,Unknown,cdu_20-09-2021_00:00_video28.jpeg,,,,,,Unknown
720,765627f7-071a-4cf2-9c3f-34eb24ba0288,cdu,Unknown,cdu_20-09-2021_00:00_video28.jpeg,c0c7aedd-97dc-4394-8336-f812c19fc1a2.png,0.9709702591213796,Facenet512,euclidean_l2,2.0,Armin Laschet
721,2d901e92-fbe1-444f-bdf9-978d55d0cfd6,cdu,Unknown,cdu_20-09-2021_00:00_video28.jpeg,,,,,,Unknown
722,b22deca4-7071-40c2-b975-54e0e0261cca,cdu,Unknown,cdu_20-09-2021_00:00_video28.jpeg,,,,,,Unknown
723,89cd444d-f4ca-44b5-8699-059b8f063799,cdu,Unknown,cdu_20-09-2021_00:00_video28.jpeg,,,,,,Unknown
724,bf9196d4-e7a6-454c-ac39-fbc18d2071a8,cdu,Unknown,cdu_13-09-2021_00:00_video3.jpeg,,,,,,Unknown
725,08762dda-2848-4e91-b1c5-209cf14c5434,cdu,Unknown,cdu_13-09-2021_00:00_video3.jpeg,,,,,,Unknown
726,73ac151d-c9d2-4083-bdbb-a902244fb374,spdde,Unknown,spdde_19-09-2021_00:00_video1.jpeg,,,,,,Unknown
727,7cc7a068-f246-4ec7-8c8a-9f3cf86a3f8a,cdu,Unknown,cdu_13-09-2021_00:00_video12.jpeg,,,,,,Unknown
728,a1c4fa07-9a3d-4729-b054-d304c29f47b3,cdu,Unknown,cdu_13-09-2021_00:00_video12.jpeg,,,,,,Unknown
729,55375aec-0937-46e5-971e-8001a341a266,cdu,Unknown,cdu_13-09-2021_00:00_video12.jpeg,,,,,,Unknown
730,06ef4f88-58df-4a1d-9abe-5ed2132dbc60,cdu,Unknown,cdu_13-09-2021_00:00_video12.jpeg,,,,,,Unknown
731,0c7a62ac-a280-419b-9c61-477c8c959c82,cdu,Unknown,cdu_13-09-2021_00:00_video12.jpeg,,,,,,Unknown
732,6625b621-747c-4c65-978e-180764b9d3da,cdu,Unknown,cdu_13-09-2021_00:00_video12.jpeg,,,,,,Unknown
733,1f1b0f9a-e39c-4c2b-92c4-2b0b6e5cefc6,cdu,Unknown,cdu_13-09-2021_00:00_video18.jpeg,,,,,,Unknown
734,90a07637-40d0-4a75-afcf-05a9e5d76669,cdu,Unknown,cdu_13-09-2021_00:00_video18.jpeg,,,,,,Unknown
735,18fb38aa-2ff4-4367-8857-60222382e336,christianlindner,Christian Lindner,christianlindner_22-09-2021_00:00_image4.jpeg,,,,,,Unknown
737,89b66137-b042-416f-aa89-427f7a2caa11,olafscholz,Olaf Scholz,olafscholz_24-09-2021_00:00_image3.jpeg,,,,,,Unknown
738,ecde0e28-0709-487a-8f20-00b20708f92e,olafscholz,Unknown,olafscholz_24-09-2021_00:00_image3.jpeg,,,,,,Unknown
739,0f32c5f3-3857-442b-9f73-5961de06867a,olafscholz,Unknown,olafscholz_24-09-2021_00:00_image3.jpeg,,,,,,Unknown
744,9a8d8b1f-91f3-4358-a71e-60daef1315a5,cdu,Unknown,cdu_25-09-2021_00:00_video1.jpeg,,,,,,Unknown
745,efd0efcb-08fa-48ca-b5e6-7bfc943f9ec5,cdu,Unknown,cdu_25-09-2021_00:00_video1.jpeg,,,,,,Unknown
746,a782773e-c260-4041-9450-c174c3a79662,cdu,Unknown,cdu_25-09-2021_00:00_video1.jpeg,,,,,,Unknown
747,e69a8a95-9b0d-4c5f-9626-8baca376567f,cdu,Unknown,cdu_25-09-2021_00:00_video1.jpeg,,,,,,Unknown
748,a2e8447e-4e10-4748-8b36-75970111679f,cdu,Unknown,cdu_25-09-2021_00:00_video1.jpeg,,,,,,Unknown
753,e53ada40-b5d2-4a0d-85dd-c53659745419,die_gruenen,Unknown,die_gruenen_13-09-2021_00:00_video8.jpeg,,,,,,Unknown
754,02b3ce35-6c5f-42bb-b040-5ae5cbb112a5,die_gruenen,Unknown,die_gruenen_13-09-2021_00:00_video8.jpeg,,,,,,Unknown
755,e6862ad0-69f5-43bb-a03a-b1646df85dbb,die_gruenen,Unknown,die_gruenen_13-09-2021_00:00_video8.jpeg,,,,,,Unknown
756,07793c23-ce47-463c-9088-a10e0c61a600,markus.soeder,Markus Söder,markus.soeder_16-09-2021_00:00_video3.jpeg,af45e70d-e05b-4c1c-89ac-114a74810f45.png,0.2833350656316923,Facenet512,euclidean_l2,13.0,Markus Söder
757,5490a490-efd6-427f-ab0b-a8b34c0e9e0c,markus.soeder,Markus Söder,markus.soeder_16-09-2021_00:00_video3.jpeg,49bdb61e-e0b0-4666-9cf0-5c7ab16b2516.png,0.9900733633391576,Facenet512,euclidean_l2,2.0,Markus Söder
768,100f5896-6747-4f1f-a399-c41bc2a4cdc4,spdde,Unknown,spdde_26-09-2021_00:00_video14.jpeg,,,,,,Unknown
769,858534b2-a411-4a41-ac22-a2e6b5c7e59d,olafscholz,Unknown,olafscholz_13-09-2021_00:00_video0.jpeg,,,,,,Unknown
770,fc9ecc0f-ec50-47ec-aa08-61aca0a801ca,olafscholz,Unknown,olafscholz_13-09-2021_00:00_video0.jpeg,,,,,,Unknown
771,8d1f8771-beec-4f22-99d8-b013788a225b,olafscholz,Unknown,olafscholz_13-09-2021_00:00_video0.jpeg,,,,,,Unknown
772,9cc0b686-d573-4e3e-ae7a-0e5723e99338,olafscholz,Unknown,olafscholz_13-09-2021_00:00_video0.jpeg,,,,,,Unknown
773,b3550671-2ec0-4f64-b5a1-867350eb1590,olafscholz,Unknown,olafscholz_13-09-2021_00:00_video0.jpeg,,,,,,Unknown
785,8ce891df-5e17-42fb-bca5-e38d863ef3ec,abaerbock,Unknown,abaerbock_18-09-2021_00:00_video1.jpeg,,,,,,Unknown
786,71e6b289-cb26-4de9-8253-a52ffd89f911,abaerbock,Unknown,abaerbock_18-09-2021_00:00_video1.jpeg,,,,,,Unknown
787,8ab57cd8-75b4-4a18-95c1-b2bb98d4a490,abaerbock,Unknown,abaerbock_18-09-2021_00:00_video1.jpeg,,,,,,Unknown
788,9868e015-b6bd-4225-b04e-6dd205e9258e,abaerbock,Unknown,abaerbock_18-09-2021_00:00_video1.jpeg,,,,,,Unknown
806,be8afc47-8272-4782-8278-8b8ae7bdcc11,fdp,Unknown,fdp_20-09-2021_00:00_image4.jpeg,,,,,,Unknown
807,f06511bc-b612-42db-a7c7-a3136d5174be,fdp,Unknown,fdp_20-09-2021_00:00_image4.jpeg,,,,,,Unknown
808,d265cb44-deb0-417f-9027-26eaf249409b,olafscholz,Unknown,olafscholz_24-09-2021_00:00_video1.jpeg,,,,,,Unknown
809,146ea981-936d-4413-8090-2721482a205b,olafscholz,Olaf Scholz,olafscholz_24-09-2021_00:00_video1.jpeg,,,,,,Unknown
816,dd1ca611-a20b-4a31-a9ce-27e66b42fbc7,armin_laschet,Armin Laschet,armin_laschet_25-09-2021_00:00_video14.jpeg,laschet_armin.jpeg,0.4664719906115303,Facenet512,euclidean_l2,19.0,Armin Laschet
817,3990fe13-d8d3-490c-a7e2-052aa7925e5e,spdde,Unknown,spdde_18-09-2021_00:00_video1.jpeg,,,,,,Unknown
818,3965526f-0387-47e0-a20f-57dcbe711ff1,armin_laschet,Armin Laschet,armin_laschet_22-09-2021_00:00_video0.jpeg,laschet_armin.jpeg,0.5791026287827766,Facenet512,euclidean_l2,20.0,Armin Laschet
819,73c05ede-d4fc-4cce-8ea9-c91087018c67,armin_laschet,Armin Laschet,armin_laschet_20-09-2021_00:00_video2.jpeg,1e103923-022b-4d3f-a32e-e9c848a00e70.png,0.5982103824280561,Facenet512,euclidean_l2,20.0,Armin Laschet
820,0a196356-3fc5-42af-9d25-bddaf25fdf0b,armin_laschet,Armin Laschet,armin_laschet_17-09-2021_00:00_video16.jpeg,,,,,,Unknown
823,818c62a9-b087-4600-bbe8-575ac75d374f,olafscholz,Olaf Scholz,olafscholz_21-09-2021_00:00_image2.jpeg,c27ee252-e37c-4074-92b5-20e300431107.png,0.4088977163059423,Facenet512,euclidean_l2,20.0,Olaf Scholz
824,31e6a4c4-199b-4b6b-8eba-d4e0b41cf916,abaerbock,Unknown,abaerbock_22-09-2021_00:00_video2.jpeg,,,,,,Unknown
825,4609af43-dfe1-4d82-8084-96104252f748,abaerbock,Unknown,abaerbock_22-09-2021_00:00_video2.jpeg,,,,,,Unknown
829,28d52a8b-e8a4-44a7-ac68-79414c4f75cc,christlichsozialeunion,Unknown,christlichsozialeunion_23-09-2021_00:00_image1.jpeg,,,,,,Unknown
830,e5ecc8d1-c3a9-4cf3-90d5-c8c282838d68,christlichsozialeunion,Unknown,christlichsozialeunion_23-09-2021_00:00_image1.jpeg,,,,,,Unknown
831,60953101-b165-4db3-92c6-65e7080a06e4,armin_laschet,Armin Laschet,armin_laschet_21-09-2021_00:00_video2.jpeg,d0e6d963-6d02-463b-a226-ce3f34b0fcc5.png,0.8120856506362376,Facenet512,euclidean_l2,18.0,Armin Laschet
846,f8b09b58-62a0-43ff-8319-2c1bcaefe3cb,spdde,Unknown,spdde_23-09-2021_00:00_video3.jpeg,,,,,,Unknown
847,e70b507f-168d-40e8-b8aa-772318e550af,cdu,Unknown,cdu_19-09-2021_00:00_image4.jpeg,,,,,,Unknown
848,87e72801-7781-4d89-9ed8-4c2d2e434a2c,cdu,Unknown,cdu_19-09-2021_00:00_image4.jpeg,,,,,,Unknown
849,990588b5-83c6-4b0a-a710-7a8d9a6bff89,cdu,Armin Laschet,cdu_19-09-2021_00:00_image4.jpeg,5efa5b53-ada6-486e-8b66-4c6330a71ea7.png,0.3231481471561569,Facenet512,euclidean_l2,19.0,Armin Laschet
850,9a6857cc-3c62-4ef2-b9f7-77cf3910eced,cdu,Unknown,cdu_19-09-2021_00:00_image4.jpeg,,,,,,Unknown
851,5dc031c6-e3c0-4294-81b9-0f077bce6e32,cdu,Unknown,cdu_19-09-2021_00:00_image4.jpeg,,,,,,Unknown
852,d358661f-edae-4f42-acdc-86ba334a9657,cdu,Unknown,cdu_19-09-2021_00:00_image4.jpeg,,,,,,Unknown
853,92cca490-9ee2-4354-8a42-c37be5ee6d0a,cdu,Unknown,cdu_19-09-2021_00:00_image4.jpeg,,,,,,Unknown
854,1f33c277-c886-4540-b85b-e0333c7e1de8,cdu,Unknown,cdu_19-09-2021_00:00_image4.jpeg,,,,,,Unknown
855,7b9b92f6-36fd-40c6-a219-1e423dd08fdc,cdu,Unknown,cdu_19-09-2021_00:00_image4.jpeg,,,,,,Unknown
856,2257fb85-8fa1-4126-b446-8840d899898a,cdu,Unknown,cdu_19-09-2021_00:00_image4.jpeg,,,,,,Unknown
857,3bbc0db2-908b-4aaf-8ce4-a2795bc78846,cdu,Unknown,cdu_19-09-2021_00:00_image4.jpeg,,,,,,Unknown
858,5778f166-9093-4ba8-8dc2-03ff7af9d975,cdu,Unknown,cdu_19-09-2021_00:00_image4.jpeg,,,,,,Unknown
859,26ca84ff-7eae-43c4-84ba-56d575e1aa14,cdu,Unknown,cdu_19-09-2021_00:00_image4.jpeg,,,,,,Unknown
860,ff0010c6-6f48-41ba-bee5-d09a2e67f32e,cdu,Unknown,cdu_19-09-2021_00:00_image4.jpeg,,,,,,Unknown
861,e41c714d-2d59-440c-9020-c62012a53fe3,cdu,Unknown,cdu_19-09-2021_00:00_image4.jpeg,,,,,,Unknown
862,f747bcf0-1a8c-43eb-aa47-41335cb84278,cdu,Unknown,cdu_19-09-2021_00:00_image4.jpeg,,,,,,Unknown
863,2206d637-5649-46d7-91b4-e4d536afa1aa,cdu,Unknown,cdu_19-09-2021_00:00_image4.jpeg,,,,,,Unknown
864,c13041c3-e402-46df-a83a-e972406c1cd8,cdu,Unknown,cdu_19-09-2021_00:00_image4.jpeg,,,,,,Unknown
865,c239a9f3-1586-4a49-8050-be33904e6517,cdu,Unknown,cdu_19-09-2021_00:00_image4.jpeg,,,,,,Unknown
866,6d13f346-2b1c-4468-980a-3a3bddb42aec,cdu,Unknown,cdu_19-09-2021_00:00_image4.jpeg,,,,,,Unknown
867,d274b303-ad96-4f5f-9659-96d9ff108a5a,cdu,Unknown,cdu_19-09-2021_00:00_image4.jpeg,,,,,,Unknown
868,5ff29a46-bb11-4826-a868-c66cdce53851,cdu,Unknown,cdu_19-09-2021_00:00_image4.jpeg,,,,,,Unknown
870,df6f056e-da25-4f6a-a475-c8fdc6d00cf9,markus.soeder,Markus Söder,markus.soeder_17-09-2021_00:00_image1.jpeg,471d9645-9a33-471b-9e3e-5bfb82032fd8.png,0.3562165709596268,Facenet512,euclidean_l2,13.0,Markus Söder
871,214573d5-f29e-43f1-9dd4-883c34f6cfdd,markus.soeder,Markus Söder,markus.soeder_17-09-2021_00:00_image1.jpeg,aef8776f-6cb2-461e-aa5f-26798f3b263e.png,0.6826727037215029,Facenet512,euclidean_l2,13.0,Markus Söder
872,4068e41d-0d45-45d2-a53b-23b79a43b90b,armin_laschet,Unknown,armin_laschet_22-09-2021_00:00_video13.jpeg,,,,,,Unknown
873,9237dc0c-279e-4430-bde4-aa6258255518,spdde,Unknown,spdde_26-09-2021_00:00_video9.jpeg,,,,,,Unknown
874,426b3032-af2e-4d2b-8ed1-8cf28f77c4ed,spdde,Unknown,spdde_26-09-2021_00:00_video9.jpeg,,,,,,Unknown
875,5a6be964-2cf5-414b-ac3c-f48d4bf34a70,spdde,Unknown,spdde_26-09-2021_00:00_video9.jpeg,,,,,,Unknown
876,9338e75f-e19f-4775-a02e-4dd3fe43f0f0,spdde,Unknown,spdde_26-09-2021_00:00_video9.jpeg,,,,,,Unknown
877,45edb728-bd3f-466c-b351-d136a5659e4a,spdde,Unknown,spdde_26-09-2021_00:00_video9.jpeg,,,,,,Unknown
878,a0d182bd-6157-4bd1-8441-f93af438ff8d,spdde,Unknown,spdde_26-09-2021_00:00_video9.jpeg,,,,,,Unknown
879,6e00ae67-349e-4bb5-9c11-0469e3c6564b,spdde,Olaf Scholz,spdde_26-09-2021_00:00_video9.jpeg,e1ab3325-0777-4d5b-8146-cbfa9ed3ffc2.png,0.7540371637198165,Facenet512,euclidean_l2,20.0,Olaf Scholz
880,ccae926d-c683-4721-96e6-4d87ae9de47f,armin_laschet,Unknown,armin_laschet_22-09-2021_00:00_image5.jpeg,,,,,,Unknown
881,7090c36f-0ac7-45b2-a557-2a15b3484cc5,armin_laschet,Unknown,armin_laschet_22-09-2021_00:00_image5.jpeg,,,,,,Unknown
882,5b501731-77f9-41cc-ae85-eb69c58381c4,armin_laschet,Unknown,armin_laschet_22-09-2021_00:00_image5.jpeg,,,,,,Unknown
883,19cde991-2a93-4bc4-870d-9859b6258b00,armin_laschet,Unknown,armin_laschet_22-09-2021_00:00_image5.jpeg,,,,,,Unknown
884,3cb289a2-ab8a-47b8-9c79-d6c6904bc3eb,armin_laschet,Unknown,armin_laschet_22-09-2021_00:00_image5.jpeg,,,,,,Unknown
885,82e23012-cca1-4bb4-abfb-54688aa60f68,armin_laschet,Unknown,armin_laschet_22-09-2021_00:00_image5.jpeg,,,,,,Unknown
898,69a202f1-c58d-440c-a316-d75178c0bd67,abaerbock,Unknown,abaerbock_22-09-2021_00:00_image4.jpeg,,,,,,Unknown
899,d088d0d8-a49f-492c-aeb0-c4efd3e7a413,abaerbock,Unknown,abaerbock_22-09-2021_00:00_image4.jpeg,,,,,,Unknown
900,deee9212-6810-41ee-acc9-768e393eb8d8,abaerbock,Unknown,abaerbock_22-09-2021_00:00_image4.jpeg,,,,,,Unknown
901,6e53f8b3-15ad-4a4a-81ce-e521ad0bca24,abaerbock,Unknown,abaerbock_22-09-2021_00:00_image4.jpeg,,,,,,Unknown
902,dc3d0b15-fd94-4930-bbc6-1193cd63274f,abaerbock,Unknown,abaerbock_22-09-2021_00:00_image4.jpeg,,,,,,Unknown
903,abb6d3b0-84aa-4f37-aa41-5ef31c1de58c,abaerbock,Unknown,abaerbock_22-09-2021_00:00_image4.jpeg,,,,,,Unknown
911,aa83d4cd-c184-42a0-97cd-24101fd81beb,armin_laschet,Armin Laschet,armin_laschet_22-09-2021_00:00_video1.jpeg,f891fb5e-737c-4bf0-9c55-824f2cdff348.png,0.7753534301621933,Facenet512,euclidean_l2,15.0,Armin Laschet
912,107781f7-3720-45b3-b313-ec796a671d75,cdu,Unknown,cdu_17-09-2021_00:00_video2.jpeg,,,,,,Unknown
915,a9ec4fa6-1f76-49a4-b8f2-d239b7d5ea78,abaerbock,Unknown,abaerbock_18-09-2021_00:00_image3.jpeg,,,,,,Unknown
916,c350736d-3eb5-454f-8fac-2988f7bdcd1f,abaerbock,Unknown,abaerbock_18-09-2021_00:00_image3.jpeg,,,,,,Unknown
917,51afcb41-0974-44ae-b9a3-032ff4623fd9,abaerbock,Unknown,abaerbock_18-09-2021_00:00_image3.jpeg,,,,,,Unknown
918,08182cd9-8804-4d86-aa88-8c8c7a0d1d1d,cdu,Unknown,cdu_16-09-2021_00:00_video25.jpeg,,,,,,Unknown
919,bf9955c0-01bd-4315-a1b4-e19f1ef456cf,armin_laschet,Armin Laschet,armin_laschet_22-09-2021_00:00_image1.jpeg,d0e6d963-6d02-463b-a226-ce3f34b0fcc5.png,0.624173205343887,Facenet512,euclidean_l2,20.0,Armin Laschet
920,15211e5f-1c5f-4e3c-81d2-ddc4c1cf1316,armin_laschet,Unknown,armin_laschet_22-09-2021_00:00_image1.jpeg,,,,,,Unknown
921,334e6e08-d90e-4086-9fac-8439715b5ba4,armin_laschet,Armin Laschet,armin_laschet_14-09-2021_00:00_video1.jpeg,f891fb5e-737c-4bf0-9c55-824f2cdff348.png,0.847401728840292,Facenet512,euclidean_l2,17.0,Armin Laschet
922,71567bc1-fd16-4c69-93df-49bc646c19a2,abaerbock,Annalena Baerbock,abaerbock_18-09-2021_00:00_image15.jpeg,,,,,,Unknown
923,1117a7d7-1743-4799-8ae9-deaef6f06cbf,abaerbock,Unknown,abaerbock_18-09-2021_00:00_image15.jpeg,,,,,,Unknown
924,fb99ee08-2c7b-4a76-a546-5e5725d05f35,abaerbock,Unknown,abaerbock_18-09-2021_00:00_image15.jpeg,,,,,,Unknown
925,ba4ea4e6-fa02-4bb3-8a3a-68b1085a8130,abaerbock,Unknown,abaerbock_18-09-2021_00:00_image15.jpeg,,,,,,Unknown
926,07425ec6-07c7-4991-8430-e7e468b800c4,abaerbock,Unknown,abaerbock_18-09-2021_00:00_image15.jpeg,,,,,,Unknown
927,f37bd61d-ee8a-47c9-9f6b-23a0c13037ed,abaerbock,Unknown,abaerbock_18-09-2021_00:00_image15.jpeg,,,,,,Unknown
928,0f202de5-528c-451e-8aab-fa848674e185,abaerbock,Unknown,abaerbock_18-09-2021_00:00_image15.jpeg,,,,,,Unknown
929,3150e7fc-d076-459e-a436-bbc4226bc128,abaerbock,Unknown,abaerbock_18-09-2021_00:00_image15.jpeg,,,,,,Unknown
930,a8fcd3cb-c224-4ace-b8c6-4383afe2b186,abaerbock,Unknown,abaerbock_18-09-2021_00:00_image15.jpeg,,,,,,Unknown
932,aa13304b-35a9-4ca1-9f5d-9c053084df9a,markus.soeder,Markus Söder,markus.soeder_25-09-2021_00:00_video0.jpeg,2e3825be-7e0c-4e62-b2c7-b9aea0bcb158.png,0.50190154178206,Facenet512,euclidean_l2,13.0,Markus Söder
933,330c74f1-1347-4d2a-bbef-81288dff6574,armin_laschet,Armin Laschet,armin_laschet_17-09-2021_00:00_image0.jpeg,f891fb5e-737c-4bf0-9c55-824f2cdff348.png,0.9418637564884834,Facenet512,euclidean_l2,4.0,Armin Laschet
934,f5f12d45-123d-4bb1-a039-15af999aad3d,cdu,Unknown,cdu_18-09-2021_00:00_image2.jpeg,,,,,,Unknown
935,04f96e46-c048-4b90-a38d-07bf79fbd3d2,cdu,Unknown,cdu_18-09-2021_00:00_image2.jpeg,,,,,,Unknown
936,aa98ac44-a4b5-4138-8597-f6f9a9ba4079,cdu,Armin Laschet,cdu_18-09-2021_00:00_image2.jpeg,6b5fba44-8fb8-4e07-98e3-960e82e765a9.png,1.0290021346448786,Facenet512,euclidean_l2,1.0,Armin Laschet
937,adbc613b-ff80-4ab3-a520-dedeb60a6464,cdu,Armin Laschet,cdu_18-09-2021_00:00_image2.jpeg,1bd44b42-05b1-4e5e-9ecf-b19872c3a776.png,0.6937445189856218,Facenet512,euclidean_l2,20.0,Armin Laschet
938,d20352d7-c458-41fc-9b60-d0fdc06bacf5,christlichsozialeunion,Unknown,christlichsozialeunion_16-09-2021_00:00_video16.jpeg,,,,,,Unknown
939,7492e1e1-44f2-4a3c-8829-c50f03cf93e7,christlichsozialeunion,Unknown,christlichsozialeunion_16-09-2021_00:00_video16.jpeg,,,,,,Unknown
940,2dfc33d9-1ab7-4d14-937c-f791d85c8bd6,christlichsozialeunion,Unknown,christlichsozialeunion_16-09-2021_00:00_video16.jpeg,,,,,,Unknown
941,1bfba129-22da-423d-a142-a4ad11f7147a,christlichsozialeunion,Unknown,christlichsozialeunion_16-09-2021_00:00_video16.jpeg,,,,,,Unknown
942,2a100a38-a04a-4135-80a4-23099102df89,christlichsozialeunion,Markus Söder,christlichsozialeunion_16-09-2021_00:00_video16.jpeg,,,,,,Unknown
943,cf65f9c1-ea50-4b68-b91e-e42e3d2cbb6f,christlichsozialeunion,Unknown,christlichsozialeunion_16-09-2021_00:00_video16.jpeg,,,,,,Unknown
944,19e382fd-803b-4471-8ba7-7213a3af4302,christlichsozialeunion,Unknown,christlichsozialeunion_16-09-2021_00:00_video16.jpeg,,,,,,Unknown
953,95b1063e-6db6-45db-b05c-7eb57c46837c,abaerbock,Unknown,abaerbock_18-09-2021_00:00_image1.jpeg,,,,,,Unknown
954,ec32f97c-9f42-44d9-8656-273623c25df0,abaerbock,Unknown,abaerbock_18-09-2021_00:00_image1.jpeg,,,,,,Unknown
955,e5d517c5-aff1-451a-ac0d-3bf4b35d5fe5,abaerbock,Unknown,abaerbock_18-09-2021_00:00_image1.jpeg,,,,,,Unknown
956,4ac9ce29-a2d5-4f39-8e72-aed9cddbb0c9,abaerbock,Unknown,abaerbock_18-09-2021_00:00_image1.jpeg,,,,,,Unknown
957,5446f030-3c7d-430d-9698-ed2abcbfca4d,abaerbock,Unknown,abaerbock_18-09-2021_00:00_image1.jpeg,,,,,,Unknown
958,1bd55f44-5a39-476b-9056-878befbce063,abaerbock,Unknown,abaerbock_18-09-2021_00:00_image1.jpeg,,,,,,Unknown
959,18201802-bef5-4705-8aa3-d231bf674ff8,abaerbock,Unknown,abaerbock_18-09-2021_00:00_image1.jpeg,,,,,,Unknown
960,9c1967c1-3bcd-479e-bb76-0ec4dca88c49,abaerbock,Unknown,abaerbock_18-09-2021_00:00_image1.jpeg,,,,,,Unknown
961,d2678656-7e47-4512-b6f5-a7826c9424d4,abaerbock,Unknown,abaerbock_18-09-2021_00:00_image1.jpeg,,,,,,Unknown
962,2234c16e-be3f-4236-be20-cdd0d417a2f9,abaerbock,Unknown,abaerbock_18-09-2021_00:00_image1.jpeg,,,,,,Unknown
963,1cc1d09a-9f48-4ab3-af74-c6ac06c60656,abaerbock,Unknown,abaerbock_18-09-2021_00:00_image1.jpeg,,,,,,Unknown
964,30a74a03-3de5-4fcb-9931-a2085c338fbe,abaerbock,Unknown,abaerbock_18-09-2021_00:00_image1.jpeg,,,,,,Unknown
965,448f3b98-2e6f-4184-86f4-741731cc4420,abaerbock,Unknown,abaerbock_18-09-2021_00:00_image1.jpeg,,,,,,Unknown
966,daff970d-da03-4219-b5a3-de4ef00a12b1,abaerbock,Unknown,abaerbock_18-09-2021_00:00_image1.jpeg,,,,,,Unknown
967,ec222a52-dd0c-4f85-a1b0-b8c9ab080807,abaerbock,Unknown,abaerbock_18-09-2021_00:00_image1.jpeg,,,,,,Unknown
968,ca7c3b46-e38f-4757-ab6d-76218c650d11,abaerbock,Unknown,abaerbock_18-09-2021_00:00_image1.jpeg,,,,,,Unknown
969,b666fea2-7028-471c-9139-a5f9a3903a2d,abaerbock,Annalena Baerbock,abaerbock_13-09-2021_00:00_image5.jpeg,dded1da1-82ba-453b-8736-9ef3e81ab387.png,0.9814457877287864,Facenet512,euclidean_l2,8.0,Annalena Baerbock
970,39f47b5e-9be5-4257-9332-74bd96725cdd,abaerbock,Unknown,abaerbock_13-09-2021_00:00_image5.jpeg,,,,,,Unknown
971,8f9fa3c2-b917-4946-bd9e-e71a2e72f077,fdp,Unknown,fdp_20-09-2021_00:00_image8.jpeg,,,,,,Unknown
972,2288c2bc-179e-4d35-a398-e9f21f365602,fdp,Unknown,fdp_20-09-2021_00:00_image8.jpeg,,,,,,Unknown
973,af18844b-abcc-4c65-b7bd-c560275e6ead,fdp,Unknown,fdp_20-09-2021_00:00_image8.jpeg,,,,,,Unknown
974,b5a3b677-e3a7-4daf-ac20-3983ced622a0,die_gruenen,Annalena Baerbock,die_gruenen_20-09-2021_00:00_image5.jpeg,9a8aa257-6928-4d20-bb76-b003078f551d.png,0.663735234026824,Facenet512,euclidean_l2,13.0,Annalena Baerbock
977,7f082978-d5dd-42f4-b9d4-7d5fac63e259,abaerbock,Annalena Baerbock,abaerbock_17-09-2021_00:00_video7.jpeg,9a8aa257-6928-4d20-bb76-b003078f551d.png,0.7195337848980783,Facenet512,euclidean_l2,13.0,Annalena Baerbock
978,4bbde2c7-9651-426b-8b21-bc6ee09ce92c,abaerbock,Unknown,abaerbock_17-09-2021_00:00_video7.jpeg,9a8aa257-6928-4d20-bb76-b003078f551d.png,0.819512685682283,Facenet512,euclidean_l2,11.0,Annalena Baerbock
979,9fcfebc2-baf0-4453-863a-1d40f4057c46,abaerbock,Unknown,abaerbock_17-09-2021_00:00_video7.jpeg,,,,,,Unknown
980,31c6d388-2a9b-4c9e-bab4-f40c67d40cbd,abaerbock,Unknown,abaerbock_17-09-2021_00:00_video7.jpeg,,,,,,Unknown
981,1ffbf56e-f0bc-4652-8d43-c926f8591cd1,abaerbock,Unknown,abaerbock_21-09-2021_00:00_image1.jpeg,,,,,,Unknown
982,b1a72b94-1883-40d8-b901-f16b73c90b91,abaerbock,Unknown,abaerbock_14-09-2021_00:00_image8.jpeg,,,,,,Unknown
1003,eac6417b-15a5-4eaa-80b7-ee1135091bef,olafscholz,Unknown,olafscholz_17-09-2021_00:00_video3.jpeg,,,,,,Unknown
1004,abb6d33c-464d-4d9b-8d11-3bb823b6bf08,olafscholz,Unknown,olafscholz_17-09-2021_00:00_video3.jpeg,,,,,,Unknown
1005,8cdf8b76-0f2f-4165-badd-f7a18b660d6b,olafscholz,Unknown,olafscholz_17-09-2021_00:00_video3.jpeg,,,,,,Unknown
1006,eab0e6c1-7096-49e7-8813-670935a1bab5,christianlindner,Unknown,christianlindner_20-09-2021_00:00_image3.jpeg,,,,,,Unknown
1007,88e2ad99-cbe9-4f9a-bd8e-02c0355c9a11,christianlindner,Christian Lindner,christianlindner_20-09-2021_00:00_image3.jpeg,2384c946-7f3b-4280-8257-c73c1bb814b1.png,1.008116012232284,Facenet512,euclidean_l2,1.0,Christian Lindner
1008,73de7c4f-2e00-4dd7-ac31-80bf6f1ca8f1,christianlindner,Unknown,christianlindner_20-09-2021_00:00_image3.jpeg,,,,,,Unknown
1009,46270f9c-df47-4641-a65d-917d0837ee93,christianlindner,Unknown,christianlindner_20-09-2021_00:00_image3.jpeg,,,,,,Unknown
1010,4a59c1b1-02ae-460f-b2f8-2e6942a9ff62,christianlindner,Unknown,christianlindner_20-09-2021_00:00_image3.jpeg,,,,,,Unknown
1011,32660f41-d300-456d-8d3b-80a647b30594,christianlindner,Unknown,christianlindner_20-09-2021_00:00_image3.jpeg,,,,,,Unknown
1015,7761dc6b-0f28-4120-8f5a-2b6915527a4e,die_gruenen,Unknown,die_gruenen_25-09-2021_00:00_video37.jpeg,,,,,,Unknown
1016,1abdc544-0613-48c9-881f-a75b5e3f62bb,die_gruenen,Unknown,die_gruenen_25-09-2021_00:00_video37.jpeg,,,,,,Unknown
1017,4a78388a-c33e-4470-b31b-76ed555a6077,die_gruenen,Unknown,die_gruenen_25-09-2021_00:00_video37.jpeg,,,,,,Unknown
1018,39968cfa-89bf-422c-bfce-f418acd2a651,die_gruenen,Unknown,die_gruenen_25-09-2021_00:00_video37.jpeg,,,,,,Unknown
1019,d75e5d29-2cb7-4129-84dc-1af8c7f7c95c,olafscholz,Unknown,olafscholz_18-09-2021_00:00_video4.jpeg,,,,,,Unknown
1020,09410764-be07-438a-b99a-ffadeb0feec9,olafscholz,Unknown,olafscholz_18-09-2021_00:00_video4.jpeg,,,,,,Unknown
1021,887662fb-7d4e-46d6-811c-373e02e67beb,cdu,Unknown,cdu_20-09-2021_00:00_video24.jpeg,,,,,,Unknown
1022,72656608-2fc5-4a61-a11b-ed1eb20512c7,cdu,Unknown,cdu_20-09-2021_00:00_video24.jpeg,,,,,,Unknown
1023,2f32b8b8-1de1-4969-b46d-45a41dfa1039,cdu,Unknown,cdu_20-09-2021_00:00_video24.jpeg,,,,,,Unknown
1024,44f9904e-8a0e-4962-ba46-6599a9c074b2,cdu,Unknown,cdu_17-09-2021_00:00_video3.jpeg,,,,,,Unknown
1025,9110e7bc-53bc-4774-95a9-18c9864263ad,cdu,Unknown,cdu_17-09-2021_00:00_video3.jpeg,,,,,,Unknown
1026,883f25d0-d3d1-467e-99fc-4532b6be782c,cdu,Unknown,cdu_17-09-2021_00:00_video3.jpeg,,,,,,Unknown
1027,a19c16d6-01ab-4c86-b90c-884c41ffadcd,cdu,Unknown,cdu_17-09-2021_00:00_video3.jpeg,,,,,,Unknown
1028,47320ee4-c431-4679-b7ec-e492becd35aa,cdu,Unknown,cdu_17-09-2021_00:00_video3.jpeg,,,,,,Unknown
1029,68f97332-c45a-4d7c-ba71-1276a841b067,christlichsozialeunion,Markus Söder,christlichsozialeunion_18-09-2021_00:00_image0.jpeg,d58b66d8-f621-4c58-9284-a999f266986a.png,0.2791626067102187,Facenet512,euclidean_l2,13.0,Markus Söder
1030,3a8b6f34-32ae-472d-a5ec-38dc95f4bb06,christlichsozialeunion,Unknown,christlichsozialeunion_18-09-2021_00:00_image0.jpeg,,,,,,Unknown
1031,40e47d2e-b25a-41c6-9ec6-058da9f2ddc5,christlichsozialeunion,Unknown,christlichsozialeunion_18-09-2021_00:00_image0.jpeg,,,,,,Unknown
1032,41993c33-10ab-4296-9b31-ae0279bd751c,die_gruenen,Unknown,die_gruenen_13-09-2021_00:00_video10.jpeg,,,,,,Unknown
1033,3c7eb24d-1a44-4373-b59f-123e52989be4,die_gruenen,Unknown,die_gruenen_13-09-2021_00:00_video10.jpeg,,,,,,Unknown
1034,8744e7c6-6124-4ae4-a422-1e35321b4d2f,die_gruenen,Unknown,die_gruenen_13-09-2021_00:00_video10.jpeg,,,,,,Unknown
1035,5c328ce0-8c08-4a8e-a1e6-5a3d3fe473d4,christlichsozialeunion,Unknown,christlichsozialeunion_25-09-2021_00:00_video0.jpeg,,,,,,Unknown
1036,50b6100d-4bb2-45c7-9e39-7e48ce67f54e,christlichsozialeunion,Markus Söder,christlichsozialeunion_25-09-2021_00:00_video0.jpeg,d58b66d8-f621-4c58-9284-a999f266986a.png,0.2613227834566927,Facenet512,euclidean_l2,13.0,Markus Söder
1037,34fc5959-d520-40ad-a22c-9b3c77251fec,christlichsozialeunion,Unknown,christlichsozialeunion_25-09-2021_00:00_video0.jpeg,soeder.jpeg,1.0386965342329912,Facenet512,euclidean_l2,1.0,Markus Söder
1041,f1338a66-988d-4250-a725-5012ee7b5443,abaerbock,Unknown,abaerbock_23-09-2021_00:00_image5.jpeg,,,,,,Unknown
1042,a828cb27-3a5e-40e9-87ff-bb973e473309,abaerbock,Unknown,abaerbock_23-09-2021_00:00_image5.jpeg,,,,,,Unknown
1043,11e64728-df37-4ed7-8892-9e7792dbbd6f,abaerbock,Unknown,abaerbock_23-09-2021_00:00_image5.jpeg,,,,,,Unknown
1044,e098c97f-da8b-405e-80f8-89ac5aed0c53,abaerbock,Unknown,abaerbock_23-09-2021_00:00_image5.jpeg,,,,,,Unknown
1045,aea647df-bf10-4bb8-97e7-a9a356ea3280,abaerbock,Unknown,abaerbock_23-09-2021_00:00_image5.jpeg,,,,,,Unknown
1046,6e1ed147-eabc-4186-9d24-5dded1146601,abaerbock,Unknown,abaerbock_23-09-2021_00:00_image5.jpeg,,,,,,Unknown
1047,1e1ad2ef-0dd8-48c9-b2dd-945261c7b1a6,abaerbock,Unknown,abaerbock_23-09-2021_00:00_image5.jpeg,,,,,,Unknown
1048,c72bf0d3-c8fe-4859-a65b-53de6ceb6394,abaerbock,Unknown,abaerbock_23-09-2021_00:00_image5.jpeg,,,,,,Unknown
1049,3b0a34a3-0b31-4d7b-9b7b-0e8a46ae65ad,abaerbock,Unknown,abaerbock_23-09-2021_00:00_image5.jpeg,,,,,,Unknown
1050,fccddf62-92d5-48a0-937c-26ea29501bbf,abaerbock,Unknown,abaerbock_23-09-2021_00:00_image5.jpeg,,,,,,Unknown
1051,bde4ea75-8797-49e1-90fd-a70bd9aeeb10,abaerbock,Unknown,abaerbock_23-09-2021_00:00_image5.jpeg,,,,,,Unknown
1052,5d734076-83d9-400e-868b-49dcd72a9647,abaerbock,Unknown,abaerbock_23-09-2021_00:00_image5.jpeg,,,,,,Unknown
1053,f0227f45-5d56-4db6-bdd4-182385a7f17c,abaerbock,Unknown,abaerbock_23-09-2021_00:00_image5.jpeg,,,,,,Unknown
1054,69cf84fc-a048-4d0f-9af7-05c619d38aae,abaerbock,Unknown,abaerbock_23-09-2021_00:00_image5.jpeg,,,,,,Unknown
1055,4cb02d3c-b1e1-4aaa-ae84-f39effaecb0e,abaerbock,Unknown,abaerbock_23-09-2021_00:00_image5.jpeg,,,,,,Unknown
1056,99477947-a383-4f2f-aab9-3e658b8489dd,abaerbock,Unknown,abaerbock_23-09-2021_00:00_image5.jpeg,,,,,,Unknown
1057,260f7194-4acc-45c0-a23e-764401dc2442,abaerbock,Unknown,abaerbock_23-09-2021_00:00_image5.jpeg,,,,,,Unknown
1058,89b0b5f6-ce37-4541-82d4-8f6ba62ff745,abaerbock,Unknown,abaerbock_23-09-2021_00:00_image5.jpeg,,,,,,Unknown
1059,292f03d5-08f5-422a-b1db-807893766e3f,abaerbock,Unknown,abaerbock_23-09-2021_00:00_image5.jpeg,,,,,,Unknown
1060,d222d0fa-9356-426c-8f1d-5c40d227639d,abaerbock,Unknown,abaerbock_23-09-2021_00:00_image5.jpeg,,,,,,Unknown
1061,82166389-6e15-45d0-a915-a659715ed059,abaerbock,Unknown,abaerbock_23-09-2021_00:00_image5.jpeg,,,,,,Unknown
1062,1da7fbfa-e203-4af6-84eb-3774f7d0122c,abaerbock,Unknown,abaerbock_23-09-2021_00:00_image5.jpeg,,,,,,Unknown
1063,1739bf73-1682-477e-bb28-f57c781705cc,abaerbock,Unknown,abaerbock_23-09-2021_00:00_image5.jpeg,,,,,,Unknown
1064,cefbba04-0cdd-4c27-a73e-bd2d1f503041,abaerbock,Unknown,abaerbock_23-09-2021_00:00_image5.jpeg,,,,,,Unknown
1065,dc374fd3-fe7c-4d89-9155-3be6cabbbe75,abaerbock,Unknown,abaerbock_23-09-2021_00:00_image5.jpeg,,,,,,Unknown
1066,edfd07f9-c01e-4f48-842e-a28fda1e46a8,abaerbock,Unknown,abaerbock_23-09-2021_00:00_image5.jpeg,,,,,,Unknown
1067,1e504aec-8715-4282-9b21-3b2ca2a25f8e,abaerbock,Unknown,abaerbock_23-09-2021_00:00_image5.jpeg,,,,,,Unknown
1068,f295f01d-8433-48db-83d9-91e15bf085a5,abaerbock,Unknown,abaerbock_23-09-2021_00:00_image5.jpeg,,,,,,Unknown
1069,46140e41-0a80-417e-9ec0-8deb169ce112,abaerbock,Unknown,abaerbock_23-09-2021_00:00_image5.jpeg,,,,,,Unknown
1070,717a16cd-b1f1-4bb1-b8ca-df4421f6af2c,abaerbock,Unknown,abaerbock_23-09-2021_00:00_image5.jpeg,,,,,,Unknown
1073,36510999-daef-4a2f-949c-e0e5cb37edec,cdu,Unknown,cdu_17-09-2021_00:00_image0.jpeg,,,,,,Unknown
1074,d46cdf41-0ed7-44d5-a59d-a5027df870eb,cdu,Unknown,cdu_17-09-2021_00:00_image0.jpeg,872af970-553e-4d30-abdc-252f937b8d70.png,1.0136579586789054,Facenet512,euclidean_l2,6.0,Armin Laschet
1075,a9a8b3d5-fa34-4554-8cd3-69d3edce84e7,cdu,Armin Laschet,cdu_17-09-2021_00:00_image0.jpeg,7cdeee40-f222-4b03-a819-4db32fc47d20.png,0.6862827507474168,Facenet512,euclidean_l2,20.0,Armin Laschet
1076,36fcc1de-0a4c-4547-9581-6b7aac6be68b,cdu,Unknown,cdu_17-09-2021_00:00_image0.jpeg,,,,,,Unknown
1077,34c5560a-f171-474e-beeb-ec02e1625d56,armin_laschet,Unknown,armin_laschet_26-09-2021_00:00_video5.jpeg,,,,,,Unknown
1078,fadbf6a8-6f25-47f7-9412-20ff8ca6044a,armin_laschet,Unknown,armin_laschet_26-09-2021_00:00_video5.jpeg,,,,,,Unknown
1079,71579991-5a09-4bcf-a32f-8117419049d2,armin_laschet,Unknown,armin_laschet_26-09-2021_00:00_video5.jpeg,,,,,,Unknown
1080,eb06d1f1-89cf-489c-9f9f-e5a8bb123351,armin_laschet,Unknown,armin_laschet_26-09-2021_00:00_video5.jpeg,,,,,,Unknown
1081,5552174f-d994-4182-8157-25fe03320954,armin_laschet,Unknown,armin_laschet_26-09-2021_00:00_video5.jpeg,,,,,,Unknown
1082,3cad7ac4-3b6b-4df5-b40a-97b554db9a62,armin_laschet,Unknown,armin_laschet_26-09-2021_00:00_video5.jpeg,,,,,,Unknown
1083,e29d5f77-56de-496c-a14f-5b5568a75746,armin_laschet,Unknown,armin_laschet_26-09-2021_00:00_video5.jpeg,,,,,,Unknown
1084,01256104-2429-4d28-8472-b92fa71697ae,armin_laschet,Unknown,armin_laschet_26-09-2021_00:00_video5.jpeg,,,,,,Unknown
1085,64e90481-4607-48a7-b3b0-72e09f7351a3,armin_laschet,Unknown,armin_laschet_26-09-2021_00:00_video5.jpeg,,,,,,Unknown
1086,b087889e-6a20-4ff5-a132-01e9768c6857,armin_laschet,Armin Laschet,armin_laschet_26-09-2021_00:00_video5.jpeg,,,,,,Unknown
1087,31004032-2fe3-4a09-bb84-15a945fa8bac,armin_laschet,Unknown,armin_laschet_26-09-2021_00:00_video5.jpeg,,,,,,Unknown
1088,41f6fd42-0f2d-4c43-bb21-a68358b454ed,armin_laschet,Unknown,armin_laschet_26-09-2021_00:00_video5.jpeg,,,,,,Unknown
1089,6ed7d9f3-46b4-43a6-95d4-e225f2e47850,armin_laschet,Unknown,armin_laschet_26-09-2021_00:00_video5.jpeg,,,,,,Unknown
1090,1bda57bf-fb0a-4714-9a71-8eb49f751bf4,armin_laschet,Unknown,armin_laschet_26-09-2021_00:00_video5.jpeg,,,,,,Unknown
1091,76de48fd-2038-40df-9f58-5aa9f0199df3,armin_laschet,Unknown,armin_laschet_26-09-2021_00:00_video5.jpeg,,,,,,Unknown
1092,d58a63f8-d1eb-4d35-abff-2d48bfd28136,armin_laschet,Unknown,armin_laschet_26-09-2021_00:00_video5.jpeg,,,,,,Unknown
1093,92cd19bf-06a4-4738-8498-e620bdefe3e9,armin_laschet,Unknown,armin_laschet_26-09-2021_00:00_video5.jpeg,,,,,,Unknown
1094,d3e5c689-5222-4a5e-87d5-cbc06227fde4,armin_laschet,Unknown,armin_laschet_26-09-2021_00:00_video5.jpeg,,,,,,Unknown
1095,107d1506-860a-4c11-b641-ec8e93810dc3,die_gruenen,Annalena Baerbock,die_gruenen_25-09-2021_00:00_video29.jpeg,b5ea8be6-69b9-4fdb-8813-88f307903fb4.png,0.7523904236578489,Facenet512,euclidean_l2,13.0,Annalena Baerbock
1096,d6e4c588-e429-45ed-9ded-3ccc3b68384a,die_gruenen,Unknown,die_gruenen_25-09-2021_00:00_video29.jpeg,,,,,,Unknown
1097,52f419a6-9005-4889-b5a7-edd6267d5ba4,die_gruenen,Unknown,die_gruenen_25-09-2021_00:00_video29.jpeg,,,,,,Unknown
1098,a99b42de-1531-4c12-a83c-e0491bf3d2e9,die_gruenen,Unknown,die_gruenen_25-09-2021_00:00_video29.jpeg,,,,,,Unknown
1099,7f1b2d18-25d8-47d9-9322-0b7ac353543e,die_gruenen,Unknown,die_gruenen_25-09-2021_00:00_video29.jpeg,,,,,,Unknown
1100,a8f48d1a-3733-481a-ba8b-961cfd27f4bd,die_gruenen,Unknown,die_gruenen_25-09-2021_00:00_video29.jpeg,,,,,,Unknown
1101,78ff117c-4a73-425b-a06d-7a9bc524c2ed,die_gruenen,Unknown,die_gruenen_25-09-2021_00:00_video29.jpeg,,,,,,Unknown
1102,d63b951d-192e-40c2-b9db-d2e92f9037dd,die_gruenen,Unknown,die_gruenen_25-09-2021_00:00_video29.jpeg,,,,,,Unknown
1103,c3d91ba6-9570-48dd-b8b4-6fee7b2102e8,die_gruenen,Unknown,die_gruenen_25-09-2021_00:00_video29.jpeg,,,,,,Unknown
1104,42171f3c-18f7-4186-a159-98ec0e187978,die_gruenen,Unknown,die_gruenen_25-09-2021_00:00_video29.jpeg,,,,,,Unknown
1105,32a3368f-aec0-49f8-86a0-33fc04328319,cdu,Unknown,cdu_14-09-2021_00:00_video3.jpeg,,,,,,Unknown
1106,95b23acd-a14c-45cb-a64c-88a84e635a05,spdde,Olaf Scholz,spdde_14-09-2021_00:00_image1.jpeg,c27ee252-e37c-4074-92b5-20e300431107.png,0.6291080635624619,Facenet512,euclidean_l2,20.0,Olaf Scholz
1112,6fdabefa-4873-4c3b-ac52-03ef48ded4b2,abaerbock,Unknown,abaerbock_26-09-2021_00:00_image2.jpeg,,,,,,Unknown
1113,3d925b5e-7932-4c61-8902-c5d80e03b03b,abaerbock,Unknown,abaerbock_26-09-2021_00:00_image2.jpeg,,,,,,Unknown
1114,e24de377-57bc-4078-b597-55126b90ad35,abaerbock,Unknown,abaerbock_26-09-2021_00:00_image2.jpeg,,,,,,Unknown
1124,e3231259-4634-44d6-9ba3-58a27d17a196,cdu,Unknown,cdu_25-09-2021_00:00_video0.jpeg,,,,,,Unknown
1125,95eba1ef-a8cc-4091-88e6-1e4acce82474,cdu,Unknown,cdu_25-09-2021_00:00_video0.jpeg,,,,,,Unknown
1128,ad797c67-8523-4f51-b085-60c95625b29f,olafscholz,Olaf Scholz,olafscholz_25-09-2021_00:00_video4.jpeg,,,,,,Unknown
1129,ae31d3dc-7561-407a-92e6-97742d709616,olafscholz,Unknown,olafscholz_25-09-2021_00:00_video4.jpeg,,,,,,Unknown
1130,81a4d973-cb42-41af-91cc-3c673430283c,olafscholz,Unknown,olafscholz_20-09-2021_00:00_video8.jpeg,,,,,,Unknown
1131,37865cfd-7423-4ec8-aaa8-0d50dbac55b3,olafscholz,Olaf Scholz,olafscholz_20-09-2021_00:00_video8.jpeg,82f4d29e-1d17-4672-b015-52009fda2a23.png,0.9145868241987596,Facenet512,euclidean_l2,4.0,Olaf Scholz
1132,1d8309ff-f239-4a3b-8da3-b1cba0ec17e2,olafscholz,Unknown,olafscholz_20-09-2021_00:00_video8.jpeg,,,,,,Unknown
1133,938ee3a6-bbbf-43a4-8071-5d96423a1428,olafscholz,Olaf Scholz,olafscholz_25-09-2021_00:00_video3.jpeg,,,,,,Unknown
1139,323ba1b1-fbdb-4097-aa36-7511e14a4fc6,cdu,Armin Laschet,cdu_22-09-2021_00:00_video9.jpeg,laschet_armin.jpeg,0.9035435164631896,Facenet512,euclidean_l2,6.0,Armin Laschet
1140,bd424366-90e4-4117-85c6-c5377739575c,cdu,Unknown,cdu_22-09-2021_00:00_video9.jpeg,,,,,,Unknown
1141,e204a99c-137f-4940-b822-868feaf5eac6,olafscholz,Olaf Scholz,olafscholz_22-09-2021_00:00_video10.jpeg,04a53ef1-618b-4c9c-97a8-a1187a75c05c.png,0.5073143630238187,Facenet512,euclidean_l2,20.0,Olaf Scholz
1142,2d9bae60-450d-4868-9779-752543605f7d,olafscholz,Unknown,olafscholz_22-09-2021_00:00_video10.jpeg,,,,,,Unknown
1143,081cd4ec-4d56-4d88-b53f-b4d8b5570807,cdu,Unknown,cdu_20-09-2021_00:00_video27.jpeg,,,,,,Unknown
1144,d3d909ed-9652-42f1-bb00-fd6d397f9895,cdu,Unknown,cdu_20-09-2021_00:00_video27.jpeg,,,,,,Unknown
1145,7f3cacb9-7eb3-44aa-9a64-b56b1bba9329,cdu,Unknown,cdu_20-09-2021_00:00_video27.jpeg,,,,,,Unknown
1146,c02ccd39-1360-47aa-b2b8-513b68eaebba,christianlindner,Christian Lindner,christianlindner_25-09-2021_00:00_image0.jpeg,d9fbc863-1aed-44af-8419-b4d18c9b5d48.png,0.6721131874624606,Facenet512,euclidean_l2,9.0,Christian Lindner
1147,fd765d1b-d2f6-48dd-93e1-f39c216d46fe,abaerbock,Unknown,abaerbock_26-09-2021_00:00_image3.jpeg,,,,,,Unknown
1148,3add1780-3676-4e8e-af3a-8536bfd6c5df,abaerbock,Annalena Baerbock,abaerbock_26-09-2021_00:00_image3.jpeg,7043f13e-1c39-4e44-97a1-5130e364ed41.png,0.7607353223444105,Facenet512,euclidean_l2,13.0,Annalena Baerbock
1149,3456528f-8543-40c6-a821-3f171d9bc72e,abaerbock,Unknown,abaerbock_26-09-2021_00:00_image3.jpeg,,,,,,Unknown
1150,67573ab7-650b-43e2-b9e8-acc7ebdb92d8,abaerbock,Unknown,abaerbock_26-09-2021_00:00_image3.jpeg,,,,,,Unknown
1151,33a84d5f-4a96-4c25-822e-250363e46d43,abaerbock,Unknown,abaerbock_26-09-2021_00:00_image3.jpeg,3f3034b2-faf6-43ad-ae81-188498b8e10d.png,1.004500966404032,Facenet512,euclidean_l2,3.0,Annalena Baerbock
1152,bd0db80e-f4f6-4d0b-a916-c35f3da5a979,abaerbock,Unknown,abaerbock_26-09-2021_00:00_image3.jpeg,,,,,,Unknown
1153,a8b3782e-897f-4700-803c-e3292c770ac9,abaerbock,Unknown,abaerbock_26-09-2021_00:00_image3.jpeg,,,,,,Unknown
1154,0ee752ee-f509-4082-9aed-5ae460114fde,abaerbock,Unknown,abaerbock_26-09-2021_00:00_image3.jpeg,,,,,,Unknown
1155,37423432-7946-4a6d-b16f-4ad5bc720ba1,abaerbock,Unknown,abaerbock_26-09-2021_00:00_image3.jpeg,,,,,,Unknown
1160,836dc544-9f1b-4424-8f62-5b63b422ff34,die_gruenen,Unknown,die_gruenen_25-09-2021_00:00_video43.jpeg,,,,,,Unknown
1161,1b8e1811-0e11-450d-8ffb-110a0767657d,olafscholz,Olaf Scholz,olafscholz_25-09-2021_00:00_image2.jpeg,97bef193-f3fe-4df6-b6d6-37ad2790018d.png,0.7187048669479168,Facenet512,euclidean_l2,20.0,Olaf Scholz
1162,91a17dd1-00e1-4b88-9a56-29f685c83ff9,olafscholz,Unknown,olafscholz_25-09-2021_00:00_image2.jpeg,,,,,,Unknown
1163,e0f8630a-8ea3-4d2c-bc76-183046cec6eb,christlichsozialeunion,Unknown,christlichsozialeunion_25-09-2021_00:00_video5.jpeg,,,,,,Unknown
1164,618a2973-b466-4ef1-bed2-66d8f24f2582,cdu,Unknown,cdu_22-09-2021_00:00_video3.jpeg,,,,,,Unknown
1165,c2466824-3e5a-4663-a48b-a61c2cd2e0ba,cdu,Armin Laschet,cdu_22-09-2021_00:00_video3.jpeg,,,,,,Unknown
1166,1162dbe4-6a0f-480d-ba62-ed8a177a9587,cdu,Unknown,cdu_22-09-2021_00:00_video3.jpeg,,,,,,Unknown
1167,5540de91-6390-4a0d-96d3-b26f61e4480c,cdu,Unknown,cdu_22-09-2021_00:00_video3.jpeg,,,,,,Unknown
1169,dee43235-2bf3-4b73-868c-1f3522d28626,cdu,Unknown,cdu_20-09-2021_00:00_video2.jpeg,,,,,,Unknown
1179,8aca0d83-a539-427d-b855-942ec2f07598,die_gruenen,Unknown,die_gruenen_17-09-2021_00:00_video3.jpeg,,,,,,Unknown
1180,82336033-f18f-487a-ac19-2dc19e66bc49,cdu,Unknown,cdu_18-09-2021_00:00_video2.jpeg,,,,,,Unknown
1181,1f2994a5-c803-4be2-8ff0-97c5ca314f3c,cdu,Unknown,cdu_18-09-2021_00:00_video2.jpeg,,,,,,Unknown
1182,5fcb542e-3909-4d09-840c-25af25bfa2d7,cdu,Armin Laschet,cdu_18-09-2021_00:00_video2.jpeg,c0c7aedd-97dc-4394-8336-f812c19fc1a2.png,0.8290625147744846,Facenet512,euclidean_l2,17.0,Armin Laschet
1183,52586d0e-5c1b-4003-a99c-16b493607359,cdu,Unknown,cdu_18-09-2021_00:00_video2.jpeg,,,,,,Unknown
1184,c712d0bb-c5cd-49c1-8d44-781e273500a8,cdu,Unknown,cdu_18-09-2021_00:00_video2.jpeg,,,,,,Unknown
1185,0df29902-c2d8-4543-bab8-6061121a618f,spdde,Unknown,spdde_13-09-2021_00:00_video0.jpeg,,,,,,Unknown
1186,8f6805b2-64bc-41ea-9df5-1fc7abd687d6,spdde,Unknown,spdde_13-09-2021_00:00_video0.jpeg,,,,,,Unknown
1187,f97cf29c-ade3-406d-9cab-aa769c692908,spdde,Unknown,spdde_13-09-2021_00:00_video0.jpeg,,,,,,Unknown
1188,6be09b8d-5137-4a0a-aab2-decfb1b965f2,spdde,Unknown,spdde_13-09-2021_00:00_video0.jpeg,,,,,,Unknown
1189,286aae55-db25-4ed1-b5d3-aae73623693a,cdu,Armin Laschet,cdu_22-09-2021_00:00_video10.jpeg,,,,,,Unknown
1190,94e3f7d6-316e-49e1-a276-662148eb272d,cdu,Unknown,cdu_22-09-2021_00:00_video10.jpeg,,,,,,Unknown
1191,74e79288-3654-492a-883b-7952dd2f7bde,abaerbock,Annalena Baerbock,abaerbock_22-09-2021_00:00_image5.jpeg,820608e2-840e-4850-b527-36c922284188.png,0.9463688912788852,Facenet512,euclidean_l2,4.0,Annalena Baerbock
1192,a9638530-2026-4d19-98d8-9de81ba38803,abaerbock,Unknown,abaerbock_22-09-2021_00:00_image5.jpeg,,,,,,Unknown
1193,cc4bc48e-b55b-4ef1-ac7d-1b8cc0c2ce8e,abaerbock,Unknown,abaerbock_22-09-2021_00:00_image5.jpeg,,,,,,Unknown
1194,cb2cc245-2cba-4389-a638-057cea68d942,abaerbock,Unknown,abaerbock_22-09-2021_00:00_image5.jpeg,,,,,,Unknown
1229,ac47eb37-bb26-4163-88e3-5cbb28d30a33,christlichsozialeunion,Unknown,christlichsozialeunion_24-09-2021_00:00_video1.jpeg,,,,,,Unknown
1230,008a69b0-039f-4dc6-9795-590ed69c2df8,christlichsozialeunion,Unknown,christlichsozialeunion_26-09-2021_00:00_video0.jpeg,,,,,,Unknown
1238,8f89b6b0-249e-40c0-b7ad-8cf54d745c5e,spdde,Olaf Scholz,spdde_25-09-2021_00:00_video3.jpeg,scholz_olaf.jpeg,0.6131647937828784,Facenet512,euclidean_l2,19.0,Olaf Scholz
1239,2873977e-f387-4216-8c70-102e2c42b70a,spdde,Unknown,spdde_25-09-2021_00:00_video3.jpeg,,,,,,Unknown
1240,3e28ec2a-cc42-4fff-8551-d555cccb331e,markus.soeder,Markus Söder,markus.soeder_21-09-2021_00:00_video0.jpeg,,,,,,Unknown
1241,38871486-755e-436d-860b-9a7e235f1cff,markus.soeder,Unknown,markus.soeder_21-09-2021_00:00_video0.jpeg,,,,,,Unknown
1242,0659c9e2-a03f-46d3-9733-65d45586433d,abaerbock,Unknown,abaerbock_14-09-2021_00:00_image16.jpeg,,,,,,Unknown
1243,032f56eb-15de-4e1d-8fb6-52fed5d3aa5a,fdp,Unknown,fdp_20-09-2021_00:00_video5.jpeg,,,,,,Unknown
1244,4815d13f-80ec-4114-bf4a-8c11f55e1e03,armin_laschet,Unknown,armin_laschet_24-09-2021_00:00_video8.jpeg,,,,,,Unknown
1245,fccbebef-95fe-4200-9371-6740a63fad83,armin_laschet,Unknown,armin_laschet_24-09-2021_00:00_video8.jpeg,,,,,,Unknown
1246,19acc6e5-7bf0-41e8-9605-fc0addf46574,armin_laschet,Unknown,armin_laschet_24-09-2021_00:00_video8.jpeg,,,,,,Unknown
1247,dc26ec6f-6902-4527-bad5-13f876ec2eb7,armin_laschet,Unknown,armin_laschet_24-09-2021_00:00_video8.jpeg,,,,,,Unknown
1248,8307efd1-d5d3-4d9d-a6bd-f174cfcc7b33,armin_laschet,Armin Laschet,armin_laschet_24-09-2021_00:00_video8.jpeg,,,,,,Unknown
1249,9c618e37-cc8f-494c-ae0c-7260e3d02ff4,armin_laschet,Unknown,armin_laschet_24-09-2021_00:00_video8.jpeg,,,,,,Unknown
1250,d137d646-70bc-45d1-bbd1-c53a5c11e708,armin_laschet,Unknown,armin_laschet_24-09-2021_00:00_video8.jpeg,,,,,,Unknown
1252,4d2c4853-69b3-41c8-b926-99282fa0dc65,markus.soeder,Unknown,markus.soeder_20-09-2021_00:00_video0.jpeg,,,,,,Unknown
1253,ffbc667f-e580-435a-bd60-d45ff725e63e,olafscholz,Unknown,olafscholz_22-09-2021_00:00_video5.jpeg,,,,,,Unknown
1254,0e7a1ced-8016-44ea-b03f-5380df32c7f8,olafscholz,Unknown,olafscholz_22-09-2021_00:00_video5.jpeg,9bc42743-ba76-4b29-8ae3-88daa99f6988.png,0.9184582997751602,Facenet512,euclidean_l2,1.0,Olaf Scholz
1255,3e6f4aea-87ab-4f82-b0b0-f9830a2d4ace,olafscholz,Olaf Scholz,olafscholz_22-09-2021_00:00_video5.jpeg,,,,,,Unknown
1256,0a17d033-47e8-4646-aab3-0a34e4f84689,olafscholz,Unknown,olafscholz_22-09-2021_00:00_video5.jpeg,,,,,,Unknown
1263,7b88a409-97df-45f8-a4aa-d855e8d6b230,fdp,Unknown,fdp_20-09-2021_00:00_video1.jpeg,,,,,,Unknown
1264,ee75c29e-3066-4ccf-a23e-b88b6fca1070,fdp,Unknown,fdp_20-09-2021_00:00_video1.jpeg,,,,,,Unknown
1265,19721712-617b-4929-a4ff-3fbd38a459d0,fdp,Unknown,fdp_20-09-2021_00:00_video1.jpeg,,,,,,Unknown
1269,cff23670-fe37-4cf4-911f-4e44c319d821,spdde,Unknown,spdde_25-09-2021_00:00_video13.jpeg,,,,,,Unknown
1270,dd8eeadf-e5a9-4aaf-a680-286916eecefd,spdde,Unknown,spdde_25-09-2021_00:00_video13.jpeg,,,,,,Unknown
1271,3f75067b-baff-44fc-96b7-2b002ea30d12,spdde,Unknown,spdde_25-09-2021_00:00_video13.jpeg,,,,,,Unknown
1287,1ef2ed6e-9580-4b07-8340-62f59d0e131f,olafscholz,Unknown,olafscholz_25-09-2021_00:00_image3.jpeg,,,,,,Unknown
1288,a9020b9c-bcac-4196-8bc6-fdbaa26f13e6,olafscholz,Olaf Scholz,olafscholz_25-09-2021_00:00_image3.jpeg,c27ee252-e37c-4074-92b5-20e300431107.png,0.8300769618092921,Facenet512,euclidean_l2,20.0,Olaf Scholz
1289,bc6abdd9-489f-4d44-8648-2daf817d9955,olafscholz,Olaf Scholz,olafscholz_25-09-2021_00:00_image3.jpeg,131b49ed-6255-479f-8a21-6f44109a96e2.png,0.4738123199212924,Facenet512,euclidean_l2,19.0,Olaf Scholz
1290,edca7953-d724-4d2e-a915-da13cf66ddf2,olafscholz,Unknown,olafscholz_25-09-2021_00:00_image3.jpeg,,,,,,Unknown
1291,f8f659aa-4bd0-4ea5-86f9-e5e382214655,christianlindner,Unknown,christianlindner_18-09-2021_00:00_video3.jpeg,,,,,,Unknown
1292,a70256ea-d0d2-4526-8ec6-aeaa4777fe13,christianlindner,Unknown,christianlindner_18-09-2021_00:00_video3.jpeg,,,,,,Unknown
1293,dd97851b-4098-4636-854f-36b73c30e596,olafscholz,Unknown,olafscholz_19-09-2021_00:00_video2.jpeg,,,,,,Unknown
1294,56fe9a5f-c46c-4388-93e1-23d2474171a7,olafscholz,Unknown,olafscholz_19-09-2021_00:00_video2.jpeg,,,,,,Unknown
1295,b55882e5-6b44-4b56-a727-615e91b04146,olafscholz,Unknown,olafscholz_19-09-2021_00:00_video2.jpeg,,,,,,Unknown
1297,0d51ce2e-9747-4a44-b0e0-d0eb6ccbef59,christlichsozialeunion,Unknown,christlichsozialeunion_25-09-2021_00:00_video17.jpeg,,,,,,Unknown
1298,c0e740e1-c55c-4bb2-9cf0-fe681440c729,christlichsozialeunion,Unknown,christlichsozialeunion_25-09-2021_00:00_video17.jpeg,,,,,,Unknown
1299,67b507af-ea6a-4298-a500-863df6050eed,christlichsozialeunion,Markus Söder,christlichsozialeunion_25-09-2021_00:00_video17.jpeg,,,,,,Unknown
1300,f2e00780-a694-46c6-9bf3-21b22e6d1133,cdu,Unknown,cdu_20-09-2021_00:00_video13.jpeg,,,,,,Unknown
1301,a697442d-7ac9-4b99-ab6f-478c1e671dbd,cdu,Unknown,cdu_20-09-2021_00:00_video13.jpeg,,,,,,Unknown
1303,d0c38d89-aff3-40db-82f6-8ed54ab47b43,cdu,Unknown,cdu_20-09-2021_00:00_video7.jpeg,1bd44b42-05b1-4e5e-9ecf-b19872c3a776.png,1.0272920847000493,Facenet512,euclidean_l2,1.0,Armin Laschet
1304,50a47382-4150-4a83-8ba1-715c3f1e5121,abaerbock,Unknown,abaerbock_21-09-2021_00:00_image8.jpeg,,,,,,Unknown
1305,444ed2be-a82a-4df1-b6de-4c2aedb67c17,armin_laschet,Armin Laschet,armin_laschet_24-09-2021_00:00_video17.jpeg,b95e4651-bf56-4f12-8d9c-4defe1aef9b0.png,0.3750055724389641,Facenet512,euclidean_l2,20.0,Armin Laschet
1306,ec387254-3435-4052-a67c-a6e978f91227,die_gruenen,Unknown,die_gruenen_25-09-2021_00:00_video9.jpeg,,,,,,Unknown
1307,59d8e570-ad20-4bc0-bf3c-907a46368e6e,die_gruenen,Unknown,die_gruenen_25-09-2021_00:00_video9.jpeg,,,,,,Unknown
1308,2eec7b9c-852e-4f1a-9a90-5a00cd344d80,die_gruenen,Unknown,die_gruenen_25-09-2021_00:00_video9.jpeg,,,,,,Unknown
1311,8269fdaa-ca53-42a6-8f9e-c23f268896a1,christlichsozialeunion,Unknown,christlichsozialeunion_25-09-2021_00:00_video18.jpeg,,,,,,Unknown
1312,32de2b92-0e82-4f4b-b08b-94731094f824,christlichsozialeunion,Unknown,christlichsozialeunion_25-09-2021_00:00_video18.jpeg,,,,,,Unknown
1313,7217c2ef-c79f-4bbe-8ce1-5ef9cea4053a,christlichsozialeunion,Unknown,christlichsozialeunion_25-09-2021_00:00_video18.jpeg,,,,,,Unknown
1314,ed7d2663-0735-4949-a514-fb26952ef8cf,christlichsozialeunion,Unknown,christlichsozialeunion_25-09-2021_00:00_video18.jpeg,,,,,,Unknown
1315,5721130d-b041-473a-ae72-2d220cad173e,spdde,Unknown,spdde_13-09-2021_00:00_video3.jpeg,,,,,,Unknown
1316,13dd8bdd-fd2d-4fba-96d9-28456a8a73a4,spdde,Unknown,spdde_13-09-2021_00:00_video3.jpeg,,,,,,Unknown
1317,21999d3b-9850-4874-b1a1-abd243833452,spdde,Unknown,spdde_13-09-2021_00:00_video3.jpeg,,,,,,Unknown
1350,a9b5b5f3-ecf2-41ec-a42d-7af81e079d89,christlichsozialeunion,Unknown,christlichsozialeunion_24-09-2021_00:00_image9.jpeg,,,,,,Unknown
1351,9ebd26ba-51ef-4017-a1d8-2a51226359b5,die_gruenen,Unknown,die_gruenen_25-09-2021_00:00_video35.jpeg,,,,,,Unknown
1354,6d6a598d-efab-4a47-9310-9f1b36bae541,christlichsozialeunion,Unknown,christlichsozialeunion_22-09-2021_00:00_image1.jpeg,,,,,,Unknown
1355,96aaec6e-8444-4022-8936-e48fef260b89,christlichsozialeunion,Unknown,christlichsozialeunion_22-09-2021_00:00_image1.jpeg,,,,,,Unknown
1358,8bb2c6e9-d433-42b6-9c5c-a6a3c22e1a69,die_gruenen,Unknown,die_gruenen_13-09-2021_00:00_video2.jpeg,,,,,,Unknown
1359,238cd12d-9c06-4ed0-b3c4-a808de30af25,markus.soeder,Markus Söder,markus.soeder_13-09-2021_00:00_video0.jpeg,aef8776f-6cb2-461e-aa5f-26798f3b263e.png,0.903471646970013,Facenet512,euclidean_l2,3.0,Markus Söder
1360,ec5d6f14-a42f-4069-9e1f-4aa0feb6ad64,die_gruenen,Unknown,die_gruenen_25-09-2021_00:00_video25.jpeg,,,,,,Unknown
1361,c7effb59-0824-46a2-b096-13462ff27dc7,die_gruenen,Unknown,die_gruenen_25-09-2021_00:00_video25.jpeg,,,,,,Unknown
1362,318a4c80-8524-4b91-8410-225f3125b43e,fdp,Unknown,fdp_16-09-2021_00:00_image2.jpeg,,,,,,Unknown
1363,41dda885-0bc7-453d-bf80-61772519b52e,fdp,Unknown,fdp_16-09-2021_00:00_image2.jpeg,,,,,,Unknown
1366,cc06c2bb-d94f-4da1-84c0-6b9f7cea70f8,abaerbock,Unknown,abaerbock_14-09-2021_00:00_image1.jpeg,,,,,,Unknown
1367,a727868a-3fc0-41fc-b0bb-925566eaa54e,abaerbock,Unknown,abaerbock_14-09-2021_00:00_image1.jpeg,,,,,,Unknown
1368,b549f349-df62-422b-adb6-eaa55400f77e,abaerbock,Unknown,abaerbock_14-09-2021_00:00_image1.jpeg,,,,,,Unknown
1369,533ac948-26f3-45a2-a6db-5a8d27ebd22a,abaerbock,Unknown,abaerbock_14-09-2021_00:00_image1.jpeg,,,,,,Unknown
1371,99193206-05fd-4f5b-a625-4dc6afcf7f7f,olafscholz,Unknown,olafscholz_23-09-2021_00:00_video4.jpeg,,,,,,Unknown
1372,c31d2367-7bd0-4ba8-80a6-811d956cafbe,olafscholz,Olaf Scholz,olafscholz_23-09-2021_00:00_video4.jpeg,,,,,,Unknown
1373,b0e616b9-fde3-4117-a64b-8493f2e24d53,olafscholz,Unknown,olafscholz_23-09-2021_00:00_video4.jpeg,,,,,,Unknown
1374,b934c4e4-47cf-4cb4-8ad1-4ba38b497d7a,olafscholz,Unknown,olafscholz_23-09-2021_00:00_video4.jpeg,,,,,,Unknown
1375,aaddb7d4-2152-46e6-9366-475972185bb5,olafscholz,Unknown,olafscholz_23-09-2021_00:00_video4.jpeg,,,,,,Unknown
1376,7d251a14-d741-43b8-a50f-ae5e4c7b1f4a,cdu,Unknown,cdu_19-09-2021_00:00_image0.jpeg,,,,,,Unknown
1377,a5f8c268-2005-4e11-9a92-306e1b285d60,cdu,Unknown,cdu_19-09-2021_00:00_image0.jpeg,,,,,,Unknown
1378,5f4897a6-f8d9-4753-8d90-cbb6a1eb305c,cdu,Armin Laschet,cdu_19-09-2021_00:00_image0.jpeg,f7a956bb-513b-4ae7-9fb0-2adc7ab25076.png,0.4079156807123957,Facenet512,euclidean_l2,20.0,Armin Laschet
1379,f168196e-bf48-4593-ae77-0d013c2ee216,cdu,Unknown,cdu_19-09-2021_00:00_image0.jpeg,,,,,,Unknown
1380,8e0f9e3d-bb7d-4318-998c-fa27688fc2f8,cdu,Unknown,cdu_19-09-2021_00:00_image0.jpeg,,,,,,Unknown
1381,89ee1448-aa84-4515-b5cc-fd1a16cb8e8b,cdu,Unknown,cdu_19-09-2021_00:00_image0.jpeg,,,,,,Unknown
1382,209108f0-0264-4b15-82a8-5d13632160c3,cdu,Unknown,cdu_19-09-2021_00:00_image0.jpeg,,,,,,Unknown
1383,552e907d-f78b-412d-bf77-89fe3e69195d,armin_laschet,Unknown,armin_laschet_18-09-2021_00:00_video4.jpeg,,,,,,Unknown
1384,d77e2494-e418-4b67-86da-08488103f669,armin_laschet,Unknown,armin_laschet_18-09-2021_00:00_video4.jpeg,,,,,,Unknown
1385,3f003926-60d4-4608-81d7-98628992fc36,armin_laschet,Unknown,armin_laschet_18-09-2021_00:00_video4.jpeg,,,,,,Unknown
1386,4163ddc9-4785-4a11-9a0d-2a5e71119eb7,armin_laschet,Unknown,armin_laschet_18-09-2021_00:00_video4.jpeg,,,,,,Unknown
1387,0aad8240-2ffa-4555-9c75-57a73ca3d78a,armin_laschet,Unknown,armin_laschet_18-09-2021_00:00_video4.jpeg,,,,,,Unknown
1395,b2f256e8-f73f-48d6-a222-dc91bd49c1ba,christianlindner,Christian Lindner,christianlindner_22-09-2021_00:00_image6.jpeg,d9fbc863-1aed-44af-8419-b4d18c9b5d48.png,0.726568749486198,Facenet512,euclidean_l2,9.0,Christian Lindner
1396,597fa51a-f076-4ffd-90e1-9e0d67003ac7,olafscholz,Olaf Scholz,olafscholz_17-09-2021_00:00_video9.jpeg,,,,,,Unknown
1397,6f0142a0-e07d-4a0e-9aa8-601b50182998,olafscholz,Unknown,olafscholz_17-09-2021_00:00_video9.jpeg,,,,,,Unknown
1398,6c829358-1e5d-4c0d-837d-5feb00c4f5f5,olafscholz,Unknown,olafscholz_17-09-2021_00:00_video9.jpeg,,,,,,Unknown
1399,6fe5d9ab-a0f3-4ed8-9d8e-5573af4996bb,olafscholz,Unknown,olafscholz_17-09-2021_00:00_video9.jpeg,,,,,,Unknown
1400,512d7b5b-8c12-406a-8446-3ce249a70da5,olafscholz,Unknown,olafscholz_17-09-2021_00:00_video9.jpeg,,,,,,Unknown
1401,d855b4ea-73c9-4863-a541-b912380c9d98,olafscholz,Unknown,olafscholz_17-09-2021_00:00_video9.jpeg,,,,,,Unknown
1403,637c8c0b-db77-4ab7-ba07-1f97d7448309,cdu,Unknown,cdu_24-09-2021_00:00_video9.jpeg,,,,,,Unknown
1409,842149ef-da1b-40b1-8d13-92d1cd70ec7e,armin_laschet,Armin Laschet,armin_laschet_24-09-2021_00:00_video3.jpeg,80b6f539-47d0-408e-8a0b-aadcffe513a5.png,0.7456054427298333,Facenet512,euclidean_l2,20.0,Armin Laschet
1410,09342fcd-8ccb-41a8-a1d9-04e6e1f183d0,olafscholz,Olaf Scholz,olafscholz_13-09-2021_00:00_video4.jpeg,82f4d29e-1d17-4672-b015-52009fda2a23.png,0.9949826378452588,Facenet512,euclidean_l2,1.0,Olaf Scholz
1411,0d20f164-2dc2-40ee-9105-e63d605217ed,olafscholz,Unknown,olafscholz_13-09-2021_00:00_video4.jpeg,91d6fa25-3671-4110-8beb-1c3296cdf4d0.png,1.0387435192846164,Facenet512,euclidean_l2,1.0,Olaf Scholz
1412,6257dc6c-fa44-4825-959a-6b3c49f328fe,olafscholz,Unknown,olafscholz_13-09-2021_00:00_video4.jpeg,,,,,,Unknown
1413,2a12d31b-e8f1-4a3d-9ba9-1aff00d47426,olafscholz,Unknown,olafscholz_13-09-2021_00:00_video4.jpeg,,,,,,Unknown
1414,4404a36e-6ff1-4b7f-9711-c1752b9627b0,abaerbock,Annalena Baerbock,abaerbock_14-09-2021_00:00_image3.jpeg,,,,,,Unknown
1415,184aa993-fcf0-4b84-b710-ab4bbd13271f,abaerbock,Unknown,abaerbock_14-09-2021_00:00_image3.jpeg,,,,,,Unknown
1423,7d1b0dc5-889e-433d-a362-1b179a9635b0,armin_laschet,Unknown,armin_laschet_24-09-2021_00:00_image1.jpeg,,,,,,Unknown
1424,529a4b1d-8481-4cf9-b807-a7123d27c628,armin_laschet,Armin Laschet,armin_laschet_24-09-2021_00:00_image1.jpeg,7cdeee40-f222-4b03-a819-4db32fc47d20.png,0.7512698297363369,Facenet512,euclidean_l2,20.0,Armin Laschet
1425,d59dc82d-33e3-4b8d-8af0-ad1f146fc03f,armin_laschet,Unknown,armin_laschet_24-09-2021_00:00_image1.jpeg,,,,,,Unknown
1426,317ff43a-3e23-42d9-b395-47387afcdad4,armin_laschet,Unknown,armin_laschet_24-09-2021_00:00_image1.jpeg,,,,,,Unknown
1427,0179fceb-4893-43b5-8b81-4c4ebb5117e2,spdde,Unknown,spdde_25-09-2021_00:00_video16.jpeg,,,,,,Unknown
1428,a33afce6-c1d5-4343-98cc-14402be8d6c3,spdde,Unknown,spdde_25-09-2021_00:00_video16.jpeg,,,,,,Unknown
1429,8d03f391-2d59-4bac-b329-c9d0703eb06a,spdde,Unknown,spdde_25-09-2021_00:00_video16.jpeg,,,,,,Unknown
1430,2fb37e29-705e-4dc1-a354-e2bd8e36bfed,spdde,Unknown,spdde_25-09-2021_00:00_video16.jpeg,,,,,,Unknown
1433,c5f913c7-e18a-485e-b75c-e4c66b3dadb1,die_gruenen,Unknown,die_gruenen_13-09-2021_00:00_video1.jpeg,,,,,,Unknown
1434,82599f1d-5015-48d9-9dec-9402a9830620,die_gruenen,Unknown,die_gruenen_13-09-2021_00:00_video1.jpeg,,,,,,Unknown
1435,71659ab2-0551-4196-bc4a-33068ec71014,die_gruenen,Unknown,die_gruenen_13-09-2021_00:00_video1.jpeg,,,,,,Unknown
1436,78dd0606-b5b9-4bbe-b29e-90f8bf610d47,armin_laschet,Armin Laschet,armin_laschet_22-09-2021_00:00_video3.jpeg,,,,,,Unknown
1440,f584406b-20d8-44f7-b59f-b829feeddcdb,spdde,Olaf Scholz,spdde_26-09-2021_00:00_video10.jpeg,7283a49c-fba4-43e9-9a0b-a767ea44c1c0.png,0.9281217674446912,Facenet512,euclidean_l2,7.0,Olaf Scholz
1441,a09dd126-335b-431a-aa13-3009d2cdec97,spdde,Unknown,spdde_26-09-2021_00:00_video10.jpeg,,,,,,Unknown
1442,ffddc050-a894-4eb5-9ff3-0ed683648898,spdde,Unknown,spdde_26-09-2021_00:00_video10.jpeg,,,,,,Unknown
1443,b66cadc3-97a1-48e8-a498-c11c8242a84a,spdde,Unknown,spdde_26-09-2021_00:00_video10.jpeg,,,,,,Unknown
1444,f0ea3898-b1d6-4b28-8827-9df94e7d4cee,armin_laschet,Unknown,armin_laschet_17-09-2021_00:00_video13.jpeg,,,,,,Unknown
1445,ca402e78-2899-45d9-8b2a-7f2001150b8f,armin_laschet,Armin Laschet,armin_laschet_17-09-2021_00:00_video13.jpeg,5efa5b53-ada6-486e-8b66-4c6330a71ea7.png,0.92867974591044,Facenet512,euclidean_l2,9.0,Armin Laschet
1446,dccfc795-4f54-465d-8480-a014f33460ac,armin_laschet,Unknown,armin_laschet_17-09-2021_00:00_video13.jpeg,,,,,,Unknown
1447,9db34b03-6312-41c5-995c-066af52e2d73,armin_laschet,Unknown,armin_laschet_17-09-2021_00:00_video13.jpeg,,,,,,Unknown
1448,ff8e38f3-4db6-429b-bd6b-d7bb9683f259,armin_laschet,Unknown,armin_laschet_17-09-2021_00:00_video13.jpeg,,,,,,Unknown
1449,792f19a8-adfd-4aef-aafd-6b72a1c39960,armin_laschet,Unknown,armin_laschet_17-09-2021_00:00_video13.jpeg,,,,,,Unknown
1450,96b6a87e-e945-41da-9d85-b7a10e06d19d,armin_laschet,Unknown,armin_laschet_17-09-2021_00:00_video13.jpeg,,,,,,Unknown
1451,e337a7a1-2711-4997-8a07-d6ef8ca4776d,cdu,Unknown,cdu_22-09-2021_00:00_video7.jpeg,,,,,,Unknown
1452,42a09360-95b8-4cba-8276-26b2476899e8,olafscholz,Olaf Scholz,olafscholz_16-09-2021_00:00_image0.jpeg,cf207ba3-2a6b-42b2-b0c6-b0fb9e7532f0.png,0.4923997231935712,Facenet512,euclidean_l2,19.0,Olaf Scholz
1453,15804622-8243-4a42-82f6-dac93042d24a,olafscholz,Unknown,olafscholz_16-09-2021_00:00_image0.jpeg,,,,,,Unknown
1454,18903912-59f7-4623-a4eb-5482470540f8,cdu,Unknown,cdu_22-09-2021_00:00_video6.jpeg,,,,,,Unknown
1455,7ae7d461-385a-4e27-acd4-89820261cf44,cdu,Unknown,cdu_22-09-2021_00:00_video6.jpeg,,,,,,Unknown
1456,085b0574-d068-4203-a751-969b572d7e86,cdu,Unknown,cdu_22-09-2021_00:00_video6.jpeg,,,,,,Unknown
1457,6d9f04f8-dd8c-4e34-8a9d-c6fdc0abe4f9,cdu,Unknown,cdu_22-09-2021_00:00_video6.jpeg,,,,,,Unknown
1458,9281a936-8965-4049-ba21-8157b470cbc0,cdu,Unknown,cdu_22-09-2021_00:00_video6.jpeg,,,,,,Unknown
1459,0f5ac8a0-cb2c-4e67-8cc3-1fe385eb4783,cdu,Unknown,cdu_22-09-2021_00:00_video6.jpeg,,,,,,Unknown
1460,5ff62772-a5cd-4128-9ade-5bc9a1cafc8f,christianlindner,Christian Lindner,christianlindner_18-09-2021_00:00_video0.jpeg,aba5bb44-8485-4f0d-9b60-c596194fa33b.png,0.8110730544585054,Facenet512,euclidean_l2,9.0,Christian Lindner
1461,07ec1f7a-2055-41a7-ad21-3f81b1a6a8fc,armin_laschet,Unknown,armin_laschet_24-09-2021_00:00_video5.jpeg,,,,,,Unknown
1462,2b7a3a29-aeec-4852-bc96-485f21b95745,cdu,Unknown,cdu_25-09-2021_00:00_video7.jpeg,,,,,,Unknown
1463,27fad750-c347-44b3-a791-55f8f49f5909,cdu,Unknown,cdu_25-09-2021_00:00_video7.jpeg,,,,,,Unknown
1464,83f7973b-89c6-4588-9b89-c9e76a42261a,abaerbock,Annalena Baerbock,abaerbock_23-09-2021_00:00_video1.jpeg,,,,,,Unknown
1465,3726b8bd-c15f-4a1b-acb3-914f4422ee73,abaerbock,Unknown,abaerbock_23-09-2021_00:00_video1.jpeg,,,,,,Unknown
1466,4744d896-7dd3-4ae0-9996-cb5c8d3b37ee,markus.soeder,Unknown,markus.soeder_25-09-2021_00:00_video5.jpeg,,,,,,Unknown
1467,9e3e1fad-e2e9-4599-a6eb-75ed4adc869a,markus.soeder,Unknown,markus.soeder_25-09-2021_00:00_video5.jpeg,,,,,,Unknown
1468,4b2549e3-cfbb-4c7a-ae2d-c8ae987cc5a2,markus.soeder,Markus Söder,markus.soeder_25-09-2021_00:00_video5.jpeg,,,,,,Unknown
1469,69f4185e-39de-4bce-b37d-9c188a24359e,armin_laschet,Unknown,armin_laschet_17-09-2021_00:00_image8.jpeg,,,,,,Unknown
1470,b13d1d80-eadd-4463-acf9-4ae357f04fa4,cdu,Unknown,cdu_23-09-2021_00:00_video9.jpeg,,,,,,Unknown
1471,a5527049-0b58-4000-b797-f002c57833c8,cdu,Armin Laschet,cdu_23-09-2021_00:00_video9.jpeg,,,,,,Unknown
1472,18572aca-d949-46de-8ff6-ada4d8611e4f,cdu,Unknown,cdu_23-09-2021_00:00_video9.jpeg,,,,,,Unknown
1473,a80026e8-4f0a-44e6-a574-7991e292c133,cdu,Unknown,cdu_23-09-2021_00:00_video9.jpeg,,,,,,Unknown
1477,7b71deb0-432d-4ff6-b5ca-ac82632f1340,christlichsozialeunion,Markus Söder,christlichsozialeunion_16-09-2021_00:00_video0.jpeg,2e3825be-7e0c-4e62-b2c7-b9aea0bcb158.png,0.6163395025201622,Facenet512,euclidean_l2,13.0,Markus Söder
1478,dc57f181-53dd-4b2a-a579-864eabf79ff2,christlichsozialeunion,Unknown,christlichsozialeunion_23-09-2021_00:00_video6.jpeg,,,,,,Unknown
1484,42f520c7-edc0-47d3-8fec-728e0b8fc463,armin_laschet,Armin Laschet,armin_laschet_17-09-2021_00:00_video1.jpeg,872af970-553e-4d30-abdc-252f937b8d70.png,0.6102046267784195,Facenet512,euclidean_l2,20.0,Armin Laschet
1485,ab204ea0-4857-430b-add7-a05ca9b14720,abaerbock,Unknown,abaerbock_22-09-2021_00:00_image2.jpeg,,,,,,Unknown
1486,45f9f869-0c64-4072-b197-99a1a3a4bab7,abaerbock,Unknown,abaerbock_22-09-2021_00:00_image2.jpeg,,,,,,Unknown
1487,063ca103-e673-4f64-bf14-7d78ae6d3f4b,die_gruenen,Unknown,die_gruenen_25-09-2021_00:00_video10.jpeg,,,,,,Unknown
1488,f69fffea-47f8-4e4b-b9c4-3838abda89d6,die_gruenen,Unknown,die_gruenen_25-09-2021_00:00_video10.jpeg,,,,,,Unknown
1489,3f6ba36b-92f6-41fa-b310-3faad184b9a8,die_gruenen,Unknown,die_gruenen_25-09-2021_00:00_video10.jpeg,,,,,,Unknown
1490,f0a33afe-d96c-4189-b6cf-647db29c6a73,armin_laschet,Armin Laschet,armin_laschet_13-09-2021_00:00_image0.jpeg,laschet_armin.jpeg,0.6380159148538993,Facenet512,euclidean_l2,19.0,Armin Laschet
1491,2ee8a1b6-73cf-4150-a8b5-5a7269621f7c,olafscholz,Olaf Scholz,olafscholz_17-09-2021_00:00_video10.jpeg,f124d4ca-3c2d-40fd-a3a4-81e0a32b39d5.png,0.5575045164133418,Facenet512,euclidean_l2,20.0,Olaf Scholz
1492,bcfa1713-0964-4233-8062-5762e0f0230b,olafscholz,Unknown,olafscholz_17-09-2021_00:00_video10.jpeg,,,,,,Unknown
1493,a81ef191-9d5c-4baa-b131-1f2b4c09b05e,olafscholz,Unknown,olafscholz_17-09-2021_00:00_video10.jpeg,,,,,,Unknown
1494,3b9f59c7-6342-430b-aedc-4c17cf638b45,olafscholz,Unknown,olafscholz_17-09-2021_00:00_video10.jpeg,82f4d29e-1d17-4672-b015-52009fda2a23.png,0.9820379308516504,Facenet512,euclidean_l2,4.0,Olaf Scholz
1495,68849249-7adc-41f0-8a18-989b1f9e5c36,armin_laschet,Unknown,armin_laschet_22-09-2021_00:00_image2.jpeg,,,,,,Unknown
1496,f3931fd3-975e-4a6b-985d-873f032a2f78,armin_laschet,Unknown,armin_laschet_22-09-2021_00:00_image2.jpeg,,,,,,Unknown
1497,244eb4de-223e-4942-a092-efafd6b48dea,armin_laschet,Unknown,armin_laschet_22-09-2021_00:00_image2.jpeg,,,,,,Unknown
1498,d7cf586c-3faa-4e63-b78f-270911d75a79,armin_laschet,Unknown,armin_laschet_22-09-2021_00:00_image2.jpeg,,,,,,Unknown
1499,41a405cd-81df-41d8-a622-496b6a2cd87e,armin_laschet,Unknown,armin_laschet_22-09-2021_00:00_image2.jpeg,,,,,,Unknown
1500,d9e28821-67bf-4c55-83a5-24ced97e4f92,olafscholz,Unknown,olafscholz_26-09-2021_00:00_video1.jpeg,,,,,,Unknown
1501,5d2ef03f-0f52-4335-bc68-403364416dd8,olafscholz,Unknown,olafscholz_26-09-2021_00:00_video1.jpeg,,,,,,Unknown
1502,17ee5142-9af0-4fc3-81df-873fde08a348,olafscholz,Unknown,olafscholz_26-09-2021_00:00_video1.jpeg,,,,,,Unknown
1503,d1817a35-ec14-4e38-8ed1-8bb2f849587d,olafscholz,Unknown,olafscholz_26-09-2021_00:00_video1.jpeg,,,,,,Unknown
1504,5a61c042-b183-4cd4-a3b6-a861626bedf7,olafscholz,Unknown,olafscholz_26-09-2021_00:00_video1.jpeg,,,,,,Unknown
1505,23d58a2d-48df-4afb-acf8-29196a0fd1ad,olafscholz,Unknown,olafscholz_26-09-2021_00:00_video1.jpeg,,,,,,Unknown
1506,6530ae4d-41cc-4495-9197-10480162fbcb,olafscholz,Unknown,olafscholz_26-09-2021_00:00_video1.jpeg,,,,,,Unknown
1507,ebdef3a9-6671-4ec7-85ae-b7e3a6f6b9e0,armin_laschet,Armin Laschet,armin_laschet_22-09-2021_00:00_image3.jpeg,80b6f539-47d0-408e-8a0b-aadcffe513a5.png,0.901335408896158,Facenet512,euclidean_l2,14.0,Armin Laschet
1508,a096ea59-a6ac-487c-a884-57c2571b0f8f,armin_laschet,Unknown,armin_laschet_22-09-2021_00:00_image3.jpeg,,,,,,Unknown
1509,cf70d71f-cd17-47a4-9332-e1f4c75cad24,armin_laschet,Armin Laschet,armin_laschet_22-09-2021_00:00_image3.jpeg,,,,,,Unknown
1510,672eaf64-a37a-4303-ab44-193a2fbe12fc,armin_laschet,Unknown,armin_laschet_26-09-2021_00:00_image0.jpeg,,,,,,Unknown
1511,fcbe4cae-da0c-4edd-9872-782a4534cdb1,armin_laschet,Armin Laschet,armin_laschet_26-09-2021_00:00_image0.jpeg,f7a956bb-513b-4ae7-9fb0-2adc7ab25076.png,0.8454172854253821,Facenet512,euclidean_l2,10.0,Armin Laschet
1512,5ea6432b-3f20-4508-a4a0-f404bd9c7a20,armin_laschet,Armin Laschet,armin_laschet_26-09-2021_00:00_image0.jpeg,,,,,,Unknown
1513,d0036a52-aec7-4d07-909f-9cf8fc691415,armin_laschet,Unknown,armin_laschet_26-09-2021_00:00_image0.jpeg,,,,,,Unknown
1514,27d26720-959a-4308-be0a-3d18f6d48734,armin_laschet,Unknown,armin_laschet_26-09-2021_00:00_image0.jpeg,,,,,,Unknown
1515,e6e798e5-4b88-4121-9d00-9b9657e7f343,armin_laschet,Unknown,armin_laschet_26-09-2021_00:00_image0.jpeg,,,,,,Unknown
1516,a0e528e7-a6b8-4932-9c93-f9c3f30a9499,armin_laschet,Unknown,armin_laschet_26-09-2021_00:00_image0.jpeg,,,,,,Unknown
1517,caa8e945-4126-4b89-b01e-b924a54a6cde,armin_laschet,Unknown,armin_laschet_26-09-2021_00:00_image0.jpeg,,,,,,Unknown
1518,bb5287af-51b8-48c6-9c0b-93a1c44a2bdd,armin_laschet,Unknown,armin_laschet_26-09-2021_00:00_image0.jpeg,,,,,,Unknown
1519,a133527e-06bf-48bb-9031-8e712538446e,spdde,Unknown,spdde_26-09-2021_00:00_video7.jpeg,,,,,,Unknown
1520,c649b3f8-da05-4dd9-b206-349363bc834c,spdde,Unknown,spdde_26-09-2021_00:00_video7.jpeg,,,,,,Unknown
1521,3ed35693-2296-4b25-a2e9-839608ab959d,abaerbock,Annalena Baerbock,abaerbock_21-09-2021_00:00_image10.jpeg,,,,,,Unknown
1522,a8b47788-69b1-4fbe-a2e6-0f1e4de77427,abaerbock,Unknown,abaerbock_17-09-2021_00:00_image6.jpeg,,,,,,Unknown
1523,8ea1583b-a355-46a4-a2fd-97445adf2fe3,abaerbock,Unknown,abaerbock_17-09-2021_00:00_image6.jpeg,,,,,,Unknown
1525,d67f1c19-7cf6-419b-bde8-e8f5397e52e1,abaerbock,Annalena Baerbock,abaerbock_22-09-2021_00:00_image13.jpeg,8ecf25a6-4fe7-4768-ab40-bbf7ce516bd2.png,0.7693045541389723,Facenet512,euclidean_l2,13.0,Annalena Baerbock
1526,83998660-efe0-4b41-84db-7da9b6b4d7b3,abaerbock,Unknown,abaerbock_22-09-2021_00:00_image13.jpeg,,,,,,Unknown
1527,d4f279bf-baad-432b-9c9f-31236acd93ba,christianlindner,Christian Lindner,christianlindner_26-09-2021_00:00_image3.jpeg,d9fbc863-1aed-44af-8419-b4d18c9b5d48.png,0.3016696205297594,Facenet512,euclidean_l2,9.0,Christian Lindner
1528,0ea78428-49b8-4911-8efb-6d00149fa078,christianlindner,Unknown,christianlindner_26-09-2021_00:00_image3.jpeg,,,,,,Unknown
1529,e1750dd7-20bb-4e8d-a84e-af18fce609bc,christianlindner,Unknown,christianlindner_26-09-2021_00:00_image3.jpeg,,,,,,Unknown
1530,8359172b-201a-4fea-aacb-e9a76e10c8f6,christianlindner,Unknown,christianlindner_26-09-2021_00:00_image3.jpeg,,,,,,Unknown
1531,69e40278-f187-4bd6-a54e-3d55407b6ecc,christianlindner,Unknown,christianlindner_26-09-2021_00:00_image3.jpeg,,,,,,Unknown
1532,11411b8e-3782-414a-aefc-3bb343349cbf,christianlindner,Unknown,christianlindner_26-09-2021_00:00_image3.jpeg,,,,,,Unknown
1533,d0b74c32-1c5f-4436-ac73-5fdc42ac04bd,christianlindner,Unknown,christianlindner_26-09-2021_00:00_image3.jpeg,,,,,,Unknown
1534,50fa3e95-f2ff-4507-9d89-6af6a306fa25,christianlindner,Unknown,christianlindner_26-09-2021_00:00_image3.jpeg,,,,,,Unknown
1535,23799b94-9dd3-4cbf-b54c-be7055c98a70,armin_laschet,Unknown,armin_laschet_16-09-2021_00:00_image3.jpeg,,,,,,Unknown
1536,4b2851ca-6083-4d16-9c1a-5cb7a578569f,armin_laschet,Unknown,armin_laschet_16-09-2021_00:00_image3.jpeg,,,,,,Unknown
1537,4049bbe9-3203-45ce-9654-907d26f98cad,armin_laschet,Unknown,armin_laschet_16-09-2021_00:00_image3.jpeg,,,,,,Unknown
1538,db5cb2dd-d822-43e8-9e15-aa45b12148e8,armin_laschet,Unknown,armin_laschet_16-09-2021_00:00_image3.jpeg,,,,,,Unknown
1539,92842738-5f5c-4deb-a008-51ecc2882955,armin_laschet,Unknown,armin_laschet_16-09-2021_00:00_image3.jpeg,,,,,,Unknown
1540,ac4ce443-6374-4563-a186-c58cd8ffe642,armin_laschet,Unknown,armin_laschet_16-09-2021_00:00_image3.jpeg,1f347af9-a36f-4727-923b-4c1a1e934ab9.png,0.9407851480855244,Facenet512,euclidean_l2,1.0,Armin Laschet
1541,5e0fd9b7-a7b9-47e3-9a34-9a391011e9c9,armin_laschet,Armin Laschet,armin_laschet_16-09-2021_00:00_image3.jpeg,,,,,,Unknown
1542,a034c757-e483-4ffa-b255-2eec28ba670a,armin_laschet,Unknown,armin_laschet_16-09-2021_00:00_image3.jpeg,,,,,,Unknown
1543,2824317b-3aeb-4f34-93d6-8bcc8b495d68,armin_laschet,Unknown,armin_laschet_16-09-2021_00:00_image3.jpeg,,,,,,Unknown
1544,15228f4c-8c83-4027-8ef5-2f1a06caebd7,armin_laschet,Unknown,armin_laschet_16-09-2021_00:00_image3.jpeg,,,,,,Unknown
1545,1ddef385-25ea-4f5b-bb4d-21f34adf944d,armin_laschet,Unknown,armin_laschet_16-09-2021_00:00_image3.jpeg,,,,,,Unknown
1546,0edbead5-cc1f-4d9e-94ab-8382d71c5637,armin_laschet,Armin Laschet,armin_laschet_16-09-2021_00:00_image3.jpeg,,,,,,Unknown
1551,23534ea5-e23e-4a98-a147-f1963a18b657,olafscholz,Olaf Scholz,olafscholz_19-09-2021_00:00_image8.jpeg,baaa081f-7a38-4907-b92b-ba3d791c4012.png,0.6981313477708232,Facenet512,euclidean_l2,19.0,Olaf Scholz
1552,c29a91dd-0c9c-4398-b080-ff9425ef34c3,abaerbock,Unknown,abaerbock_24-09-2021_00:00_image4.jpeg,,,,,,Unknown
1553,f93f2f1b-33e0-412c-8dcf-070db619b697,abaerbock,Unknown,abaerbock_24-09-2021_00:00_image4.jpeg,,,,,,Unknown
1554,f3082bd4-24a4-461b-bab4-fd69ffbbf112,abaerbock,Unknown,abaerbock_24-09-2021_00:00_image4.jpeg,,,,,,Unknown
1555,0272036c-9cbc-4fd2-99ef-41094cff55cc,abaerbock,Unknown,abaerbock_24-09-2021_00:00_image4.jpeg,,,,,,Unknown
1556,818f6790-3434-4d40-b0e0-f96c57a4f42d,abaerbock,Unknown,abaerbock_24-09-2021_00:00_image4.jpeg,,,,,,Unknown
1557,5a4f856d-a42a-44c4-a70a-98055c88480d,abaerbock,Unknown,abaerbock_24-09-2021_00:00_image4.jpeg,,,,,,Unknown
1558,cb76b095-eafe-43c0-9651-55ada868eea3,abaerbock,Unknown,abaerbock_24-09-2021_00:00_image4.jpeg,,,,,,Unknown
1559,d6705330-ab67-4a4d-a860-8b22dc4b4c50,abaerbock,Unknown,abaerbock_24-09-2021_00:00_image4.jpeg,,,,,,Unknown
1560,009ca898-4fc8-4087-a6d0-e5b13e9a9918,abaerbock,Unknown,abaerbock_24-09-2021_00:00_image4.jpeg,,,,,,Unknown
1561,c2171b8a-ac9e-40f5-aab1-92c37df0dfdf,abaerbock,Unknown,abaerbock_24-09-2021_00:00_image4.jpeg,,,,,,Unknown
1562,1b5a6577-c618-4553-9680-b1ee07565939,abaerbock,Unknown,abaerbock_24-09-2021_00:00_image4.jpeg,,,,,,Unknown
1563,ed554ff3-2795-4dac-9a66-362e64a33916,abaerbock,Unknown,abaerbock_24-09-2021_00:00_image4.jpeg,,,,,,Unknown
1564,0e2c1e64-8795-47c7-af75-0846994ba720,abaerbock,Unknown,abaerbock_24-09-2021_00:00_image4.jpeg,,,,,,Unknown
1566,40d4347d-677a-4375-8c94-cb84a531297d,olafscholz,Olaf Scholz,olafscholz_26-09-2021_00:00_video7.jpeg,97bef193-f3fe-4df6-b6d6-37ad2790018d.png,0.7104387902789133,Facenet512,euclidean_l2,20.0,Olaf Scholz
1567,f9e05930-4096-4687-93b2-3a7d3aab1729,olafscholz,Unknown,olafscholz_26-09-2021_00:00_video7.jpeg,c27ee252-e37c-4074-92b5-20e300431107.png,1.0391341768022508,Facenet512,euclidean_l2,1.0,Olaf Scholz
1568,0d2d876c-70a6-458b-9380-469a971ea389,olafscholz,Unknown,olafscholz_26-09-2021_00:00_video7.jpeg,91d6fa25-3671-4110-8beb-1c3296cdf4d0.png,1.0142255431825715,Facenet512,euclidean_l2,1.0,Olaf Scholz
1569,07ab4fa5-eadf-40f5-9d0e-938c8fff39c2,olafscholz,Olaf Scholz,olafscholz_26-09-2021_00:00_video7.jpeg,scholz_olaf.jpeg,0.764860268153331,Facenet512,euclidean_l2,20.0,Olaf Scholz
1570,2452f07c-24b0-4aa7-8f1f-e48115bb196c,olafscholz,Unknown,olafscholz_26-09-2021_00:00_video7.jpeg,,,,,,Unknown
1571,f18382f1-3f2c-44b1-816b-03db900270d0,spdde,Olaf Scholz,spdde_23-09-2021_00:00_video4.jpeg,04a53ef1-618b-4c9c-97a8-a1187a75c05c.png,0.4323153906041182,Facenet512,euclidean_l2,19.0,Olaf Scholz
1573,af77c704-13eb-4078-aa65-484592b92cef,die_gruenen,Unknown,die_gruenen_26-09-2021_00:00_video11.jpeg,,,,,,Unknown
1577,b938ec88-c0b8-44f0-b6b7-f3e41b7281f3,armin_laschet,Armin Laschet,armin_laschet_25-09-2021_00:00_video4.jpeg,d0e6d963-6d02-463b-a226-ce3f34b0fcc5.png,0.595120630388513,Facenet512,euclidean_l2,20.0,Armin Laschet
1578,28baecf8-eb27-474d-86bc-916afb8f2252,christianlindner,Unknown,christianlindner_18-09-2021_00:00_image3.jpeg,,,,,,Unknown
1579,611dd563-2cdc-4c1a-9072-6a133122c7d6,christianlindner,Unknown,christianlindner_18-09-2021_00:00_image3.jpeg,,,,,,Unknown
1580,94124eb2-6055-45c8-8883-1938a038f723,christianlindner,Unknown,christianlindner_18-09-2021_00:00_image3.jpeg,,,,,,Unknown
1581,72ee0621-84c7-47a1-b39b-346b760f8f50,christianlindner,Unknown,christianlindner_18-09-2021_00:00_image3.jpeg,,,,,,Unknown
1582,bf84268f-7a82-4cda-a483-debe7b086ec5,christianlindner,Unknown,christianlindner_18-09-2021_00:00_image3.jpeg,cebfea5f-bce7-498c-9d1a-5b80c9e97361.png,1.0161987567453994,Facenet512,euclidean_l2,1.0,Christian Lindner
1583,3b141e07-052e-4130-b9d6-a5ab813dfb3e,christianlindner,Unknown,christianlindner_18-09-2021_00:00_image3.jpeg,,,,,,Unknown
1584,2e53db1b-c5cc-4e7d-9d80-f9b918f81cc5,christianlindner,Unknown,christianlindner_18-09-2021_00:00_image3.jpeg,,,,,,Unknown
1585,5cb7b093-0a06-4e1c-b315-a27573edcf33,christianlindner,Unknown,christianlindner_18-09-2021_00:00_image3.jpeg,,,,,,Unknown
1586,ab5f5955-09c7-45ac-8498-02fff2285ea0,christianlindner,Unknown,christianlindner_18-09-2021_00:00_image3.jpeg,,,,,,Unknown
1587,e8a6ccd5-f0ae-4a53-9d7c-ecded04f4b44,christianlindner,Unknown,christianlindner_18-09-2021_00:00_image3.jpeg,,,,,,Unknown
1588,0c291a0b-427d-4477-9b56-2e04822c4230,christianlindner,Unknown,christianlindner_18-09-2021_00:00_image3.jpeg,,,,,,Unknown
1589,dbe2a578-5b65-4d82-825d-7c22067febad,christianlindner,Unknown,christianlindner_18-09-2021_00:00_image3.jpeg,,,,,,Unknown
1590,7178febb-54fe-4e65-bf50-c25059e622b4,christianlindner,Unknown,christianlindner_18-09-2021_00:00_image3.jpeg,,,,,,Unknown
1591,bd387898-a37c-4547-8e0b-e7bd4dc8c6d3,christianlindner,Unknown,christianlindner_18-09-2021_00:00_image3.jpeg,,,,,,Unknown
1592,04848e20-f95f-4fa9-9d23-40015c5646da,christianlindner,Unknown,christianlindner_18-09-2021_00:00_image3.jpeg,,,,,,Unknown
1593,4a9d50af-73dd-4f60-9a07-37d62d9bb73f,christianlindner,Unknown,christianlindner_18-09-2021_00:00_image3.jpeg,,,,,,Unknown
1594,c8e02217-30dc-405d-9209-b4d82e8d7ade,christianlindner,Unknown,christianlindner_18-09-2021_00:00_image3.jpeg,,,,,,Unknown
1595,3384b439-ea92-4e71-8917-1cc22eab45bc,christianlindner,Unknown,christianlindner_18-09-2021_00:00_image3.jpeg,,,,,,Unknown
1596,075b59cc-674c-4d6f-8de6-5626b990efac,christianlindner,Unknown,christianlindner_18-09-2021_00:00_image3.jpeg,,,,,,Unknown
1597,e34ad97f-1b25-4fe0-9a49-41d1d76a0668,christianlindner,Unknown,christianlindner_18-09-2021_00:00_image3.jpeg,,,,,,Unknown
1598,83281456-b376-47eb-b424-9bfc18e9afd7,abaerbock,Annalena Baerbock,abaerbock_26-09-2021_00:00_image0.jpeg,b5ea8be6-69b9-4fdb-8813-88f307903fb4.png,0.7669854619941232,Facenet512,euclidean_l2,13.0,Annalena Baerbock
1599,c6dfe99b-2ac6-4ca6-b309-dbe65edbf678,cdu,Unknown,cdu_23-09-2021_00:00_video7.jpeg,,,,,,Unknown
1600,015e92ac-e6b3-4679-a384-929a5f966d64,cdu,Unknown,cdu_23-09-2021_00:00_video7.jpeg,,,,,,Unknown
1601,52e756a0-6460-4b5b-a7cc-d196b35ee995,cdu,Unknown,cdu_23-09-2021_00:00_video7.jpeg,,,,,,Unknown
1602,44aff8d2-22cf-447b-b408-8a3698132842,cdu,Unknown,cdu_23-09-2021_00:00_video7.jpeg,,,,,,Unknown
1603,a01e069f-ff82-4134-9b21-52b9f7cac297,cdu,Unknown,cdu_23-09-2021_00:00_video7.jpeg,,,,,,Unknown
1604,a73e8b36-9698-4d35-a9c7-b476537f172f,abaerbock,Annalena Baerbock,abaerbock_17-09-2021_00:00_video4.jpeg,,,,,,Unknown
1605,e5db79e8-03cc-456c-9a50-e37043ec9427,abaerbock,Unknown,abaerbock_17-09-2021_00:00_video4.jpeg,,,,,,Unknown
1606,b910c152-629f-4fd6-8fb4-768562d11e2e,armin_laschet,Armin Laschet,armin_laschet_26-09-2021_00:00_video1.jpeg,c1a12a4c-30ca-47ec-b1c5-11409ded5262.png,0.6400105429335163,Facenet512,euclidean_l2,20.0,Armin Laschet
1607,02ea8e4b-0b3c-4fdf-9974-41d76595d4a0,olafscholz,Olaf Scholz,olafscholz_17-09-2021_00:00_image4.jpeg,c27ee252-e37c-4074-92b5-20e300431107.png,0.673214204422482,Facenet512,euclidean_l2,20.0,Olaf Scholz
1617,545cd2db-9c87-4f2d-ad50-79f884f03ce6,abaerbock,Unknown,abaerbock_21-09-2021_00:00_image4.jpeg,,,,,,Unknown
1619,d7a55d13-ef56-4716-ba42-d3d9e85c5cdf,christlichsozialeunion,Unknown,christlichsozialeunion_25-09-2021_00:00_video20.jpeg,,,,,,Unknown
1620,b6f76411-d37a-4713-9911-b9d8dc23434d,christlichsozialeunion,Unknown,christlichsozialeunion_25-09-2021_00:00_video20.jpeg,49bdb61e-e0b0-4666-9cf0-5c7ab16b2516.png,0.9216157736647116,Facenet512,euclidean_l2,1.0,Markus Söder
1621,8eabb1c4-562c-4591-bedd-60f5b1837455,christlichsozialeunion,Unknown,christlichsozialeunion_25-09-2021_00:00_video20.jpeg,,,,,,Unknown
1622,7369adad-4861-41ac-9690-a43ec319c599,christlichsozialeunion,Markus Söder,christlichsozialeunion_25-09-2021_00:00_video20.jpeg,,,,,,Unknown
1623,f7fff201-7b50-4720-b63d-08027b802518,christlichsozialeunion,Unknown,christlichsozialeunion_25-09-2021_00:00_video20.jpeg,,,,,,Unknown
1624,c6d5fd27-78d0-4185-8b5a-a5365231df7b,christlichsozialeunion,Unknown,christlichsozialeunion_25-09-2021_00:00_video20.jpeg,,,,,,Unknown
1625,34b1b4e2-8124-478e-9a97-334a884411c3,christlichsozialeunion,Unknown,christlichsozialeunion_16-09-2021_00:00_video9.jpeg,,,,,,Unknown
1633,12222e8b-7995-4423-aa99-4639c515bb9a,olafscholz,Olaf Scholz,olafscholz_19-09-2021_00:00_image1.jpeg,7283a49c-fba4-43e9-9a0b-a767ea44c1c0.png,0.56003346747183,Facenet512,euclidean_l2,20.0,Olaf Scholz
1634,45e53b68-70d3-45e6-9362-a5115016541d,olafscholz,Unknown,olafscholz_19-09-2021_00:00_image1.jpeg,,,,,,Unknown
1635,ba8d2e62-073d-461d-953a-c118db0175b8,olafscholz,Unknown,olafscholz_19-09-2021_00:00_image1.jpeg,,,,,,Unknown
1636,d0cf462f-21b2-418e-9495-3c2ba2dae451,olafscholz,Unknown,olafscholz_19-09-2021_00:00_image1.jpeg,,,,,,Unknown
1637,065ae1bc-f9f6-48ca-a5b3-a79ebc0c92e2,olafscholz,Unknown,olafscholz_19-09-2021_00:00_image1.jpeg,,,,,,Unknown
1638,3d0c65b0-2e06-48a3-9daa-f4d8736a2dae,olafscholz,Unknown,olafscholz_19-09-2021_00:00_image1.jpeg,,,,,,Unknown
1639,a8bcb06f-833c-42da-bfc1-0a2372128ac0,olafscholz,Unknown,olafscholz_19-09-2021_00:00_image1.jpeg,9bc42743-ba76-4b29-8ae3-88daa99f6988.png,0.998093504052213,Facenet512,euclidean_l2,1.0,Olaf Scholz
1640,a4b4499f-03b4-44e9-bc6a-dac16b5c72a4,olafscholz,Unknown,olafscholz_19-09-2021_00:00_image1.jpeg,,,,,,Unknown
1641,f10cc6b2-647e-435f-864e-5a50ad349a72,olafscholz,Unknown,olafscholz_19-09-2021_00:00_image1.jpeg,,,,,,Unknown
1642,9e39a08f-9f65-4ae8-86cb-0d6751d36d5c,olafscholz,Unknown,olafscholz_19-09-2021_00:00_image1.jpeg,,,,,,Unknown
1643,6c8e48b5-b3ca-41fe-9b51-e8b36f984bab,spdde,Unknown,spdde_26-09-2021_00:00_image3.jpeg,,,,,,Unknown
1644,9d38a36d-fe8d-4f76-a5f1-01181f04fa97,spdde,Unknown,spdde_26-09-2021_00:00_image3.jpeg,,,,,,Unknown
1645,982323ac-ce9a-4815-9ba1-83ce4c55588f,spdde,Unknown,spdde_26-09-2021_00:00_image3.jpeg,,,,,,Unknown
1647,99a525ac-9e6d-44b0-97f9-272a7129296e,christlichsozialeunion,Unknown,christlichsozialeunion_14-09-2021_00:00_video4.jpeg,,,,,,Unknown
1648,b504c217-1dc8-4327-81c3-66e6b90653ab,armin_laschet,Armin Laschet,armin_laschet_26-09-2021_00:00_video3.jpeg,c1a12a4c-30ca-47ec-b1c5-11409ded5262.png,0.3254488128994053,Facenet512,euclidean_l2,20.0,Armin Laschet
1649,9e3a2bb5-6ca6-4007-baa0-4ce089135d57,markus.soeder,Markus Söder,markus.soeder_16-09-2021_00:00_video2.jpeg,49bdb61e-e0b0-4666-9cf0-5c7ab16b2516.png,0.6986615494907938,Facenet512,euclidean_l2,13.0,Markus Söder
1650,9df68436-2c9b-4290-8523-eeaca89d1755,markus.soeder,Markus Söder,markus.soeder_16-09-2021_00:00_video2.jpeg,,,,,,Unknown
1654,8463830b-e06f-4f2f-9119-dbcc9cc66ba6,fdp,Unknown,fdp_20-09-2021_00:00_image2.jpeg,,,,,,Unknown
1655,172e5363-896a-4352-8eaf-ba32fb6caed2,christlichsozialeunion,Markus Söder,christlichsozialeunion_26-09-2021_00:00_image3.jpeg,e673e074-b17d-46b3-a482-2f69bca15936.png,0.3481489956913673,Facenet512,euclidean_l2,13.0,Markus Söder
1657,cdd64e5a-9d6f-4870-a487-c843bcbe020c,die_gruenen,Unknown,die_gruenen_17-09-2021_00:00_video6.jpeg,,,,,,Unknown
1658,01780784-16ab-43d6-9ff8-1ab292c02983,cdu,Unknown,cdu_16-09-2021_00:00_video18.jpeg,,,,,,Unknown
1659,93070c94-b3b9-48f8-ba6a-8dfb2c2c4b8b,abaerbock,Unknown,abaerbock_25-09-2021_00:00_image6.jpeg,,,,,,Unknown
1660,b2d08203-f0aa-41d2-b464-4ec534d8588a,abaerbock,Unknown,abaerbock_25-09-2021_00:00_image6.jpeg,,,,,,Unknown
1661,bcf6b23e-497e-47ea-8a5c-e04392f36ad3,abaerbock,Unknown,abaerbock_25-09-2021_00:00_image6.jpeg,,,,,,Unknown
1662,f95325cd-322d-41c5-8682-eb17885fa366,abaerbock,Annalena Baerbock,abaerbock_25-09-2021_00:00_image6.jpeg,0faf3dc0-e2b6-4b3e-81d6-3c1474fbed58.png,0.8437631857200703,Facenet512,euclidean_l2,5.0,Annalena Baerbock
1663,469857ff-39c9-4f20-ba49-98405109bb88,abaerbock,Unknown,abaerbock_25-09-2021_00:00_image6.jpeg,,,,,,Unknown
1664,6ed13d5d-06bc-4f2e-89a9-c964927a47cb,abaerbock,Unknown,abaerbock_25-09-2021_00:00_image6.jpeg,,,,,,Unknown
1665,bf13a7df-8957-4659-bbe1-f5402a592eb9,abaerbock,Unknown,abaerbock_25-09-2021_00:00_image6.jpeg,,,,,,Unknown
1666,b1f8a23a-c66a-41fa-910c-3b83681ca7a6,armin_laschet,Armin Laschet,armin_laschet_21-09-2021_00:00_image2.jpeg,d0e6d963-6d02-463b-a226-ce3f34b0fcc5.png,0.6837141024540114,Facenet512,euclidean_l2,20.0,Armin Laschet
1667,f2c202a8-788f-477c-b965-6f2914c3eeb7,armin_laschet,Armin Laschet,armin_laschet_21-09-2021_00:00_image2.jpeg,d0e6d963-6d02-463b-a226-ce3f34b0fcc5.png,0.3565467018882486,Facenet512,euclidean_l2,20.0,Armin Laschet
1681,fd81f049-62ec-494d-80c2-14b1e997cfcd,cdu,Unknown,cdu_19-09-2021_00:00_image2.jpeg,,,,,,Unknown
1682,7afcd4b5-0ae8-46d3-b9ec-13402c40239c,cdu,Unknown,cdu_19-09-2021_00:00_image2.jpeg,,,,,,Unknown
1683,58d1e2fd-943a-44ae-980f-d570e91b92da,cdu,Unknown,cdu_19-09-2021_00:00_image2.jpeg,,,,,,Unknown
1684,780b3d2b-f259-44f7-8ae5-100d0fba4aed,cdu,Unknown,cdu_19-09-2021_00:00_image2.jpeg,1e103923-022b-4d3f-a32e-e9c848a00e70.png,0.9935077164467652,Facenet512,euclidean_l2,3.0,Armin Laschet
1685,41b05858-b03b-4c16-bc00-2b513d20bc7f,cdu,Unknown,cdu_19-09-2021_00:00_image2.jpeg,6eea9eca-17f8-4cce-b3dd-7cf5cb345415.png,0.9997940488743252,Facenet512,euclidean_l2,1.0,Armin Laschet
1686,952a670a-2e48-4dae-aeaf-19f83b474949,cdu,Unknown,cdu_19-09-2021_00:00_image2.jpeg,,,,,,Unknown
1687,405e3cd7-5cc7-4261-b46f-5ad3a87edff8,cdu,Unknown,cdu_19-09-2021_00:00_image2.jpeg,,,,,,Unknown
1688,73966cfb-be5c-4d36-b8cd-188a5301c503,cdu,Unknown,cdu_19-09-2021_00:00_image2.jpeg,,,,,,Unknown
1689,3755b4e2-17f3-49c5-a1cd-fde15a5f121c,cdu,Unknown,cdu_19-09-2021_00:00_image2.jpeg,,,,,,Unknown
1690,eaf12a34-591a-4e21-9b15-3ff184234b30,cdu,Unknown,cdu_19-09-2021_00:00_image2.jpeg,,,,,,Unknown
1691,f5fb610a-17c2-4a4b-9375-b11ed8b84e71,cdu,Unknown,cdu_19-09-2021_00:00_image2.jpeg,,,,,,Unknown
1692,544dc5e6-60e6-483c-9f51-7c97b9d8e3ea,cdu,Unknown,cdu_19-09-2021_00:00_image2.jpeg,,,,,,Unknown
1693,bb602363-3e01-46ee-977e-fe683b9fe99c,cdu,Unknown,cdu_19-09-2021_00:00_image2.jpeg,,,,,,Unknown
1694,c6cc9a68-6596-4b3e-94dd-538a364352c7,cdu,Unknown,cdu_19-09-2021_00:00_image2.jpeg,,,,,,Unknown
1695,aad93123-1716-43b6-8e9f-b17f8ee2dd8f,cdu,Unknown,cdu_19-09-2021_00:00_image2.jpeg,,,,,,Unknown
1696,f746a510-ec77-4987-b2a4-31cb436e7101,cdu,Unknown,cdu_19-09-2021_00:00_image2.jpeg,,,,,,Unknown
1697,f1a9ecb6-2823-4b83-9fa4-cf71a0d7b257,cdu,Unknown,cdu_19-09-2021_00:00_image2.jpeg,,,,,,Unknown
1698,f8426454-5843-4407-9330-bc688edf335b,cdu,Unknown,cdu_19-09-2021_00:00_image2.jpeg,,,,,,Unknown
1699,40b92ddb-ef5c-48bb-b787-e3a337afa84a,cdu,Unknown,cdu_19-09-2021_00:00_image2.jpeg,,,,,,Unknown
1700,392524f3-e292-4c44-91c1-ef27f84f0c40,cdu,Unknown,cdu_19-09-2021_00:00_image2.jpeg,,,,,,Unknown
1701,b5423c1b-abec-47a6-88b8-3f118f12de54,cdu,Unknown,cdu_19-09-2021_00:00_image2.jpeg,,,,,,Unknown
1702,5ae02291-86d5-4073-b0ee-bf42aadd0e73,cdu,Unknown,cdu_19-09-2021_00:00_image2.jpeg,,,,,,Unknown
1703,c299dc92-d20c-4d33-829c-4e57868a6e61,cdu,Unknown,cdu_19-09-2021_00:00_image2.jpeg,,,,,,Unknown
1704,6cd9bbb3-e939-40a3-9e88-46a78b89ead4,cdu,Unknown,cdu_19-09-2021_00:00_image2.jpeg,,,,,,Unknown
1705,1ce30cd1-d1a1-4afc-b76a-37d48aa6c213,cdu,Unknown,cdu_19-09-2021_00:00_image2.jpeg,,,,,,Unknown
1706,35867370-b266-40c5-ad4c-c5ae24133c86,cdu,Unknown,cdu_19-09-2021_00:00_image2.jpeg,,,,,,Unknown
1707,141f0de6-fb57-4290-b031-de02eddeb45a,cdu,Unknown,cdu_19-09-2021_00:00_image2.jpeg,,,,,,Unknown
1708,f5c65502-1985-47f9-82b9-9aec4c266b9e,cdu,Unknown,cdu_19-09-2021_00:00_image2.jpeg,,,,,,Unknown
1709,c89088c9-9b9c-44bd-b33e-ed543f097bb8,cdu,Unknown,cdu_19-09-2021_00:00_image2.jpeg,,,,,,Unknown
1710,f0b81834-4832-4300-8a8a-18c011520a3e,cdu,Unknown,cdu_19-09-2021_00:00_image2.jpeg,cc6b3530-cd71-4500-a5fe-d868c449b8d1.png,1.0182110074731838,Facenet512,euclidean_l2,1.0,Armin Laschet
1711,4b580327-d3fa-45ca-a66e-5465f5460fd5,cdu,Unknown,cdu_19-09-2021_00:00_image2.jpeg,1e103923-022b-4d3f-a32e-e9c848a00e70.png,0.9170970565905396,Facenet512,euclidean_l2,4.0,Armin Laschet
1712,16e52837-9ecc-465b-bb26-88b05b3b693b,cdu,Unknown,cdu_19-09-2021_00:00_image2.jpeg,,,,,,Unknown
1713,3c9a85fb-a374-41bc-8a50-8d78f8f13986,cdu,Unknown,cdu_19-09-2021_00:00_image2.jpeg,,,,,,Unknown
1714,ddeedc0f-0886-4405-9229-6f01156a8b0e,cdu,Unknown,cdu_19-09-2021_00:00_image2.jpeg,,,,,,Unknown
1715,8f8fa7d1-dda7-4f37-895c-274eb6d934b5,cdu,Unknown,cdu_19-09-2021_00:00_image2.jpeg,,,,,,Unknown
1716,7cc3d048-91bb-42a3-81af-dc5c1b1037d9,cdu,Unknown,cdu_19-09-2021_00:00_image2.jpeg,,,,,,Unknown
1717,97c598fa-a089-424f-936e-d692fa3c7723,cdu,Unknown,cdu_19-09-2021_00:00_image2.jpeg,,,,,,Unknown
1718,3b8466b8-a78f-4231-8ff4-5feec370daad,cdu,Unknown,cdu_19-09-2021_00:00_image2.jpeg,,,,,,Unknown
1719,da832f4f-716e-4973-be6b-b975d169259d,cdu,Unknown,cdu_19-09-2021_00:00_image2.jpeg,,,,,,Unknown
1720,d4a65239-29f6-4367-bc1c-709558b1b8dd,cdu,Unknown,cdu_19-09-2021_00:00_image2.jpeg,872af970-553e-4d30-abdc-252f937b8d70.png,0.9668573352514798,Facenet512,euclidean_l2,2.0,Armin Laschet
1721,2879cad2-2767-4f69-9ed9-15704f5d51c4,cdu,Unknown,cdu_19-09-2021_00:00_image2.jpeg,,,,,,Unknown
1722,e8b906ec-5981-48a7-a208-801bd2cf5457,cdu,Unknown,cdu_19-09-2021_00:00_image2.jpeg,,,,,,Unknown
1723,2e22b9b5-79bb-4d8d-a93a-369995366043,cdu,Unknown,cdu_19-09-2021_00:00_image2.jpeg,,,,,,Unknown
1724,c09a8cc5-0d99-40c0-a7dc-077f5f47952b,cdu,Unknown,cdu_19-09-2021_00:00_image2.jpeg,,,,,,Unknown
1725,baabbad9-8afd-492b-ba9c-240bddf5bae8,cdu,Unknown,cdu_19-09-2021_00:00_image2.jpeg,,,,,,Unknown
1726,e1189cd5-f4a0-4fd0-9cfa-79a770644144,cdu,Unknown,cdu_19-09-2021_00:00_image2.jpeg,,,,,,Unknown
1727,b095e147-b132-489f-9592-965075a357a8,cdu,Unknown,cdu_19-09-2021_00:00_image2.jpeg,,,,,,Unknown
1728,c1edae13-9b71-47ca-9672-0f86d603baef,cdu,Unknown,cdu_19-09-2021_00:00_image2.jpeg,,,,,,Unknown
1729,3c1ae5b0-e5c3-41bf-b679-55b69db21eb2,cdu,Unknown,cdu_19-09-2021_00:00_image2.jpeg,,,,,,Unknown
1730,df5d191e-2975-4a31-afd0-70bd6e9a7ed9,cdu,Unknown,cdu_19-09-2021_00:00_image2.jpeg,,,,,,Unknown
1731,88112c0b-e630-4d6b-a525-976c607bb470,cdu,Unknown,cdu_19-09-2021_00:00_image2.jpeg,,,,,,Unknown
1732,8e6bc659-2e48-4977-b50c-9a0bf070179b,cdu,Unknown,cdu_19-09-2021_00:00_image2.jpeg,,,,,,Unknown
1733,3f0cbb1a-2e2d-4423-bcc5-3eed3908c30d,cdu,Unknown,cdu_19-09-2021_00:00_image2.jpeg,,,,,,Unknown
1739,dddbe129-eec3-4922-9ab7-adb5c50ff895,abaerbock,Annalena Baerbock,abaerbock_23-09-2021_00:00_image15.jpeg,dded1da1-82ba-453b-8736-9ef3e81ab387.png,0.745683785036273,Facenet512,euclidean_l2,13.0,Annalena Baerbock
1740,7bb12c31-bf09-4e2e-8a60-6693c46b7b4e,abaerbock,Unknown,abaerbock_23-09-2021_00:00_image15.jpeg,,,,,,Unknown
1741,47d75dd7-3dda-4b81-a0e7-68becaeeda9c,abaerbock,Unknown,abaerbock_23-09-2021_00:00_image15.jpeg,,,,,,Unknown
1742,ec2d0f17-0682-43a1-a9ae-8c8fa5b752bf,abaerbock,Unknown,abaerbock_23-09-2021_00:00_image15.jpeg,,,,,,Unknown
1743,07b5e5ea-5c9e-4e15-9958-8bd8d0ac3e8c,abaerbock,Unknown,abaerbock_23-09-2021_00:00_image15.jpeg,,,,,,Unknown
1744,6ecfcadf-8017-4393-b23c-a22938a269b2,abaerbock,Unknown,abaerbock_23-09-2021_00:00_image15.jpeg,,,,,,Unknown
1745,844647e4-7073-44cb-943d-f6edbaa4c3ea,abaerbock,Unknown,abaerbock_23-09-2021_00:00_image15.jpeg,,,,,,Unknown
1746,c6ed9c4f-943e-46f9-8e97-b9397d5cb1b9,abaerbock,Unknown,abaerbock_23-09-2021_00:00_image15.jpeg,,,,,,Unknown
1747,c3dd0eba-f871-4578-acfa-853ca1c964f2,abaerbock,Unknown,abaerbock_21-09-2021_00:00_image15.jpeg,,,,,,Unknown
1748,409546bd-0ed2-49c4-8eae-f647656a5619,abaerbock,Unknown,abaerbock_21-09-2021_00:00_image15.jpeg,,,,,,Unknown
1749,3e474615-833f-4a21-8cd6-a1f3faca9339,abaerbock,Unknown,abaerbock_21-09-2021_00:00_image15.jpeg,,,,,,Unknown
1750,340cf59f-19ec-4dae-adc5-71e07ad997d0,olafscholz,Unknown,olafscholz_26-09-2021_00:00_image2.jpeg,,,,,,Unknown
1751,ef7d4738-0d92-466d-ac93-703e82765c6d,olafscholz,Unknown,olafscholz_26-09-2021_00:00_image2.jpeg,,,,,,Unknown
1752,e1320e5a-6077-4212-8c38-3a784a150871,olafscholz,Unknown,olafscholz_26-09-2021_00:00_image2.jpeg,,,,,,Unknown
1753,81b61170-2919-445a-928b-f6710858b301,olafscholz,Unknown,olafscholz_26-09-2021_00:00_image2.jpeg,,,,,,Unknown
1754,8ce75519-abb7-4fda-a571-e7a5d5c69375,olafscholz,Unknown,olafscholz_26-09-2021_00:00_image2.jpeg,,,,,,Unknown
1755,f96e0603-d03b-4d1b-979c-de3606f473e9,olafscholz,Unknown,olafscholz_26-09-2021_00:00_image2.jpeg,,,,,,Unknown
1756,17e33318-a993-4757-b2f8-a626716919b6,olafscholz,Olaf Scholz,olafscholz_26-09-2021_00:00_image2.jpeg,82f4d29e-1d17-4672-b015-52009fda2a23.png,0.7068465335742029,Facenet512,euclidean_l2,19.0,Olaf Scholz
1757,8e31aa23-aa2d-4d93-b805-f0e27650881d,olafscholz,Olaf Scholz,olafscholz_26-09-2021_00:00_image2.jpeg,7283a49c-fba4-43e9-9a0b-a767ea44c1c0.png,0.866825565686907,Facenet512,euclidean_l2,15.0,Olaf Scholz
1760,126da237-e7c5-45a8-b45f-37be889e2d78,olafscholz,Olaf Scholz,olafscholz_21-09-2021_00:00_image4.jpeg,c27ee252-e37c-4074-92b5-20e300431107.png,0.4299607959166159,Facenet512,euclidean_l2,20.0,Olaf Scholz
1761,c251933f-31db-4e40-886e-4e7f20d82d86,olafscholz,Unknown,olafscholz_21-09-2021_00:00_image4.jpeg,,,,,,Unknown
1796,735046d5-2954-45b4-ad17-c7bbea8f80b7,armin_laschet,Armin Laschet,armin_laschet_18-09-2021_00:00_video2.jpeg,,,,,,Unknown
1799,3c9a8245-fe02-45e1-a27f-e2d20674c5c6,christianlindner,Christian Lindner,christianlindner_26-09-2021_00:00_image0.jpeg,,,,,,Unknown
1800,77354c0f-4d88-497f-a231-19ad0fe750fc,christianlindner,Unknown,christianlindner_26-09-2021_00:00_image0.jpeg,,,,,,Unknown
1801,447d7c99-7bb0-486b-8184-3a8f06c11ece,christianlindner,Unknown,christianlindner_26-09-2021_00:00_image0.jpeg,,,,,,Unknown
1802,74f2849e-9a04-45cf-8eac-41aea87db59a,christianlindner,Unknown,christianlindner_26-09-2021_00:00_image0.jpeg,,,,,,Unknown
1803,b96249b1-d9da-4fb6-a2a3-e3f3234afbd8,christianlindner,Unknown,christianlindner_26-09-2021_00:00_image0.jpeg,,,,,,Unknown
1804,45f7e95c-4429-4542-b272-0a8653440051,christianlindner,Unknown,christianlindner_26-09-2021_00:00_image0.jpeg,,,,,,Unknown
1805,4d03154a-7d5d-4824-a9fa-db000431d7c7,christianlindner,Unknown,christianlindner_26-09-2021_00:00_image0.jpeg,,,,,,Unknown
1806,d63c43a8-85e6-446e-a049-7dbd15371c18,christianlindner,Unknown,christianlindner_26-09-2021_00:00_image0.jpeg,,,,,,Unknown
1807,9dd2353a-1e75-44a0-89ec-efb6e356c867,christianlindner,Unknown,christianlindner_26-09-2021_00:00_image0.jpeg,,,,,,Unknown
1808,37880c60-9a64-4ad7-b552-89cb5a98c202,christianlindner,Unknown,christianlindner_26-09-2021_00:00_image0.jpeg,,,,,,Unknown
1809,28c93af8-1642-4d15-b237-8b86c954a5fb,christianlindner,Unknown,christianlindner_26-09-2021_00:00_image0.jpeg,,,,,,Unknown
1810,a78d2a25-4631-4c85-b37d-4a3fed23e2e2,christianlindner,Unknown,christianlindner_26-09-2021_00:00_image0.jpeg,,,,,,Unknown
1811,7519c523-29aa-4802-96c9-3b053c0ffbba,christianlindner,Unknown,christianlindner_26-09-2021_00:00_image0.jpeg,,,,,,Unknown
1812,410589c4-2d9c-44e0-b3c3-6e5f291ba620,christianlindner,Unknown,christianlindner_26-09-2021_00:00_image0.jpeg,,,,,,Unknown
1813,a9566331-300e-4798-bc11-744f0e88a030,christianlindner,Unknown,christianlindner_26-09-2021_00:00_image0.jpeg,,,,,,Unknown
1814,6f94dc76-f2f5-462d-b20b-6d4c4cf4a4e8,christianlindner,Unknown,christianlindner_26-09-2021_00:00_image0.jpeg,,,,,,Unknown
1815,bfbb9236-0ac8-4e3f-b9d6-037ed8ff8f35,christianlindner,Unknown,christianlindner_26-09-2021_00:00_image0.jpeg,,,,,,Unknown
1816,adb5e467-6977-4edb-afd3-414b53170d88,cdu,Unknown,cdu_20-09-2021_00:00_video29.jpeg,,,,,,Unknown
1817,575dab7e-49b3-4e6a-80b4-d9a4374203be,cdu,Unknown,cdu_13-09-2021_00:00_video8.jpeg,,,,,,Unknown
1818,0bbd155d-9ee6-49d6-bdc7-ffda69858496,cdu,Unknown,cdu_13-09-2021_00:00_video8.jpeg,,,,,,Unknown
1819,9d1b9b75-2be6-4750-b82f-8797333c026a,cdu,Unknown,cdu_13-09-2021_00:00_video8.jpeg,,,,,,Unknown
1820,791dd6f4-f22b-4a86-88f0-172abe4824dc,abaerbock,Unknown,abaerbock_18-09-2021_00:00_image14.jpeg,,,,,,Unknown
1821,845e04fe-6ed6-4706-a4e3-fb05b4692c39,abaerbock,Unknown,abaerbock_17-09-2021_00:00_image2.jpeg,,,,,,Unknown
1822,2205b453-7ec2-4b51-add7-406d382af511,abaerbock,Unknown,abaerbock_17-09-2021_00:00_image2.jpeg,,,,,,Unknown
1823,52560ecc-0700-434d-af7a-11ae0030cc9d,abaerbock,Unknown,abaerbock_17-09-2021_00:00_image2.jpeg,,,,,,Unknown
1824,2bad7c85-d626-466a-9abd-274237713eaa,abaerbock,Unknown,abaerbock_17-09-2021_00:00_image2.jpeg,,,,,,Unknown
1826,12c37257-94b7-428f-91f1-fb9971779162,armin_laschet,Armin Laschet,armin_laschet_17-09-2021_00:00_video17.jpeg,,,,,,Unknown
1827,66e1a329-70e3-4d69-870f-218ff028a654,markus.soeder,Markus Söder,markus.soeder_23-09-2021_00:00_image1.jpeg,732bdb01-2da9-438e-9b36-04c89ad1eea4.png,0.4847466178520573,Facenet512,euclidean_l2,13.0,Markus Söder
1828,43de190c-d374-4264-a837-718119d9f64a,markus.soeder,Markus Söder,markus.soeder_23-09-2021_00:00_image1.jpeg,aef8776f-6cb2-461e-aa5f-26798f3b263e.png,0.7266321110421503,Facenet512,euclidean_l2,13.0,Markus Söder
1846,efe33e59-ed56-47bd-aaa5-a8b5eb057f72,christianlindner,Unknown,christianlindner_26-09-2021_00:00_video0.jpeg,,,,,,Unknown
1847,d96e7dcc-27ac-47ab-9da2-fe4356fecf7b,christianlindner,Unknown,christianlindner_26-09-2021_00:00_video0.jpeg,,,,,,Unknown
1848,66892d25-9717-4ac4-b512-492ac38a62d8,christianlindner,Unknown,christianlindner_26-09-2021_00:00_video0.jpeg,,,,,,Unknown
1851,2b857bc9-e6a7-49d2-b570-a07452d5781d,christlichsozialeunion,Markus Söder,christlichsozialeunion_18-09-2021_00:00_video17.jpeg,49bdb61e-e0b0-4666-9cf0-5c7ab16b2516.png,0.873116832832562,Facenet512,euclidean_l2,7.0,Markus Söder
1852,59675c40-2e35-460f-988f-f015ca3a2f2c,christlichsozialeunion,Unknown,christlichsozialeunion_18-09-2021_00:00_video17.jpeg,,,,,,Unknown
1853,e8252f7f-95b3-48df-ae0c-f360d8524a98,christlichsozialeunion,Unknown,christlichsozialeunion_18-09-2021_00:00_video17.jpeg,,,,,,Unknown
1854,fcdfa149-1f91-479e-ba67-b6b9e7bf617d,christlichsozialeunion,Unknown,christlichsozialeunion_18-09-2021_00:00_video17.jpeg,,,,,,Unknown
1855,12accb6e-9b20-4c3a-a18d-6f1224db0ece,christlichsozialeunion,Unknown,christlichsozialeunion_18-09-2021_00:00_video17.jpeg,,,,,,Unknown
1856,222aadbe-fa6c-4b2f-b336-d117683e032d,christlichsozialeunion,Unknown,christlichsozialeunion_18-09-2021_00:00_video17.jpeg,,,,,,Unknown
1857,8849e884-1677-46dd-9d4d-6c1691545c52,christlichsozialeunion,Unknown,christlichsozialeunion_18-09-2021_00:00_video17.jpeg,,,,,,Unknown
1866,a93c2207-ea73-4119-b197-648b1fe0c34f,markus.soeder,Markus Söder,markus.soeder_17-09-2021_00:00_image0.jpeg,8cc74ed4-1eaf-489c-8072-432287400d9b.png,0.8113953429830553,Facenet512,euclidean_l2,12.0,Markus Söder
1867,4a787394-6e25-4578-99a4-c2b4bbcfaf43,markus.soeder,Markus Söder,markus.soeder_17-09-2021_00:00_image0.jpeg,2e3825be-7e0c-4e62-b2c7-b9aea0bcb158.png,0.5774330568413443,Facenet512,euclidean_l2,13.0,Markus Söder
1871,4844e432-c704-415b-a173-69c7225817f8,armin_laschet,Unknown,armin_laschet_17-09-2021_00:00_image5.jpeg,,,,,,Unknown
1872,750f01db-f9a9-4dc6-a251-24f83f9fc633,armin_laschet,Unknown,armin_laschet_17-09-2021_00:00_image5.jpeg,,,,,,Unknown
1873,7fa638f7-8e65-4c05-883a-2d1e4b4ff882,armin_laschet,Unknown,armin_laschet_17-09-2021_00:00_image5.jpeg,,,,,,Unknown
1874,ce0404ff-b4d3-4b9c-b324-f733eed68372,armin_laschet,Unknown,armin_laschet_17-09-2021_00:00_image5.jpeg,,,,,,Unknown
1875,efab867d-cb2f-4e7d-8b06-6123265f61e0,armin_laschet,Unknown,armin_laschet_17-09-2021_00:00_image5.jpeg,,,,,,Unknown
1876,0c49cca9-ab2c-40f9-b174-253304265517,armin_laschet,Unknown,armin_laschet_17-09-2021_00:00_image5.jpeg,,,,,,Unknown
1877,16631e81-5083-49f8-9968-065f8142ffc5,armin_laschet,Unknown,armin_laschet_17-09-2021_00:00_image5.jpeg,,,,,,Unknown
1878,807dc89d-8329-4122-8be7-52690bc1b17a,armin_laschet,Unknown,armin_laschet_17-09-2021_00:00_image5.jpeg,,,,,,Unknown
1883,f5a2cd2d-3484-41da-8238-b369a90291a6,spdde,Unknown,spdde_26-09-2021_00:00_image5.jpeg,,,,,,Unknown
1884,d2371233-506b-400e-bce2-5005c2cdc366,spdde,Unknown,spdde_26-09-2021_00:00_image5.jpeg,,,,,,Unknown
1885,72ba261e-aac1-4b62-a314-4ea963df9c5a,spdde,Unknown,spdde_26-09-2021_00:00_image5.jpeg,,,,,,Unknown
1886,5875ea80-fa60-4b71-801c-e009caeb7559,olafscholz,Olaf Scholz,olafscholz_19-09-2021_00:00_image4.jpeg,scholz_olaf.jpeg,0.865660011431037,Facenet512,euclidean_l2,14.0,Olaf Scholz
1887,a3778ae5-ccf2-4725-bc8d-2bb8ddc045e3,christlichsozialeunion,Unknown,christlichsozialeunion_25-09-2021_00:00_video15.jpeg,,,,,,Unknown
1888,085c06b4-0243-4028-8255-9e8a1579421c,christlichsozialeunion,Unknown,christlichsozialeunion_25-09-2021_00:00_video15.jpeg,,,,,,Unknown
1889,aa303e32-3956-4b19-994a-e7ce97ef1b06,christlichsozialeunion,Unknown,christlichsozialeunion_21-09-2021_00:00_image2.jpeg,aef8776f-6cb2-461e-aa5f-26798f3b263e.png,1.0283680141490712,Facenet512,euclidean_l2,1.0,Markus Söder
1890,84b7a1ef-9608-4403-b7d0-a2c56d9daca2,christlichsozialeunion,Unknown,christlichsozialeunion_21-09-2021_00:00_image2.jpeg,,,,,,Unknown
1891,6a4e5259-8215-461d-b386-a6b428f5744f,christlichsozialeunion,Markus Söder,christlichsozialeunion_21-09-2021_00:00_image2.jpeg,aef8776f-6cb2-461e-aa5f-26798f3b263e.png,0.6990514952138742,Facenet512,euclidean_l2,13.0,Markus Söder
1892,d3ea40ab-2049-4c2f-9dd8-288132dd5243,christlichsozialeunion,Unknown,christlichsozialeunion_21-09-2021_00:00_image2.jpeg,,,,,,Unknown
1893,7514000f-c186-4f44-8fce-f48912ffc2e8,christlichsozialeunion,Unknown,christlichsozialeunion_21-09-2021_00:00_image2.jpeg,,,,,,Unknown
1894,636b8c1f-a546-48bd-85a3-efaf70c9051d,christlichsozialeunion,Unknown,christlichsozialeunion_21-09-2021_00:00_image2.jpeg,,,,,,Unknown
1895,a5d94db9-228d-4c44-bb23-4c3988334585,christlichsozialeunion,Unknown,christlichsozialeunion_21-09-2021_00:00_image2.jpeg,soeder.jpeg,0.9840261261356408,Facenet512,euclidean_l2,3.0,Markus Söder
1896,25c60b2c-3668-47d5-ac77-96f0946722d9,abaerbock,Annalena Baerbock,abaerbock_14-09-2021_00:00_image10.jpeg,,,,,,Unknown
1897,a74dc7d0-7d21-4771-a3fe-524d6803d31d,abaerbock,Unknown,abaerbock_14-09-2021_00:00_image10.jpeg,,,,,,Unknown
1899,f2e7199c-f946-41d0-99eb-347bd692e535,abaerbock,Unknown,abaerbock_26-09-2021_00:00_image6.jpeg,,,,,,Unknown
1900,77579d1e-b682-44f3-8095-c4b9e3f696ad,abaerbock,Annalena Baerbock,abaerbock_26-09-2021_00:00_image6.jpeg,820608e2-840e-4850-b527-36c922284188.png,0.8852781969700206,Facenet512,euclidean_l2,12.0,Annalena Baerbock
1901,bb269ac1-4e7e-44a4-b2f0-7b662d39c954,abaerbock,Unknown,abaerbock_26-09-2021_00:00_image6.jpeg,,,,,,Unknown
1902,4852a716-2d9b-4262-b864-369eb204fec2,abaerbock,Unknown,abaerbock_26-09-2021_00:00_image6.jpeg,,,,,,Unknown
1903,8f46e303-62d8-4dee-b258-2f51a81c5caf,abaerbock,Unknown,abaerbock_26-09-2021_00:00_image6.jpeg,,,,,,Unknown
1904,f6008353-148b-43a4-b4d1-b95595dd454a,abaerbock,Unknown,abaerbock_26-09-2021_00:00_image6.jpeg,,,,,,Unknown
1905,6f713ab7-7076-491c-b80f-45f54dce3a85,olafscholz,Unknown,olafscholz_25-09-2021_00:00_image0.jpeg,,,,,,Unknown
1906,4eeee462-773d-4c0b-9202-cd41fd9c8678,olafscholz,Unknown,olafscholz_25-09-2021_00:00_image0.jpeg,,,,,,Unknown
1907,951f0981-8f91-449f-9a19-8b0ff2b93ee4,olafscholz,Unknown,olafscholz_25-09-2021_00:00_image0.jpeg,,,,,,Unknown
1908,45336af0-4dad-4536-8b72-7588ac0c1e3b,olafscholz,Unknown,olafscholz_25-09-2021_00:00_image0.jpeg,,,,,,Unknown
1909,3c14cdfc-757c-457f-8b6f-52bb9cdc5b12,olafscholz,Unknown,olafscholz_25-09-2021_00:00_image0.jpeg,,,,,,Unknown
1910,30a20494-de33-4dac-8a11-da43b344b23f,olafscholz,Unknown,olafscholz_25-09-2021_00:00_image0.jpeg,,,,,,Unknown
1911,39444d42-a384-4f08-ac7f-2ece822dcd2a,olafscholz,Unknown,olafscholz_25-09-2021_00:00_image0.jpeg,,,,,,Unknown
1912,a581d437-e4c2-42a2-be8a-067c606ef1c1,olafscholz,Unknown,olafscholz_25-09-2021_00:00_image0.jpeg,,,,,,Unknown
1913,41caf6df-1872-4ba9-a6f1-d6b75bb18d4e,olafscholz,Unknown,olafscholz_25-09-2021_00:00_image0.jpeg,,,,,,Unknown
1914,40ab01c4-6288-41e8-bbce-749faf8d292c,olafscholz,Unknown,olafscholz_25-09-2021_00:00_image0.jpeg,,,,,,Unknown
1915,7753bdd0-6aa3-4e54-9449-f3c2304a5fb1,olafscholz,Unknown,olafscholz_25-09-2021_00:00_image0.jpeg,,,,,,Unknown
1916,8ddec6e9-f838-4918-bfb7-8c3948583771,olafscholz,Unknown,olafscholz_25-09-2021_00:00_image0.jpeg,,,,,,Unknown
1917,665da823-6b59-44c0-94ff-fd122e835b13,olafscholz,Unknown,olafscholz_25-09-2021_00:00_image0.jpeg,,,,,,Unknown
1918,ef8268dc-4821-4af3-a75a-5b3e33dcaa11,olafscholz,Unknown,olafscholz_25-09-2021_00:00_image0.jpeg,,,,,,Unknown
1919,9fe3d37c-67c5-471b-a643-b467b3ac5f04,olafscholz,Unknown,olafscholz_25-09-2021_00:00_image0.jpeg,,,,,,Unknown
1920,2fa4ce3c-20b0-40ef-aa73-8b54060fa628,olafscholz,Unknown,olafscholz_25-09-2021_00:00_image0.jpeg,,,,,,Unknown
1921,d329a871-a984-4f6e-acc5-fc5f018065f5,olafscholz,Unknown,olafscholz_25-09-2021_00:00_image0.jpeg,,,,,,Unknown
1922,75bbd94b-d11d-445b-8c6d-783c1f320a3f,olafscholz,Unknown,olafscholz_25-09-2021_00:00_image0.jpeg,,,,,,Unknown
1923,2f9f8846-6d08-4140-9e9e-f94a1645ea50,cdu,Unknown,cdu_19-09-2021_00:00_image8.jpeg,,,,,,Unknown
1924,cac0b6db-5993-4691-b67d-210661c0df74,cdu,Unknown,cdu_19-09-2021_00:00_image8.jpeg,,,,,,Unknown
1925,7c12a1e5-71c5-4b9a-82c8-c78edfe94b84,cdu,Unknown,cdu_19-09-2021_00:00_image8.jpeg,,,,,,Unknown
1926,30e97ea4-1d75-4680-95d8-0f72ab538b80,cdu,Unknown,cdu_19-09-2021_00:00_image8.jpeg,,,,,,Unknown
1927,2738fa33-4001-4cde-bef5-4ebcd4fcaf48,cdu,Unknown,cdu_19-09-2021_00:00_image8.jpeg,,,,,,Unknown
1928,c690c893-503a-49ea-9292-a1a38531cb21,cdu,Unknown,cdu_19-09-2021_00:00_image8.jpeg,,,,,,Unknown
1929,0a769797-a899-4405-8632-82438bc7118c,cdu,Unknown,cdu_19-09-2021_00:00_image8.jpeg,,,,,,Unknown
1930,c8074a0a-041a-4829-bab5-d8463dc3102c,cdu,Unknown,cdu_19-09-2021_00:00_image8.jpeg,,,,,,Unknown
1931,c33b1bfc-de12-4a8c-ab4a-0e26ce42e4ea,cdu,Unknown,cdu_19-09-2021_00:00_image8.jpeg,,,,,,Unknown
1932,9426240f-9d87-4069-9b54-a82cac39de06,cdu,Unknown,cdu_19-09-2021_00:00_image8.jpeg,,,,,,Unknown
1933,613dab96-88ec-4687-9e52-f1517901ceb6,cdu,Unknown,cdu_19-09-2021_00:00_image8.jpeg,,,,,,Unknown
1934,de3ca8ff-f560-4379-8daf-be745c1fa124,cdu,Unknown,cdu_19-09-2021_00:00_image8.jpeg,,,,,,Unknown
1935,f316a8ec-1412-478d-90cc-0f5306b2ebfe,cdu,Unknown,cdu_19-09-2021_00:00_image8.jpeg,6eea9eca-17f8-4cce-b3dd-7cf5cb345415.png,1.0194344447117627,Facenet512,euclidean_l2,1.0,Armin Laschet
1936,5262a909-ccb7-4a45-8611-5b48a553653e,cdu,Unknown,cdu_19-09-2021_00:00_image8.jpeg,,,,,,Unknown
1937,2c1e1d91-648c-4a13-bd1f-b3e80e708ff5,cdu,Unknown,cdu_19-09-2021_00:00_image8.jpeg,,,,,,Unknown
1938,c69c9159-44af-40a9-a908-6f7ce4a67623,cdu,Unknown,cdu_19-09-2021_00:00_image8.jpeg,,,,,,Unknown
1939,8ea0eaa8-d2ae-45a7-b216-1161f940b47b,cdu,Unknown,cdu_19-09-2021_00:00_image8.jpeg,,,,,,Unknown
1940,20500101-ed73-49aa-944f-ec56ed0cdeb2,cdu,Unknown,cdu_19-09-2021_00:00_image8.jpeg,,,,,,Unknown
1941,a06bbfbe-301c-4877-8ede-73368fef7237,cdu,Unknown,cdu_19-09-2021_00:00_image8.jpeg,,,,,,Unknown
1942,fb250abf-ff60-4c3e-b2a6-4999ee032076,cdu,Unknown,cdu_19-09-2021_00:00_image8.jpeg,,,,,,Unknown
1943,508945fa-3a67-418d-81c1-9cdb511934cb,cdu,Unknown,cdu_19-09-2021_00:00_image8.jpeg,,,,,,Unknown
1944,931d4855-42de-473f-bf78-7b494302e9fb,cdu,Unknown,cdu_19-09-2021_00:00_image8.jpeg,1bd44b42-05b1-4e5e-9ecf-b19872c3a776.png,1.0133585084714054,Facenet512,euclidean_l2,2.0,Armin Laschet
1945,fef26bda-416f-480a-8a09-114e00074747,cdu,Unknown,cdu_19-09-2021_00:00_image8.jpeg,,,,,,Unknown
1946,771a241a-3293-4149-8b1d-d7e9825722c4,cdu,Unknown,cdu_19-09-2021_00:00_image8.jpeg,,,,,,Unknown
1947,dec430eb-ce20-46e5-8ee8-785e4a4d217f,cdu,Unknown,cdu_19-09-2021_00:00_image8.jpeg,,,,,,Unknown
1948,b7248507-29ab-4253-b7fe-103b153bafa6,cdu,Unknown,cdu_19-09-2021_00:00_image8.jpeg,,,,,,Unknown
1949,642ee5a0-0265-4776-885a-84c4cf6cb048,cdu,Unknown,cdu_19-09-2021_00:00_image8.jpeg,,,,,,Unknown
1950,93032ad3-5aaf-4059-b908-fb907a315243,cdu,Unknown,cdu_19-09-2021_00:00_image8.jpeg,,,,,,Unknown
1951,5accd32b-39bc-4093-b061-f805b1fb0c69,cdu,Unknown,cdu_19-09-2021_00:00_image8.jpeg,,,,,,Unknown
1952,3d0f309e-31e8-4ca1-a343-e833e47d3e38,cdu,Unknown,cdu_19-09-2021_00:00_image8.jpeg,,,,,,Unknown
1953,c5d3592a-1246-40fa-a614-2af96444c816,cdu,Unknown,cdu_19-09-2021_00:00_image8.jpeg,,,,,,Unknown
1954,ae3373e9-ce0e-452b-aea9-95f6206c1f90,cdu,Unknown,cdu_19-09-2021_00:00_image8.jpeg,,,,,,Unknown
1960,a22ba2de-ca85-46d4-b60e-aeca70bf3bca,olafscholz,Unknown,olafscholz_25-09-2021_00:00_video0.jpeg,,,,,,Unknown
1961,0900fee6-0b9d-450e-a881-364b3c9ead14,olafscholz,Unknown,olafscholz_25-09-2021_00:00_video0.jpeg,,,,,,Unknown
1963,7cc08ae1-1930-4cda-bec1-f6d2caa199ac,fdp,Unknown,fdp_22-09-2021_00:00_video0.jpeg,,,,,,Unknown
1964,a9d473d6-75c0-442e-b352-69176dec1e6e,fdp,Unknown,fdp_22-09-2021_00:00_video0.jpeg,,,,,,Unknown
1967,5cfe099c-757f-4a27-a9d8-58f03b5eb40f,armin_laschet,Unknown,armin_laschet_23-09-2021_00:00_video14.jpeg,,,,,,Unknown
1968,40270beb-3559-48d0-a494-a41f6b315bdd,armin_laschet,Armin Laschet,armin_laschet_23-09-2021_00:00_video14.jpeg,,,,,,Unknown
1969,be52586a-0415-4c71-ac2c-80a4704e5ef2,armin_laschet,Unknown,armin_laschet_23-09-2021_00:00_video14.jpeg,,,,,,Unknown
1973,f22225b2-d2bc-4dfb-a796-58e04a18d92e,abaerbock,Annalena Baerbock,abaerbock_14-09-2021_00:00_video2.jpeg,,,,,,Unknown
1974,780e10de-5520-4bd1-98bc-17f4b3f694c0,abaerbock,Unknown,abaerbock_14-09-2021_00:00_video2.jpeg,,,,,,Unknown
1975,6a0f5335-f77e-4cfa-aed0-39082f3bb620,abaerbock,Unknown,abaerbock_14-09-2021_00:00_video2.jpeg,,,,,,Unknown
1976,89dffc89-878a-4870-a5c9-44b852a431cf,abaerbock,Unknown,abaerbock_14-09-2021_00:00_video2.jpeg,,,,,,Unknown
1977,e6cf2a94-8699-4a05-b078-58936d56aa07,abaerbock,Unknown,abaerbock_14-09-2021_00:00_video2.jpeg,,,,,,Unknown
1978,da04cb26-9fcb-4520-8a9f-4a4023d0bbfb,abaerbock,Unknown,abaerbock_14-09-2021_00:00_video2.jpeg,,,,,,Unknown
1979,aa136a24-20ff-4988-95d0-ef63fdc2d661,die_gruenen,Annalena Baerbock,die_gruenen_17-09-2021_00:00_image7.jpeg,8ecf25a6-4fe7-4768-ab40-bbf7ce516bd2.png,0.155931370759451,Facenet512,euclidean_l2,13.0,Annalena Baerbock
1980,95a7b3b6-1aee-4062-bd27-f63d839d2cf5,cdu,Armin Laschet,cdu_25-09-2021_00:00_video8.jpeg,d0e6d963-6d02-463b-a226-ce3f34b0fcc5.png,0.6146210409207556,Facenet512,euclidean_l2,18.0,Armin Laschet
1981,90683348-332a-4409-98a0-d4d4b340c1b5,cdu,Armin Laschet,cdu_25-09-2021_00:00_video8.jpeg,cc6b3530-cd71-4500-a5fe-d868c449b8d1.png,1.013373108209024,Facenet512,euclidean_l2,1.0,Armin Laschet
1982,9c6a1732-7bc8-4d8d-a264-215e3041a318,christlichsozialeunion,Unknown,christlichsozialeunion_17-09-2021_00:00_video4.jpeg,,,,,,Unknown
1983,c2b2fc63-3896-4d85-8310-b5111f94bcb9,spdde,Unknown,spdde_25-09-2021_00:00_video7.jpeg,,,,,,Unknown
1984,add0e6f6-9b2e-40cd-b70a-683c60481a6d,spdde,Olaf Scholz,spdde_25-09-2021_00:00_video7.jpeg,82f4d29e-1d17-4672-b015-52009fda2a23.png,0.6404170335295292,Facenet512,euclidean_l2,20.0,Olaf Scholz
1985,67fb33d0-dd9e-476b-8783-52af33892bbf,spdde,Unknown,spdde_25-09-2021_00:00_video7.jpeg,,,,,,Unknown
1986,4f2604c5-ed68-4d1b-9dd3-4b947f82b330,spdde,Olaf Scholz,spdde_25-09-2021_00:00_video7.jpeg,82f4d29e-1d17-4672-b015-52009fda2a23.png,0.9271200165334764,Facenet512,euclidean_l2,8.0,Olaf Scholz
1987,f77dc3ba-9226-4da2-850e-3aad6f53c041,spdde,Olaf Scholz,spdde_25-09-2021_00:00_video7.jpeg,9bc42743-ba76-4b29-8ae3-88daa99f6988.png,0.9090614361006084,Facenet512,euclidean_l2,2.0,Olaf Scholz
1988,2f9a3cd4-5012-4c03-83df-3ac284139fd5,die_gruenen,Unknown,die_gruenen_25-09-2021_00:00_video22.jpeg,,,,,,Unknown
1989,5a2cb5a2-30d7-4128-96e8-356bfb7e9fae,die_gruenen,Unknown,die_gruenen_25-09-2021_00:00_video22.jpeg,,,,,,Unknown
1990,4c81139e-6d86-401b-a4d4-92f2195ea571,die_gruenen,Unknown,die_gruenen_25-09-2021_00:00_video22.jpeg,,,,,,Unknown
1991,be826884-f0a5-4bfa-8d36-6db6bc35d229,die_gruenen,Unknown,die_gruenen_25-09-2021_00:00_video22.jpeg,,,,,,Unknown
1992,10c5f857-c4b3-4a4f-bfdb-8b1b1434ac2c,die_gruenen,Unknown,die_gruenen_25-09-2021_00:00_video22.jpeg,,,,,,Unknown
1993,9d516590-9147-4f6e-99a7-fc50cee2b7ce,abaerbock,Annalena Baerbock,abaerbock_24-09-2021_00:00_image2.jpeg,b5ea8be6-69b9-4fdb-8813-88f307903fb4.png,0.5372001695422816,Facenet512,euclidean_l2,13.0,Annalena Baerbock
1994,1436a2ef-9acc-44f9-8fd4-aa2a8f55a633,abaerbock,Unknown,abaerbock_24-09-2021_00:00_image2.jpeg,,,,,,Unknown
1995,e7e11462-3934-4cdf-a0f1-a2e6296ec23a,abaerbock,Unknown,abaerbock_24-09-2021_00:00_image2.jpeg,,,,,,Unknown
1996,ce3274f5-5e79-4f97-b230-5b186ce32320,cdu,Unknown,cdu_20-09-2021_00:00_video1.jpeg,,,,,,Unknown
1997,d4750615-1f0c-46d2-989e-423ad5616f8f,cdu,Unknown,cdu_20-09-2021_00:00_video1.jpeg,,,,,,Unknown
1998,86e6658b-384f-4b18-9e69-f235eab57de1,abaerbock,Unknown,abaerbock_24-09-2021_00:00_image3.jpeg,,,,,,Unknown
1999,e6954a22-7aee-4d93-87b4-3c74d80300b2,abaerbock,Unknown,abaerbock_24-09-2021_00:00_image3.jpeg,,,,,,Unknown
2000,b0bfb05b-a600-4ae4-9901-e83af44c9d76,abaerbock,Unknown,abaerbock_24-09-2021_00:00_image3.jpeg,,,,,,Unknown
2001,7e6b6bdb-10ce-460f-90e8-ae97926bf516,abaerbock,Unknown,abaerbock_24-09-2021_00:00_image3.jpeg,,,,,,Unknown
2002,e551e844-65c2-4223-b0b1-8f171cc72620,abaerbock,Unknown,abaerbock_24-09-2021_00:00_image3.jpeg,,,,,,Unknown
2003,27d83098-63c0-4336-9aea-9e345d7075d6,abaerbock,Unknown,abaerbock_24-09-2021_00:00_image3.jpeg,,,,,,Unknown
2004,894af8d3-7ca6-4d21-91a7-e0d98dbc1fbf,abaerbock,Unknown,abaerbock_24-09-2021_00:00_image3.jpeg,,,,,,Unknown
2005,15e23fdf-f31d-4b72-87c4-c1ce91e44615,abaerbock,Unknown,abaerbock_24-09-2021_00:00_image3.jpeg,,,,,,Unknown
2006,aadca409-3714-45ce-bec7-cbc256ffb554,abaerbock,Unknown,abaerbock_24-09-2021_00:00_image3.jpeg,,,,,,Unknown
2007,c35577ef-1618-48fe-af7a-01f2fddb17d8,abaerbock,Unknown,abaerbock_24-09-2021_00:00_image3.jpeg,,,,,,Unknown
2008,42f51e50-2937-4efb-8723-a37516bd56c9,abaerbock,Unknown,abaerbock_24-09-2021_00:00_image3.jpeg,,,,,,Unknown
2009,e1cb8d29-c6fb-4a4c-b892-1417d36b49c7,abaerbock,Unknown,abaerbock_24-09-2021_00:00_image3.jpeg,,,,,,Unknown
2010,1cfc7f8d-120c-4333-94cf-b4b761ac2ddd,abaerbock,Unknown,abaerbock_24-09-2021_00:00_image3.jpeg,,,,,,Unknown
2011,f8d1a5ed-d0ba-48dd-8a4d-617ab2124010,olafscholz,Unknown,olafscholz_22-09-2021_00:00_image2.jpeg,,,,,,Unknown
2012,390a134c-3273-46af-a14b-847eaa707fc3,olafscholz,Olaf Scholz,olafscholz_22-09-2021_00:00_image2.jpeg,c27ee252-e37c-4074-92b5-20e300431107.png,0.4611838617407993,Facenet512,euclidean_l2,20.0,Olaf Scholz
2013,4283630a-1a48-4672-a8a9-a583e5eba893,christlichsozialeunion,Unknown,christlichsozialeunion_21-09-2021_00:00_image6.jpeg,,,,,,Unknown
2014,9bc77fba-c71f-4960-96a8-df820adde4b1,armin_laschet,Armin Laschet,armin_laschet_17-09-2021_00:00_video6.jpeg,c0c7aedd-97dc-4394-8336-f812c19fc1a2.png,0.8898066289774169,Facenet512,euclidean_l2,7.0,Armin Laschet
2015,6033418a-71f8-4689-9837-d0ecc9392403,armin_laschet,Unknown,armin_laschet_17-09-2021_00:00_video6.jpeg,,,,,,Unknown
2016,8b8bc93d-ac24-4a3f-b569-7a834a04f2f5,armin_laschet,Unknown,armin_laschet_17-09-2021_00:00_video6.jpeg,,,,,,Unknown
2017,2e2ac98c-e8ed-4a4e-a39e-62913e35f310,armin_laschet,Unknown,armin_laschet_17-09-2021_00:00_video6.jpeg,,,,,,Unknown
2018,ea505202-45f7-45f5-ab12-515752a27f00,armin_laschet,Unknown,armin_laschet_17-09-2021_00:00_video6.jpeg,,,,,,Unknown
2019,5dbc9d10-ba81-4536-bc85-c7d9da89f0e9,armin_laschet,Unknown,armin_laschet_17-09-2021_00:00_video6.jpeg,,,,,,Unknown
2020,1664315c-3321-4785-bf05-85fd70b26eb3,fdp,Unknown,fdp_18-09-2021_00:00_video4.jpeg,,,,,,Unknown
2021,5e240895-f611-4718-b5f2-29f135cb60cd,spdde,Unknown,spdde_14-09-2021_00:00_image2.jpeg,9bc42743-ba76-4b29-8ae3-88daa99f6988.png,1.0119323070250668,Facenet512,euclidean_l2,1.0,Olaf Scholz
2022,091ae495-5470-4544-b3cc-e6beaffc8f43,spdde,Unknown,spdde_14-09-2021_00:00_image2.jpeg,,,,,,Unknown
2023,bcd129d0-a1e9-48fb-a959-65d3b3c69cbc,spdde,Unknown,spdde_14-09-2021_00:00_image2.jpeg,,,,,,Unknown
2024,dd24e03b-9b61-45c2-8c82-28db5fdf05a3,spdde,Olaf Scholz,spdde_14-09-2021_00:00_image2.jpeg,04a53ef1-618b-4c9c-97a8-a1187a75c05c.png,0.4275152666349527,Facenet512,euclidean_l2,19.0,Olaf Scholz
2025,e7581832-83da-4925-88bd-660b26ab901f,spdde,Unknown,spdde_14-09-2021_00:00_image2.jpeg,,,,,,Unknown
2034,e3234d43-971b-4b10-b5c8-0e09f1b654cb,spdde,Unknown,spdde_18-09-2021_00:00_video6.jpeg,,,,,,Unknown
2035,a60d6b3d-1bb0-4b54-b9b2-4c6bb60a46d9,spdde,Unknown,spdde_18-09-2021_00:00_video6.jpeg,,,,,,Unknown
2036,23d36a90-3121-4c4c-9561-ad4f94142132,spdde,Unknown,spdde_18-09-2021_00:00_video6.jpeg,,,,,,Unknown
2037,8d59620f-4690-4551-b07a-126d243ed691,spdde,Unknown,spdde_18-09-2021_00:00_video6.jpeg,,,,,,Unknown
2038,26ca5c39-b1e3-4f70-ba7a-9afa991804b2,spdde,Unknown,spdde_18-09-2021_00:00_video6.jpeg,,,,,,Unknown
2044,f36c019d-c08f-481e-8507-b18ae4e2adce,christianlindner,Unknown,christianlindner_20-09-2021_00:00_video0.jpeg,,,,,,Unknown
2046,7d048795-b81f-4763-83a2-154305348788,olafscholz,Unknown,olafscholz_22-09-2021_00:00_video4.jpeg,,,,,,Unknown
2047,42076619-cdd5-4948-96a0-34b386d49b79,olafscholz,Unknown,olafscholz_22-09-2021_00:00_video4.jpeg,,,,,,Unknown
2048,d00f734f-c1f0-4139-a231-353a8bed8a48,olafscholz,Unknown,olafscholz_22-09-2021_00:00_video4.jpeg,,,,,,Unknown
2049,f519afa9-2791-43da-bce7-327532a2aff9,olafscholz,Unknown,olafscholz_22-09-2021_00:00_video4.jpeg,,,,,,Unknown
2050,ea0e4354-fcf4-4c9a-ac69-90d0cc6e2ded,olafscholz,Unknown,olafscholz_22-09-2021_00:00_video4.jpeg,,,,,,Unknown
2051,5f39c194-e162-4f04-b143-8d26d7f3c17f,abaerbock,Unknown,abaerbock_25-09-2021_00:00_image5.jpeg,,,,,,Unknown
2052,72167c8a-9ebd-47b4-89e8-bbd2ecaf9add,abaerbock,Unknown,abaerbock_25-09-2021_00:00_image5.jpeg,3f3034b2-faf6-43ad-ae81-188498b8e10d.png,1.0330173064871475,Facenet512,euclidean_l2,1.0,Annalena Baerbock
2059,3e2d472c-0ce1-4489-b1ae-f615b29ebbb2,christlichsozialeunion,Unknown,christlichsozialeunion_23-09-2021_00:00_image4.jpeg,,,,,,Unknown
2060,fc9eeef2-50e0-4cb4-b5fe-410addd4279c,cdu,Unknown,cdu_13-09-2021_00:00_image3.jpeg,,,,,,Unknown
2061,1c56a25d-f5f4-4929-99a1-901dfb9cbd50,cdu,Unknown,cdu_13-09-2021_00:00_image3.jpeg,,,,,,Unknown
2062,3370e2a7-16e8-4121-9ade-0ed40bea222b,cdu,Unknown,cdu_13-09-2021_00:00_image3.jpeg,,,,,,Unknown
2063,9ccf21e0-bc99-46e5-bec2-43421ddf755f,cdu,Unknown,cdu_13-09-2021_00:00_image3.jpeg,,,,,,Unknown
2064,76d66e03-4869-4a31-9257-21edce988023,cdu,Unknown,cdu_13-09-2021_00:00_image3.jpeg,,,,,,Unknown
2065,49e18a4f-c566-47ac-86e6-be84df862dd5,cdu,Unknown,cdu_13-09-2021_00:00_image3.jpeg,,,,,,Unknown
2066,f37c1937-2650-4248-bdc9-f618e9c34b88,cdu,Unknown,cdu_13-09-2021_00:00_image3.jpeg,,,,,,Unknown
2067,29d27a2a-0d5b-4b80-b32d-d07d114d5cd0,cdu,Unknown,cdu_13-09-2021_00:00_image3.jpeg,,,,,,Unknown
2068,c4abe950-938c-4269-8223-81ddc7c0e634,cdu,Unknown,cdu_13-09-2021_00:00_image3.jpeg,,,,,,Unknown
2069,f48e3e90-92bd-41f8-a7c0-ffb0005da848,cdu,Unknown,cdu_13-09-2021_00:00_image3.jpeg,,,,,,Unknown
2070,6d89c169-661b-4265-8a1f-a758414c2398,cdu,Unknown,cdu_13-09-2021_00:00_image3.jpeg,,,,,,Unknown
2071,69b26a3f-79b6-489d-bc8e-0e80e5ba5924,cdu,Unknown,cdu_13-09-2021_00:00_image3.jpeg,,,,,,Unknown
2072,eff48992-cf02-4575-9620-91408be615ee,armin_laschet,Armin Laschet,armin_laschet_19-09-2021_00:00_image0.jpeg,1f347af9-a36f-4727-923b-4c1a1e934ab9.png,0.9648004962600988,Facenet512,euclidean_l2,6.0,Armin Laschet
2073,cd431b87-650c-43c4-ba37-1a57073603b4,armin_laschet,Unknown,armin_laschet_19-09-2021_00:00_image2.jpeg,,,,,,Unknown
2074,4ed2c1a3-3639-43f3-a59a-d192a669c3ac,armin_laschet,Unknown,armin_laschet_19-09-2021_00:00_image2.jpeg,,,,,,Unknown
2075,fde8d21f-9abd-431a-8d0f-e9554da90283,armin_laschet,Unknown,armin_laschet_19-09-2021_00:00_image2.jpeg,,,,,,Unknown
2076,76101b92-d677-4ecf-ad78-35c199fceb44,armin_laschet,Unknown,armin_laschet_19-09-2021_00:00_image2.jpeg,,,,,,Unknown
2077,777f544e-e55a-4aeb-a9c7-24dc0e876e21,armin_laschet,Unknown,armin_laschet_19-09-2021_00:00_image2.jpeg,,,,,,Unknown
2078,720941ca-2831-41d8-9e52-cca6f9397314,armin_laschet,Unknown,armin_laschet_19-09-2021_00:00_image2.jpeg,,,,,,Unknown
2079,83b604ca-33e7-4bdc-8070-a76581dd1dc0,armin_laschet,Unknown,armin_laschet_19-09-2021_00:00_image2.jpeg,,,,,,Unknown
2080,a2756fd7-629e-4ef0-acb6-6f715843fa9c,armin_laschet,Unknown,armin_laschet_19-09-2021_00:00_image2.jpeg,,,,,,Unknown
2081,9a56ed90-4651-4318-b319-65236c9cf928,armin_laschet,Unknown,armin_laschet_19-09-2021_00:00_image2.jpeg,,,,,,Unknown
2082,00999d3f-cbf6-483f-89cd-547e8598283a,armin_laschet,Unknown,armin_laschet_19-09-2021_00:00_image2.jpeg,,,,,,Unknown
2083,58921cfd-9d7d-41e8-8b6d-39b4a1016d28,armin_laschet,Unknown,armin_laschet_19-09-2021_00:00_image2.jpeg,,,,,,Unknown
2084,644114d1-f7a7-4288-9d9d-e1ca42566f38,armin_laschet,Unknown,armin_laschet_19-09-2021_00:00_image2.jpeg,,,,,,Unknown
2085,667a9c10-979e-49ae-b173-bcb23cff9ee1,armin_laschet,Unknown,armin_laschet_19-09-2021_00:00_image2.jpeg,,,,,,Unknown
2086,fb16ceb5-2286-47a6-8a5c-a67c2a9f63ed,armin_laschet,Unknown,armin_laschet_19-09-2021_00:00_image2.jpeg,,,,,,Unknown
2087,a0846705-c9cb-418b-b8a5-4d393547658a,armin_laschet,Unknown,armin_laschet_19-09-2021_00:00_image2.jpeg,,,,,,Unknown
2088,9292de41-1448-495e-958e-2e6c63b1b75e,armin_laschet,Unknown,armin_laschet_19-09-2021_00:00_image2.jpeg,,,,,,Unknown
2089,3dce6621-9e69-4a1f-97bd-88fa7f13fdc7,armin_laschet,Unknown,armin_laschet_19-09-2021_00:00_image2.jpeg,,,,,,Unknown
2090,f4d4feb6-f46f-458e-82d2-98859463ba0f,armin_laschet,Unknown,armin_laschet_19-09-2021_00:00_image2.jpeg,,,,,,Unknown
2091,03d656ee-d974-496e-b017-3548071b67e6,armin_laschet,Unknown,armin_laschet_19-09-2021_00:00_image2.jpeg,,,,,,Unknown
2092,29c2a23a-f33b-4cca-9848-aa3a0e030260,armin_laschet,Unknown,armin_laschet_19-09-2021_00:00_image2.jpeg,,,,,,Unknown
2093,4c2e884e-49df-4c8f-b8d1-bb61d81374ee,armin_laschet,Unknown,armin_laschet_19-09-2021_00:00_image2.jpeg,,,,,,Unknown
2094,b1f9d932-02ce-45cc-a922-5d52191f75aa,armin_laschet,Unknown,armin_laschet_19-09-2021_00:00_image2.jpeg,,,,,,Unknown
2095,1cbbab30-5d76-4c82-a4d3-5409ee60012a,armin_laschet,Unknown,armin_laschet_19-09-2021_00:00_image2.jpeg,,,,,,Unknown
2096,18046f7b-862a-4f48-b831-2f346940213a,armin_laschet,Unknown,armin_laschet_19-09-2021_00:00_image2.jpeg,,,,,,Unknown
2097,ff57da0d-fc81-4820-8d99-acda51103b0f,armin_laschet,Unknown,armin_laschet_19-09-2021_00:00_image2.jpeg,,,,,,Unknown
2107,2ca3fa6b-0a05-4e17-a6a1-119eda70aaa0,christlichsozialeunion,Unknown,christlichsozialeunion_17-09-2021_00:00_video1.jpeg,,,,,,Unknown
2108,38010c72-3f15-4249-9f0b-e6a488283853,cdu,Armin Laschet,cdu_23-09-2021_00:00_video4.jpeg,,,,,,Unknown
2109,e411c3ea-f001-4949-9c40-4e23c3c65ab9,cdu,Unknown,cdu_23-09-2021_00:00_video4.jpeg,,,,,,Unknown
2110,d6e0f595-6afa-40f0-bbe5-6be13f61ce7b,cdu,Unknown,cdu_23-09-2021_00:00_video4.jpeg,,,,,,Unknown
2111,5a64843d-9240-4bd3-929d-bbefde65522d,cdu,Unknown,cdu_23-09-2021_00:00_video4.jpeg,,,,,,Unknown
2112,d4943c1d-1887-4cf2-8e7c-3692bcd59491,die_gruenen,Annalena Baerbock,die_gruenen_13-09-2021_00:00_image5.jpeg,9a8aa257-6928-4d20-bb76-b003078f551d.png,0.5620259028585091,Facenet512,euclidean_l2,13.0,Annalena Baerbock
2113,48867927-d663-46fd-b007-9281dc57ffe4,die_gruenen,Unknown,die_gruenen_13-09-2021_00:00_image5.jpeg,,,,,,Unknown
2114,2fe4dc79-1c59-4e50-af9a-d1c199e9fb33,die_gruenen,Unknown,die_gruenen_13-09-2021_00:00_image5.jpeg,,,,,,Unknown
2117,e8411558-e21c-4687-b837-ff69959ad80d,abaerbock,Unknown,abaerbock_21-09-2021_00:00_image13.jpeg,,,,,,Unknown
2118,12fb9ae4-ee8f-4565-bd3d-e8117d31ee96,abaerbock,Unknown,abaerbock_21-09-2021_00:00_image13.jpeg,,,,,,Unknown
2119,39ad5aa8-8589-4ff5-8b54-e87415d4b4b5,abaerbock,Unknown,abaerbock_21-09-2021_00:00_image13.jpeg,,,,,,Unknown
2120,52195323-3a69-4519-aaf2-7a669c27e481,abaerbock,Unknown,abaerbock_21-09-2021_00:00_image13.jpeg,,,,,,Unknown
2121,20051d82-f9b1-4631-b4b4-9e16d3562fc9,abaerbock,Unknown,abaerbock_21-09-2021_00:00_image13.jpeg,,,,,,Unknown
2129,e91d9066-3241-43f3-a185-bf9fb6432dc9,armin_laschet,Unknown,armin_laschet_23-09-2021_00:00_video1.jpeg,,,,,,Unknown
2130,524f682b-0fac-4d19-adb4-7296127ad045,armin_laschet,Unknown,armin_laschet_23-09-2021_00:00_video1.jpeg,,,,,,Unknown
2131,628d87de-c98b-489e-8872-c089afbcc3eb,armin_laschet,Armin Laschet,armin_laschet_20-09-2021_00:00_image3.jpeg,cc6b3530-cd71-4500-a5fe-d868c449b8d1.png,0.9394326604520208,Facenet512,euclidean_l2,9.0,Armin Laschet
2132,9abefecb-da13-4083-9832-b2cd34fa0328,armin_laschet,Armin Laschet,armin_laschet_20-09-2021_00:00_image3.jpeg,544c4dd7-ae0f-4d1e-825f-3d9e1eca7fd3.png,0.6464021605501136,Facenet512,euclidean_l2,19.0,Armin Laschet
2133,1fc13950-ca3b-4be0-9750-1577b5679fa3,armin_laschet,Armin Laschet,armin_laschet_21-09-2021_00:00_video0.jpeg,d0e6d963-6d02-463b-a226-ce3f34b0fcc5.png,0.5991835788421429,Facenet512,euclidean_l2,20.0,Armin Laschet
2134,8f5bfe5e-505c-4bb6-ba00-c301aafe27b7,armin_laschet,Unknown,armin_laschet_22-09-2021_00:00_video12.jpeg,,,,,,Unknown
2135,1c936192-e79a-49ce-80f2-8cf6382005af,armin_laschet,Unknown,armin_laschet_22-09-2021_00:00_video12.jpeg,,,,,,Unknown
2136,0b0c5c7b-86f3-41c5-a6a2-79b359cbdfae,armin_laschet,Unknown,armin_laschet_22-09-2021_00:00_video12.jpeg,,,,,,Unknown
2137,f6b47229-b5c6-4298-a59c-103cbab0a51f,armin_laschet,Unknown,armin_laschet_22-09-2021_00:00_video12.jpeg,,,,,,Unknown
2138,4c74ec67-3c18-456f-ae16-c5686f3198b1,armin_laschet,Unknown,armin_laschet_22-09-2021_00:00_video12.jpeg,,,,,,Unknown
2139,5810ba9c-8984-4415-b80e-df7b81ce3bc1,armin_laschet,Armin Laschet,armin_laschet_22-09-2021_00:00_video12.jpeg,,,,,,Unknown
2140,7f33eea2-db74-463d-8a60-98dc82fe1ad4,cdu,Armin Laschet,cdu_13-09-2021_00:00_video0.jpeg,80b6f539-47d0-408e-8a0b-aadcffe513a5.png,0.4545399975570509,Facenet512,euclidean_l2,19.0,Armin Laschet
2141,2fa963fb-0b87-4cd7-b7ee-17e108266f56,cdu,Armin Laschet,cdu_13-09-2021_00:00_video0.jpeg,80b6f539-47d0-408e-8a0b-aadcffe513a5.png,0.4265039530785498,Facenet512,euclidean_l2,20.0,Armin Laschet
2142,4ebf7eec-e1f1-4923-a8fc-6fe79c6b4991,spdde,Unknown,spdde_20-09-2021_00:00_image10.jpeg,,,,,,Unknown
2143,d9053c0d-7d41-4ea5-ad41-df4c1591839b,cdu,Unknown,cdu_13-09-2021_00:00_image2.jpeg,1e103923-022b-4d3f-a32e-e9c848a00e70.png,1.0309481393389537,Facenet512,euclidean_l2,1.0,Armin Laschet
2144,aada6e4b-cf6e-4126-b985-bfc6f3620006,christlichsozialeunion,Unknown,christlichsozialeunion_17-09-2021_00:00_video5.jpeg,,,,,,Unknown
2146,35365832-9412-4efc-b1f3-3682af9c830c,cdu,Unknown,cdu_13-09-2021_00:00_video7.jpeg,,,,,,Unknown
2147,7a13b133-ab5a-40c1-835f-2160b6bf0aa1,die_gruenen,Unknown,die_gruenen_25-09-2021_00:00_image4.jpeg,,,,,,Unknown
2148,044a6fba-7524-48d4-8dca-e632d2a96bb4,die_gruenen,Unknown,die_gruenen_25-09-2021_00:00_image4.jpeg,,,,,,Unknown
2149,e5618954-0563-4c61-91a4-4f2df2aa18c0,die_gruenen,Unknown,die_gruenen_25-09-2021_00:00_image4.jpeg,,,,,,Unknown
2150,8e1c38c4-e73b-4127-a96b-21296d43c9f9,die_gruenen,Unknown,die_gruenen_25-09-2021_00:00_image4.jpeg,,,,,,Unknown
2153,9596cdf8-8827-4d23-8a1b-477bdecad343,cdu,Unknown,cdu_23-09-2021_00:00_image2.jpeg,,,,,,Unknown
2154,22d20f6d-6a98-47eb-95ba-e1419c990a77,cdu,Unknown,cdu_23-09-2021_00:00_image2.jpeg,,,,,,Unknown
2155,392a0317-342e-4532-8e6b-3dae3b84aab0,cdu,Unknown,cdu_23-09-2021_00:00_image2.jpeg,,,,,,Unknown
2156,d2220d33-b58d-4f45-9ce6-40191149ebcf,cdu,Unknown,cdu_23-09-2021_00:00_image2.jpeg,,,,,,Unknown
2157,fe3edd23-5214-4b9f-8419-6bdcf7f544b3,olafscholz,Unknown,olafscholz_19-09-2021_00:00_video5.jpeg,,,,,,Unknown
2158,aefb24fb-b6d6-4abc-ab0d-6888fdef5b80,olafscholz,Unknown,olafscholz_19-09-2021_00:00_video5.jpeg,,,,,,Unknown
2159,d32b7e6f-687a-4b83-a4ab-7cc242010bc7,olafscholz,Unknown,olafscholz_19-09-2021_00:00_video5.jpeg,,,,,,Unknown
2160,68cdc357-bc67-47a9-830d-3484d7e4ebf2,olafscholz,Unknown,olafscholz_19-09-2021_00:00_video5.jpeg,,,,,,Unknown
2161,dd0cafb5-a743-4829-ab0d-de4b9712db53,olafscholz,Unknown,olafscholz_19-09-2021_00:00_video5.jpeg,,,,,,Unknown
2162,06e0a0d4-f6bf-4a0f-a133-bcf2253620f8,olafscholz,Olaf Scholz,olafscholz_19-09-2021_00:00_video5.jpeg,,,,,,Unknown
2163,3a3295be-4acc-4334-a79a-1fd5d1557e4a,olafscholz,Unknown,olafscholz_19-09-2021_00:00_video5.jpeg,9bc42743-ba76-4b29-8ae3-88daa99f6988.png,0.9117000234501906,Facenet512,euclidean_l2,3.0,Olaf Scholz
2164,3a8b3554-beec-4867-9cb4-d308ed959841,christlichsozialeunion,Unknown,christlichsozialeunion_22-09-2021_00:00_video2.jpeg,,,,,,Unknown
2172,04ab00a7-8c89-4aac-ae92-7f2b0ac55f9a,christlichsozialeunion,Markus Söder,christlichsozialeunion_16-09-2021_00:00_video15.jpeg,,,,,,Unknown
2174,0201d9a6-4f03-4893-af31-257c2e036857,die_gruenen,Unknown,die_gruenen_25-09-2021_00:00_video16.jpeg,b2e13edc-d8cc-4db2-9310-6924bd90b7e8.png,0.985932179551762,Facenet512,euclidean_l2,3.0,Annalena Baerbock
2175,b43fb88c-bbd0-42ec-8b75-c78a047f7f50,die_gruenen,Unknown,die_gruenen_25-09-2021_00:00_video16.jpeg,,,,,,Unknown
2176,562e5603-64ce-4bd2-b57d-bd965b8c7d83,die_gruenen,Unknown,die_gruenen_25-09-2021_00:00_video16.jpeg,,,,,,Unknown
2177,46146baa-e057-4ce8-a999-71c63c456069,die_gruenen,Unknown,die_gruenen_25-09-2021_00:00_video16.jpeg,,,,,,Unknown
2178,fd8214d7-0cd2-421f-92f5-1d88daf6b53e,die_gruenen,Unknown,die_gruenen_25-09-2021_00:00_video16.jpeg,,,,,,Unknown
2179,702ea54d-7211-4957-9d95-ad5cf19e6990,die_gruenen,Unknown,die_gruenen_25-09-2021_00:00_video16.jpeg,,,,,,Unknown
2180,7046154f-c5bb-4a36-838b-1dcdcda5c096,cdu,Armin Laschet,cdu_13-09-2021_00:00_video6.jpeg,cc6b3530-cd71-4500-a5fe-d868c449b8d1.png,0.8090025459413271,Facenet512,euclidean_l2,14.0,Armin Laschet
2237,722491fa-c6dd-466a-b08f-6823b6bf672c,cdu,Unknown,cdu_13-09-2021_00:00_video1.jpeg,,,,,,Unknown
2238,fbdd6c94-2ee7-46d8-a3d3-fac62230d076,cdu,Armin Laschet,cdu_13-09-2021_00:00_video1.jpeg,,,,,,Unknown
2239,9bd94381-676a-4c47-9ce7-abde33bc5523,cdu,Unknown,cdu_13-09-2021_00:00_video1.jpeg,,,,,,Unknown
2240,3ccd5994-330f-48a7-8875-98a55d4ad998,cdu,Unknown,cdu_25-09-2021_00:00_video4.jpeg,,,,,,Unknown
2241,75624140-b6fe-4159-ba91-14dcd99d9de2,cdu,Unknown,cdu_25-09-2021_00:00_video4.jpeg,,,,,,Unknown
2242,23a87072-d301-420a-a7dd-c368c7e356e4,cdu,Unknown,cdu_25-09-2021_00:00_video4.jpeg,,,,,,Unknown
2243,fede4430-c4ad-4869-8081-03d4c6bd087f,cdu,Unknown,cdu_25-09-2021_00:00_video4.jpeg,,,,,,Unknown
2244,277c5a1c-0b17-4782-817d-0d2b06ef4ab9,cdu,Unknown,cdu_25-09-2021_00:00_video4.jpeg,,,,,,Unknown
2245,36ee12ad-dcbc-414b-b498-59d37656440e,christlichsozialeunion,Markus Söder,christlichsozialeunion_13-09-2021_00:00_video3.jpeg,49bdb61e-e0b0-4666-9cf0-5c7ab16b2516.png,0.8208155657618038,Facenet512,euclidean_l2,4.0,Markus Söder
2246,19eaafa1-e277-43b8-88da-ebf10e11d585,christlichsozialeunion,Markus Söder,christlichsozialeunion_13-09-2021_00:00_video3.jpeg,,,,,,Unknown
2248,b7d5c802-6a7d-4f45-8552-c42801841afd,armin_laschet,Unknown,armin_laschet_22-09-2021_00:00_video5.jpeg,1bd44b42-05b1-4e5e-9ecf-b19872c3a776.png,1.024350939166415,Facenet512,euclidean_l2,4.0,Armin Laschet
2249,60b5aeda-8eda-4358-adbf-3622d4470632,armin_laschet,Unknown,armin_laschet_22-09-2021_00:00_video5.jpeg,,,,,,Unknown
2250,8eac18df-ddb3-427c-95ef-3a42e5f45916,spdde,Olaf Scholz,spdde_26-09-2021_00:00_image1.jpeg,scholz_olaf.jpeg,0.3456827438270246,Facenet512,euclidean_l2,19.0,Olaf Scholz
2251,6100bebf-0c2c-4286-8cfe-25c6a501b46e,spdde,Unknown,spdde_26-09-2021_00:00_image1.jpeg,9bc42743-ba76-4b29-8ae3-88daa99f6988.png,1.03869842437749,Facenet512,euclidean_l2,1.0,Olaf Scholz
2252,f65a0bee-cf72-425a-b99e-ce282f4e3ab2,spdde,Unknown,spdde_26-09-2021_00:00_image1.jpeg,,,,,,Unknown
2253,91efa658-d4d1-4596-9176-2d686fe35872,spdde,Unknown,spdde_26-09-2021_00:00_image1.jpeg,,,,,,Unknown
2254,9ae19eb6-733f-4f9b-8899-e2a36029d4e5,armin_laschet,Armin Laschet,armin_laschet_23-09-2021_00:00_image4.jpeg,1f347af9-a36f-4727-923b-4c1a1e934ab9.png,0.9636913042433072,Facenet512,euclidean_l2,1.0,Armin Laschet
2255,ef2dfd45-5b0c-4041-9792-bf3d13bb2aba,armin_laschet,Unknown,armin_laschet_23-09-2021_00:00_image4.jpeg,,,,,,Unknown
2256,0288b1ee-c9a1-4529-9248-cd551c8a2f5f,armin_laschet,Unknown,armin_laschet_23-09-2021_00:00_image4.jpeg,,,,,,Unknown
2257,8bbba65c-cbc9-44cc-9e4a-d2f4a0100fcb,armin_laschet,Unknown,armin_laschet_23-09-2021_00:00_image4.jpeg,,,,,,Unknown
2258,e4c480e2-8441-4f25-bafc-0c46a6a246dd,armin_laschet,Unknown,armin_laschet_23-09-2021_00:00_image3.jpeg,,,,,,Unknown
2259,6be9edd1-c0c6-4930-85a4-23757d495410,armin_laschet,Unknown,armin_laschet_23-09-2021_00:00_image3.jpeg,,,,,,Unknown
2260,63d0b3c8-2d58-4a07-a309-a6965dd0679c,armin_laschet,Armin Laschet,armin_laschet_23-09-2021_00:00_image3.jpeg,,,,,,Unknown
2261,1c6809a7-8966-46ec-8c5b-b5ebb3140d51,armin_laschet,Unknown,armin_laschet_23-09-2021_00:00_image3.jpeg,,,,,,Unknown
2262,d1b70e77-84f7-4c40-8c47-d203f0629fc8,armin_laschet,Unknown,armin_laschet_23-09-2021_00:00_image3.jpeg,,,,,,Unknown
2263,20851435-7e06-4e70-b836-70498638a798,olafscholz,Olaf Scholz,olafscholz_20-09-2021_00:00_video5.jpeg,82f4d29e-1d17-4672-b015-52009fda2a23.png,0.938459297873327,Facenet512,euclidean_l2,6.0,Olaf Scholz
2264,8b6040be-deb6-49fe-bcdb-34b2dc2a927b,spdde,Unknown,spdde_25-09-2021_00:00_image2.jpeg,,,,,,Unknown
2272,79181ac2-d095-44b4-953e-d7f54800d758,spdde,Olaf Scholz,spdde_14-09-2021_00:00_image3.jpeg,7283a49c-fba4-43e9-9a0b-a767ea44c1c0.png,0.627959930996753,Facenet512,euclidean_l2,19.0,Olaf Scholz
2273,2d1ecae9-97e5-4bbf-8273-39e0ebbba6dd,spdde,Unknown,spdde_14-09-2021_00:00_image3.jpeg,,,,,,Unknown
2283,e6db41d4-0e97-4fb0-88ae-91accda76742,christlichsozialeunion,Unknown,christlichsozialeunion_18-09-2021_00:00_video18.jpeg,,,,,,Unknown
2284,bf4f0978-230f-43e6-b6af-59ab40002881,christlichsozialeunion,Unknown,christlichsozialeunion_18-09-2021_00:00_video18.jpeg,,,,,,Unknown
2285,3056848e-c0c2-489d-a653-151e1228950c,christlichsozialeunion,Unknown,christlichsozialeunion_18-09-2021_00:00_video18.jpeg,,,,,,Unknown
2286,86d32a35-cb47-4dbb-a95d-1a11624ded96,christlichsozialeunion,Unknown,christlichsozialeunion_18-09-2021_00:00_video18.jpeg,,,,,,Unknown
2288,861f5a69-829e-40be-9342-db5b0c09b2b5,abaerbock,Unknown,abaerbock_17-09-2021_00:00_image4.jpeg,820608e2-840e-4850-b527-36c922284188.png,1.0150724254889565,Facenet512,euclidean_l2,1.0,Annalena Baerbock
2289,5737b3e2-1313-4351-ab65-7c491b04f6df,abaerbock,Unknown,abaerbock_17-09-2021_00:00_image4.jpeg,,,,,,Unknown
2290,035ef279-81a6-4df3-84b2-2205e066eba4,abaerbock,Annalena Baerbock,abaerbock_17-09-2021_00:00_image4.jpeg,,,,,,Unknown
2291,f229f584-1a43-4914-ae66-af5eba4ddbac,spdde,Unknown,spdde_25-09-2021_00:00_image3.jpeg,,,,,,Unknown
2292,58789dd4-bc30-4f1d-abbc-c9593ce2f47e,spdde,Unknown,spdde_25-09-2021_00:00_image3.jpeg,,,,,,Unknown
2293,7cbdb1de-6a98-48eb-b76b-93876cf712b2,spdde,Olaf Scholz,spdde_25-09-2021_00:00_image3.jpeg,9bc42743-ba76-4b29-8ae3-88daa99f6988.png,0.8518020951371601,Facenet512,euclidean_l2,11.0,Olaf Scholz
2294,bd4eb0b7-0bf4-46f1-8633-af85c3faf301,spdde,Unknown,spdde_25-09-2021_00:00_image3.jpeg,,,,,,Unknown
2295,c957c433-cf3b-4180-9f3a-9b19c3e64c86,spdde,Olaf Scholz,spdde_25-09-2021_00:00_image3.jpeg,,,,,,Unknown
2296,766b3780-a9f0-4f96-9bab-c4d380acd297,spdde,Olaf Scholz,spdde_25-09-2021_00:00_image3.jpeg,,,,,,Unknown
2297,5d2229ee-a270-40e4-ad52-463984ecf13d,spdde,Unknown,spdde_25-09-2021_00:00_image3.jpeg,,,,,,Unknown
2298,71b86353-3389-4d2d-9c69-be469af93192,cdu,Armin Laschet,cdu_17-09-2021_00:00_image1.jpeg,5efa5b53-ada6-486e-8b66-4c6330a71ea7.png,0.9288455217033867,Facenet512,euclidean_l2,8.0,Armin Laschet
2299,6c146072-cdf9-4e01-907f-36fd6413f0c7,cdu,Unknown,cdu_17-09-2021_00:00_image1.jpeg,872af970-553e-4d30-abdc-252f937b8d70.png,0.9328815046130752,Facenet512,euclidean_l2,5.0,Armin Laschet
2300,afce1ef8-7218-4c39-9bfa-bbec653db2e1,cdu,Unknown,cdu_17-09-2021_00:00_image1.jpeg,,,,,,Unknown
2301,8dc64f09-5c70-4d56-84ed-4dab1f6393c5,cdu,Unknown,cdu_17-09-2021_00:00_image1.jpeg,,,,,,Unknown
2302,6bba276d-777e-402e-bc63-09a0032a1e83,cdu,Unknown,cdu_17-09-2021_00:00_image1.jpeg,,,,,,Unknown
2303,bcb3427d-564b-4e30-b8ef-40b37e83b1c7,cdu,Unknown,cdu_17-09-2021_00:00_image1.jpeg,,,,,,Unknown
2304,356e0b05-da9c-4a2d-a5d3-dc8a35ecf09e,christianlindner,Christian Lindner,christianlindner_25-09-2021_00:00_image3.jpeg,3e230648-0328-4861-ada8-f718b0287f5e.png,0.7541397386192914,Facenet512,euclidean_l2,10.0,Christian Lindner
2308,02f1a90b-951d-4797-881a-47a5587ec8a9,olafscholz,Unknown,olafscholz_20-09-2021_00:00_video7.jpeg,,,,,,Unknown
2309,99794af9-803c-48fc-be55-f53f97b71e36,olafscholz,Unknown,olafscholz_20-09-2021_00:00_video7.jpeg,,,,,,Unknown
2310,01224a02-731b-4f3a-8c2c-7e7d4c942f6d,olafscholz,Unknown,olafscholz_20-09-2021_00:00_video7.jpeg,,,,,,Unknown
2314,f4de54b4-c962-44c0-b2f8-a5987c5fd298,christlichsozialeunion,Unknown,christlichsozialeunion_25-09-2021_00:00_video16.jpeg,,,,,,Unknown
2315,7f7ace0d-c0d1-4975-8755-397a3701c26c,christlichsozialeunion,Unknown,christlichsozialeunion_25-09-2021_00:00_video16.jpeg,,,,,,Unknown
2316,5b2f7d28-3030-4bae-bd92-4588f5c42694,christlichsozialeunion,Unknown,christlichsozialeunion_25-09-2021_00:00_video16.jpeg,,,,,,Unknown
2317,aafa7b62-ae37-43e4-8d4c-69a11c087559,spdde,Unknown,spdde_25-09-2021_00:00_video17.jpeg,,,,,,Unknown
2318,4e17b1d1-c9cc-4fdf-9acb-94d9ffcc2497,spdde,Unknown,spdde_25-09-2021_00:00_video17.jpeg,,,,,,Unknown
2319,925bc243-8c43-4f43-9563-81e5d30afab8,spdde,Unknown,spdde_25-09-2021_00:00_video17.jpeg,,,,,,Unknown
2320,bc688036-3b88-4a79-ac83-f77e05b3b3bd,spdde,Unknown,spdde_25-09-2021_00:00_video17.jpeg,82f4d29e-1d17-4672-b015-52009fda2a23.png,0.936423875925952,Facenet512,euclidean_l2,5.0,Olaf Scholz
2321,2d98b202-4d64-4529-8ac6-f845f7157c91,spdde,Unknown,spdde_25-09-2021_00:00_video17.jpeg,,,,,,Unknown
2322,f62c0369-0997-4461-b075-366c4b3a72bd,cdu,Unknown,cdu_22-09-2021_00:00_video11.jpeg,,,,,,Unknown
2323,9ee0930e-5cd3-4907-8e2a-d625a3c82176,cdu,Unknown,cdu_22-09-2021_00:00_video11.jpeg,,,,,,Unknown
2324,b2bc3b2a-271d-4722-99c4-b32eac218d81,cdu,Unknown,cdu_22-09-2021_00:00_video11.jpeg,,,,,,Unknown
2325,fbe82602-f75c-433b-9e04-cdd5b79dc098,cdu,Unknown,cdu_22-09-2021_00:00_video11.jpeg,,,,,,Unknown
2326,03da9682-7e13-49ed-ada4-df38a6946247,cdu,Unknown,cdu_22-09-2021_00:00_video11.jpeg,,,,,,Unknown
2327,b7070d29-87b5-47ba-8c11-0c8387457607,cdu,Unknown,cdu_22-09-2021_00:00_video11.jpeg,,,,,,Unknown
2328,fe805155-4fc1-4021-a3e7-c37d35141130,cdu,Unknown,cdu_22-09-2021_00:00_video11.jpeg,,,,,,Unknown
2329,c4a9adf7-fcf8-44d7-8aff-c88e1293bd52,cdu,Unknown,cdu_22-09-2021_00:00_video11.jpeg,,,,,,Unknown
2330,e492d724-6d5f-4819-a1fc-b2db556bf342,cdu,Unknown,cdu_22-09-2021_00:00_video11.jpeg,,,,,,Unknown
2331,85392a42-e3f0-4186-84e2-e56f7ddd1bbf,cdu,Unknown,cdu_22-09-2021_00:00_video11.jpeg,,,,,,Unknown
2332,b1b52243-6798-493f-bd07-1fd310b09137,cdu,Armin Laschet,cdu_22-09-2021_00:00_video11.jpeg,,,,,,Unknown
2338,34e05a52-1c8a-498b-a8e2-2b333f4fd874,fdp,Unknown,fdp_20-09-2021_00:00_image14.jpeg,,,,,,Unknown
2343,1ca8266a-c87b-4967-b2f0-f31a4bbc4c10,cdu,Unknown,cdu_13-09-2021_00:00_video14.jpeg,,,,,,Unknown
2344,a67f3578-7aa2-4257-ad15-0c285bab6631,cdu,Unknown,cdu_13-09-2021_00:00_video14.jpeg,,,,,,Unknown
2345,97ddfc76-1db3-4ad0-b37a-c85dd0f3a00a,olafscholz,Olaf Scholz,olafscholz_21-09-2021_00:00_image3.jpeg,82f4d29e-1d17-4672-b015-52009fda2a23.png,0.3498163925122355,Facenet512,euclidean_l2,20.0,Olaf Scholz
2347,caa97326-4d55-4859-bf51-61f7b1b5a10a,markus.soeder,Markus Söder,markus.soeder_24-09-2021_00:00_image3.jpeg,aef8776f-6cb2-461e-aa5f-26798f3b263e.png,0.7003621507914759,Facenet512,euclidean_l2,13.0,Markus Söder
2348,358ee9b5-0684-4be2-b98e-3882744fad0d,markus.soeder,Markus Söder,markus.soeder_24-09-2021_00:00_image3.jpeg,,,,,,Unknown
2349,d9e20869-419a-4272-9f49-de8e44a5ea65,olafscholz,Unknown,olafscholz_25-09-2021_00:00_video6.jpeg,,,,,,Unknown
2350,01f7960c-db53-4dd3-83af-4344cb1f4e34,olafscholz,Unknown,olafscholz_25-09-2021_00:00_video6.jpeg,,,,,,Unknown
2351,8aca771d-1c28-4c90-8163-e484f4cffc27,olafscholz,Unknown,olafscholz_25-09-2021_00:00_video6.jpeg,,,,,,Unknown
2352,5588e0bd-6f2e-4c24-b9da-ac7f0cb79d8c,olafscholz,Unknown,olafscholz_25-09-2021_00:00_video6.jpeg,,,,,,Unknown
2353,7765d830-9a7f-43ac-9189-c42242594017,olafscholz,Unknown,olafscholz_25-09-2021_00:00_video6.jpeg,,,,,,Unknown
2354,c3975e44-43e5-4239-935d-bc362039f5fd,olafscholz,Unknown,olafscholz_25-09-2021_00:00_video6.jpeg,,,,,,Unknown
2355,cc916915-730a-4999-81d9-e31dadbaf2ee,christlichsozialeunion,Unknown,christlichsozialeunion_25-09-2021_00:00_video12.jpeg,,,,,,Unknown
2356,d979d687-5688-4b5f-9a53-d6800f787eae,christlichsozialeunion,Unknown,christlichsozialeunion_25-09-2021_00:00_video12.jpeg,,,,,,Unknown
2357,4efa5f3b-c3b5-4175-b240-a2e277fd5543,cdu,Unknown,cdu_22-09-2021_00:00_image2.jpeg,,,,,,Unknown
2358,00244a34-59de-4000-a0cd-9512b4ea83a6,cdu,Unknown,cdu_22-09-2021_00:00_image2.jpeg,,,,,,Unknown
2359,b90ead55-0089-4142-96c1-a4102bf24401,cdu,Unknown,cdu_22-09-2021_00:00_image2.jpeg,,,,,,Unknown
2360,118cdf8e-7a71-4ae5-b53c-0a1caf66e586,cdu,Unknown,cdu_22-09-2021_00:00_image2.jpeg,,,,,,Unknown
2364,a7d9602c-191c-412b-81df-8cdcc7841012,cdu,Unknown,cdu_16-09-2021_00:00_video12.jpeg,,,,,,Unknown
2368,927cfde1-b3ad-4215-bb69-817b167f7ed4,armin_laschet,Unknown,armin_laschet_14-09-2021_00:00_video4.jpeg,,,,,,Unknown
2369,2fb95aa0-8433-4165-a040-b6e6d69296ed,armin_laschet,Unknown,armin_laschet_14-09-2021_00:00_video4.jpeg,,,,,,Unknown
2370,cc3cc0ef-1c5b-4b4e-9295-aa2882d8fa0f,armin_laschet,Unknown,armin_laschet_14-09-2021_00:00_video4.jpeg,,,,,,Unknown
2371,fa890433-1d54-4d2d-b30d-b089893a24dc,armin_laschet,Unknown,armin_laschet_14-09-2021_00:00_video4.jpeg,,,,,,Unknown
2372,278541d0-e5eb-4bc5-8c14-f79ed2479102,christlichsozialeunion,Unknown,christlichsozialeunion_13-09-2021_00:00_video2.jpeg,,,,,,Unknown
2373,c71c99d1-f355-4304-a8c6-bab67af18b92,christlichsozialeunion,Unknown,christlichsozialeunion_13-09-2021_00:00_video2.jpeg,aef8776f-6cb2-461e-aa5f-26798f3b263e.png,0.9134276327321862,Facenet512,euclidean_l2,2.0,Markus Söder
2374,9327ff20-d839-4171-975a-e68ed3ce217a,armin_laschet,Armin Laschet,armin_laschet_23-09-2021_00:00_video0.jpeg,cc6b3530-cd71-4500-a5fe-d868c449b8d1.png,0.793140676727974,Facenet512,euclidean_l2,17.0,Armin Laschet
2375,13d2a1e7-ed5b-4a76-9f25-180b85a11aba,armin_laschet,Unknown,armin_laschet_23-09-2021_00:00_video0.jpeg,,,,,,Unknown
2376,6c401bee-abd8-42cf-b645-23bf919863fa,armin_laschet,Unknown,armin_laschet_23-09-2021_00:00_video0.jpeg,,,,,,Unknown
2377,2cfb2b47-c31c-4b92-9a57-ad88bb255f1c,die_gruenen,Unknown,die_gruenen_13-09-2021_00:00_video7.jpeg,,,,,,Unknown
2378,9337e6cf-95b3-4fbd-b01b-0081c3da4fc5,die_gruenen,Unknown,die_gruenen_13-09-2021_00:00_video7.jpeg,,,,,,Unknown
2382,62593098-f741-4f23-9178-21094177a025,cdu,Unknown,cdu_14-09-2021_00:00_video2.jpeg,872af970-553e-4d30-abdc-252f937b8d70.png,0.9930990306497188,Facenet512,euclidean_l2,3.0,Armin Laschet
2384,1cc13083-7709-47a0-a8f3-a77d07ba88d5,cdu,Armin Laschet,cdu_18-09-2021_00:00_video1.jpeg,5efa5b53-ada6-486e-8b66-4c6330a71ea7.png,0.9162284183333638,Facenet512,euclidean_l2,7.0,Armin Laschet
2385,660f2832-ef1c-4c94-a072-2f3b956336b1,cdu,Unknown,cdu_18-09-2021_00:00_video1.jpeg,,,,,,Unknown
2386,a74133da-de80-45a9-936e-d2454545fbb9,fdp,Christian Lindner,fdp_17-09-2021_00:00_image1.jpeg,lindner_christian_gross.jpeg,0.5646164803915201,Facenet512,euclidean_l2,10.0,Christian Lindner
2387,ac5df6f8-65c9-4417-aae7-1308d1e9c3a3,die_gruenen,Unknown,die_gruenen_26-09-2021_00:00_video2.jpeg,,,,,,Unknown
2388,9e9473c6-a5b4-4f09-ba9e-ac1742ccca3c,die_gruenen,Annalena Baerbock,die_gruenen_26-09-2021_00:00_video2.jpeg,9a8aa257-6928-4d20-bb76-b003078f551d.png,0.7853515178053199,Facenet512,euclidean_l2,13.0,Annalena Baerbock
2389,7bfcb041-774d-418c-a260-3b649ed8263e,abaerbock,Unknown,abaerbock_18-09-2021_00:00_image12.jpeg,,,,,,Unknown
2390,3f7a5a2c-3d74-4377-9f9f-82433b217976,abaerbock,Unknown,abaerbock_18-09-2021_00:00_image12.jpeg,,,,,,Unknown
2391,dff76ea8-102e-4db2-97e7-8d6852f18f24,abaerbock,Annalena Baerbock,abaerbock_18-09-2021_00:00_image12.jpeg,,,,,,Unknown
2392,02537ee5-04d1-46cc-bb15-187b56d2e6f2,abaerbock,Unknown,abaerbock_18-09-2021_00:00_image12.jpeg,,,,,,Unknown
2393,85c4d76b-d982-4d28-bc8d-cd4c30ab854d,die_gruenen,Unknown,die_gruenen_25-09-2021_00:00_video39.jpeg,,,,,,Unknown
2394,1353eb8b-742e-4031-aac5-a458461957ea,armin_laschet,Armin Laschet,armin_laschet_16-09-2021_00:00_video1.jpeg,cc6b3530-cd71-4500-a5fe-d868c449b8d1.png,0.2780260059059478,Facenet512,euclidean_l2,20.0,Armin Laschet
2396,e1826c6c-c93c-449a-a069-da98f8bd97c3,cdu,Unknown,cdu_26-09-2021_00:00_video4.jpeg,,,,,,Unknown
2397,d2ac25e0-f1ca-4ced-882c-8e7e0ee601fc,cdu,Armin Laschet,cdu_26-09-2021_00:00_video4.jpeg,,,,,,Unknown
2398,20275e15-7fff-411a-96dc-bfac574ce572,cdu,Unknown,cdu_26-09-2021_00:00_video4.jpeg,,,,,,Unknown
2399,a834b11f-4f7d-4f09-a592-c66c673ffb8a,cdu,Unknown,cdu_26-09-2021_00:00_video4.jpeg,,,,,,Unknown
2400,66fe5cfc-6b84-4403-ae03-c173a03b9470,cdu,Unknown,cdu_26-09-2021_00:00_video4.jpeg,,,,,,Unknown
2401,8a829242-b475-429f-83a7-7cd616e57d05,cdu,Unknown,cdu_26-09-2021_00:00_video4.jpeg,,,,,,Unknown
2402,d4643311-00b3-4283-995a-d82a8d2bd5a6,cdu,Unknown,cdu_26-09-2021_00:00_video4.jpeg,,,,,,Unknown
2403,5ebe5ce0-fb52-4b81-92e8-bf7f072aea5b,cdu,Unknown,cdu_26-09-2021_00:00_video4.jpeg,872af970-553e-4d30-abdc-252f937b8d70.png,0.9776248817792432,Facenet512,euclidean_l2,2.0,Armin Laschet
2404,3db3d469-b8ca-489e-9ddd-86476c63c25b,cdu,Unknown,cdu_26-09-2021_00:00_video4.jpeg,,,,,,Unknown
2405,61762a2a-d898-465c-9ebc-a625e2ac5475,cdu,Unknown,cdu_26-09-2021_00:00_video4.jpeg,,,,,,Unknown
2562,8046eb49-d6f7-4b10-ab60-40b190bf972a,olafscholz,Unknown,olafscholz_25-09-2021_00:00_video2.jpeg,,,,,,Unknown
2563,31fc940d-b763-41e6-b37d-bb910cca48d1,olafscholz,Unknown,olafscholz_25-09-2021_00:00_video2.jpeg,,,,,,Unknown
2564,e38ff9f6-d08b-45a1-9b23-e8a55bb9ab07,olafscholz,Unknown,olafscholz_25-09-2021_00:00_video2.jpeg,9bc42743-ba76-4b29-8ae3-88daa99f6988.png,0.9842269895925654,Facenet512,euclidean_l2,2.0,Olaf Scholz
2565,b99d5021-d789-4514-b76d-56b6f8bcf7f1,olafscholz,Unknown,olafscholz_25-09-2021_00:00_video2.jpeg,,,,,,Unknown
2566,c12889f8-2c5b-4ec9-853f-0f5dcb6bed12,olafscholz,Unknown,olafscholz_25-09-2021_00:00_video2.jpeg,,,,,,Unknown
2567,1c596914-e11a-49ec-a6a7-2d2612053968,olafscholz,Unknown,olafscholz_25-09-2021_00:00_video2.jpeg,,,,,,Unknown
2568,804c59e5-b4e4-446d-a799-f9212e410230,olafscholz,Unknown,olafscholz_25-09-2021_00:00_video2.jpeg,,,,,,Unknown
2569,3a36949b-2d6d-463f-936d-43869161bf29,olafscholz,Unknown,olafscholz_25-09-2021_00:00_video2.jpeg,,,,,,Unknown
2570,d9b87559-1636-4cdd-b83f-2b343e0cf79d,olafscholz,Unknown,olafscholz_25-09-2021_00:00_video2.jpeg,,,,,,Unknown
2571,bb079e8f-f20a-4615-a063-f70c23bd5769,olafscholz,Unknown,olafscholz_25-09-2021_00:00_video2.jpeg,,,,,,Unknown
2572,afaa9ecb-c6fd-4fb1-8b4b-81c73502c0ad,christlichsozialeunion,Unknown,christlichsozialeunion_18-09-2021_00:00_video8.jpeg,,,,,,Unknown
2575,efc83e68-e912-491e-b6f6-35069a07b9a0,christlichsozialeunion,Unknown,christlichsozialeunion_21-09-2021_00:00_video7.jpeg,49bdb61e-e0b0-4666-9cf0-5c7ab16b2516.png,1.0005765765199852,Facenet512,euclidean_l2,1.0,Markus Söder
2576,eb0666d6-2603-4e2f-88ca-31d08de1e830,die_gruenen,Annalena Baerbock,die_gruenen_26-09-2021_00:00_video1.jpeg,b5ea8be6-69b9-4fdb-8813-88f307903fb4.png,0.4853241728531097,Facenet512,euclidean_l2,13.0,Annalena Baerbock
2577,aeda72ca-6dd4-4fcf-9b97-d78d3b3e81ae,spdde,Unknown,spdde_13-09-2021_00:00_video7.jpeg,,,,,,Unknown
2578,74970528-4321-45e7-b574-49f418dc3a29,die_gruenen,Unknown,die_gruenen_24-09-2021_00:00_video1.jpeg,,,,,,Unknown
2581,fdc10ccb-483f-4545-82f7-373f7bf1f79f,armin_laschet,Unknown,armin_laschet_17-09-2021_00:00_video5.jpeg,,,,,,Unknown
2582,4dd53da1-10d0-4a08-b74b-ce24d25a5216,abaerbock,Annalena Baerbock,abaerbock_21-09-2021_00:00_video8.jpeg,820608e2-840e-4850-b527-36c922284188.png,0.9371671396891934,Facenet512,euclidean_l2,7.0,Annalena Baerbock
2583,4fe1e898-3684-48fe-b66d-28e0679bf1c2,olafscholz,Unknown,olafscholz_22-09-2021_00:00_video3.jpeg,,,,,,Unknown
2585,51c619b2-c5c4-474c-b1c0-b65640c13cc6,olafscholz,Unknown,olafscholz_20-09-2021_00:00_image3.jpeg,,,,,,Unknown
2586,baba4465-aad5-4381-af05-41e4f9555c8f,olafscholz,Olaf Scholz,olafscholz_20-09-2021_00:00_image3.jpeg,82f4d29e-1d17-4672-b015-52009fda2a23.png,0.9172254568277068,Facenet512,euclidean_l2,5.0,Olaf Scholz
2587,a0a6b0d3-24a4-4919-bcba-0fdf28b52ced,christlichsozialeunion,Markus Söder,christlichsozialeunion_18-09-2021_00:00_video16.jpeg,983080ac-9963-4313-84db-4ad3649257da.png,0.8113949190605929,Facenet512,euclidean_l2,12.0,Markus Söder
2588,0e4b0c5e-d8f3-4f59-b09a-894bfe06e869,olafscholz,Olaf Scholz,olafscholz_19-09-2021_00:00_video3.jpeg,,,,,,Unknown
2589,613e8273-ec78-425d-919f-de5d316c7eab,cdu,Unknown,cdu_20-09-2021_00:00_video14.jpeg,,,,,,Unknown
2590,13902fd0-a8b2-44c9-aa93-b36614d6464e,cdu,Unknown,cdu_20-09-2021_00:00_video14.jpeg,,,,,,Unknown
2591,d68d62e2-e9c3-44d2-8b69-1e6da4b77c96,christlichsozialeunion,Unknown,christlichsozialeunion_23-09-2021_00:00_video9.jpeg,,,,,,Unknown
2592,2c815d1a-43e0-404e-b5d7-d16a57b43045,olafscholz,Olaf Scholz,olafscholz_17-09-2021_00:00_video1.jpeg,e1ab3325-0777-4d5b-8146-cbfa9ed3ffc2.png,0.7205122837416098,Facenet512,euclidean_l2,19.0,Olaf Scholz
2593,a236ba99-8b86-4d30-908a-af22701127ff,olafscholz,Unknown,olafscholz_17-09-2021_00:00_video1.jpeg,,,,,,Unknown
2594,de1b25dd-3657-4d14-a7dd-ad5b947a61b0,olafscholz,Unknown,olafscholz_17-09-2021_00:00_video1.jpeg,,,,,,Unknown
2595,cdbbb9f8-afc3-422d-a6eb-95df79ea88b2,olafscholz,Unknown,olafscholz_17-09-2021_00:00_video1.jpeg,,,,,,Unknown
2596,30aa7169-6480-4023-93c1-a1647101b8ad,olafscholz,Unknown,olafscholz_17-09-2021_00:00_video1.jpeg,,,,,,Unknown
2597,bf0e56d2-bef5-43a5-baac-1a9a2abf6daa,olafscholz,Unknown,olafscholz_17-09-2021_00:00_video1.jpeg,,,,,,Unknown
2598,efe79b3c-1921-486d-8845-372705915f1e,olafscholz,Unknown,olafscholz_17-09-2021_00:00_video1.jpeg,,,,,,Unknown
2599,00a4e338-3970-4a5e-9282-d332270024b3,olafscholz,Unknown,olafscholz_17-09-2021_00:00_video1.jpeg,,,,,,Unknown
2600,0dee6624-c491-4a01-aea1-a49bc37c791d,cdu,Unknown,cdu_19-09-2021_00:00_image3.jpeg,5efa5b53-ada6-486e-8b66-4c6330a71ea7.png,0.9013891540021132,Facenet512,euclidean_l2,1.0,Armin Laschet
2601,2569aff1-b2c8-4a13-94b4-567648d1fafb,cdu,Unknown,cdu_19-09-2021_00:00_image3.jpeg,,,,,,Unknown
2602,539eda02-d486-4f51-8139-35fa6b605131,cdu,Unknown,cdu_19-09-2021_00:00_image3.jpeg,,,,,,Unknown
2603,f34143e6-7da0-4184-8e4b-bb21175877c4,cdu,Armin Laschet,cdu_19-09-2021_00:00_image3.jpeg,1bd44b42-05b1-4e5e-9ecf-b19872c3a776.png,0.6407788833301209,Facenet512,euclidean_l2,19.0,Armin Laschet
2604,ad6c840b-5891-47e4-acdb-92311c30eb86,cdu,Unknown,cdu_19-09-2021_00:00_image3.jpeg,,,,,,Unknown
2605,fbf47ccc-412f-4ea4-8457-ef09a2a1fe35,cdu,Unknown,cdu_19-09-2021_00:00_image3.jpeg,872af970-553e-4d30-abdc-252f937b8d70.png,1.0325027838307166,Facenet512,euclidean_l2,1.0,Armin Laschet
2606,3aa0bd54-c9fd-4d71-9263-e7771054406f,cdu,Armin Laschet,cdu_19-09-2021_00:00_image3.jpeg,,,,,,Unknown
2607,d8813a19-ef10-403d-b1f0-f4a2c5941730,cdu,Unknown,cdu_19-09-2021_00:00_image3.jpeg,,,,,,Unknown
2608,883d2524-eab9-481e-a724-f46c20bc1e77,cdu,Unknown,cdu_19-09-2021_00:00_image3.jpeg,,,,,,Unknown
2609,7b5b7fca-42e0-4b89-ae26-a564c3747ddb,cdu,Unknown,cdu_19-09-2021_00:00_image3.jpeg,,,,,,Unknown
2610,552eb19a-80d3-4898-b54e-21fb9326bb76,cdu,Armin Laschet,cdu_19-09-2021_00:00_image3.jpeg,,,,,,Unknown
2611,e1dd6ef0-4bc6-4905-891d-4813619a8049,cdu,Armin Laschet,cdu_19-09-2021_00:00_image3.jpeg,,,,,,Unknown
2612,a68cf643-1cbd-4ec4-b8dc-d55e3643d4dc,cdu,Unknown,cdu_19-09-2021_00:00_image3.jpeg,,,,,,Unknown
2613,f6bdc6c9-53fb-4e38-bb6e-6c45e99be91d,cdu,Unknown,cdu_19-09-2021_00:00_image3.jpeg,,,,,,Unknown
2614,0f88765b-d6b2-4d17-a42d-67fd57cf05df,armin_laschet,Armin Laschet,armin_laschet_22-09-2021_00:00_image0.jpeg,b95e4651-bf56-4f12-8d9c-4defe1aef9b0.png,0.2987210291370141,Facenet512,euclidean_l2,20.0,Armin Laschet
2615,5744a2c3-66cd-4230-a7ca-ca07e44c488e,die_gruenen,Unknown,die_gruenen_25-09-2021_00:00_image5.jpeg,,,,,,Unknown
2616,1342a4dc-63f7-487b-8b36-d4c90aebb8d0,die_gruenen,Unknown,die_gruenen_25-09-2021_00:00_image5.jpeg,,,,,,Unknown
2617,12ecab94-bf0f-4834-b718-adccb19743b4,die_gruenen,Unknown,die_gruenen_25-09-2021_00:00_image5.jpeg,,,,,,Unknown
2618,e904b3b1-f716-4d08-b3e9-22197e3433e0,die_gruenen,Unknown,die_gruenen_25-09-2021_00:00_image5.jpeg,,,,,,Unknown
2619,3c97967a-07b0-4bc0-be05-5c2329aad811,die_gruenen,Unknown,die_gruenen_25-09-2021_00:00_image5.jpeg,,,,,,Unknown
2620,cfb7df2c-5fb6-4526-9f1c-f2508eeeb3d6,die_gruenen,Unknown,die_gruenen_25-09-2021_00:00_image5.jpeg,,,,,,Unknown
2621,4df3c903-0254-489e-a646-c3490a72a2f0,armin_laschet,Armin Laschet,armin_laschet_13-09-2021_00:00_video0.jpeg,b95e4651-bf56-4f12-8d9c-4defe1aef9b0.png,0.4949889618471182,Facenet512,euclidean_l2,19.0,Armin Laschet
2624,3f187a46-2368-446e-a9e6-3f5327aeec7f,christianlindner,Unknown,christianlindner_26-09-2021_00:00_image1.jpeg,,,,,,Unknown
2625,3e18a969-d550-4af5-90eb-5c1dd8e0bb2f,christianlindner,Unknown,christianlindner_26-09-2021_00:00_image1.jpeg,,,,,,Unknown
2626,bd59c874-6830-481c-9f3b-a418e56720a3,christianlindner,Unknown,christianlindner_26-09-2021_00:00_image1.jpeg,,,,,,Unknown
2627,435d7871-a1e3-4197-9616-fb68f998c40e,christianlindner,Unknown,christianlindner_26-09-2021_00:00_image1.jpeg,,,,,,Unknown
2628,54742261-a6e7-4b7f-9056-524f206c8ed7,christianlindner,Unknown,christianlindner_26-09-2021_00:00_image1.jpeg,,,,,,Unknown
2629,1063ca00-c198-4095-bb18-0bcce3b5a223,christianlindner,Unknown,christianlindner_26-09-2021_00:00_image1.jpeg,,,,,,Unknown
2630,e47a3cb0-aa72-42f5-91a9-fbbf0d603ec1,christianlindner,Unknown,christianlindner_26-09-2021_00:00_image1.jpeg,,,,,,Unknown
2631,bdb079fe-6a80-441f-a22a-a0f14172a257,christianlindner,Unknown,christianlindner_26-09-2021_00:00_image1.jpeg,,,,,,Unknown
2632,0598d684-862e-4650-879b-72a5786355b2,christianlindner,Unknown,christianlindner_26-09-2021_00:00_image1.jpeg,,,,,,Unknown
2633,2301aeeb-55a7-4ea6-b163-c48656489453,christianlindner,Unknown,christianlindner_26-09-2021_00:00_image1.jpeg,,,,,,Unknown
2634,ff06cc73-b1b2-43d9-85c0-e88889955621,christianlindner,Unknown,christianlindner_26-09-2021_00:00_image1.jpeg,,,,,,Unknown
2635,b2d33e53-872a-433e-853d-cf35be76d19b,christianlindner,Unknown,christianlindner_26-09-2021_00:00_image1.jpeg,,,,,,Unknown
2636,26346623-a3e0-48b5-aa79-007272b155c1,christianlindner,Unknown,christianlindner_26-09-2021_00:00_image1.jpeg,,,,,,Unknown
2637,25be34ec-55a4-441e-8f0c-bc52771ead30,christianlindner,Unknown,christianlindner_26-09-2021_00:00_image1.jpeg,,,,,,Unknown
2638,8e27c0ee-94ff-4538-9136-2dd093b4949e,christianlindner,Unknown,christianlindner_26-09-2021_00:00_image1.jpeg,,,,,,Unknown
2639,57b4456a-b8fa-476b-94ae-12b463f2dba7,christianlindner,Unknown,christianlindner_26-09-2021_00:00_image1.jpeg,,,,,,Unknown
2640,99a6885b-fcfb-46f9-bff0-39fec282ce9b,christianlindner,Unknown,christianlindner_26-09-2021_00:00_image1.jpeg,,,,,,Unknown
2641,39b6d54a-c027-4add-862e-d1ccda7a6c5e,christianlindner,Unknown,christianlindner_26-09-2021_00:00_image1.jpeg,,,,,,Unknown
2642,0529c75c-fcf3-4762-b2d9-389511f0b248,christianlindner,Unknown,christianlindner_26-09-2021_00:00_image1.jpeg,,,,,,Unknown
2643,903f0267-ed84-44cc-9d21-e23c5d466753,christianlindner,Unknown,christianlindner_26-09-2021_00:00_image1.jpeg,,,,,,Unknown
2644,09f481c4-93c9-487f-8166-0b021deb07b3,christianlindner,Unknown,christianlindner_26-09-2021_00:00_image1.jpeg,,,,,,Unknown
2645,bb219374-b2c5-419e-a4af-61a66893211e,christianlindner,Unknown,christianlindner_26-09-2021_00:00_image1.jpeg,,,,,,Unknown
2646,d54ba161-d34b-4bef-bc50-cf5dbc4dd606,christianlindner,Unknown,christianlindner_26-09-2021_00:00_image1.jpeg,,,,,,Unknown
2647,5b188f67-d8fa-4217-99cf-1be3498c04a2,christianlindner,Unknown,christianlindner_26-09-2021_00:00_image1.jpeg,,,,,,Unknown
2648,87f70cb3-5dec-4b73-a60a-b2bb55a14d78,christianlindner,Unknown,christianlindner_26-09-2021_00:00_image1.jpeg,,,,,,Unknown
2649,08a2219f-a022-46e6-b610-e59cb73e7196,christianlindner,Unknown,christianlindner_26-09-2021_00:00_image1.jpeg,,,,,,Unknown
2650,041c7100-9735-4ad0-b818-6db8c977b93b,christianlindner,Unknown,christianlindner_26-09-2021_00:00_image1.jpeg,,,,,,Unknown
2651,0cf0921d-7775-4f1d-af5e-bc124251383b,christianlindner,Unknown,christianlindner_26-09-2021_00:00_image1.jpeg,,,,,,Unknown
2652,5d286957-48e1-4100-9d70-df7cd1c2bbfa,christianlindner,Unknown,christianlindner_26-09-2021_00:00_image1.jpeg,,,,,,Unknown
2653,a8926cf5-afbb-41f4-84b3-035d5a8e0f57,christianlindner,Unknown,christianlindner_26-09-2021_00:00_image1.jpeg,,,,,,Unknown
2654,31852b9d-d6b7-4660-8168-3c2c6c6a721b,christianlindner,Unknown,christianlindner_26-09-2021_00:00_image1.jpeg,,,,,,Unknown
2655,4a7d56b3-de65-4a3a-909a-b2e142bb4d1e,christianlindner,Unknown,christianlindner_26-09-2021_00:00_image1.jpeg,,,,,,Unknown
2656,e2ed1152-ca05-4597-80dd-f2135955b583,christianlindner,Unknown,christianlindner_26-09-2021_00:00_image1.jpeg,,,,,,Unknown
2657,01dd7baa-c2b5-44b0-956a-dc5bec3f380f,christianlindner,Unknown,christianlindner_26-09-2021_00:00_image1.jpeg,,,,,,Unknown
2658,45b9b77a-6384-48d9-b296-7d7daa8dad72,christianlindner,Unknown,christianlindner_26-09-2021_00:00_image1.jpeg,,,,,,Unknown
2659,139cc3bb-462a-4abc-a96b-419098902c89,christianlindner,Unknown,christianlindner_26-09-2021_00:00_image1.jpeg,,,,,,Unknown
2660,1b2573e8-a847-4a52-b60e-8e2a791a14f4,christianlindner,Unknown,christianlindner_26-09-2021_00:00_image1.jpeg,,,,,,Unknown
2661,5804ad8c-e669-4b45-ba41-991ab4a07aad,christianlindner,Unknown,christianlindner_26-09-2021_00:00_image1.jpeg,,,,,,Unknown
2662,ea618bb4-14e8-4b18-bf70-1ce6d2f0849a,christianlindner,Unknown,christianlindner_26-09-2021_00:00_image1.jpeg,,,,,,Unknown
2663,0fd3d2be-df91-4b7c-969e-a4a50ba0bf64,christianlindner,Unknown,christianlindner_26-09-2021_00:00_image1.jpeg,,,,,,Unknown
2664,47710dc3-9d9d-487f-98aa-96f92a2d6bdd,christianlindner,Unknown,christianlindner_26-09-2021_00:00_image1.jpeg,,,,,,Unknown
2665,31b61726-f032-42c8-8c92-4908149da0c1,christianlindner,Unknown,christianlindner_26-09-2021_00:00_image1.jpeg,,,,,,Unknown
2666,41661a30-243d-4ee8-9a69-dffa046a6bff,christianlindner,Unknown,christianlindner_26-09-2021_00:00_image1.jpeg,,,,,,Unknown
2667,0864bc25-8906-4036-808e-ba66f60b8ca0,christianlindner,Unknown,christianlindner_26-09-2021_00:00_image1.jpeg,,,,,,Unknown
2668,70f9a78f-0c62-4420-bbb6-d4b66e800520,christianlindner,Unknown,christianlindner_26-09-2021_00:00_image1.jpeg,,,,,,Unknown
2669,c65f84f0-fa5b-4e08-a6ea-8274b91f0d27,cdu,Armin Laschet,cdu_21-09-2021_00:00_video3.jpeg,c1a12a4c-30ca-47ec-b1c5-11409ded5262.png,0.5397511540566736,Facenet512,euclidean_l2,20.0,Armin Laschet
2670,5b0100aa-f230-4b35-80eb-53227c6e19d6,cdu,Armin Laschet,cdu_21-09-2021_00:00_video3.jpeg,,,,,,Unknown
2671,eafb4c88-6cd0-4ad6-97ef-4f384cc7f8be,spdde,Unknown,spdde_19-09-2021_00:00_video9.jpeg,,,,,,Unknown
2672,747d5cc0-740f-4df1-9470-ed4cd1434b7c,spdde,Unknown,spdde_19-09-2021_00:00_video9.jpeg,,,,,,Unknown
2673,3ff919d6-3961-49c3-bbd1-6880e22c1210,spdde,Unknown,spdde_19-09-2021_00:00_video9.jpeg,,,,,,Unknown
2674,537d5a30-ef6a-4b83-9628-709a21e7be49,spdde,Unknown,spdde_19-09-2021_00:00_video9.jpeg,,,,,,Unknown
2705,f953c917-5ff8-4bcb-b554-a737acdabc54,abaerbock,Annalena Baerbock,abaerbock_14-09-2021_00:00_image7.jpeg,,,,,,Unknown
2706,866ec9db-d1e7-4a25-82a3-7b6c0b3e7c4c,armin_laschet,Unknown,armin_laschet_19-09-2021_00:00_image8.jpeg,,,,,,Unknown
2707,46285048-b1cb-4a47-8ada-15f7817b9690,armin_laschet,Unknown,armin_laschet_19-09-2021_00:00_image8.jpeg,,,,,,Unknown
2708,aba98169-5751-432b-9aa1-d544a9821282,armin_laschet,Armin Laschet,armin_laschet_19-09-2021_00:00_image8.jpeg,f7a956bb-513b-4ae7-9fb0-2adc7ab25076.png,0.6451648097599695,Facenet512,euclidean_l2,19.0,Armin Laschet
2709,da5b1ae7-1ced-4bb7-9c74-af77cd234216,christlichsozialeunion,Unknown,christlichsozialeunion_14-09-2021_00:00_image1.jpeg,,,,,,Unknown
2710,e82c47ef-a773-46ca-92ea-e24b80045231,markus.soeder,Unknown,markus.soeder_23-09-2021_00:00_video0.jpeg,,,,,,Unknown
2711,056b3eef-fa55-471e-997a-a2ed8fe30e2b,markus.soeder,Markus Söder,markus.soeder_23-09-2021_00:00_video0.jpeg,aef8776f-6cb2-461e-aa5f-26798f3b263e.png,0.6252377056938783,Facenet512,euclidean_l2,13.0,Markus Söder
2712,7788289d-dc63-407d-8897-860021c1a43d,markus.soeder,Markus Söder,markus.soeder_23-09-2021_00:00_video0.jpeg,49bdb61e-e0b0-4666-9cf0-5c7ab16b2516.png,0.9806191812898736,Facenet512,euclidean_l2,1.0,Markus Söder
2713,8ba050c3-c827-4ca0-a826-bda31035a1fa,markus.soeder,Unknown,markus.soeder_23-09-2021_00:00_video0.jpeg,,,,,,Unknown
2716,68e0ad60-c759-4e05-bd8b-8951e045ad2c,armin_laschet,Armin Laschet,armin_laschet_24-09-2021_00:00_video2.jpeg,5efa5b53-ada6-486e-8b66-4c6330a71ea7.png,0.7723472742669765,Facenet512,euclidean_l2,15.0,Armin Laschet
2717,314d3e28-6480-4eaa-b0b2-d08afc905b66,cdu,Unknown,cdu_17-09-2021_00:00_image3.jpeg,,,,,,Unknown
2718,662dca04-0261-44cd-ab54-aec9038e6874,cdu,Unknown,cdu_17-09-2021_00:00_image3.jpeg,,,,,,Unknown
2719,99a862fb-5adb-446a-a18a-19ea4921813a,cdu,Unknown,cdu_17-09-2021_00:00_image3.jpeg,,,,,,Unknown
2720,48dbd1c4-c577-4aee-a2db-31fbe39c291b,cdu,Armin Laschet,cdu_17-09-2021_00:00_image3.jpeg,5efa5b53-ada6-486e-8b66-4c6330a71ea7.png,0.610185839839093,Facenet512,euclidean_l2,19.0,Armin Laschet
2721,6d547402-239f-4ab1-bf66-9333a3de6752,cdu,Unknown,cdu_17-09-2021_00:00_image3.jpeg,,,,,,Unknown
2722,52974af7-3332-4ad7-9ec9-a2e3d41566ef,cdu,Unknown,cdu_17-09-2021_00:00_image3.jpeg,5efa5b53-ada6-486e-8b66-4c6330a71ea7.png,0.9602118945932272,Facenet512,euclidean_l2,2.0,Armin Laschet
2723,92abceef-67c4-4390-9323-fe5216562f66,cdu,Unknown,cdu_17-09-2021_00:00_image3.jpeg,,,,,,Unknown
2724,8f8af012-b0f4-4894-91f9-4be34ee11052,cdu,Unknown,cdu_17-09-2021_00:00_image3.jpeg,,,,,,Unknown
2725,d8441d27-6bc3-4e0a-86c0-d859d96583f1,cdu,Unknown,cdu_17-09-2021_00:00_image3.jpeg,,,,,,Unknown
2726,ed08fa78-283e-40e6-90bc-d9a80e63c6ba,cdu,Unknown,cdu_17-09-2021_00:00_image3.jpeg,5efa5b53-ada6-486e-8b66-4c6330a71ea7.png,0.947730280013055,Facenet512,euclidean_l2,1.0,Armin Laschet
2727,ad5d675c-4257-4e85-b656-54c705163247,cdu,Unknown,cdu_17-09-2021_00:00_image3.jpeg,,,,,,Unknown
2728,ca9f2de7-acdf-4960-bbe2-89489babce52,cdu,Unknown,cdu_17-09-2021_00:00_image3.jpeg,,,,,,Unknown
2729,5944ca0e-faf8-4007-9ccc-2f1eedc6448e,cdu,Unknown,cdu_17-09-2021_00:00_image3.jpeg,,,,,,Unknown
2730,11b6f28b-9640-4f68-a3bc-63a620804079,cdu,Unknown,cdu_17-09-2021_00:00_image3.jpeg,,,,,,Unknown
2731,bd604c2e-216c-45e4-b4d1-33c15f7ef8bc,fdp,Unknown,fdp_24-09-2021_00:00_video1.jpeg,,,,,,Unknown
2732,9576625a-6e71-4722-b136-4be15623421d,fdp,Christian Lindner,fdp_24-09-2021_00:00_video1.jpeg,,,,,,Unknown
2733,fb0e8d70-1500-4c6e-a01d-e27ddb9ad840,fdp,Unknown,fdp_24-09-2021_00:00_video1.jpeg,,,,,,Unknown
2734,fa620b0e-68f1-435a-8f57-dac6d6c879da,die_gruenen,Unknown,die_gruenen_25-09-2021_00:00_video38.jpeg,,,,,,Unknown
2735,e1b62099-6d81-42e5-8c5a-11f1d6d8103f,die_gruenen,Unknown,die_gruenen_25-09-2021_00:00_video38.jpeg,,,,,,Unknown
2744,46704316-9928-410f-b28b-a15eacc08368,olafscholz,Olaf Scholz,olafscholz_22-09-2021_00:00_image1.jpeg,addb18d2-ca87-4104-b149-5ecb974f1432.png,0.3344698062141312,Facenet512,euclidean_l2,19.0,Olaf Scholz
2746,b78b0e05-522e-4c0f-bab7-7771958596c8,olafscholz,Unknown,olafscholz_20-09-2021_00:00_video6.jpeg,,,,,,Unknown
2747,b60bbed9-1f29-4996-aab1-e9e891222267,olafscholz,Unknown,olafscholz_20-09-2021_00:00_video6.jpeg,,,,,,Unknown
2748,a005e2c2-b341-4ad3-933a-5a9b42b69c6e,armin_laschet,Unknown,armin_laschet_17-09-2021_00:00_image11.jpeg,,,,,,Unknown
2749,f3b38ca8-36ac-44f5-825e-559c1d7645a9,armin_laschet,Unknown,armin_laschet_17-09-2021_00:00_image11.jpeg,,,,,,Unknown
2750,a118ff9f-a857-4b5f-bed6-b08e4b8f3156,armin_laschet,Armin Laschet,armin_laschet_17-09-2021_00:00_image11.jpeg,5efa5b53-ada6-486e-8b66-4c6330a71ea7.png,0.6360032065817678,Facenet512,euclidean_l2,19.0,Armin Laschet
2751,0014bad0-f175-4ffe-b80b-fc2b8e298422,armin_laschet,Unknown,armin_laschet_17-09-2021_00:00_image11.jpeg,6eea9eca-17f8-4cce-b3dd-7cf5cb345415.png,0.9653735675792046,Facenet512,euclidean_l2,1.0,Armin Laschet
2752,aa33740b-5422-4085-b70e-22d1c3a4f924,armin_laschet,Unknown,armin_laschet_17-09-2021_00:00_image11.jpeg,,,,,,Unknown
2753,e5c14f16-408c-4b68-a90e-a1a629330797,armin_laschet,Unknown,armin_laschet_17-09-2021_00:00_image11.jpeg,5efa5b53-ada6-486e-8b66-4c6330a71ea7.png,1.0297861386809108,Facenet512,euclidean_l2,1.0,Armin Laschet
2754,60e3d957-071b-4450-afed-9432b431e400,armin_laschet,Unknown,armin_laschet_17-09-2021_00:00_image11.jpeg,,,,,,Unknown
2755,ef113322-2c71-4528-b2f0-d76ba5f731ef,armin_laschet,Unknown,armin_laschet_17-09-2021_00:00_image11.jpeg,,,,,,Unknown
2756,86bbef3d-b2c3-4802-968b-4cb06ffba0c8,armin_laschet,Unknown,armin_laschet_17-09-2021_00:00_image11.jpeg,,,,,,Unknown
2757,48456c7e-afe0-4fb5-8e80-af11214ec3a2,armin_laschet,Unknown,armin_laschet_17-09-2021_00:00_image11.jpeg,1e103923-022b-4d3f-a32e-e9c848a00e70.png,0.9603046620544754,Facenet512,euclidean_l2,2.0,Armin Laschet
2758,1bec953a-8fd0-4876-a113-6e7064fcedbf,armin_laschet,Unknown,armin_laschet_17-09-2021_00:00_image11.jpeg,,,,,,Unknown
2759,8ae362e7-5a7f-4d4a-9f74-0b75f234c7b8,armin_laschet,Unknown,armin_laschet_17-09-2021_00:00_image11.jpeg,,,,,,Unknown
2760,ba8fe002-783e-40b7-9722-956c5dbe3143,armin_laschet,Unknown,armin_laschet_17-09-2021_00:00_image11.jpeg,,,,,,Unknown
2763,275b8117-9749-4627-9b64-f24a95dc63a5,cdu,Unknown,cdu_13-09-2021_00:00_video15.jpeg,,,,,,Unknown
2764,b533e4bb-affd-47e0-9556-fedf45794809,cdu,Unknown,cdu_13-09-2021_00:00_video15.jpeg,,,,,,Unknown
2765,3e2ddf82-fc6e-4155-99b8-a0a4c272e508,christlichsozialeunion,Unknown,christlichsozialeunion_20-09-2021_00:00_video0.jpeg,,,,,,Unknown
2770,2b699ad4-496a-40fb-95f8-1a74fee0803c,armin_laschet,Unknown,armin_laschet_17-09-2021_00:00_video14.jpeg,,,,,,Unknown
2771,30d64f66-ddab-450c-befc-8491e285d57f,olafscholz,Olaf Scholz,olafscholz_19-09-2021_00:00_video11.jpeg,f124d4ca-3c2d-40fd-a3a4-81e0a32b39d5.png,0.6133369272260298,Facenet512,euclidean_l2,20.0,Olaf Scholz
2772,b008aa6a-8f18-4acc-8a72-54bc31185b79,olafscholz,Unknown,olafscholz_19-09-2021_00:00_video11.jpeg,,,,,,Unknown
2773,ade96295-179c-4bd4-bdaf-f7f1c2305b87,olafscholz,Unknown,olafscholz_19-09-2021_00:00_video11.jpeg,,,,,,Unknown
2774,4be097aa-ec8e-4203-aa94-aa8af4fa98cc,olafscholz,Unknown,olafscholz_19-09-2021_00:00_video11.jpeg,,,,,,Unknown
2775,bd1b1a20-dc92-463b-897e-997c14ea9bd1,olafscholz,Unknown,olafscholz_19-09-2021_00:00_video11.jpeg,,,,,,Unknown
2776,d15a4ba8-0e8b-4b69-b2e2-981a766bcf33,christlichsozialeunion,Unknown,christlichsozialeunion_26-09-2021_00:00_video1.jpeg,,,,,,Unknown
2778,ff0d72c0-3db4-458a-8bf1-7a5f20713c20,markus.soeder,Markus Söder,markus.soeder_24-09-2021_00:00_image1.jpeg,49bdb61e-e0b0-4666-9cf0-5c7ab16b2516.png,0.3633888091078953,Facenet512,euclidean_l2,13.0,Markus Söder
2779,2feede04-7d16-4d1c-aee8-b99f814ed054,cdu,Armin Laschet,cdu_17-09-2021_00:00_video7.jpeg,c9b28a08-82fc-4524-9287-70b4dbc96c5b.png,0.7977164274150716,Facenet512,euclidean_l2,14.0,Armin Laschet
2781,45fada7e-f357-41f6-bc89-b5d5b06e6341,cdu,Unknown,cdu_23-09-2021_00:00_video3.jpeg,,,,,,Unknown
2782,e926038d-7237-4ce0-b7e4-c32dc6297573,cdu,Unknown,cdu_23-09-2021_00:00_video3.jpeg,,,,,,Unknown
2783,7e43b6f1-a881-4d36-8066-ebc87e7fd7bf,cdu,Unknown,cdu_23-09-2021_00:00_video3.jpeg,,,,,,Unknown
2784,f93a095c-e40c-4288-9d62-234b8a789b32,cdu,Unknown,cdu_23-09-2021_00:00_video3.jpeg,,,,,,Unknown
2799,12fad145-cb2f-44ea-8b4e-900cb8d3ded2,die_gruenen,Unknown,die_gruenen_25-09-2021_00:00_video0.jpeg,,,,,,Unknown
2800,27f97d5a-b37c-4ad3-a7cd-abdcc7e8f97b,die_gruenen,Annalena Baerbock,die_gruenen_25-09-2021_00:00_video0.jpeg,d0023ba3-e826-4b9e-9f82-cd652ea335bd.png,0.5120982208967264,Facenet512,euclidean_l2,13.0,Annalena Baerbock
2801,b54390b2-bc11-4d0d-9bec-8ecf7a5e8007,die_gruenen,Unknown,die_gruenen_25-09-2021_00:00_video0.jpeg,,,,,,Unknown
2802,c8750e51-f4f3-4892-85a9-74761894d0e1,die_gruenen,Unknown,die_gruenen_25-09-2021_00:00_video0.jpeg,,,,,,Unknown
2805,2413cd25-67c5-4139-9b33-8910d077655c,olafscholz,Unknown,olafscholz_25-09-2021_00:00_video5.jpeg,82f4d29e-1d17-4672-b015-52009fda2a23.png,1.0386255019191637,Facenet512,euclidean_l2,1.0,Olaf Scholz
2806,81a40174-7f84-4619-97b2-94d8d1c71eda,olafscholz,Unknown,olafscholz_25-09-2021_00:00_video5.jpeg,,,,,,Unknown
2807,744ea2f5-ca66-4dea-8bd9-df78879e356d,olafscholz,Unknown,olafscholz_25-09-2021_00:00_video5.jpeg,82f4d29e-1d17-4672-b015-52009fda2a23.png,0.8231910627744556,Facenet512,euclidean_l2,13.0,Olaf Scholz
2808,84833cde-e4c9-4a8f-9ef3-2ef5d0b86eb4,olafscholz,Unknown,olafscholz_25-09-2021_00:00_video5.jpeg,,,,,,Unknown
2809,87748a6d-1635-40f5-bf30-aa1b6f330822,olafscholz,Unknown,olafscholz_25-09-2021_00:00_video5.jpeg,,,,,,Unknown
2810,8f7c7a00-123f-4b0a-beb4-ffff14f9e732,olafscholz,Unknown,olafscholz_25-09-2021_00:00_video5.jpeg,,,,,,Unknown
2811,026b87b7-e311-47ee-a522-bd7fb3422e52,olafscholz,Unknown,olafscholz_25-09-2021_00:00_video5.jpeg,,,,,,Unknown
2812,6ed90ec3-b53a-4148-bea2-b8cd64e0c11c,olafscholz,Unknown,olafscholz_25-09-2021_00:00_video5.jpeg,,,,,,Unknown
2813,bf3fc9ad-a649-4330-a437-53d2c8afc2af,olafscholz,Unknown,olafscholz_25-09-2021_00:00_video5.jpeg,82f4d29e-1d17-4672-b015-52009fda2a23.png,1.0005600249963358,Facenet512,euclidean_l2,1.0,Olaf Scholz
2814,80e9cd39-bf97-428c-a29d-7cd4d587620e,olafscholz,Unknown,olafscholz_25-09-2021_00:00_video5.jpeg,,,,,,Unknown
2815,808cfde4-ddd6-4356-ac82-32da585ad661,olafscholz,Unknown,olafscholz_25-09-2021_00:00_video5.jpeg,,,,,,Unknown
2816,b86b08ef-3450-4ea1-9edb-ef513c4bf6f1,olafscholz,Unknown,olafscholz_25-09-2021_00:00_video5.jpeg,,,,,,Unknown
2817,87042427-5363-435b-a57f-c1a939b15860,olafscholz,Unknown,olafscholz_25-09-2021_00:00_video5.jpeg,,,,,,Unknown
2818,5b244d97-c850-4dba-bcc2-18349c560823,olafscholz,Unknown,olafscholz_25-09-2021_00:00_video5.jpeg,,,,,,Unknown
2819,662be45e-f2bf-4d19-baf4-943ab0ce4ca2,olafscholz,Unknown,olafscholz_25-09-2021_00:00_video5.jpeg,,,,,,Unknown
2820,d50aeaa3-8b3f-4d6a-a878-abce4003331e,olafscholz,Unknown,olafscholz_25-09-2021_00:00_video5.jpeg,,,,,,Unknown
2821,3d0b9fb0-c370-45cd-86dc-6b2cb33cbcb6,olafscholz,Unknown,olafscholz_25-09-2021_00:00_video5.jpeg,,,,,,Unknown
2822,b3e52ba9-e217-4ddf-b3de-5d9a617836ac,olafscholz,Unknown,olafscholz_25-09-2021_00:00_video5.jpeg,,,,,,Unknown
2823,15b14984-137f-4d9f-922f-bfd19d1e8866,olafscholz,Unknown,olafscholz_25-09-2021_00:00_video5.jpeg,,,,,,Unknown
2824,2c5f0c34-76b6-4dbe-aac9-58ffdd5725cb,olafscholz,Unknown,olafscholz_25-09-2021_00:00_video5.jpeg,,,,,,Unknown
2825,456157b7-49c8-4cae-96a5-516977cb7ad7,olafscholz,Unknown,olafscholz_25-09-2021_00:00_video5.jpeg,,,,,,Unknown
2826,6436c934-52cd-4a4d-b347-21fdf831b27a,olafscholz,Unknown,olafscholz_25-09-2021_00:00_video5.jpeg,,,,,,Unknown
2827,3cc0f075-4668-44f5-a114-b8e312144698,olafscholz,Unknown,olafscholz_25-09-2021_00:00_video5.jpeg,,,,,,Unknown
2828,e60defc6-509b-43f5-97d6-56a600f6f675,olafscholz,Unknown,olafscholz_25-09-2021_00:00_video5.jpeg,,,,,,Unknown
2831,1cf392d6-cd58-4dde-b7f9-88fac65c1ddb,die_gruenen,Annalena Baerbock,die_gruenen_25-09-2021_00:00_video40.jpeg,baerbock_annalena_gross.jpeg,0.6418737613743032,Facenet512,euclidean_l2,13.0,Annalena Baerbock
2843,d39e612a-b9c1-463f-80cd-08c15f8533ef,armin_laschet,Unknown,armin_laschet_25-09-2021_00:00_video13.jpeg,,,,,,Unknown
2844,8fdd31ca-dca5-491e-af06-82db7511acc8,armin_laschet,Unknown,armin_laschet_25-09-2021_00:00_video13.jpeg,,,,,,Unknown
2845,481d222f-1172-4bb5-a690-1eae99cc5c82,armin_laschet,Armin Laschet,armin_laschet_25-09-2021_00:00_video13.jpeg,,,,,,Unknown
2846,04e980e9-d99c-4625-953f-461536548de6,spdde,Unknown,spdde_25-09-2021_00:00_video18.jpeg,,,,,,Unknown
2847,8f775680-98d5-4166-853d-219010fe0222,spdde,Unknown,spdde_25-09-2021_00:00_video18.jpeg,,,,,,Unknown
2848,cc68a07d-5280-4171-97ee-82b4ff9148fb,spdde,Unknown,spdde_26-09-2021_00:00_image2.jpeg,,,,,,Unknown
2849,5dec3c99-4e6b-4800-a2d6-261f1b6850c1,spdde,Unknown,spdde_26-09-2021_00:00_image2.jpeg,,,,,,Unknown
2850,92e48f8b-eaa2-412f-9289-5b2ab7808009,spdde,Unknown,spdde_26-09-2021_00:00_image2.jpeg,,,,,,Unknown
2851,c6af7ad5-2477-4e93-88b8-dfb9870b5791,olafscholz,Unknown,olafscholz_18-09-2021_00:00_video6.jpeg,,,,,,Unknown
2852,a34066be-8de1-4898-81e0-350b55b7413f,olafscholz,Unknown,olafscholz_18-09-2021_00:00_video6.jpeg,,,,,,Unknown
2853,b42980ec-b362-4dd7-bec8-ab844d7e4bbc,olafscholz,Unknown,olafscholz_18-09-2021_00:00_video6.jpeg,addb18d2-ca87-4104-b149-5ecb974f1432.png,0.9544373234022108,Facenet512,euclidean_l2,3.0,Olaf Scholz
2854,2307b4ad-a43c-4c95-857f-9f4de9566159,olafscholz,Unknown,olafscholz_18-09-2021_00:00_video6.jpeg,,,,,,Unknown
2855,05a9f195-8897-4351-bea3-9666cc09667b,olafscholz,Unknown,olafscholz_18-09-2021_00:00_video6.jpeg,,,,,,Unknown
2856,97c0f195-a15a-4031-a48c-8d728c8d7293,christlichsozialeunion,Unknown,christlichsozialeunion_23-09-2021_00:00_video8.jpeg,,,,,,Unknown
2858,6576159c-6afb-4ac2-9f8b-49e60d76a058,spdde,Unknown,spdde_26-09-2021_00:00_video4.jpeg,,,,,,Unknown
2859,2bc243c7-d143-4f86-9167-3ba6610cfac5,spdde,Unknown,spdde_26-09-2021_00:00_video4.jpeg,,,,,,Unknown
2860,3d93c643-fbdd-4294-98f4-6065de3f6f9e,spdde,Unknown,spdde_26-09-2021_00:00_video4.jpeg,,,,,,Unknown
2861,9ef5fe8c-d922-4fab-a890-3556f41873c2,spdde,Unknown,spdde_26-09-2021_00:00_video4.jpeg,,,,,,Unknown
2862,c240a8b5-f3ad-4dcf-b5ed-b479bedf6648,spdde,Unknown,spdde_26-09-2021_00:00_video4.jpeg,,,,,,Unknown
2863,ca66f74b-aaea-4e76-afb7-4aa3a693505b,spdde,Olaf Scholz,spdde_26-09-2021_00:00_video4.jpeg,,,,,,Unknown
2865,b3e36042-479e-4a46-ad10-61318db5ad7b,christianlindner,Unknown,christianlindner_16-09-2021_00:00_image0.jpeg,,,,,,Unknown
2866,808bfdcd-7092-4553-9721-4d2d33f3e86b,christianlindner,Unknown,christianlindner_16-09-2021_00:00_image0.jpeg,,,,,,Unknown
2867,0d55f24c-0fd9-4da2-8c16-d0b66a3c379b,christianlindner,Unknown,christianlindner_16-09-2021_00:00_image0.jpeg,,,,,,Unknown
2868,1c5cd754-be62-407f-bb45-57e8b38ca9e7,cdu,Armin Laschet,cdu_18-09-2021_00:00_video5.jpeg,,,,,,Unknown
2869,540303d7-2d38-49cf-a49d-241c58332bc6,cdu,Unknown,cdu_18-09-2021_00:00_video5.jpeg,,,,,,Unknown
2870,473bb8f1-7488-486b-98bf-c8d932b40756,cdu,Unknown,cdu_18-09-2021_00:00_video5.jpeg,,,,,,Unknown
2871,8222499c-d4bb-4f1a-ba68-6b5752531068,cdu,Unknown,cdu_18-09-2021_00:00_video5.jpeg,,,,,,Unknown
2872,10d67008-f1f0-4fde-a467-de64b88763b7,cdu,Unknown,cdu_23-09-2021_00:00_image3.jpeg,,,,,,Unknown
2873,2d9d225c-108f-49c2-940f-0f62b83b4b2d,cdu,Unknown,cdu_23-09-2021_00:00_image3.jpeg,,,,,,Unknown
2874,a48cdaf7-41f0-4d0d-8d93-d84cb67760bf,cdu,Unknown,cdu_23-09-2021_00:00_image3.jpeg,,,,,,Unknown
2875,fff0770a-fab1-42e3-8767-41e411bec369,cdu,Unknown,cdu_23-09-2021_00:00_image3.jpeg,,,,,,Unknown
2876,3d63f6aa-bcae-4567-b051-f2e5b1ef8bee,cdu,Unknown,cdu_23-09-2021_00:00_image3.jpeg,,,,,,Unknown
2877,72e928aa-639f-4514-bc56-f91ef4aca783,cdu,Unknown,cdu_23-09-2021_00:00_image3.jpeg,7cdeee40-f222-4b03-a819-4db32fc47d20.png,1.0344979929185478,Facenet512,euclidean_l2,1.0,Armin Laschet
2878,fde3f006-1c56-4dd8-8f02-b914d76102d0,cdu,Unknown,cdu_23-09-2021_00:00_image3.jpeg,,,,,,Unknown
2879,2e5b9e92-e0ab-4fbf-b226-0840f162d5ab,cdu,Unknown,cdu_23-09-2021_00:00_image3.jpeg,,,,,,Unknown
2880,f1343510-ceeb-4df5-a453-1f493cbbcfc2,cdu,Unknown,cdu_23-09-2021_00:00_image3.jpeg,,,,,,Unknown
2881,c1e522ce-521c-4c47-b24f-d7646dffbd8c,cdu,Unknown,cdu_23-09-2021_00:00_image3.jpeg,,,,,,Unknown
2882,b75ddbe4-8c81-4484-aeba-00b009e2a35a,cdu,Unknown,cdu_23-09-2021_00:00_image3.jpeg,,,,,,Unknown
2883,e0a60b1c-a8d8-479d-b34c-e251e872ba91,cdu,Armin Laschet,cdu_23-09-2021_00:00_image3.jpeg,c1a12a4c-30ca-47ec-b1c5-11409ded5262.png,0.6466987538105593,Facenet512,euclidean_l2,19.0,Armin Laschet
2884,636a9ba1-49e8-4a55-bcf2-d7f51027801b,cdu,Unknown,cdu_23-09-2021_00:00_image3.jpeg,,,,,,Unknown
2885,13941552-d585-4fcf-9e81-6bf1979a1b1e,cdu,Unknown,cdu_23-09-2021_00:00_image3.jpeg,,,,,,Unknown
2886,e441f061-7817-4529-9d6e-0091189a3e5a,cdu,Unknown,cdu_23-09-2021_00:00_image3.jpeg,,,,,,Unknown
2887,4ba3c1a3-ab0e-424c-aac4-7742e96a9ca6,cdu,Unknown,cdu_23-09-2021_00:00_image3.jpeg,,,,,,Unknown
2888,8b5eaf5e-fb41-4270-93c1-e6a64301f7f8,cdu,Unknown,cdu_23-09-2021_00:00_image3.jpeg,,,,,,Unknown
2889,ca137698-167d-4a10-ad03-9cd3c9edaead,cdu,Unknown,cdu_23-09-2021_00:00_image3.jpeg,,,,,,Unknown
2890,4716e4d8-8228-4e40-9c1c-0c348ebbb9cd,cdu,Unknown,cdu_23-09-2021_00:00_image3.jpeg,,,,,,Unknown
2891,0e67b952-3341-4ae2-b76c-43cf51485e89,cdu,Unknown,cdu_23-09-2021_00:00_image3.jpeg,,,,,,Unknown
2892,b3311667-e20e-4907-b651-a2d14880939f,cdu,Unknown,cdu_23-09-2021_00:00_image3.jpeg,,,,,,Unknown
2893,1bab6d68-a728-426f-839f-04d1c7f0a0da,cdu,Unknown,cdu_23-09-2021_00:00_image3.jpeg,d0e6d963-6d02-463b-a226-ce3f34b0fcc5.png,0.9864023942195426,Facenet512,euclidean_l2,2.0,Armin Laschet
2894,ee9cac71-4e64-491a-8b75-0c892331f879,cdu,Unknown,cdu_23-09-2021_00:00_image3.jpeg,,,,,,Unknown
2895,36d8838d-f3a9-4f16-950f-3be5298d61e5,cdu,Unknown,cdu_23-09-2021_00:00_image3.jpeg,,,,,,Unknown
2896,f48e7582-0b3f-4cf0-b02a-9825b2516b26,cdu,Unknown,cdu_23-09-2021_00:00_image3.jpeg,,,,,,Unknown
2897,28e89d85-b11b-48e8-aa5f-ed2791680387,cdu,Unknown,cdu_23-09-2021_00:00_image3.jpeg,,,,,,Unknown
2898,47ab21b9-d274-4f69-b992-06e1dee6b17f,olafscholz,Olaf Scholz,olafscholz_26-09-2021_00:00_image0.jpeg,f124d4ca-3c2d-40fd-a3a4-81e0a32b39d5.png,0.400118961441067,Facenet512,euclidean_l2,20.0,Olaf Scholz
2899,eefebc7c-718b-492b-8b61-b22cdf4b7cb4,olafscholz,Olaf Scholz,olafscholz_26-09-2021_00:00_image0.jpeg,scholz_olaf.jpeg,0.5598137290578119,Facenet512,euclidean_l2,19.0,Olaf Scholz
2900,21cf9fdd-d39e-4270-92e3-1f944eb4ac16,olafscholz,Unknown,olafscholz_26-09-2021_00:00_image0.jpeg,,,,,,Unknown
2901,dac80b55-f348-4e11-8d0c-45019121d153,olafscholz,Unknown,olafscholz_26-09-2021_00:00_image0.jpeg,,,,,,Unknown
2902,1f75b544-8b62-42fa-b3ad-b4f3977eb693,olafscholz,Unknown,olafscholz_26-09-2021_00:00_image0.jpeg,,,,,,Unknown
2903,f660f4f3-5e09-4597-aeae-0d91717bfcf6,olafscholz,Unknown,olafscholz_26-09-2021_00:00_image0.jpeg,2ec8c611-8404-4676-9523-28f0cc6181ab.png,1.0018695935516602,Facenet512,euclidean_l2,5.0,Olaf Scholz
2904,4c0b7a37-ac22-4685-af6d-bbcfa896258e,olafscholz,Unknown,olafscholz_26-09-2021_00:00_image0.jpeg,,,,,,Unknown
2905,52d75eae-5787-44e3-8444-56115a522e09,olafscholz,Unknown,olafscholz_26-09-2021_00:00_image0.jpeg,,,,,,Unknown
2906,05479629-5425-4585-9f35-a2a37fb215e9,olafscholz,Olaf Scholz,olafscholz_26-09-2021_00:00_image0.jpeg,,,,,,Unknown
2907,3add7884-2ab7-473b-b996-646380eaab6f,olafscholz,Unknown,olafscholz_26-09-2021_00:00_image0.jpeg,,,,,,Unknown
2908,a9debbdc-5687-4552-8ad9-9ff6d3fbf813,abaerbock,Annalena Baerbock,abaerbock_21-09-2021_00:00_video4.jpeg,dded1da1-82ba-453b-8736-9ef3e81ab387.png,0.9787443608616622,Facenet512,euclidean_l2,7.0,Annalena Baerbock
2909,2cd3ffa4-a0a3-45f1-9eec-95d33a446853,markus.soeder,Markus Söder,markus.soeder_18-09-2021_00:00_video0.jpeg,aef8776f-6cb2-461e-aa5f-26798f3b263e.png,0.9484268609008294,Facenet512,euclidean_l2,1.0,Markus Söder
2910,cbf2b3bd-4f73-4216-83e8-5bfe9e11d758,markus.soeder,Unknown,markus.soeder_18-09-2021_00:00_video0.jpeg,,,,,,Unknown
2911,36b4be9d-91a7-489e-a57b-101d34840022,markus.soeder,Unknown,markus.soeder_18-09-2021_00:00_video0.jpeg,,,,,,Unknown
2912,cb61733e-202c-482b-9047-6c8a789675be,markus.soeder,Unknown,markus.soeder_18-09-2021_00:00_video0.jpeg,,,,,,Unknown
2913,d9380772-9d85-4676-a16a-f92e1bfe6d75,markus.soeder,Unknown,markus.soeder_18-09-2021_00:00_video0.jpeg,,,,,,Unknown
2914,c0e0d058-0a15-4c94-b0e2-10933e24123f,abaerbock,Unknown,abaerbock_23-09-2021_00:00_image9.jpeg,,,,,,Unknown
2915,5f2995c3-f983-4074-81dd-fdef49b6871c,abaerbock,Unknown,abaerbock_23-09-2021_00:00_image9.jpeg,,,,,,Unknown
2916,51a211c0-161a-4962-81b9-a770a1d39010,abaerbock,Unknown,abaerbock_23-09-2021_00:00_image9.jpeg,,,,,,Unknown
2918,2b86a61e-0d44-4175-a9fd-44e7c5b440c5,christianlindner,Unknown,christianlindner_20-09-2021_00:00_video2.jpeg,,,,,,Unknown
2928,ad8f45bf-0c03-491a-8bab-46db13d1ce8c,christlichsozialeunion,Unknown,christlichsozialeunion_20-09-2021_00:00_image0.jpeg,,,,,,Unknown
2944,d336daf5-bbf5-4fa1-9c38-874c5f00a65a,armin_laschet,Armin Laschet,armin_laschet_13-09-2021_00:00_video6.jpeg,80b6f539-47d0-408e-8a0b-aadcffe513a5.png,0.5106833062934603,Facenet512,euclidean_l2,19.0,Armin Laschet
2948,aed3e84e-aac1-4d42-a551-1c411bc75f6d,cdu,Unknown,cdu_26-09-2021_00:00_video14.jpeg,,,,,,Unknown
2949,2cc888b1-3749-43d1-9acc-c6889664fc8b,cdu,Unknown,cdu_26-09-2021_00:00_video14.jpeg,,,,,,Unknown
2950,209ccd62-e7eb-4097-9f0a-8eb69a014122,cdu,Unknown,cdu_26-09-2021_00:00_video14.jpeg,,,,,,Unknown
2951,82ec7e35-9490-45a8-b826-9d501219a1c6,cdu,Unknown,cdu_26-09-2021_00:00_video14.jpeg,,,,,,Unknown
2952,b11ca2b8-e394-4613-bd20-a06a3f01c120,cdu,Unknown,cdu_26-09-2021_00:00_video14.jpeg,,,,,,Unknown
2953,d7c58ef6-0d26-4014-b28d-c9b9d6cf5cee,cdu,Unknown,cdu_26-09-2021_00:00_video14.jpeg,,,,,,Unknown
2954,2cd223bb-e111-4e3a-8c03-802b216d7543,cdu,Unknown,cdu_26-09-2021_00:00_video14.jpeg,,,,,,Unknown
2955,8a316bcc-7a47-4bdf-b516-2d0b55597d66,cdu,Unknown,cdu_26-09-2021_00:00_video14.jpeg,,,,,,Unknown
2956,108a4598-6281-4199-9c5a-14b964413d89,cdu,Unknown,cdu_26-09-2021_00:00_video14.jpeg,cc6b3530-cd71-4500-a5fe-d868c449b8d1.png,1.0193312944398707,Facenet512,euclidean_l2,1.0,Armin Laschet
2957,45a6045d-29c4-4462-8bff-64fc044d77e0,cdu,Unknown,cdu_26-09-2021_00:00_video14.jpeg,,,,,,Unknown
2958,a421d443-dbd4-4825-9bdb-c5bdff79b9c9,cdu,Unknown,cdu_26-09-2021_00:00_video14.jpeg,,,,,,Unknown
2959,69da5353-f0a0-48f2-9941-d11fac70f201,cdu,Unknown,cdu_26-09-2021_00:00_video14.jpeg,,,,,,Unknown
2960,e89485b3-b80c-4cef-8231-c2fc6cae8cb9,cdu,Unknown,cdu_26-09-2021_00:00_video14.jpeg,,,,,,Unknown
2961,140d86d8-7dd2-4dbd-89f4-b565bd6eeaf5,cdu,Unknown,cdu_26-09-2021_00:00_video14.jpeg,,,,,,Unknown
2962,3ab53ca6-1b6a-4bb8-a24c-fb602e8571a0,cdu,Unknown,cdu_26-09-2021_00:00_video14.jpeg,,,,,,Unknown
2963,c11c554c-bbd6-4db6-9427-8674230c28d3,cdu,Unknown,cdu_26-09-2021_00:00_video14.jpeg,,,,,,Unknown
2964,27b137cc-0531-4d38-8373-7e2c6352c749,cdu,Unknown,cdu_13-09-2021_00:00_video4.jpeg,,,,,,Unknown
2965,611ee40b-f2e6-4ec4-8003-1cc3c2d51a07,cdu,Unknown,cdu_13-09-2021_00:00_video4.jpeg,,,,,,Unknown
2966,0131e97b-d8f0-4d8d-b2cf-feeb65c50755,cdu,Unknown,cdu_13-09-2021_00:00_video4.jpeg,,,,,,Unknown
2967,47ec91a6-651c-4103-9e59-3309fe3fcc06,cdu,Unknown,cdu_13-09-2021_00:00_video4.jpeg,,,,,,Unknown
2968,faa38927-2e81-4c4b-878b-ce01874b18e6,cdu,Unknown,cdu_13-09-2021_00:00_video4.jpeg,,,,,,Unknown
2969,484165d7-fc30-4aeb-8016-3a12eb6276d4,christlichsozialeunion,Unknown,christlichsozialeunion_17-09-2021_00:00_image1.jpeg,,,,,,Unknown
2970,f4166375-9eba-47f8-873e-c4d55031e7d4,armin_laschet,Armin Laschet,armin_laschet_25-09-2021_00:00_image1.jpeg,1e103923-022b-4d3f-a32e-e9c848a00e70.png,0.6767817070347334,Facenet512,euclidean_l2,20.0,Armin Laschet
2971,3a0efd67-dce8-4464-990f-0668f9901f13,armin_laschet,Unknown,armin_laschet_23-09-2021_00:00_image2.jpeg,,,,,,Unknown
2972,d8feb103-de46-4d8b-ab1e-4d1e8617eda1,armin_laschet,Armin Laschet,armin_laschet_23-09-2021_00:00_image2.jpeg,c0c7aedd-97dc-4394-8336-f812c19fc1a2.png,0.5629316176029988,Facenet512,euclidean_l2,19.0,Armin Laschet
2973,086c9ec4-c5cb-4839-8572-c08684c7d083,armin_laschet,Unknown,armin_laschet_23-09-2021_00:00_image2.jpeg,,,,,,Unknown
2974,8855deef-9135-49c4-bf49-b08d4d4ed323,abaerbock,Unknown,abaerbock_25-09-2021_00:00_image1.jpeg,,,,,,Unknown
2975,09af3b80-3d20-4895-b70f-2587d15c2bdc,abaerbock,Unknown,abaerbock_25-09-2021_00:00_image1.jpeg,,,,,,Unknown
2976,9a87193f-9778-42a0-a791-f921baa1cf62,abaerbock,Unknown,abaerbock_25-09-2021_00:00_image1.jpeg,,,,,,Unknown
2977,802d31a3-bb70-4135-b1fc-72f3e4d81f42,abaerbock,Unknown,abaerbock_25-09-2021_00:00_image1.jpeg,,,,,,Unknown
2978,db5bf4fd-71dd-4e25-98da-99e00bc7cd9e,abaerbock,Unknown,abaerbock_25-09-2021_00:00_image1.jpeg,,,,,,Unknown
2979,12ea2bc5-c240-40c4-a83e-e46d68119b2a,abaerbock,Unknown,abaerbock_25-09-2021_00:00_image2.jpeg,,,,,,Unknown
2980,49c96d4d-4fd6-4597-a647-ca723012f1ed,abaerbock,Unknown,abaerbock_25-09-2021_00:00_image2.jpeg,,,,,,Unknown
2981,ec9b3067-ccec-42af-a8cb-7a8f7a1783c7,abaerbock,Unknown,abaerbock_25-09-2021_00:00_image2.jpeg,,,,,,Unknown
2982,1178722b-f885-4add-b309-62bac5df2e18,abaerbock,Unknown,abaerbock_25-09-2021_00:00_image2.jpeg,,,,,,Unknown
2983,edb5d933-87f1-4ac8-bd8e-7b18972f1ac2,abaerbock,Unknown,abaerbock_25-09-2021_00:00_image2.jpeg,,,,,,Unknown
2984,71b3cea5-aec2-4a2a-9b8e-3c072a9f49f9,abaerbock,Unknown,abaerbock_25-09-2021_00:00_image2.jpeg,,,,,,Unknown
2985,2a1c3259-1478-456c-b65e-3d200c3ceb62,abaerbock,Unknown,abaerbock_25-09-2021_00:00_image2.jpeg,,,,,,Unknown
2986,85dccadb-b19e-43bb-ac41-05de4352c343,abaerbock,Unknown,abaerbock_25-09-2021_00:00_image2.jpeg,,,,,,Unknown
2987,c80554ad-5da6-4a21-ae74-0319da25659f,abaerbock,Unknown,abaerbock_25-09-2021_00:00_image2.jpeg,,,,,,Unknown
2988,6a1e32f3-653a-49f8-b40b-ff89240e4d48,abaerbock,Unknown,abaerbock_25-09-2021_00:00_image2.jpeg,,,,,,Unknown
2989,bc13b678-c5e0-4b09-8c8c-a25245df8827,abaerbock,Unknown,abaerbock_25-09-2021_00:00_image2.jpeg,,,,,,Unknown
2990,c15297b5-5817-4c19-9a82-1e64ca18cafa,abaerbock,Unknown,abaerbock_25-09-2021_00:00_image2.jpeg,,,,,,Unknown
2993,dd2f5da8-e168-45b8-83bf-465394a58445,christianlindner,Unknown,christianlindner_20-09-2021_00:00_video3.jpeg,,,,,,Unknown
3009,830959aa-0390-4aee-beeb-5dd2de79fb74,christianlindner,Unknown,christianlindner_26-09-2021_00:00_video2.jpeg,,,,,,Unknown
3010,675268cc-a41c-448d-8367-19a8ea2720bf,christianlindner,Unknown,christianlindner_26-09-2021_00:00_video2.jpeg,,,,,,Unknown
3011,56f21c0b-948e-4227-8a46-164b5db61ce0,cdu,Unknown,cdu_13-09-2021_00:00_video9.jpeg,,,,,,Unknown
3012,da2ac4e3-6ed5-40b4-9b8a-849b66240067,cdu,Unknown,cdu_13-09-2021_00:00_video9.jpeg,,,,,,Unknown
3018,f34252e6-b420-4289-9b37-c6c4e4a91c25,fdp,Unknown,fdp_22-09-2021_00:00_video1.jpeg,,,,,,Unknown
3019,f53f8208-905c-4941-9ff5-8e8c0fd7474e,fdp,Unknown,fdp_22-09-2021_00:00_video1.jpeg,,,,,,Unknown
3020,9bda4a0d-bb5d-4d63-9623-66125bdcfaef,fdp,Unknown,fdp_22-09-2021_00:00_video1.jpeg,,,,,,Unknown
3021,d3e460a9-490c-41b0-980d-6d9d8b8b77c8,fdp,Unknown,fdp_22-09-2021_00:00_video1.jpeg,,,,,,Unknown
3022,b9752dc5-a778-4d5e-83f6-09742a18656e,fdp,Unknown,fdp_22-09-2021_00:00_video1.jpeg,,,,,,Unknown
3023,dd1d8bc6-de52-43c8-a8f1-d6bc8dfcc7f7,fdp,Unknown,fdp_22-09-2021_00:00_video1.jpeg,,,,,,Unknown
3024,92c005dc-c0ab-4404-819b-caae2f414787,fdp,Unknown,fdp_22-09-2021_00:00_video1.jpeg,,,,,,Unknown
3026,c4fb51ac-1451-422b-aef1-f44cd66bd589,abaerbock,Unknown,abaerbock_26-09-2021_00:00_image5.jpeg,dded1da1-82ba-453b-8736-9ef3e81ab387.png,0.9673657600134938,Facenet512,euclidean_l2,8.0,Annalena Baerbock
3027,5d4b29dd-0913-45a1-8511-0f9f66a0c16b,abaerbock,Unknown,abaerbock_26-09-2021_00:00_image5.jpeg,,,,,,Unknown
3028,f2c16f1d-0521-4a4b-8dd8-f822d7ad08e5,abaerbock,Unknown,abaerbock_26-09-2021_00:00_image5.jpeg,,,,,,Unknown
3029,4d61f609-bc28-4afa-8378-14bf944974d3,abaerbock,Annalena Baerbock,abaerbock_26-09-2021_00:00_image5.jpeg,,,,,,Unknown
3030,ca4eb89c-bebf-470f-b509-d762a27f264b,abaerbock,Unknown,abaerbock_26-09-2021_00:00_image5.jpeg,,,,,,Unknown
3031,205d3377-cdff-4134-916e-b1b5825e26bd,armin_laschet,Unknown,armin_laschet_18-09-2021_00:00_video3.jpeg,,,,,,Unknown
3032,9cae5679-7bbb-4079-a096-3ef2e93e7755,armin_laschet,Armin Laschet,armin_laschet_18-09-2021_00:00_video3.jpeg,1e103923-022b-4d3f-a32e-e9c848a00e70.png,1.0353269718878664,Facenet512,euclidean_l2,1.0,Armin Laschet
3033,797d7d92-bd7a-4121-8171-cd0f6d14ae63,armin_laschet,Unknown,armin_laschet_18-09-2021_00:00_video3.jpeg,,,,,,Unknown
3034,b4777527-5d63-406f-9b70-69b83e66c838,armin_laschet,Unknown,armin_laschet_18-09-2021_00:00_video3.jpeg,,,,,,Unknown
3035,7be343eb-8b9f-4126-9306-127d612c1cfa,olafscholz,Olaf Scholz,olafscholz_17-09-2021_00:00_image5.jpeg,,,,,,Unknown
3036,32fac0cf-dbf4-4550-afff-c56de8c0a01e,abaerbock,Unknown,abaerbock_25-09-2021_00:00_image13.jpeg,,,,,,Unknown
3037,ad21c70a-b93d-488d-99dd-4d3f5253c776,abaerbock,Annalena Baerbock,abaerbock_25-09-2021_00:00_image13.jpeg,0faf3dc0-e2b6-4b3e-81d6-3c1474fbed58.png,0.8885752808616176,Facenet512,euclidean_l2,12.0,Annalena Baerbock
3038,0b447be8-06c8-4b42-9ed6-e927450c5a9b,abaerbock,Unknown,abaerbock_25-09-2021_00:00_image13.jpeg,,,,,,Unknown
3039,958d33e2-ef5f-4f91-b6b6-7961fa0e293b,abaerbock,Unknown,abaerbock_25-09-2021_00:00_image13.jpeg,,,,,,Unknown
3040,8b8525be-a4bf-47d7-acad-19a6899900f0,abaerbock,Unknown,abaerbock_21-09-2021_00:00_image9.jpeg,,,,,,Unknown
3041,b000b324-a75f-4adf-a6c5-b6634e9050f3,abaerbock,Unknown,abaerbock_21-09-2021_00:00_image9.jpeg,,,,,,Unknown
3042,87f7a231-6a2f-4f00-a9ce-92044c735987,abaerbock,Unknown,abaerbock_21-09-2021_00:00_image9.jpeg,,,,,,Unknown
3043,8fadb69d-5232-48eb-862c-a38113249a60,abaerbock,Unknown,abaerbock_21-09-2021_00:00_image9.jpeg,,,,,,Unknown
3044,127a10d5-2906-4568-9bc0-64f61529d4ff,abaerbock,Unknown,abaerbock_21-09-2021_00:00_image9.jpeg,,,,,,Unknown
3045,e4f4559a-07c0-4772-9999-25101113ce67,abaerbock,Unknown,abaerbock_21-09-2021_00:00_image9.jpeg,,,,,,Unknown
3046,5d864b3e-0ba3-4967-8f14-df2d417e3861,abaerbock,Unknown,abaerbock_21-09-2021_00:00_image9.jpeg,,,,,,Unknown
3047,a6ef3615-b344-48ff-b7d1-042fdaec4717,abaerbock,Annalena Baerbock,abaerbock_25-09-2021_00:00_image0.jpeg,d0023ba3-e826-4b9e-9f82-cd652ea335bd.png,0.3337803233942255,Facenet512,euclidean_l2,13.0,Annalena Baerbock
3048,968f6cb5-b1e1-4f94-acfd-86c0719d6959,abaerbock,Unknown,abaerbock_25-09-2021_00:00_image0.jpeg,,,,,,Unknown
3049,e06711ad-5716-4ebc-8064-05a990077e69,abaerbock,Unknown,abaerbock_25-09-2021_00:00_image0.jpeg,820608e2-840e-4850-b527-36c922284188.png,0.9611705169501044,Facenet512,euclidean_l2,2.0,Annalena Baerbock
3050,c773acc0-d52c-436b-af44-059e9a9d57e7,cdu,Unknown,cdu_24-09-2021_00:00_video3.jpeg,,,,,,Unknown
3051,573b9dbe-0e34-4d25-b5d5-c8b38f3e6721,fdp,Unknown,fdp_16-09-2021_00:00_image1.jpeg,,,,,,Unknown
3052,1e239fb9-1582-4c83-a694-81b5b6a67b16,fdp,Unknown,fdp_16-09-2021_00:00_image1.jpeg,,,,,,Unknown
3053,a4935367-489d-4633-bb86-ea63a6d70a79,fdp,Unknown,fdp_16-09-2021_00:00_image1.jpeg,,,,,,Unknown
3055,f9b5006e-e510-41cd-a6a4-4e9c65aeb175,armin_laschet,Armin Laschet,armin_laschet_21-09-2021_00:00_video3.jpeg,,,,,,Unknown
3056,c1635370-a8e5-4329-a07c-d04e22813610,armin_laschet,Unknown,armin_laschet_21-09-2021_00:00_video3.jpeg,,,,,,Unknown
3057,19e1f29e-d431-4185-8e34-44a395af3ee5,armin_laschet,Unknown,armin_laschet_21-09-2021_00:00_video3.jpeg,,,,,,Unknown
3058,aed4d5bb-191d-4dcf-8634-5b31f15fbed8,christlichsozialeunion,Unknown,christlichsozialeunion_23-09-2021_00:00_video4.jpeg,,,,,,Unknown
3059,8557766f-055e-4b55-982f-34679d164ecf,cdu,Unknown,cdu_20-09-2021_00:00_video30.jpeg,,,,,,Unknown
3060,589954e3-92f8-433c-a7d9-9a97a49cb94a,cdu,Unknown,cdu_20-09-2021_00:00_video30.jpeg,,,,,,Unknown
3061,e6278110-1bd5-4fe3-93ed-6d3e10ce225c,cdu,Unknown,cdu_20-09-2021_00:00_video30.jpeg,,,,,,Unknown
3062,e8076e88-3118-4db5-b435-28e189f32054,spdde,Unknown,spdde_20-09-2021_00:00_video5.jpeg,,,,,,Unknown
3063,a12c2425-a872-4dc0-97de-58f1d3e77333,spdde,Olaf Scholz,spdde_20-09-2021_00:00_video5.jpeg,,,,,,Unknown
3064,fa716f39-7ddd-4c78-8316-a001303963b1,spdde,Unknown,spdde_20-09-2021_00:00_video5.jpeg,,,,,,Unknown
3065,7ed8351c-a3fc-445f-8808-2e5042c0338c,die_gruenen,Unknown,die_gruenen_25-09-2021_00:00_video23.jpeg,,,,,,Unknown
3066,0dd4b668-645f-4131-8108-ad9aa17a118c,spdde,Unknown,spdde_18-09-2021_00:00_video4.jpeg,,,,,,Unknown
3067,131289f0-64f5-4f4f-8204-32cbb0787348,spdde,Unknown,spdde_18-09-2021_00:00_video4.jpeg,,,,,,Unknown
3073,96436ffa-3a3a-4a73-ae98-eb00d1d73138,olafscholz,Unknown,olafscholz_19-09-2021_00:00_video1.jpeg,,,,,,Unknown
3074,1a185228-02a4-42b0-b785-28ed2d6fd81b,olafscholz,Olaf Scholz,olafscholz_19-09-2021_00:00_video1.jpeg,,,,,,Unknown
3075,1d6eb9a3-bf78-4b8d-b809-d17576ae8012,fdp,Unknown,fdp_20-09-2021_00:00_image15.jpeg,,,,,,Unknown
3077,63768eac-1a9e-47ba-8cac-59be78d5bcb4,cdu,Unknown,cdu_13-09-2021_00:00_video5.jpeg,,,,,,Unknown
3078,0b27e127-2969-4c22-9028-535719196533,cdu,Unknown,cdu_13-09-2021_00:00_video5.jpeg,,,,,,Unknown
3079,6ed80908-7bf0-4577-8d75-79589746cd30,cdu,Armin Laschet,cdu_25-09-2021_00:00_video10.jpeg,1bd44b42-05b1-4e5e-9ecf-b19872c3a776.png,0.8292469269711555,Facenet512,euclidean_l2,17.0,Armin Laschet
3080,6d56f840-a1f9-4369-9a59-ddeb65dbea37,cdu,Unknown,cdu_25-09-2021_00:00_video10.jpeg,,,,,,Unknown
3081,1db1522f-9b7f-4275-b790-e522876a4cc1,cdu,Unknown,cdu_25-09-2021_00:00_video10.jpeg,,,,,,Unknown
3082,c555315e-8b73-4a18-89fa-ffb93bb6c720,cdu,Unknown,cdu_25-09-2021_00:00_video10.jpeg,,,,,,Unknown
3083,eeb764e7-ee4e-4fa8-8544-5d33327d6bc6,christlichsozialeunion,Unknown,christlichsozialeunion_21-09-2021_00:00_video1.jpeg,,,,,,Unknown
3087,419cf86e-5a1b-45f2-a3bd-aca24404663e,armin_laschet,Unknown,armin_laschet_17-09-2021_00:00_image12.jpeg,,,,,,Unknown
3088,dba75784-c67e-4c03-940b-2465f521d998,armin_laschet,Unknown,armin_laschet_17-09-2021_00:00_image12.jpeg,,,,,,Unknown
3089,7b47bd2d-2475-485d-9a54-20826476a6e3,armin_laschet,Armin Laschet,armin_laschet_17-09-2021_00:00_image12.jpeg,6eea9eca-17f8-4cce-b3dd-7cf5cb345415.png,0.7043396428810716,Facenet512,euclidean_l2,17.0,Armin Laschet
3090,a29d0067-babc-4ddf-9838-a96451b94776,armin_laschet,Unknown,armin_laschet_17-09-2021_00:00_image12.jpeg,,,,,,Unknown
3091,995335d8-eb0d-4e4f-9385-656c09c96a9d,armin_laschet,Unknown,armin_laschet_17-09-2021_00:00_image12.jpeg,,,,,,Unknown
3092,19b867de-555c-4ca3-9d72-3b4d76fe3503,armin_laschet,Unknown,armin_laschet_17-09-2021_00:00_image12.jpeg,,,,,,Unknown
3093,9b9a780d-9424-4f0c-b128-078c61b69541,armin_laschet,Armin Laschet,armin_laschet_17-09-2021_00:00_image12.jpeg,,,,,,Unknown
3094,edf37dd1-f0fc-4253-92cb-f72512c50221,armin_laschet,Unknown,armin_laschet_17-09-2021_00:00_image12.jpeg,,,,,,Unknown
3095,535dd9e1-b3d0-4f03-96cb-bdc858e08069,armin_laschet,Unknown,armin_laschet_17-09-2021_00:00_image12.jpeg,,,,,,Unknown
3096,7c6b33b4-39d8-4f57-b7a5-d91647b58adb,armin_laschet,Unknown,armin_laschet_17-09-2021_00:00_image12.jpeg,,,,,,Unknown
3097,b1957137-7d16-494b-b4c6-a41949adb847,armin_laschet,Unknown,armin_laschet_17-09-2021_00:00_image12.jpeg,,,,,,Unknown
3098,e694273b-2f7b-4e2b-9c4c-b2c5e8a70cb7,armin_laschet,Unknown,armin_laschet_17-09-2021_00:00_image12.jpeg,,,,,,Unknown
3099,9b6f7389-b15f-4b48-840b-84a6450d1429,armin_laschet,Unknown,armin_laschet_17-09-2021_00:00_image12.jpeg,,,,,,Unknown
3100,3984210a-aaab-4204-9f76-6f393e6eedd1,armin_laschet,Unknown,armin_laschet_17-09-2021_00:00_image12.jpeg,,,,,,Unknown
3101,c06f54b0-484c-494a-a705-882635c79a9d,armin_laschet,Unknown,armin_laschet_17-09-2021_00:00_image12.jpeg,,,,,,Unknown
3102,01e4ace7-4cfe-42f1-8b06-9b67f9a30bed,armin_laschet,Unknown,armin_laschet_17-09-2021_00:00_image12.jpeg,,,,,,Unknown
3103,13c2e837-bfda-485c-b386-53856b397e0f,christlichsozialeunion,Markus Söder,christlichsozialeunion_25-09-2021_00:00_video2.jpeg,,,,,,Unknown
3104,8cc2b5a0-ed89-41da-92c2-3cca082a2755,abaerbock,Annalena Baerbock,abaerbock_13-09-2021_00:00_image3.jpeg,b5ea8be6-69b9-4fdb-8813-88f307903fb4.png,0.5706775484320785,Facenet512,euclidean_l2,13.0,Annalena Baerbock
3105,7996e2fb-f683-4f95-a054-173ac3b9e851,abaerbock,Annalena Baerbock,abaerbock_17-09-2021_00:00_video5.jpeg,9a8aa257-6928-4d20-bb76-b003078f551d.png,0.9431463878527068,Facenet512,euclidean_l2,9.0,Annalena Baerbock
3106,b646e258-8d97-4cc2-87fe-efa942c21b97,abaerbock,Unknown,abaerbock_17-09-2021_00:00_video5.jpeg,,,,,,Unknown
3107,45160df9-34e6-4a60-a91c-0d9faaf66e97,abaerbock,Unknown,abaerbock_17-09-2021_00:00_video5.jpeg,,,,,,Unknown
3108,b72e4169-18cf-4f3b-ac58-0a5ea8fb2b7b,abaerbock,Unknown,abaerbock_17-09-2021_00:00_video5.jpeg,,,,,,Unknown
3109,440e77aa-0a45-465d-b996-ba4d651f0ad7,armin_laschet,Armin Laschet,armin_laschet_16-09-2021_00:00_video0.jpeg,cc6b3530-cd71-4500-a5fe-d868c449b8d1.png,0.4198606085113103,Facenet512,euclidean_l2,20.0,Armin Laschet
3112,711653d2-8ea3-425c-aa4d-0cfac85f5a12,olafscholz,Olaf Scholz,olafscholz_19-09-2021_00:00_video4.jpeg,,,,,,Unknown
3113,0434d332-6575-48f7-9cac-bd6caf97e46e,olafscholz,Unknown,olafscholz_19-09-2021_00:00_video4.jpeg,,,,,,Unknown
3114,efe3d16b-69f7-46fb-b102-7ce6c0942e2c,spdde,Unknown,spdde_18-09-2021_00:00_video9.jpeg,,,,,,Unknown
3116,b71dfd55-f4eb-45a7-94cc-b0331de58def,die_gruenen,Unknown,die_gruenen_17-09-2021_00:00_video1.jpeg,,,,,,Unknown
3117,e785405e-e148-4c53-ac8f-95a55238718b,christianlindner,Christian Lindner,christianlindner_17-09-2021_00:00_video0.jpeg,,,,,,Unknown
3118,2170d011-7d14-4886-8f5e-5f97c0f0d81b,christianlindner,Unknown,christianlindner_17-09-2021_00:00_video0.jpeg,,,,,,Unknown
3119,e25550a9-9bee-46a8-bb05-bacc2eca3180,olafscholz,Unknown,olafscholz_19-09-2021_00:00_video9.jpeg,,,,,,Unknown
3120,bb640208-553c-4d94-8e2a-c842c1203472,olafscholz,Unknown,olafscholz_19-09-2021_00:00_video9.jpeg,,,,,,Unknown
3121,919f6c2f-b6f2-4e0b-952a-15a7923bb0d9,olafscholz,Unknown,olafscholz_19-09-2021_00:00_video9.jpeg,,,,,,Unknown
3122,dadd0b4b-fa7f-410f-a4b2-6491334c4448,olafscholz,Unknown,olafscholz_19-09-2021_00:00_video9.jpeg,,,,,,Unknown
3123,0f1715d0-e42c-4dca-a099-90a7562aedcf,olafscholz,Unknown,olafscholz_19-09-2021_00:00_video9.jpeg,,,,,,Unknown
3124,9a129e01-8b1a-46e6-b810-331fb9e01896,olafscholz,Unknown,olafscholz_19-09-2021_00:00_video9.jpeg,,,,,,Unknown
3125,26e0952e-f023-4e19-ba1b-6e199e402d8a,olafscholz,Unknown,olafscholz_19-09-2021_00:00_video9.jpeg,,,,,,Unknown
3126,f6754901-4876-4485-ac21-65960ba50c6d,olafscholz,Unknown,olafscholz_19-09-2021_00:00_video9.jpeg,,,,,,Unknown
3127,1839f760-c168-4dbc-a844-7c938166ccaf,olafscholz,Unknown,olafscholz_19-09-2021_00:00_video9.jpeg,,,,,,Unknown
3128,12d47369-ef70-4bf5-8f43-ad9728ea588a,olafscholz,Unknown,olafscholz_19-09-2021_00:00_video9.jpeg,,,,,,Unknown
3129,d7ef3a8a-7e91-4912-90e6-ac77173b562e,olafscholz,Unknown,olafscholz_19-09-2021_00:00_video9.jpeg,,,,,,Unknown
3130,45f528b1-a8e5-481b-88a8-be22049f1e03,olafscholz,Unknown,olafscholz_19-09-2021_00:00_video9.jpeg,,,,,,Unknown
3131,ef1e0b1a-0746-4147-9432-21a30a3fada6,olafscholz,Unknown,olafscholz_19-09-2021_00:00_video9.jpeg,,,,,,Unknown
3132,413ade01-e5ac-470d-81c4-df8e20a10adf,olafscholz,Unknown,olafscholz_19-09-2021_00:00_video9.jpeg,,,,,,Unknown
3133,486dcbe8-d85c-49b6-b3fb-d0a9de9c88b2,christianlindner,Christian Lindner,christianlindner_25-09-2021_00:00_image1.jpeg,3e230648-0328-4861-ada8-f718b0287f5e.png,0.2224964714800003,Facenet512,euclidean_l2,10.0,Christian Lindner
3134,bcb1494d-2a32-49fd-b739-98a96c736b8e,christlichsozialeunion,Unknown,christlichsozialeunion_23-09-2021_00:00_video3.jpeg,,,,,,Unknown
3135,40eec3c8-1545-4a96-bf91-6c93c078a4b5,spdde,Unknown,spdde_19-09-2021_00:00_video3.jpeg,,,,,,Unknown
3148,a15a4557-dd5c-431c-b0e2-42216d5860ee,cdu,Unknown,cdu_20-09-2021_00:00_video15.jpeg,,,,,,Unknown
3149,0aa98685-9f21-4d99-a58b-bb9b7f8b8c0d,cdu,Unknown,cdu_20-09-2021_00:00_video15.jpeg,,,,,,Unknown
3150,8b1cc0eb-9cdc-4687-9916-fffea0deabcf,cdu,Unknown,cdu_16-09-2021_00:00_video0.jpeg,,,,,,Unknown
3151,6146322e-8185-4132-a2a4-c5d4c4798ffd,cdu,Unknown,cdu_16-09-2021_00:00_video0.jpeg,872af970-553e-4d30-abdc-252f937b8d70.png,1.0071150182308537,Facenet512,euclidean_l2,1.0,Armin Laschet
3155,6342a58e-bfd4-4bed-adb2-bc02dc33d0cc,christlichsozialeunion,Unknown,christlichsozialeunion_14-09-2021_00:00_image0.jpeg,,,,,,Unknown
3156,321e41b9-fce2-495b-9e58-fd7f613b3c95,cdu,Unknown,cdu_24-09-2021_00:00_video13.jpeg,,,,,,Unknown
3157,ffa7aac1-031a-495b-9a83-29d0e85b29a2,cdu,Unknown,cdu_24-09-2021_00:00_video13.jpeg,,,,,,Unknown
3158,9410d260-f067-4645-9129-990a32a2c144,cdu,Unknown,cdu_24-09-2021_00:00_video13.jpeg,,,,,,Unknown
3159,abd2f932-3005-43da-92e8-1df4c525a179,abaerbock,Annalena Baerbock,abaerbock_21-09-2021_00:00_video7.jpeg,b2e13edc-d8cc-4db2-9310-6924bd90b7e8.png,0.709157458827551,Facenet512,euclidean_l2,13.0,Annalena Baerbock
3160,6dd6c7a8-3074-483c-bee1-6847c36b5dcd,armin_laschet,Armin Laschet,armin_laschet_26-09-2021_00:00_video10.jpeg,cc6b3530-cd71-4500-a5fe-d868c449b8d1.png,0.6895935751352423,Facenet512,euclidean_l2,18.0,Armin Laschet
3161,619b96fb-ee6f-4105-8837-246f589989d0,armin_laschet,Unknown,armin_laschet_26-09-2021_00:00_video10.jpeg,f891fb5e-737c-4bf0-9c55-824f2cdff348.png,0.9741895390967276,Facenet512,euclidean_l2,1.0,Armin Laschet
3163,317b1cb5-475a-4f3f-b5bc-ee8f037363a7,christianlindner,Christian Lindner,christianlindner_22-09-2021_00:00_video1.jpeg,,,,,,Unknown
3164,1fab5fb8-9928-463e-bbc3-5ac6c97cc413,christianlindner,Unknown,christianlindner_22-09-2021_00:00_video1.jpeg,,,,,,Unknown
3165,d28750a2-b4ea-4e87-af6e-eb17818b6771,christianlindner,Unknown,christianlindner_22-09-2021_00:00_video1.jpeg,,,,,,Unknown
3166,d9be46d3-e649-4146-89c1-abee822d11be,christianlindner,Unknown,christianlindner_22-09-2021_00:00_video1.jpeg,,,,,,Unknown
3167,9f1bf3cb-5cb6-4417-8b35-61257a98b53f,christianlindner,Unknown,christianlindner_22-09-2021_00:00_video1.jpeg,,,,,,Unknown
3168,88db216a-b65e-40e9-a68e-7cd1880529aa,christianlindner,Unknown,christianlindner_22-09-2021_00:00_video1.jpeg,,,,,,Unknown
3169,a516020a-09ee-4c14-a648-e4f1d8acd841,christianlindner,Unknown,christianlindner_22-09-2021_00:00_video1.jpeg,,,,,,Unknown
3170,08523fee-ebb6-4062-becf-9a44bc2d7725,christianlindner,Unknown,christianlindner_22-09-2021_00:00_video1.jpeg,,,,,,Unknown
3171,f888b224-5d08-47ce-8ccc-c9a3d986523b,christianlindner,Unknown,christianlindner_22-09-2021_00:00_video1.jpeg,,,,,,Unknown
3172,e4a57e6a-61c5-4fd1-a3e8-ead65cf64682,christianlindner,Unknown,christianlindner_22-09-2021_00:00_video1.jpeg,,,,,,Unknown
3173,e46fceb5-5f6a-4d48-8e65-da0620f6d18b,christianlindner,Unknown,christianlindner_22-09-2021_00:00_video1.jpeg,,,,,,Unknown
3174,186c10c9-042a-4774-91fc-73c6c25a38b8,christianlindner,Unknown,christianlindner_22-09-2021_00:00_video1.jpeg,,,,,,Unknown
3175,7c3a8a20-deb0-48aa-8b7e-27c50bede66b,christianlindner,Unknown,christianlindner_22-09-2021_00:00_video1.jpeg,,,,,,Unknown
3176,5ecff874-12e6-44fe-b45b-993d639c8ab1,christianlindner,Unknown,christianlindner_22-09-2021_00:00_video1.jpeg,,,,,,Unknown
3177,ed3e20c8-0a6e-42ed-8cfb-a8043bbad178,christianlindner,Unknown,christianlindner_22-09-2021_00:00_video1.jpeg,,,,,,Unknown
3178,7273837c-b733-4652-9b7e-523179fbb9fa,christianlindner,Unknown,christianlindner_22-09-2021_00:00_video1.jpeg,,,,,,Unknown
3179,5886edbf-8240-4b81-b516-ee95ecf78864,christianlindner,Unknown,christianlindner_22-09-2021_00:00_video1.jpeg,,,,,,Unknown
3180,87374008-f131-4720-971c-f208450ec279,christianlindner,Unknown,christianlindner_22-09-2021_00:00_video1.jpeg,,,,,,Unknown
3181,a1ff643d-050f-4d9e-844f-6e123de1986e,christianlindner,Unknown,christianlindner_22-09-2021_00:00_video1.jpeg,,,,,,Unknown
3182,a52c85de-72b3-4c24-a622-a78232f7094e,abaerbock,Unknown,abaerbock_20-09-2021_00:00_video2.jpeg,,,,,,Unknown
3183,fba85110-a8ef-4838-97e3-401d63cfe26a,abaerbock,Unknown,abaerbock_20-09-2021_00:00_video2.jpeg,,,,,,Unknown
3184,7bcdf95f-fbcd-4540-aa5f-7f137f88b463,abaerbock,Annalena Baerbock,abaerbock_20-09-2021_00:00_video2.jpeg,,,,,,Unknown
3185,93a6296b-f0ef-4799-b503-590ac350ca83,christianlindner,Unknown,christianlindner_23-09-2021_00:00_video0.jpeg,,,,,,Unknown
3186,d4629621-cd68-49bf-8e76-8dd7bcfbb1cc,christianlindner,Unknown,christianlindner_23-09-2021_00:00_video0.jpeg,,,,,,Unknown
3187,7d3d2e81-4786-4268-a0dc-da913afbd26b,christianlindner,Unknown,christianlindner_23-09-2021_00:00_video0.jpeg,,,,,,Unknown
3188,24a3dd08-9bbd-416f-b3bf-e103c2894fd1,christianlindner,Unknown,christianlindner_23-09-2021_00:00_video0.jpeg,,,,,,Unknown
3189,b41e3ddf-113f-41be-a511-899405089565,christianlindner,Unknown,christianlindner_23-09-2021_00:00_video0.jpeg,,,,,,Unknown
3190,27c0aeac-8e42-4c91-a936-ab483e3072cd,christianlindner,Unknown,christianlindner_23-09-2021_00:00_video0.jpeg,,,,,,Unknown
3191,86a57b06-1d5f-4dba-876b-dc9ffe6bb887,christianlindner,Unknown,christianlindner_23-09-2021_00:00_video0.jpeg,,,,,,Unknown
3192,aee1c12a-403f-4ae3-b7ca-d5c53e73570e,christianlindner,Unknown,christianlindner_23-09-2021_00:00_video0.jpeg,,,,,,Unknown
3193,8af02856-a3ab-4af3-ad4c-2f25b98a51dc,christianlindner,Unknown,christianlindner_23-09-2021_00:00_video0.jpeg,,,,,,Unknown
3194,3f591873-4b3f-487f-9c85-1ba347555efe,christianlindner,Unknown,christianlindner_23-09-2021_00:00_video0.jpeg,,,,,,Unknown
3195,4899abae-a060-42ed-b7be-5a65cc021895,christianlindner,Unknown,christianlindner_23-09-2021_00:00_video0.jpeg,,,,,,Unknown
3196,0d0fa6ab-1c63-4b9a-a5f3-ae029a962589,christianlindner,Unknown,christianlindner_23-09-2021_00:00_video0.jpeg,,,,,,Unknown
3197,8a06c024-993f-4f13-8eaf-80d722ce8398,christianlindner,Unknown,christianlindner_23-09-2021_00:00_video0.jpeg,,,,,,Unknown
3198,5085072a-3fdd-444c-bde9-03d9e6241465,christianlindner,Unknown,christianlindner_23-09-2021_00:00_video0.jpeg,,,,,,Unknown
3199,a702a808-745c-4b04-a2e4-e337a90f559f,christianlindner,Unknown,christianlindner_23-09-2021_00:00_video0.jpeg,,,,,,Unknown
3200,afcbbde5-15b4-41a3-8c16-dccf5f71040d,christianlindner,Unknown,christianlindner_23-09-2021_00:00_video0.jpeg,,,,,,Unknown
3201,0895fe1b-3629-49d3-b00e-ba71371dd064,christlichsozialeunion,Unknown,christlichsozialeunion_22-09-2021_00:00_video0.jpeg,,,,,,Unknown
3202,91f8df7e-92fd-4d7c-b8d9-eadafa5ac7bf,christlichsozialeunion,Unknown,christlichsozialeunion_24-09-2021_00:00_image6.jpeg,,,,,,Unknown
3203,a3c9c125-1c66-4aad-b955-d08087368112,christlichsozialeunion,Unknown,christlichsozialeunion_24-09-2021_00:00_image6.jpeg,,,,,,Unknown
3204,89dde805-2b5c-4031-9699-21cee3f9b560,christlichsozialeunion,Unknown,christlichsozialeunion_24-09-2021_00:00_image6.jpeg,,,,,,Unknown
3205,d46e6f15-be98-4587-9062-203aa13adf19,christlichsozialeunion,Unknown,christlichsozialeunion_24-09-2021_00:00_image6.jpeg,,,,,,Unknown
3206,e04bebc4-297c-42d6-9d61-cc7e3043bda9,christlichsozialeunion,Unknown,christlichsozialeunion_24-09-2021_00:00_image6.jpeg,,,,,,Unknown
3208,b7e1c24e-01d1-48f5-bbfd-f9ed040505b3,markus.soeder,Markus Söder,markus.soeder_18-09-2021_00:00_video3.jpeg,aef8776f-6cb2-461e-aa5f-26798f3b263e.png,0.908834314407168,Facenet512,euclidean_l2,9.0,Markus Söder
3215,f7362da0-c228-4312-92f1-60c45b064d01,die_gruenen,Unknown,die_gruenen_23-09-2021_00:00_video7.jpeg,,,,,,Unknown
3216,2a621755-6709-4684-81c0-e16ff0a1c5d4,die_gruenen,Unknown,die_gruenen_23-09-2021_00:00_video7.jpeg,0faf3dc0-e2b6-4b3e-81d6-3c1474fbed58.png,0.994346839595396,Facenet512,euclidean_l2,1.0,Annalena Baerbock
3217,cc81d6b5-4d01-4929-86f7-5d06caf3b7e2,die_gruenen,Unknown,die_gruenen_23-09-2021_00:00_video7.jpeg,,,,,,Unknown
3218,636fcd05-26e8-46b9-b3eb-4241f938398b,olafscholz,Unknown,olafscholz_26-09-2021_00:00_video4.jpeg,,,,,,Unknown
3219,fca21740-18ff-4f7e-916e-c5c0f3c29ac4,olafscholz,Unknown,olafscholz_26-09-2021_00:00_video4.jpeg,,,,,,Unknown
3220,e677a522-6d91-49a6-a9cd-4c916409586d,olafscholz,Unknown,olafscholz_26-09-2021_00:00_video4.jpeg,,,,,,Unknown
3221,00c223a1-fece-424c-95aa-d7288282d1fc,olafscholz,Unknown,olafscholz_26-09-2021_00:00_video4.jpeg,,,,,,Unknown
3222,eb406b1a-9323-49c5-802f-bd9462771343,olafscholz,Unknown,olafscholz_26-09-2021_00:00_video4.jpeg,,,,,,Unknown
3223,21ec012f-1878-4259-b8db-b90c3c787be1,olafscholz,Unknown,olafscholz_26-09-2021_00:00_video4.jpeg,,,,,,Unknown
3224,36aecba1-6974-447b-96bd-95e7542b5deb,abaerbock,Unknown,abaerbock_22-09-2021_00:00_video0.jpeg,,,,,,Unknown
3225,dbd19efe-f55e-492c-8692-69638f105471,abaerbock,Unknown,abaerbock_22-09-2021_00:00_video0.jpeg,,,,,,Unknown
3233,ab7ccab9-6f2e-4da8-84db-f668fff6d68e,christianlindner,Unknown,christianlindner_25-09-2021_00:00_image5.jpeg,,,,,,Unknown
3234,0745af08-6f3e-4f72-afe1-a0bf6f6f7291,christianlindner,Unknown,christianlindner_25-09-2021_00:00_image5.jpeg,,,,,,Unknown
3235,a53daff9-d9f3-4b4f-8dec-b62c9f4984d0,christianlindner,Unknown,christianlindner_25-09-2021_00:00_image5.jpeg,,,,,,Unknown
3236,e2ec603a-7e68-4325-a4d2-b5008230d5a9,christianlindner,Unknown,christianlindner_25-09-2021_00:00_image5.jpeg,,,,,,Unknown
3237,8a646014-dc5d-415c-8f94-5eb97bfb1678,christianlindner,Christian Lindner,christianlindner_25-09-2021_00:00_image5.jpeg,,,,,,Unknown
3238,8a499f80-6f96-479b-a0c8-0ee3652061bb,abaerbock,Annalena Baerbock,abaerbock_14-09-2021_00:00_video4.jpeg,b2e13edc-d8cc-4db2-9310-6924bd90b7e8.png,0.8933615597392557,Facenet512,euclidean_l2,6.0,Annalena Baerbock
3239,1d4efe9a-4071-47ce-9c31-e0e30122a2cf,abaerbock,Unknown,abaerbock_14-09-2021_00:00_video4.jpeg,,,,,,Unknown
3240,ace6410d-3612-4165-9d93-a277fa60f10c,abaerbock,Unknown,abaerbock_14-09-2021_00:00_video4.jpeg,,,,,,Unknown
3241,6a983e50-249c-4e0e-adfe-6152ebace48c,abaerbock,Unknown,abaerbock_14-09-2021_00:00_video4.jpeg,,,,,,Unknown
3242,72ad9a93-4492-47a8-abea-fa32df23edf6,abaerbock,Unknown,abaerbock_14-09-2021_00:00_video4.jpeg,,,,,,Unknown
3243,c868ebc8-c7a4-4075-9537-734ea436fc48,abaerbock,Unknown,abaerbock_14-09-2021_00:00_video4.jpeg,,,,,,Unknown
3244,91e2ef77-424d-4364-943d-5b35762de025,abaerbock,Unknown,abaerbock_14-09-2021_00:00_video4.jpeg,,,,,,Unknown
3245,605ff4b6-201a-48a4-bac1-dd0de4bf5f23,christlichsozialeunion,Unknown,christlichsozialeunion_16-09-2021_00:00_video12.jpeg,,,,,,Unknown
3251,da18d2fe-904b-4679-a168-e1e11de68d22,abaerbock,Unknown,abaerbock_16-09-2021_00:00_image4.jpeg,,,,,,Unknown
3252,1dbd10c3-d25f-4d09-a9a5-fc657f8e42c5,abaerbock,Annalena Baerbock,abaerbock_16-09-2021_00:00_image4.jpeg,,,,,,Unknown
3253,129dd8bf-4ea6-4648-aeeb-de324ef1653b,olafscholz,Unknown,olafscholz_17-09-2021_00:00_image3.jpeg,,,,,,Unknown
3254,72576600-34ee-4a51-8b34-792bf26cb08a,olafscholz,Olaf Scholz,olafscholz_17-09-2021_00:00_image3.jpeg,c27ee252-e37c-4074-92b5-20e300431107.png,0.2024336394033036,Facenet512,euclidean_l2,20.0,Olaf Scholz
3255,14960ad7-51f8-49d5-92e4-1f3701a8c64b,olafscholz,Unknown,olafscholz_17-09-2021_00:00_image3.jpeg,,,,,,Unknown
3256,c59b33f1-2485-41f3-9833-d199c11439a0,olafscholz,Unknown,olafscholz_17-09-2021_00:00_image3.jpeg,,,,,,Unknown
3257,c65be8d0-97b2-4c32-8366-ff295c370e85,olafscholz,Unknown,olafscholz_17-09-2021_00:00_image3.jpeg,,,,,,Unknown
3258,48f436cb-f52d-4d56-b204-f5f89daaf6ba,olafscholz,Unknown,olafscholz_17-09-2021_00:00_image3.jpeg,82f4d29e-1d17-4672-b015-52009fda2a23.png,0.9630724222988656,Facenet512,euclidean_l2,1.0,Olaf Scholz
3280,164b5206-13ca-4cae-a6db-7a32234543fc,die_gruenen,Unknown,die_gruenen_25-09-2021_00:00_video2.jpeg,,,,,,Unknown
3281,2d54accf-dead-4e63-a2da-ce14bf291f5b,die_gruenen,Unknown,die_gruenen_25-09-2021_00:00_video2.jpeg,,,,,,Unknown
3282,a80455fe-19b0-4fdd-a407-748c90a180cb,die_gruenen,Unknown,die_gruenen_13-09-2021_00:00_video4.jpeg,,,,,,Unknown
3283,cb100df4-cb2b-4fe6-a259-7ecf19447ce7,die_gruenen,Unknown,die_gruenen_13-09-2021_00:00_video4.jpeg,,,,,,Unknown
3284,a676b84f-1f13-4c03-8b49-e851b4d6f041,armin_laschet,Unknown,armin_laschet_23-09-2021_00:00_video12.jpeg,,,,,,Unknown
3285,c74e40ee-08f6-48b5-a8f7-09e039137364,armin_laschet,Unknown,armin_laschet_23-09-2021_00:00_video12.jpeg,,,,,,Unknown
3287,9c5171e7-ef4a-45fb-8928-832fbd15051e,abaerbock,Unknown,abaerbock_14-09-2021_00:00_video6.jpeg,,,,,,Unknown
3288,207db315-168a-4a65-9f45-fbf066b96692,abaerbock,Annalena Baerbock,abaerbock_14-09-2021_00:00_video6.jpeg,,,,,,Unknown
3289,3f4537de-f9e5-4236-b39d-c2499100c022,armin_laschet,Unknown,armin_laschet_25-09-2021_00:00_video3.jpeg,,,,,,Unknown
3290,5d01b18f-81b9-4673-9e82-78eeaf3c9746,armin_laschet,Unknown,armin_laschet_25-09-2021_00:00_video3.jpeg,,,,,,Unknown
3291,93235ac0-103e-403f-ba7b-929b71b998db,cdu,Unknown,cdu_16-09-2021_00:00_image0.jpeg,,,,,,Unknown
3292,b7c9c662-d011-4fcc-adfb-638bfec3026c,cdu,Unknown,cdu_16-09-2021_00:00_image0.jpeg,,,,,,Unknown
3293,808f35e1-4fee-4283-a3d3-35ad0d092957,cdu,Unknown,cdu_16-09-2021_00:00_image0.jpeg,,,,,,Unknown
3294,c10cbfa6-897a-40aa-8683-28323ddf6832,cdu,Armin Laschet,cdu_16-09-2021_00:00_image0.jpeg,,,,,,Unknown
3295,d1c709d9-9459-40a1-a069-98c67408feac,cdu,Unknown,cdu_16-09-2021_00:00_image0.jpeg,,,,,,Unknown
3296,3924969a-cd02-4f35-8873-898866356aee,cdu,Unknown,cdu_16-09-2021_00:00_image0.jpeg,,,,,,Unknown
3297,ff4415cd-db04-42c2-81f1-93309ca6b634,cdu,Unknown,cdu_16-09-2021_00:00_image0.jpeg,,,,,,Unknown
3298,0a6f5f79-611a-42ad-b512-befc3ba57543,cdu,Unknown,cdu_16-09-2021_00:00_image0.jpeg,,,,,,Unknown
3299,00ded127-3308-4186-847b-451f3d532a27,cdu,Unknown,cdu_16-09-2021_00:00_image0.jpeg,,,,,,Unknown
3300,86f762b5-0554-4f22-8a03-a80bd4436257,cdu,Unknown,cdu_16-09-2021_00:00_image0.jpeg,,,,,,Unknown
3301,c50fdabd-eb75-49ee-aee0-aee77561df22,cdu,Unknown,cdu_16-09-2021_00:00_image0.jpeg,,,,,,Unknown
3302,22d2c92c-5e3a-4379-9289-016efdca87f6,cdu,Unknown,cdu_16-09-2021_00:00_image0.jpeg,,,,,,Unknown
3303,80f85580-2afc-40f0-837f-873bcedec050,cdu,Armin Laschet,cdu_16-09-2021_00:00_image0.jpeg,,,,,,Unknown
3310,a0487f4d-c415-4f1d-88c7-1c3520ff220b,armin_laschet,Armin Laschet,armin_laschet_13-09-2021_00:00_video3.jpeg,c1a12a4c-30ca-47ec-b1c5-11409ded5262.png,1.0354105247228402,Facenet512,euclidean_l2,1.0,Armin Laschet
3311,06715a27-6d9c-4aa9-acc6-8acce40539b3,spdde,Unknown,spdde_13-09-2021_00:00_video6.jpeg,,,,,,Unknown
3312,917764fa-40db-4276-ad24-9e7778caebf5,christlichsozialeunion,Unknown,christlichsozialeunion_18-09-2021_00:00_video6.jpeg,,,,,,Unknown
3318,6b4c2d0f-169b-4868-926b-ba36583d22e2,armin_laschet,Armin Laschet,armin_laschet_26-09-2021_00:00_video9.jpeg,7cdeee40-f222-4b03-a819-4db32fc47d20.png,0.865920915732165,Facenet512,euclidean_l2,10.0,Armin Laschet
3415,1eb15be3-1a1d-4a0b-aea5-fdadfbc2d0c7,die_gruenen,Unknown,die_gruenen_25-09-2021_00:00_video12.jpeg,,,,,,Unknown
3416,511d9e99-6cb7-419c-997e-c779664cb23c,die_gruenen,Unknown,die_gruenen_25-09-2021_00:00_video12.jpeg,,,,,,Unknown
3417,94729645-8b73-42cd-980f-76d6ddf399d0,die_gruenen,Unknown,die_gruenen_25-09-2021_00:00_video12.jpeg,,,,,,Unknown
3418,2dd3ac48-3f9a-46a7-a9de-e585796ac5d3,die_gruenen,Unknown,die_gruenen_25-09-2021_00:00_video12.jpeg,,,,,,Unknown
3419,8c496e27-3d92-482e-bfa5-cc3ea6393ed6,cdu,Unknown,cdu_22-09-2021_00:00_image0.jpeg,,,,,,Unknown
3420,b391a922-33df-4fa2-9d62-79ed20d8fe57,cdu,Unknown,cdu_22-09-2021_00:00_image0.jpeg,,,,,,Unknown
3421,3c71458f-6e6d-48d6-a39e-e6a2638168af,cdu,Unknown,cdu_22-09-2021_00:00_image0.jpeg,,,,,,Unknown
3422,267db788-0f8a-4cfe-8223-446ec2b5c9da,cdu,Unknown,cdu_22-09-2021_00:00_image0.jpeg,,,,,,Unknown
3423,51f651f8-7de1-4b6e-94e6-049e4b3c8d62,cdu,Unknown,cdu_22-09-2021_00:00_image0.jpeg,,,,,,Unknown
3424,39fba72e-2f90-46a7-bc15-f93e865b5a67,cdu,Unknown,cdu_22-09-2021_00:00_image0.jpeg,,,,,,Unknown
3425,547367dc-bf43-40dc-8f54-1522816369f4,cdu,Unknown,cdu_22-09-2021_00:00_image0.jpeg,,,,,,Unknown
3426,32f9864d-f536-47bb-90fa-70f448b4fc15,cdu,Unknown,cdu_22-09-2021_00:00_image0.jpeg,,,,,,Unknown
3427,3c4c146c-a779-4627-9b83-3856fae86752,cdu,Unknown,cdu_22-09-2021_00:00_image0.jpeg,,,,,,Unknown
3428,2853126e-81f5-4443-809f-8454b757d25e,cdu,Unknown,cdu_22-09-2021_00:00_image0.jpeg,,,,,,Unknown
3429,a7379982-764a-44e1-9509-2b93ef8077b0,cdu,Unknown,cdu_22-09-2021_00:00_image0.jpeg,,,,,,Unknown
3430,068f8e56-730c-4b5b-872d-ee9b2f0a7114,spdde,Unknown,spdde_25-09-2021_00:00_video1.jpeg,,,,,,Unknown
3431,6ab88b5e-87a6-4933-bebb-c36881376049,spdde,Unknown,spdde_25-09-2021_00:00_video1.jpeg,,,,,,Unknown
3432,6916b596-6437-4e90-b959-45262197dae0,spdde,Unknown,spdde_25-09-2021_00:00_video1.jpeg,9bc42743-ba76-4b29-8ae3-88daa99f6988.png,0.9151689345329346,Facenet512,euclidean_l2,1.0,Olaf Scholz
3433,b0c2e9a3-dcf4-4fff-912a-a1069df4ae21,spdde,Unknown,spdde_25-09-2021_00:00_video1.jpeg,,,,,,Unknown
3434,c38cf667-1a48-48db-a1dd-50beb78bd779,spdde,Unknown,spdde_25-09-2021_00:00_video1.jpeg,,,,,,Unknown
3435,a879973a-373e-4398-b11a-1631154b9829,spdde,Unknown,spdde_25-09-2021_00:00_video1.jpeg,,,,,,Unknown
3436,b28b4466-86c1-4f12-a990-b998abfc8603,spdde,Unknown,spdde_25-09-2021_00:00_video1.jpeg,,,,,,Unknown
3437,1b0764ed-ff90-484c-82ce-c9444d44a999,spdde,Unknown,spdde_25-09-2021_00:00_video1.jpeg,,,,,,Unknown
3438,07de741f-6b02-4d83-9ab6-231f39478402,spdde,Unknown,spdde_25-09-2021_00:00_video1.jpeg,,,,,,Unknown
3439,f3d49e6c-fdfc-4a74-a8e7-4476217085d0,spdde,Unknown,spdde_25-09-2021_00:00_video1.jpeg,,,,,,Unknown
3440,3560a64e-9deb-4794-bc60-0119de6a5adc,spdde,Unknown,spdde_25-09-2021_00:00_video1.jpeg,,,,,,Unknown
3441,e22e1960-06de-4522-9c52-6a8c9131bbb6,spdde,Unknown,spdde_25-09-2021_00:00_video1.jpeg,,,,,,Unknown
3442,39ed1ee9-29a0-41aa-b195-99e357016450,spdde,Unknown,spdde_25-09-2021_00:00_video1.jpeg,9bc42743-ba76-4b29-8ae3-88daa99f6988.png,0.9794447422529936,Facenet512,euclidean_l2,2.0,Olaf Scholz
3443,a775ea2e-a1c9-41e3-96dd-8645c36a6bcb,spdde,Unknown,spdde_25-09-2021_00:00_video1.jpeg,82f4d29e-1d17-4672-b015-52009fda2a23.png,0.9895132189552494,Facenet512,euclidean_l2,1.0,Olaf Scholz
3444,d29f9e19-65d3-42ff-bc5f-b48475885902,spdde,Unknown,spdde_25-09-2021_00:00_video1.jpeg,,,,,,Unknown
3445,42539f8f-b02b-4ffa-8695-d2737d93696c,spdde,Unknown,spdde_25-09-2021_00:00_video1.jpeg,,,,,,Unknown
3446,44eadf3b-f6de-41a2-a6a6-69f037870ecc,spdde,Unknown,spdde_25-09-2021_00:00_video1.jpeg,,,,,,Unknown
3447,64f2481c-35ff-418c-ab32-d0e340bbc680,spdde,Unknown,spdde_25-09-2021_00:00_video1.jpeg,,,,,,Unknown
3448,836b179f-e34f-479f-b16c-ea68612e9562,spdde,Unknown,spdde_25-09-2021_00:00_video1.jpeg,,,,,,Unknown
3449,d77384e7-85f4-4c2b-87f9-551e16a20b0e,spdde,Unknown,spdde_25-09-2021_00:00_video1.jpeg,,,,,,Unknown
3450,f9a34af1-ec86-4751-b1a6-89ba960227a3,spdde,Unknown,spdde_25-09-2021_00:00_video1.jpeg,,,,,,Unknown
3451,5e602b26-5d57-4726-bbe1-742c29d4a783,spdde,Unknown,spdde_25-09-2021_00:00_video1.jpeg,,,,,,Unknown
3452,951f6515-79b1-42e7-b856-8a2920a27bd1,spdde,Unknown,spdde_25-09-2021_00:00_video1.jpeg,,,,,,Unknown
3453,342102ad-7888-467e-9413-9913467aba84,spdde,Unknown,spdde_25-09-2021_00:00_video1.jpeg,,,,,,Unknown
3454,abc4dbde-07a1-4d92-b3f4-8151a1e66094,spdde,Unknown,spdde_25-09-2021_00:00_video1.jpeg,,,,,,Unknown
3455,c35aebb6-0e89-4d0c-9b85-1be146edb704,spdde,Unknown,spdde_25-09-2021_00:00_video1.jpeg,,,,,,Unknown
3456,b4bec457-f1d6-4f88-9476-03e7d5fd6172,spdde,Unknown,spdde_25-09-2021_00:00_video1.jpeg,,,,,,Unknown
3457,2a2cafa7-0fbc-4152-b566-1f9218201e9c,spdde,Unknown,spdde_25-09-2021_00:00_video1.jpeg,,,,,,Unknown
3458,b5bade51-47ff-47e5-93ad-cbdcae9942b2,cdu,Armin Laschet,cdu_20-09-2021_00:00_video0.jpeg,c1a12a4c-30ca-47ec-b1c5-11409ded5262.png,0.7449026550477233,Facenet512,euclidean_l2,20.0,Armin Laschet
3459,74516e21-5403-4c26-b71d-bcdb8cdf309d,cdu,Armin Laschet,cdu_20-09-2021_00:00_video0.jpeg,,,,,,Unknown
3460,089a494a-6554-4434-8813-8d6c94262097,armin_laschet,Unknown,armin_laschet_22-09-2021_00:00_image6.jpeg,,,,,,Unknown
3461,984db98f-8a06-4594-9f34-7a5f0eb349ec,armin_laschet,Unknown,armin_laschet_22-09-2021_00:00_image6.jpeg,,,,,,Unknown
3462,f7259d67-3807-41ad-a035-3cd4e66f7ac8,armin_laschet,Unknown,armin_laschet_22-09-2021_00:00_image6.jpeg,,,,,,Unknown
3463,f73ec7cc-783d-4522-8411-8be61d339b80,armin_laschet,Unknown,armin_laschet_22-09-2021_00:00_image6.jpeg,,,,,,Unknown
3464,8fda495b-7ce8-402a-a9af-772db2943e0f,armin_laschet,Unknown,armin_laschet_22-09-2021_00:00_image6.jpeg,,,,,,Unknown
3465,e7cf83a1-1e11-4959-8266-b7c7468dfca2,armin_laschet,Unknown,armin_laschet_22-09-2021_00:00_image6.jpeg,,,,,,Unknown
3466,22876c79-3a38-42d3-b7a8-5268e2ab83f9,armin_laschet,Unknown,armin_laschet_22-09-2021_00:00_image6.jpeg,,,,,,Unknown
3467,e09654c3-df3b-4d11-896a-e2de84f9ef3c,armin_laschet,Unknown,armin_laschet_22-09-2021_00:00_image6.jpeg,,,,,,Unknown
3468,4ce4ca70-8165-423b-9de7-42436277047e,armin_laschet,Unknown,armin_laschet_22-09-2021_00:00_image6.jpeg,,,,,,Unknown
3469,018ea432-216a-48ed-81bb-274028198b33,armin_laschet,Unknown,armin_laschet_22-09-2021_00:00_image6.jpeg,,,,,,Unknown
3470,0fba0e63-3540-4348-a1a4-3c3e0dfdc7b5,armin_laschet,Unknown,armin_laschet_22-09-2021_00:00_image6.jpeg,,,,,,Unknown
3471,eeb7faed-f203-4546-9597-ffd8dd233d36,armin_laschet,Unknown,armin_laschet_22-09-2021_00:00_image6.jpeg,,,,,,Unknown
3472,e64033b1-c398-46f9-b364-40c37bc93e21,markus.soeder,Unknown,markus.soeder_16-09-2021_00:00_video9.jpeg,,,,,,Unknown
3473,86e9ca17-112e-4400-aaa4-7fa7d5eab2e0,christlichsozialeunion,Unknown,christlichsozialeunion_25-09-2021_00:00_video7.jpeg,,,,,,Unknown
3474,1256f5fc-5034-4d07-bd75-3982e52b4223,christlichsozialeunion,Unknown,christlichsozialeunion_25-09-2021_00:00_video7.jpeg,,,,,,Unknown
3475,8331e760-f3cd-4a97-933c-45b29e705691,christlichsozialeunion,Unknown,christlichsozialeunion_25-09-2021_00:00_video7.jpeg,,,,,,Unknown
3476,6360622b-8db9-4e27-b4e4-7d676d8e6c3b,christlichsozialeunion,Unknown,christlichsozialeunion_25-09-2021_00:00_video7.jpeg,,,,,,Unknown
3497,c7918e7f-5f42-476a-a077-8faf8efeb47c,olafscholz,Olaf Scholz,olafscholz_19-09-2021_00:00_image6.jpeg,97bef193-f3fe-4df6-b6d6-37ad2790018d.png,0.3367103096450484,Facenet512,euclidean_l2,20.0,Olaf Scholz
3504,571f8b89-fdf9-4081-a9c9-79f3138e7a1e,cdu,Unknown,cdu_19-09-2021_00:00_image5.jpeg,5efa5b53-ada6-486e-8b66-4c6330a71ea7.png,1.0263080252679833,Facenet512,euclidean_l2,1.0,Armin Laschet
3505,68052eb7-f21a-4a46-a486-6c381d8144ae,cdu,Unknown,cdu_19-09-2021_00:00_image5.jpeg,,,,,,Unknown
3506,e201f90a-a801-4a60-a222-66a5081555cf,cdu,Unknown,cdu_19-09-2021_00:00_image5.jpeg,,,,,,Unknown
3507,79f39b68-9895-4df0-a4b2-fbf258523b51,cdu,Unknown,cdu_19-09-2021_00:00_image5.jpeg,,,,,,Unknown
3508,4bfa9c46-ad6c-4259-9fc1-634ca06e23a5,cdu,Armin Laschet,cdu_19-09-2021_00:00_image5.jpeg,5efa5b53-ada6-486e-8b66-4c6330a71ea7.png,0.728545483043165,Facenet512,euclidean_l2,16.0,Armin Laschet
3509,ab463996-886a-495e-bac6-1d4981f27bb6,cdu,Unknown,cdu_19-09-2021_00:00_image5.jpeg,,,,,,Unknown
3510,9c127810-16a4-4f99-8253-c86991adf902,cdu,Unknown,cdu_19-09-2021_00:00_image5.jpeg,,,,,,Unknown
3511,bf3e3f73-33bc-4894-8319-5ffa2c9b771e,cdu,Unknown,cdu_19-09-2021_00:00_image5.jpeg,,,,,,Unknown
3512,7babd9d7-6707-4110-b0ca-a42f888b9822,cdu,Unknown,cdu_19-09-2021_00:00_image5.jpeg,,,,,,Unknown
3513,3c77a9ee-66bd-4c85-a092-cbc9d0efa484,cdu,Unknown,cdu_19-09-2021_00:00_image5.jpeg,f891fb5e-737c-4bf0-9c55-824f2cdff348.png,1.025811671740576,Facenet512,euclidean_l2,1.0,Armin Laschet
3514,cacbc4f8-e8f3-4faa-a198-1784c6bb4df5,cdu,Unknown,cdu_19-09-2021_00:00_image5.jpeg,,,,,,Unknown
3515,188967c1-c124-453d-8d0e-61339b0a86a3,die_gruenen,Annalena Baerbock,die_gruenen_20-09-2021_00:00_image6.jpeg,d0023ba3-e826-4b9e-9f82-cd652ea335bd.png,0.6335901713511487,Facenet512,euclidean_l2,13.0,Annalena Baerbock
3516,3ac83fb9-c91b-4cfa-8d9e-af024cf811b5,christianlindner,Christian Lindner,christianlindner_23-09-2021_00:00_image1.jpeg,,,,,,Unknown
3517,c31b5eb3-540e-4a90-a0f4-b8c7da886eda,christianlindner,Unknown,christianlindner_23-09-2021_00:00_image1.jpeg,,,,,,Unknown
3518,7505c00b-1cfe-483c-bd2d-9f289aa885f5,christianlindner,Unknown,christianlindner_23-09-2021_00:00_image1.jpeg,,,,,,Unknown
3519,0f1ee738-1a5c-444f-bc6c-2aadee883b7a,christianlindner,Unknown,christianlindner_23-09-2021_00:00_image1.jpeg,,,,,,Unknown
3520,5f9bc3c2-2d30-40bc-b53c-1738cb3f7eaf,christianlindner,Unknown,christianlindner_23-09-2021_00:00_image1.jpeg,,,,,,Unknown
3523,5109d4aa-5b12-4b8f-bbfc-eb155206975f,christlichsozialeunion,Unknown,christlichsozialeunion_25-09-2021_00:00_video14.jpeg,,,,,,Unknown
3524,df829719-f46e-4bb0-a8eb-e3424e05ab5e,christlichsozialeunion,Markus Söder,christlichsozialeunion_25-09-2021_00:00_video14.jpeg,aef8776f-6cb2-461e-aa5f-26798f3b263e.png,0.8657352070971246,Facenet512,euclidean_l2,3.0,Markus Söder
3525,a978c1b0-7827-42b0-844d-14779ee991d5,christlichsozialeunion,Unknown,christlichsozialeunion_25-09-2021_00:00_video14.jpeg,,,,,,Unknown
3526,92a881b0-d761-457b-ac4a-4c43254fcf65,christlichsozialeunion,Unknown,christlichsozialeunion_25-09-2021_00:00_video14.jpeg,,,,,,Unknown
3527,6654e17c-d338-4b67-948a-26d96a789eb1,christlichsozialeunion,Unknown,christlichsozialeunion_25-09-2021_00:00_video14.jpeg,,,,,,Unknown
3528,d64b07ad-5b52-46dc-b831-1e9c54549af2,christlichsozialeunion,Unknown,christlichsozialeunion_25-09-2021_00:00_video14.jpeg,,,,,,Unknown
3529,70ecd653-87e5-4674-ab1e-a404f8bc8d98,christlichsozialeunion,Unknown,christlichsozialeunion_25-09-2021_00:00_video14.jpeg,,,,,,Unknown
3530,7e2cd606-b3ea-4938-bf43-d8fea53ba523,christlichsozialeunion,Unknown,christlichsozialeunion_25-09-2021_00:00_video14.jpeg,,,,,,Unknown
3531,2a82efa9-4e8e-453a-bd07-1267a868da1a,christlichsozialeunion,Unknown,christlichsozialeunion_25-09-2021_00:00_video14.jpeg,,,,,,Unknown
3532,4843f6c5-3a09-432e-b55f-382b44ccaa3c,christlichsozialeunion,Unknown,christlichsozialeunion_25-09-2021_00:00_video14.jpeg,,,,,,Unknown
3533,0139eb40-4c1d-40a7-aff2-cd9b58cccc14,christlichsozialeunion,Unknown,christlichsozialeunion_25-09-2021_00:00_video14.jpeg,,,,,,Unknown
3534,d9798f91-0a35-4d56-94af-0eb67bd3cb31,christlichsozialeunion,Unknown,christlichsozialeunion_25-09-2021_00:00_video14.jpeg,,,,,,Unknown
3535,70bc606a-00db-4f96-a6fd-4939c9c5b225,christlichsozialeunion,Unknown,christlichsozialeunion_25-09-2021_00:00_video14.jpeg,,,,,,Unknown
3536,7114c8b3-9b48-4c76-98db-b831711df327,christlichsozialeunion,Unknown,christlichsozialeunion_25-09-2021_00:00_video14.jpeg,,,,,,Unknown
3538,3df6a73a-31e3-4dd0-9c78-c10c065ddb24,spdde,Unknown,spdde_25-09-2021_00:00_video9.jpeg,,,,,,Unknown
3539,3befe124-bc2a-4038-966d-90cb137284a4,spdde,Unknown,spdde_25-09-2021_00:00_video9.jpeg,,,,,,Unknown
3540,30c9d377-327d-49be-8c9b-c2646062549b,spdde,Unknown,spdde_25-09-2021_00:00_video9.jpeg,7283a49c-fba4-43e9-9a0b-a767ea44c1c0.png,0.9618558538990624,Facenet512,euclidean_l2,7.0,Olaf Scholz
3541,8e545314-77d5-419e-aa7f-e81a3e0f5bc2,spdde,Unknown,spdde_25-09-2021_00:00_video9.jpeg,,,,,,Unknown
3542,6ab2682b-c2a7-41e1-b52e-3837e7959887,spdde,Unknown,spdde_25-09-2021_00:00_video9.jpeg,91d6fa25-3671-4110-8beb-1c3296cdf4d0.png,1.012726657527957,Facenet512,euclidean_l2,1.0,Olaf Scholz
3543,22abb792-6164-427f-86d3-e9231465eec0,spdde,Unknown,spdde_25-09-2021_00:00_video9.jpeg,9bc42743-ba76-4b29-8ae3-88daa99f6988.png,0.9096681813749344,Facenet512,euclidean_l2,4.0,Olaf Scholz
3544,3dbf39b2-4fc5-4063-8942-e22795bf383d,spdde,Unknown,spdde_25-09-2021_00:00_video9.jpeg,,,,,,Unknown
3545,d7dfa65b-8475-4bcf-bc1c-c4d396b56aed,cdu,Unknown,cdu_19-09-2021_00:00_image1.jpeg,,,,,,Unknown
3546,3f38c15e-d39c-4fe5-bcc0-254c0034e163,cdu,Unknown,cdu_19-09-2021_00:00_image1.jpeg,,,,,,Unknown
3547,cef32385-8ba0-4348-9ae8-aee67c2c5bf3,cdu,Unknown,cdu_19-09-2021_00:00_image1.jpeg,,,,,,Unknown
3548,154cd8e4-1b1b-4fc6-9ab3-061629b671cb,cdu,Unknown,cdu_19-09-2021_00:00_image1.jpeg,,,,,,Unknown
3549,2d28e0ca-d395-4fad-adc1-ac2c116b7f0d,cdu,Unknown,cdu_19-09-2021_00:00_image1.jpeg,,,,,,Unknown
3550,73853cbb-cc55-4a88-bfc8-73d11e8a47d0,cdu,Unknown,cdu_19-09-2021_00:00_image1.jpeg,,,,,,Unknown
3551,9946a113-b886-4cdf-a733-f056b7a2acd7,cdu,Unknown,cdu_19-09-2021_00:00_image1.jpeg,,,,,,Unknown
3552,4bcf79ee-0ccb-4139-b3d7-62b959fcf689,spdde,Olaf Scholz,spdde_26-09-2021_00:00_video15.jpeg,,,,,,Unknown
3558,55c24400-8fe7-436f-99d6-2f51a7ffbd63,abaerbock,Unknown,abaerbock_18-09-2021_00:00_image8.jpeg,,,,,,Unknown
3559,98cf812f-ffd3-4a23-aafd-cb5b66ebf4d6,cdu,Armin Laschet,cdu_17-09-2021_00:00_video6.jpeg,1bd44b42-05b1-4e5e-9ecf-b19872c3a776.png,0.8972354598878955,Facenet512,euclidean_l2,9.0,Armin Laschet
3560,b8f280a3-a636-4856-b4fa-4aa1ccf6dcfb,cdu,Unknown,cdu_17-09-2021_00:00_video6.jpeg,,,,,,Unknown
3561,1dbe6219-f88d-4fb5-889b-9f2f0367eb1b,cdu,Unknown,cdu_17-09-2021_00:00_video6.jpeg,,,,,,Unknown
3562,4452bda5-933f-499b-a28f-6815489d34ce,cdu,Unknown,cdu_17-09-2021_00:00_video6.jpeg,,,,,,Unknown
3563,ae92dc3b-d80a-4e0c-b0dc-7dfabc4d7860,cdu,Unknown,cdu_17-09-2021_00:00_video6.jpeg,,,,,,Unknown
3564,db982c9a-ec29-4832-a330-6200608c597d,cdu,Unknown,cdu_17-09-2021_00:00_video6.jpeg,,,,,,Unknown
3565,7c9a9b77-a6df-46f5-9cb7-4b1d08101780,cdu,Unknown,cdu_17-09-2021_00:00_video6.jpeg,,,,,,Unknown
3566,6e940549-8d10-450e-9fb8-8fad8381c84c,cdu,Unknown,cdu_17-09-2021_00:00_video6.jpeg,,,,,,Unknown
3567,3c064763-2a88-4d3d-86d2-3d176f312a9b,cdu,Unknown,cdu_17-09-2021_00:00_video6.jpeg,,,,,,Unknown
3568,e912b5d7-06d8-4334-bc85-531bd8f1ac2c,cdu,Unknown,cdu_16-09-2021_00:00_video26.jpeg,,,,,,Unknown
3569,da483112-39f6-46af-a9c0-26d697df2712,cdu,Unknown,cdu_16-09-2021_00:00_video26.jpeg,,,,,,Unknown
3570,fbb7e65d-3c34-4ad6-b59e-f526181444cf,cdu,Unknown,cdu_16-09-2021_00:00_video26.jpeg,,,,,,Unknown
3571,092c367e-c7d0-42c1-a28a-977d3640e4b0,cdu,Unknown,cdu_16-09-2021_00:00_video26.jpeg,,,,,,Unknown
3572,13e68148-113d-4849-b582-cc2cf24a046b,cdu,Unknown,cdu_16-09-2021_00:00_video26.jpeg,,,,,,Unknown
3573,51f20f36-bbfc-4df7-9abb-5c082b6739d4,cdu,Unknown,cdu_16-09-2021_00:00_video26.jpeg,,,,,,Unknown
3574,2512c925-ac63-434b-86c3-ef99f839a8df,cdu,Unknown,cdu_16-09-2021_00:00_video26.jpeg,,,,,,Unknown
3575,34af7c64-54d6-4503-bbd2-f7dd2247ac98,cdu,Unknown,cdu_16-09-2021_00:00_video26.jpeg,,,,,,Unknown
3576,cacf6179-7102-4314-a779-7c1fd3ece140,spdde,Unknown,spdde_13-09-2021_00:00_image2.jpeg,,,,,,Unknown
3577,acf4f4f6-62b3-42f4-aaa9-4c3200aa4516,cdu,Unknown,cdu_22-09-2021_00:00_video12.jpeg,,,,,,Unknown
3578,498cb129-7669-4c59-842c-59b428789088,cdu,Unknown,cdu_22-09-2021_00:00_video12.jpeg,,,,,,Unknown
3579,3038ddfe-5dd7-43c5-b2db-7b94ec8dce67,christianlindner,Unknown,christianlindner_18-09-2021_00:00_video2.jpeg,,,,,,Unknown
3580,66d6ba72-d3ed-49a2-be6a-95c541b2447c,christianlindner,Unknown,christianlindner_18-09-2021_00:00_video2.jpeg,,,,,,Unknown
3581,af2f87a0-bb32-4ed6-8c6b-945946613a9f,christianlindner,Unknown,christianlindner_18-09-2021_00:00_video2.jpeg,,,,,,Unknown
3582,6f43bfe2-abdc-4298-b3ce-4825cf11534f,christianlindner,Christian Lindner,christianlindner_18-09-2021_00:00_video2.jpeg,,,,,,Unknown
3583,981994e6-991a-4886-b117-a3e51d850f2c,cdu,Unknown,cdu_22-09-2021_00:00_image4.jpeg,,,,,,Unknown
3584,cb996028-e838-4b81-bf87-06fa3dfcbef5,cdu,Unknown,cdu_22-09-2021_00:00_image4.jpeg,,,,,,Unknown
3585,0f62c97a-7ff9-4adb-9059-1bdc3fc5cf24,cdu,Unknown,cdu_22-09-2021_00:00_image4.jpeg,,,,,,Unknown
3586,34459ca4-3ce8-4264-b1f4-2e885dbef56d,cdu,Unknown,cdu_22-09-2021_00:00_image4.jpeg,,,,,,Unknown
3587,49299dea-c42f-4cf9-9319-3f1effe4643c,cdu,Unknown,cdu_22-09-2021_00:00_image4.jpeg,,,,,,Unknown
3588,24010e14-af2c-482b-8199-c70b7c8f5fcd,cdu,Unknown,cdu_22-09-2021_00:00_image4.jpeg,,,,,,Unknown
3589,803d8a6e-54e2-48a4-904b-39dfeac25d57,cdu,Unknown,cdu_22-09-2021_00:00_image4.jpeg,,,,,,Unknown
3590,5cbbafae-764a-46b9-92f6-12629d22cca3,cdu,Unknown,cdu_22-09-2021_00:00_image4.jpeg,,,,,,Unknown
3591,90d75ea0-c373-4d2e-b47f-9a8b29f33735,cdu,Unknown,cdu_22-09-2021_00:00_image4.jpeg,,,,,,Unknown
3592,7dc047ff-3e02-421e-bde7-6281110d3bc6,cdu,Unknown,cdu_22-09-2021_00:00_image4.jpeg,,,,,,Unknown
3593,5f0a1768-b339-4676-a89e-80ea1cf6689b,cdu,Unknown,cdu_22-09-2021_00:00_image4.jpeg,,,,,,Unknown
3594,6c25d2f0-4be4-4eec-bdc0-46ba0208a704,christlichsozialeunion,Markus Söder,christlichsozialeunion_21-09-2021_00:00_image0.jpeg,d58b66d8-f621-4c58-9284-a999f266986a.png,0.5749567656395012,Facenet512,euclidean_l2,13.0,Markus Söder
3595,76730449-3891-43de-a844-0f154bfc8b41,christlichsozialeunion,Unknown,christlichsozialeunion_21-09-2021_00:00_image0.jpeg,,,,,,Unknown
3596,d09eb953-64dc-43ad-8743-c95390840781,abaerbock,Unknown,abaerbock_22-09-2021_00:00_image3.jpeg,,,,,,Unknown
3597,498108b4-d574-471a-a6fd-bb2873f2be61,abaerbock,Unknown,abaerbock_22-09-2021_00:00_image3.jpeg,,,,,,Unknown
3599,6676d094-65aa-4cc2-9fd2-b45964fb84b0,armin_laschet,Armin Laschet,armin_laschet_19-09-2021_00:00_image3.jpeg,c0c7aedd-97dc-4394-8336-f812c19fc1a2.png,0.8073670460554022,Facenet512,euclidean_l2,10.0,Armin Laschet
3600,7b6cbc57-16dc-4237-a913-3429efe42745,armin_laschet,Unknown,armin_laschet_19-09-2021_00:00_image3.jpeg,,,,,,Unknown
3601,aacaed30-91e8-4087-8c86-c6ad3ee28c72,armin_laschet,Unknown,armin_laschet_19-09-2021_00:00_image3.jpeg,872af970-553e-4d30-abdc-252f937b8d70.png,1.0203967140433725,Facenet512,euclidean_l2,1.0,Armin Laschet
3602,901079ff-399b-43d4-a885-b1d3102852a0,armin_laschet,Unknown,armin_laschet_19-09-2021_00:00_image3.jpeg,,,,,,Unknown
3603,7a36c5b6-e143-4acd-b1c5-62995df24abc,armin_laschet,Unknown,armin_laschet_19-09-2021_00:00_image3.jpeg,5efa5b53-ada6-486e-8b66-4c6330a71ea7.png,0.9610225000803448,Facenet512,euclidean_l2,3.0,Armin Laschet
3604,1b474b42-a38f-4363-a18b-ea54984a3d71,armin_laschet,Unknown,armin_laschet_19-09-2021_00:00_image3.jpeg,,,,,,Unknown
3605,b0e83102-3251-4863-9312-9ab4e886bf3b,armin_laschet,Armin Laschet,armin_laschet_19-09-2021_00:00_image3.jpeg,,,,,,Unknown
3606,ad486c90-314e-49af-82f4-776090e43ff3,armin_laschet,Armin Laschet,armin_laschet_19-09-2021_00:00_image3.jpeg,,,,,,Unknown
3607,020cb4ab-56a1-48d0-80b4-d834b10f0d5a,armin_laschet,Unknown,armin_laschet_19-09-2021_00:00_image3.jpeg,,,,,,Unknown
3608,465e43e7-cea7-4cda-994c-1983b11cd9c0,armin_laschet,Unknown,armin_laschet_19-09-2021_00:00_image3.jpeg,,,,,,Unknown
3609,7181f08e-adf6-40cd-a6c4-34bfc6905210,armin_laschet,Unknown,armin_laschet_19-09-2021_00:00_image3.jpeg,,,,,,Unknown
3610,9ead822a-1b30-424f-a734-d8c8a5937819,armin_laschet,Armin Laschet,armin_laschet_19-09-2021_00:00_image3.jpeg,,,,,,Unknown
3611,1ba7f747-835b-42b3-9236-8ce7f1b6daf0,christianlindner,Unknown,christianlindner_18-09-2021_00:00_image0.jpeg,,,,,,Unknown
3612,5601ef63-8ebb-481d-b18a-27ed53672efb,christianlindner,Unknown,christianlindner_18-09-2021_00:00_image0.jpeg,,,,,,Unknown
3613,bd3d4b44-40ef-4e23-ac16-8ac2f7fe73e7,christianlindner,Unknown,christianlindner_18-09-2021_00:00_image0.jpeg,,,,,,Unknown
3614,7345040e-27d7-48d7-9062-0cb961142499,christianlindner,Unknown,christianlindner_18-09-2021_00:00_image0.jpeg,,,,,,Unknown
3615,9297f9f1-0ca1-4234-91d4-fb1ea87d5517,christianlindner,Unknown,christianlindner_18-09-2021_00:00_image0.jpeg,,,,,,Unknown
3616,461c48ee-96ee-49d2-a535-5c8f49a63c9a,christianlindner,Unknown,christianlindner_18-09-2021_00:00_image0.jpeg,,,,,,Unknown
3617,22694341-e552-4811-a535-7091912397c5,christianlindner,Unknown,christianlindner_18-09-2021_00:00_image0.jpeg,,,,,,Unknown
3618,6ab2f52f-a8f3-453b-b39d-2984dbd0d2cd,christianlindner,Unknown,christianlindner_18-09-2021_00:00_image0.jpeg,,,,,,Unknown
3619,e2ac7acd-4e92-410b-a198-f79c6bd23732,christianlindner,Unknown,christianlindner_18-09-2021_00:00_image0.jpeg,,,,,,Unknown
3620,987b7c76-f512-4529-9964-50a3f512f7d6,christianlindner,Unknown,christianlindner_18-09-2021_00:00_image0.jpeg,,,,,,Unknown
3621,e1812722-dabf-4fde-ab01-e375c28ac123,christianlindner,Unknown,christianlindner_18-09-2021_00:00_image0.jpeg,,,,,,Unknown
3622,aaab6b67-8ed7-4bb3-b4d5-bfb80119ef76,christianlindner,Unknown,christianlindner_18-09-2021_00:00_image0.jpeg,,,,,,Unknown
3623,22c2110f-c339-4727-a1d5-f7a1f5317f88,christianlindner,Unknown,christianlindner_18-09-2021_00:00_image0.jpeg,,,,,,Unknown
3624,b13a5a63-cd01-4027-bd0a-bf81eebf483c,christianlindner,Unknown,christianlindner_18-09-2021_00:00_image0.jpeg,,,,,,Unknown
3625,0c08b5c9-a11c-4b11-9ab2-95cf9fd1cb4a,christianlindner,Unknown,christianlindner_18-09-2021_00:00_image0.jpeg,,,,,,Unknown
3626,95fc6aaf-52b4-42d7-8e39-e2fb4ad4893a,christianlindner,Unknown,christianlindner_18-09-2021_00:00_image0.jpeg,,,,,,Unknown
3627,67793241-0b81-469c-9f07-083224b7fa1d,christianlindner,Unknown,christianlindner_18-09-2021_00:00_image0.jpeg,,,,,,Unknown
3628,c4f074db-1a45-4388-abdb-abc45ef00939,christianlindner,Unknown,christianlindner_18-09-2021_00:00_image0.jpeg,,,,,,Unknown
3629,352474c1-6b34-4efc-b480-fe26076be069,christianlindner,Unknown,christianlindner_18-09-2021_00:00_image0.jpeg,,,,,,Unknown
3630,8d4f7e27-8217-4cea-8acb-2d825396dcf8,christianlindner,Unknown,christianlindner_18-09-2021_00:00_image0.jpeg,,,,,,Unknown
3631,da8171a4-0eee-47a4-a160-8376be5cc778,christianlindner,Unknown,christianlindner_18-09-2021_00:00_image0.jpeg,,,,,,Unknown
3632,9b232121-a455-43e9-8967-0c864fa93220,christianlindner,Unknown,christianlindner_18-09-2021_00:00_image0.jpeg,,,,,,Unknown
3633,5401fe30-903e-4647-b3c8-dba605d2fbc9,christianlindner,Unknown,christianlindner_18-09-2021_00:00_image0.jpeg,,,,,,Unknown
3634,fab51847-f8e9-489a-a9c4-69fb5f33f3bd,christianlindner,Unknown,christianlindner_18-09-2021_00:00_image0.jpeg,,,,,,Unknown
3635,6b148296-f1c9-4f5c-93dc-5c61cab7a941,christianlindner,Unknown,christianlindner_18-09-2021_00:00_image0.jpeg,,,,,,Unknown
3636,57201cda-3ed8-4154-bbe8-03cf83838757,christianlindner,Unknown,christianlindner_18-09-2021_00:00_image0.jpeg,,,,,,Unknown
3637,adb36c2c-2ce5-497e-8340-1b66a71bfd19,christianlindner,Unknown,christianlindner_18-09-2021_00:00_image0.jpeg,,,,,,Unknown
3638,67a27329-23ea-4ef7-bc09-82524b4097c5,christianlindner,Unknown,christianlindner_18-09-2021_00:00_image0.jpeg,,,,,,Unknown
3639,426216cb-ab87-4754-9a33-8d775c86d55f,christianlindner,Unknown,christianlindner_18-09-2021_00:00_image0.jpeg,,,,,,Unknown
3640,fe8886c2-672f-4603-9a91-1d0f7da2b95a,christianlindner,Unknown,christianlindner_18-09-2021_00:00_image0.jpeg,,,,,,Unknown
3641,f0bd48bd-1752-4a60-a285-c7544d56f0a4,christianlindner,Unknown,christianlindner_18-09-2021_00:00_image0.jpeg,,,,,,Unknown
3642,41fc5ac4-388a-461c-a66c-e0a20f699df3,christianlindner,Unknown,christianlindner_18-09-2021_00:00_image0.jpeg,,,,,,Unknown
3643,a3650f05-b941-42a6-8dd4-3007bd70985b,christianlindner,Unknown,christianlindner_18-09-2021_00:00_image0.jpeg,,,,,,Unknown
3644,5ef1e64f-e9cf-452c-ad9e-6838c3aeb4dc,christianlindner,Unknown,christianlindner_18-09-2021_00:00_image0.jpeg,,,,,,Unknown
3645,fca9cf6c-81ac-42f7-9828-1effaf2356dd,christianlindner,Unknown,christianlindner_18-09-2021_00:00_image0.jpeg,,,,,,Unknown
3646,3f841b7d-4cf8-475e-b7e9-17e6f1041cf3,christianlindner,Unknown,christianlindner_18-09-2021_00:00_image0.jpeg,,,,,,Unknown
3647,456fe7a7-251f-44d1-93b2-ded0f42a99ec,christianlindner,Unknown,christianlindner_18-09-2021_00:00_image0.jpeg,,,,,,Unknown
3648,76237795-1d6c-4bd4-9c44-de2460cb93b5,christianlindner,Unknown,christianlindner_18-09-2021_00:00_image0.jpeg,,,,,,Unknown
3649,1e4458c8-09f1-4610-afe8-8ccde570039f,die_gruenen,Unknown,die_gruenen_23-09-2021_00:00_image0.jpeg,,,,,,Unknown
3651,a493c645-44e7-4eb5-9660-854e447634f7,spdde,Unknown,spdde_25-09-2021_00:00_video12.jpeg,,,,,,Unknown
3656,a15bbe00-f078-4364-8c60-99ef832c72f7,olafscholz,Unknown,olafscholz_21-09-2021_00:00_video1.jpeg,,,,,,Unknown
3657,f7da433e-387c-44a1-9449-0195ec243f35,armin_laschet,Unknown,armin_laschet_23-09-2021_00:00_video10.jpeg,,,,,,Unknown
3658,1ac844ef-2296-4769-bd1f-c45d748b01f1,armin_laschet,Armin Laschet,armin_laschet_23-09-2021_00:00_video10.jpeg,544c4dd7-ae0f-4d1e-825f-3d9e1eca7fd3.png,0.8804177825476921,Facenet512,euclidean_l2,12.0,Armin Laschet
3662,ebc0bf49-eea1-4521-9dc7-0a1c803611c1,olafscholz,Unknown,olafscholz_24-09-2021_00:00_image4.jpeg,,,,,,Unknown
3663,a0d4622f-4c03-4645-971d-b544e4a4a245,olafscholz,Unknown,olafscholz_24-09-2021_00:00_image4.jpeg,,,,,,Unknown
3664,572b681a-0ae1-4beb-ab34-839586a2de1e,olafscholz,Unknown,olafscholz_24-09-2021_00:00_image4.jpeg,,,,,,Unknown
3665,5268dfc1-d3c1-4f21-8ba5-f916c7c197e3,olafscholz,Olaf Scholz,olafscholz_24-09-2021_00:00_image4.jpeg,8c8b42f9-47e7-4df5-bffb-da674eab6953.png,0.4198819011938566,Facenet512,euclidean_l2,19.0,Olaf Scholz
3666,8417207f-b19e-423c-91c3-045c8be0e407,olafscholz,Unknown,olafscholz_24-09-2021_00:00_image4.jpeg,,,,,,Unknown
3667,bc7890e5-598e-4df9-b8ca-439cf45ebd94,olafscholz,Unknown,olafscholz_24-09-2021_00:00_image4.jpeg,,,,,,Unknown
3668,6fb5523c-eb04-48ee-b372-4176cd5249cc,olafscholz,Unknown,olafscholz_24-09-2021_00:00_image4.jpeg,82f4d29e-1d17-4672-b015-52009fda2a23.png,0.9780344725481755,Facenet512,euclidean_l2,4.0,Olaf Scholz
3669,bcad0026-0f56-4c27-ad37-645f29fe17fa,olafscholz,Olaf Scholz,olafscholz_26-09-2021_00:00_video3.jpeg,,,,,,Unknown
3670,36f481f0-8eda-413b-baa9-8aec99cbb9a6,olafscholz,Olaf Scholz,olafscholz_21-09-2021_00:00_video3.jpeg,2ec8c611-8404-4676-9523-28f0cc6181ab.png,0.8168836983812762,Facenet512,euclidean_l2,18.0,Olaf Scholz
3671,d6c2b8a7-b8e4-4dd0-8224-4f4ec68e7a20,abaerbock,Unknown,abaerbock_14-09-2021_00:00_image6.jpeg,,,,,,Unknown
3672,5b645c13-3c21-45d5-ae13-b28f2e93a47f,abaerbock,Unknown,abaerbock_14-09-2021_00:00_image6.jpeg,,,,,,Unknown
3673,8593ca06-c010-4009-92e1-c22e64e11b4f,abaerbock,Unknown,abaerbock_14-09-2021_00:00_image6.jpeg,,,,,,Unknown
3674,8912ea0b-061f-4623-a2c9-fec5c6ce20a0,abaerbock,Unknown,abaerbock_14-09-2021_00:00_image6.jpeg,,,,,,Unknown
3683,3e10b663-7431-458c-ac53-1546e0653112,armin_laschet,Unknown,armin_laschet_23-09-2021_00:00_video13.jpeg,,,,,,Unknown
3684,873b6e69-8389-46e7-bb87-767f49ab03e9,armin_laschet,Unknown,armin_laschet_23-09-2021_00:00_video13.jpeg,,,,,,Unknown
3685,f57a6059-6263-4efe-8256-823a67acb4fa,armin_laschet,Unknown,armin_laschet_23-09-2021_00:00_video13.jpeg,,,,,,Unknown
3686,ba5fc829-7dd2-4daa-9364-9ad2f80b181d,armin_laschet,Unknown,armin_laschet_23-09-2021_00:00_video13.jpeg,,,,,,Unknown
3687,88c5d9f5-5085-4347-8e25-a9e45e5170f8,armin_laschet,Unknown,armin_laschet_23-09-2021_00:00_video13.jpeg,,,,,,Unknown
3688,61923914-3df3-43c7-a902-ae9fc8c728ee,armin_laschet,Unknown,armin_laschet_23-09-2021_00:00_video13.jpeg,,,,,,Unknown
3689,178bab1a-a51d-4793-bc62-514b5b21c76e,armin_laschet,Unknown,armin_laschet_23-09-2021_00:00_video13.jpeg,,,,,,Unknown
3690,19877bca-e795-4855-92d7-7605e26e572b,armin_laschet,Unknown,armin_laschet_23-09-2021_00:00_video13.jpeg,,,,,,Unknown
3691,aaaaff26-720f-43cc-8a2b-a7bad29e0be4,cdu,Unknown,cdu_26-09-2021_00:00_video6.jpeg,6eea9eca-17f8-4cce-b3dd-7cf5cb345415.png,0.9153743183338028,Facenet512,euclidean_l2,10.0,Armin Laschet
3692,13c5bbcd-6c92-4359-a2e9-15e4e01922f1,cdu,Unknown,cdu_26-09-2021_00:00_video6.jpeg,,,,,,Unknown
3693,17bad502-63af-477d-98af-43f2e097d37b,cdu,Unknown,cdu_26-09-2021_00:00_video6.jpeg,,,,,,Unknown
3694,d24c0711-9aac-44cc-9b96-a73eaf7b8396,cdu,Armin Laschet,cdu_26-09-2021_00:00_video6.jpeg,,,,,,Unknown
3695,da470400-11d1-4695-b421-f8b6659c0199,cdu,Unknown,cdu_26-09-2021_00:00_video6.jpeg,,,,,,Unknown
3696,72334a1b-9f9c-4ae2-a907-1e287084d81f,cdu,Unknown,cdu_26-09-2021_00:00_video6.jpeg,,,,,,Unknown
3697,010b1e15-da90-4011-9620-99ecceb394e8,cdu,Unknown,cdu_26-09-2021_00:00_video6.jpeg,,,,,,Unknown
3698,6ab91f75-ae74-49a3-a21c-54ccd49eb84a,olafscholz,Unknown,olafscholz_18-09-2021_00:00_video5.jpeg,,,,,,Unknown
3699,a28e01b4-6728-4358-9151-45f1fd230839,olafscholz,Olaf Scholz,olafscholz_18-09-2021_00:00_video5.jpeg,,,,,,Unknown
3700,56a9dc67-36b0-47c3-ba49-4946df1aa9f9,olafscholz,Unknown,olafscholz_18-09-2021_00:00_video5.jpeg,,,,,,Unknown
3701,4550c808-b233-483e-92e4-df3eebbcefe7,olafscholz,Unknown,olafscholz_18-09-2021_00:00_video5.jpeg,,,,,,Unknown
3702,9bc5b65a-cad2-4c2b-acee-2d9bfdeb93c7,olafscholz,Unknown,olafscholz_18-09-2021_00:00_video5.jpeg,,,,,,Unknown
3703,cb5e10ce-5c21-4dea-98d3-4f7393e0c3a0,olafscholz,Unknown,olafscholz_18-09-2021_00:00_video5.jpeg,,,,,,Unknown
3704,906f6891-a730-4a84-bb58-d7c301c6c0f4,olafscholz,Unknown,olafscholz_18-09-2021_00:00_video5.jpeg,,,,,,Unknown
3705,a07ed55b-7e37-434f-ac0b-6543f27dfe3a,olafscholz,Unknown,olafscholz_18-09-2021_00:00_video5.jpeg,,,,,,Unknown
3706,5a052327-5b12-4e28-a48d-f4081bbe93b7,olafscholz,Unknown,olafscholz_18-09-2021_00:00_video5.jpeg,c27ee252-e37c-4074-92b5-20e300431107.png,1.034998336944572,Facenet512,euclidean_l2,2.0,Olaf Scholz
3707,d16813c0-0ad2-41db-8038-ad1185f9b4ef,olafscholz,Unknown,olafscholz_18-09-2021_00:00_video5.jpeg,,,,,,Unknown
3708,d001eb05-7b02-4d25-bcb8-1e523c19bb77,olafscholz,Unknown,olafscholz_18-09-2021_00:00_video5.jpeg,,,,,,Unknown
3709,63bb64fc-99c9-4f95-bb8a-93b2a4afba7b,olafscholz,Unknown,olafscholz_18-09-2021_00:00_video5.jpeg,9bc42743-ba76-4b29-8ae3-88daa99f6988.png,0.9762936981252912,Facenet512,euclidean_l2,1.0,Olaf Scholz
3710,19cacc01-f3db-4624-ba42-23bf159e6bbd,olafscholz,Unknown,olafscholz_18-09-2021_00:00_video5.jpeg,82f4d29e-1d17-4672-b015-52009fda2a23.png,1.0369071040927405,Facenet512,euclidean_l2,1.0,Olaf Scholz
3711,d4b2117e-23a3-4370-b6d9-95c2004d4699,olafscholz,Unknown,olafscholz_18-09-2021_00:00_video5.jpeg,,,,,,Unknown
3712,5065e3c4-7329-48a8-9bc6-d4cbb4becf82,olafscholz,Unknown,olafscholz_18-09-2021_00:00_video5.jpeg,,,,,,Unknown
3713,278a428e-da86-4ad5-95e9-c89a3e9b5206,olafscholz,Unknown,olafscholz_18-09-2021_00:00_video5.jpeg,,,,,,Unknown
3714,25822a53-336f-4589-82ab-cb223e7caa9a,olafscholz,Unknown,olafscholz_18-09-2021_00:00_video5.jpeg,,,,,,Unknown
3715,424a5d0f-c535-4fdb-885e-f24e2045a7c7,olafscholz,Unknown,olafscholz_18-09-2021_00:00_video5.jpeg,,,,,,Unknown
3716,5ca7ab77-dbc6-4bf9-8e06-cbfa624580d4,olafscholz,Unknown,olafscholz_18-09-2021_00:00_video5.jpeg,,,,,,Unknown
3717,b197acce-bbe0-4232-a661-a935e85e7d5b,olafscholz,Unknown,olafscholz_18-09-2021_00:00_video5.jpeg,,,,,,Unknown
3718,b7baa876-bb57-43fa-9f38-8c14123d291a,olafscholz,Unknown,olafscholz_18-09-2021_00:00_video5.jpeg,,,,,,Unknown
3719,814452ad-f246-45e5-8833-5232f9df26b8,olafscholz,Unknown,olafscholz_18-09-2021_00:00_video5.jpeg,,,,,,Unknown
3720,64709c19-6255-483b-8859-3eea8523469b,olafscholz,Unknown,olafscholz_18-09-2021_00:00_video5.jpeg,,,,,,Unknown
3721,ddc4fce4-1114-4784-ad5d-84d515c67f32,olafscholz,Unknown,olafscholz_18-09-2021_00:00_video5.jpeg,,,,,,Unknown
3722,265d1117-ca5e-4b11-883d-7af46cecfd4f,olafscholz,Unknown,olafscholz_18-09-2021_00:00_video5.jpeg,,,,,,Unknown
3723,16e99b3f-2993-4c8f-a159-93b147fb39f6,olafscholz,Unknown,olafscholz_18-09-2021_00:00_video5.jpeg,,,,,,Unknown
3724,84edce3c-603e-40d6-9530-6989ece62338,olafscholz,Unknown,olafscholz_18-09-2021_00:00_video5.jpeg,,,,,,Unknown
3725,61ee2fbd-cbc7-422a-9c0f-863ed582d2ba,olafscholz,Unknown,olafscholz_18-09-2021_00:00_video5.jpeg,,,,,,Unknown
3726,095a1905-aca8-40f2-b795-a76e64fc8c16,olafscholz,Unknown,olafscholz_18-09-2021_00:00_video5.jpeg,,,,,,Unknown
3727,dfd8443e-bcaf-48a2-a06a-e2058a158349,olafscholz,Unknown,olafscholz_18-09-2021_00:00_video5.jpeg,,,,,,Unknown
3728,dcbec9f4-50e5-4904-879c-d59c5df5ece9,olafscholz,Unknown,olafscholz_18-09-2021_00:00_video5.jpeg,,,,,,Unknown
3729,780de726-e74f-43a6-98c7-53ac3b725a0b,olafscholz,Unknown,olafscholz_18-09-2021_00:00_video5.jpeg,,,,,,Unknown
3730,0dfcd276-ba17-43c0-ba5a-fa6379eabe17,olafscholz,Unknown,olafscholz_18-09-2021_00:00_video5.jpeg,,,,,,Unknown
3731,f67aa977-093e-497b-b41c-be72da3b4426,christianlindner,Unknown,christianlindner_17-09-2021_00:00_video2.jpeg,,,,,,Unknown
3739,65718cf2-935b-4bef-8945-5733fa20ae44,armin_laschet,Armin Laschet,armin_laschet_20-09-2021_00:00_video4.jpeg,7cdeee40-f222-4b03-a819-4db32fc47d20.png,0.7059180206523479,Facenet512,euclidean_l2,20.0,Armin Laschet
3740,1be94f22-af39-407c-892c-71adb43d06cb,abaerbock,Annalena Baerbock,abaerbock_22-09-2021_00:00_image16.jpeg,,,,,,Unknown
3741,4c3160f3-4bcb-4390-bd4f-2f0219a07b72,abaerbock,Unknown,abaerbock_22-09-2021_00:00_image16.jpeg,,,,,,Unknown
3743,45fcde78-2031-4a5e-95fa-feae473928df,christlichsozialeunion,Unknown,christlichsozialeunion_20-09-2021_00:00_video5.jpeg,,,,,,Unknown
3744,f1c40e83-9873-48db-b2cf-56bd0d58aec3,christlichsozialeunion,Unknown,christlichsozialeunion_20-09-2021_00:00_video5.jpeg,,,,,,Unknown
3745,7a88fa0c-8a33-45f4-9e27-6de33d5844ac,christlichsozialeunion,Markus Söder,christlichsozialeunion_20-09-2021_00:00_video5.jpeg,aef8776f-6cb2-461e-aa5f-26798f3b263e.png,0.7442196551220166,Facenet512,euclidean_l2,12.0,Markus Söder
3746,9533d8fe-2bbf-429e-a113-a2fcb6f3c4b4,spdde,Unknown,spdde_23-09-2021_00:00_video0.jpeg,,,,,,Unknown
3747,fb8bcb2a-f415-4abb-bb6e-9eaf375e9751,spdde,Unknown,spdde_23-09-2021_00:00_video0.jpeg,,,,,,Unknown
3748,5985abe5-15a3-41b4-b249-a696e1504a7b,die_gruenen,Annalena Baerbock,die_gruenen_25-09-2021_00:00_image0.jpeg,d0023ba3-e826-4b9e-9f82-cd652ea335bd.png,0.3885717669240881,Facenet512,euclidean_l2,13.0,Annalena Baerbock
3749,198ddfc9-bca9-40dc-95bb-9b28c0cf80cf,die_gruenen,Unknown,die_gruenen_25-09-2021_00:00_image0.jpeg,,,,,,Unknown
3750,e6102ea5-5b83-4025-a78c-1218e867258c,die_gruenen,Unknown,die_gruenen_25-09-2021_00:00_image0.jpeg,820608e2-840e-4850-b527-36c922284188.png,0.9746623742195444,Facenet512,euclidean_l2,1.0,Annalena Baerbock
3751,6ddaeea0-daed-4694-8662-f3e7aedcc494,cdu,Unknown,cdu_16-09-2021_00:00_video21.jpeg,,,,,,Unknown
3752,3310e3ec-cb95-4695-8d65-12894c28edba,christlichsozialeunion,Unknown,christlichsozialeunion_24-09-2021_00:00_video4.jpeg,,,,,,Unknown
3753,a474fcf7-6cb2-4fed-8265-abe35a8173a4,christlichsozialeunion,Unknown,christlichsozialeunion_24-09-2021_00:00_video4.jpeg,,,,,,Unknown
3754,8d77e296-1ac9-4f59-a41c-3d9333861092,christlichsozialeunion,Unknown,christlichsozialeunion_24-09-2021_00:00_video4.jpeg,,,,,,Unknown
3755,4d9324df-fb50-4da0-94e6-65f347aab812,christlichsozialeunion,Unknown,christlichsozialeunion_24-09-2021_00:00_video4.jpeg,,,,,,Unknown
3756,ea80e8e9-c6e0-4958-81d5-f5d29e8ed338,armin_laschet,Armin Laschet,armin_laschet_17-09-2021_00:00_image1.jpeg,1f347af9-a36f-4727-923b-4c1a1e934ab9.png,0.9290278354597168,Facenet512,euclidean_l2,3.0,Armin Laschet
3757,9519d26d-565f-45b0-b8b5-c752a299e8dc,cdu,Armin Laschet,cdu_23-09-2021_00:00_video1.jpeg,6b5fba44-8fb8-4e07-98e3-960e82e765a9.png,0.4612931172156223,Facenet512,euclidean_l2,13.0,Armin Laschet
3758,2b9fc125-ad34-4ffb-a58b-0e7fdf4a9868,cdu,Armin Laschet,cdu_23-09-2021_00:00_video1.jpeg,,,,,,Unknown
3759,524aceea-6c79-4dac-8062-35a23ddc6b39,cdu,Armin Laschet,cdu_23-09-2021_00:00_video5.jpeg,,,,,,Unknown
3763,d90753bc-8127-4fa1-bb7b-2536ca8528d3,cdu,Unknown,cdu_23-09-2021_00:00_image0.jpeg,,,,,,Unknown
3764,7ffc70d8-0764-4c6c-8145-2f2d3771ad9b,abaerbock,Unknown,abaerbock_22-09-2021_00:00_video3.jpeg,,,,,,Unknown
3765,71f6a31e-4cb5-4f33-99b6-0677070880f5,abaerbock,Annalena Baerbock,abaerbock_23-09-2021_00:00_image10.jpeg,,,,,,Unknown
3766,4f3c338f-b215-416c-baf4-70c3a31c986b,abaerbock,Unknown,abaerbock_23-09-2021_00:00_image10.jpeg,,,,,,Unknown
3767,ac17f243-f373-40ba-9c02-3f77343d742a,abaerbock,Unknown,abaerbock_23-09-2021_00:00_image10.jpeg,,,,,,Unknown
3768,49a54c49-2f3e-4666-a5f2-465fa18f0327,abaerbock,Unknown,abaerbock_23-09-2021_00:00_image10.jpeg,,,,,,Unknown
3769,2e284fe3-a598-4e34-b3e7-924afe4eb0b9,abaerbock,Unknown,abaerbock_23-09-2021_00:00_image10.jpeg,,,,,,Unknown
3770,90d65d4e-37df-44a8-a9c9-580231417090,christianlindner,Christian Lindner,christianlindner_20-09-2021_00:00_image4.jpeg,b2b81709-caad-45cc-b632-78901d5ab389.png,0.678293099526582,Facenet512,euclidean_l2,9.0,Christian Lindner
3771,54d1f805-17c2-4bae-8112-cd66ddc99343,cdu,Unknown,cdu_13-09-2021_00:00_video19.jpeg,,,,,,Unknown
3772,c59bc92a-bd0e-45e0-8ec4-8b80fa69fc32,cdu,Unknown,cdu_13-09-2021_00:00_video19.jpeg,,,,,,Unknown
3773,1dfe35fd-92f9-4c1b-8c5d-0df20cf413ad,cdu,Unknown,cdu_13-09-2021_00:00_video19.jpeg,,,,,,Unknown
3774,7dfc3658-2bc8-4c08-af7d-d484cb5678ee,cdu,Unknown,cdu_13-09-2021_00:00_video19.jpeg,,,,,,Unknown
3775,c3123f5e-8dcd-414e-8344-777e93fa44e4,cdu,Unknown,cdu_13-09-2021_00:00_video19.jpeg,,,,,,Unknown
3776,8f57c872-c3f8-4bd7-9b61-cf8410302388,cdu,Unknown,cdu_13-09-2021_00:00_video19.jpeg,,,,,,Unknown
3777,5b7ef6e1-08a6-4aeb-b3c1-5913063aff49,cdu,Unknown,cdu_13-09-2021_00:00_video19.jpeg,,,,,,Unknown
3779,5a09e310-25e8-4347-b8ce-8945fccbbe94,olafscholz,Unknown,olafscholz_17-09-2021_00:00_video4.jpeg,,,,,,Unknown
3780,620d928b-d945-429e-a652-8db7880901ce,olafscholz,Unknown,olafscholz_17-09-2021_00:00_video4.jpeg,,,,,,Unknown
3781,b4bb0595-7836-48ac-8327-c126135c575f,olafscholz,Unknown,olafscholz_17-09-2021_00:00_video4.jpeg,,,,,,Unknown
3790,02ac7ce3-6a4c-40dc-89d6-2977d18c18d8,abaerbock,Unknown,abaerbock_14-09-2021_00:00_image15.jpeg,,,,,,Unknown
3791,3e3a10d5-4b26-4a56-83ab-7834e55b8f65,markus.soeder,Markus Söder,markus.soeder_16-09-2021_00:00_video0.jpeg,983080ac-9963-4313-84db-4ad3649257da.png,0.2088676408641877,Facenet512,euclidean_l2,13.0,Markus Söder
3792,21b95aad-ccc7-4662-9cc3-a4a52c763e6d,markus.soeder,Markus Söder,markus.soeder_16-09-2021_00:00_video0.jpeg,,,,,,Unknown
3793,bd7053fe-83f9-48fc-b432-bd9976877564,cdu,Armin Laschet,cdu_19-09-2021_00:00_video5.jpeg,,,,,,Unknown
3795,0472d276-f238-4e04-9f4d-651c5aff2ebe,cdu,Unknown,cdu_16-09-2021_00:00_video4.jpeg,,,,,,Unknown
3797,c31dc401-ee50-4e2b-a8f0-03d138028ae7,olafscholz,Unknown,olafscholz_19-09-2021_00:00_video0.jpeg,,,,,,Unknown
3798,18eb4843-4b70-4e7a-bf11-825d2458c063,olafscholz,Unknown,olafscholz_19-09-2021_00:00_video0.jpeg,,,,,,Unknown
3799,f2232fd8-97fc-4b11-a414-d5f9d7cb2e67,christlichsozialeunion,Markus Söder,christlichsozialeunion_25-09-2021_00:00_video21.jpeg,aef8776f-6cb2-461e-aa5f-26798f3b263e.png,0.6528594392911559,Facenet512,euclidean_l2,13.0,Markus Söder
3800,35ee00eb-b576-4d55-8cca-1ae6c140e95f,christlichsozialeunion,Unknown,christlichsozialeunion_25-09-2021_00:00_video21.jpeg,,,,,,Unknown
3801,6471c8c5-b503-4b7a-89c1-2b76e5a4d2b8,christlichsozialeunion,Unknown,christlichsozialeunion_25-09-2021_00:00_video21.jpeg,,,,,,Unknown
3802,9873c651-f329-4834-832b-61c7c9bfd1f2,markus.soeder,Markus Söder,markus.soeder_15-09-2021_00:00_image0.jpeg,aef8776f-6cb2-461e-aa5f-26798f3b263e.png,0.6753579431025464,Facenet512,euclidean_l2,13.0,Markus Söder
3805,ad42b9a8-e5ff-49c1-b814-0cf7eb669557,spdde,Unknown,spdde_26-09-2021_00:00_video5.jpeg,,,,,,Unknown
3806,8d4ba5e7-79d2-497d-9a62-526dc56ac2bc,spdde,Unknown,spdde_26-09-2021_00:00_video5.jpeg,,,,,,Unknown
3807,a15cabf2-6ebe-4d9d-8c17-c9bc3296ab59,spdde,Unknown,spdde_26-09-2021_00:00_video5.jpeg,,,,,,Unknown
3808,35935a4e-e0ff-4bcf-8661-a57a02c93e43,spdde,Unknown,spdde_26-09-2021_00:00_video5.jpeg,9bc42743-ba76-4b29-8ae3-88daa99f6988.png,0.8892520394557563,Facenet512,euclidean_l2,2.0,Olaf Scholz
3809,c2ba8da9-64cd-4afe-b5a5-e6f0156ddd1a,spdde,Unknown,spdde_26-09-2021_00:00_video5.jpeg,,,,,,Unknown
3810,ace1709d-a6ce-47a2-be29-ee8a2992455e,spdde,Unknown,spdde_26-09-2021_00:00_video5.jpeg,,,,,,Unknown
3811,28283135-056b-44df-8331-719ffe21b94e,spdde,Unknown,spdde_26-09-2021_00:00_video5.jpeg,9bc42743-ba76-4b29-8ae3-88daa99f6988.png,0.9473725981421708,Facenet512,euclidean_l2,7.0,Olaf Scholz
3812,aedac122-ba59-4119-b101-d6e24220f432,spdde,Unknown,spdde_26-09-2021_00:00_video5.jpeg,,,,,,Unknown
3817,952558c6-4374-473f-99dc-84a3cdc33b1a,armin_laschet,Unknown,armin_laschet_23-09-2021_00:00_video9.jpeg,,,,,,Unknown
3818,afd4929f-6014-40a6-8e62-1d49c385fe97,armin_laschet,Unknown,armin_laschet_23-09-2021_00:00_video9.jpeg,,,,,,Unknown
3819,ae877c4f-b5bb-47a4-8ec0-68fb36285bfb,spdde,Unknown,spdde_19-09-2021_00:00_video10.jpeg,,,,,,Unknown
3820,a2a66437-a345-463a-9ba6-e5872d1f7d9e,spdde,Unknown,spdde_19-09-2021_00:00_video10.jpeg,,,,,,Unknown
3821,32c71ac8-7012-4a97-8424-91cd31aa1efd,spdde,Unknown,spdde_19-09-2021_00:00_video10.jpeg,,,,,,Unknown
3822,9fc07b27-645c-4960-9fd2-3c25b188c361,spdde,Unknown,spdde_19-09-2021_00:00_video10.jpeg,,,,,,Unknown
3823,40d47672-a73a-4ea7-9d6c-749f2ffdf233,spdde,Unknown,spdde_19-09-2021_00:00_video10.jpeg,,,,,,Unknown
3824,52516adc-0edb-46bf-a059-3492e458ce6d,spdde,Unknown,spdde_19-09-2021_00:00_video10.jpeg,,,,,,Unknown
3825,472ca0e7-609e-4e63-819d-f56bc0975256,spdde,Unknown,spdde_19-09-2021_00:00_video10.jpeg,,,,,,Unknown
3826,09567cb8-6d4d-40ea-8e28-c62e90e8306c,spdde,Unknown,spdde_19-09-2021_00:00_video10.jpeg,,,,,,Unknown
3827,57f689e0-b28a-4cfb-813f-6b31ebd33e4f,spdde,Unknown,spdde_19-09-2021_00:00_video10.jpeg,,,,,,Unknown
3828,c963c4dd-066a-4025-98ec-e98a8ba52ca0,spdde,Unknown,spdde_19-09-2021_00:00_video10.jpeg,,,,,,Unknown
3829,c4177d55-bbec-4ec1-9823-df6d7fe10535,olafscholz,Olaf Scholz,olafscholz_22-09-2021_00:00_image6.jpeg,9bc42743-ba76-4b29-8ae3-88daa99f6988.png,0.665821985585348,Facenet512,euclidean_l2,14.0,Olaf Scholz
3830,10d49b3a-3830-42ec-bcb1-c5b626bd40b1,armin_laschet,Unknown,armin_laschet_23-09-2021_00:00_video8.jpeg,,,,,,Unknown
3831,40a94145-496f-45a9-913a-20fe1fe1af9f,armin_laschet,Unknown,armin_laschet_23-09-2021_00:00_video8.jpeg,,,,,,Unknown
3832,bc20b874-7c44-438a-ab57-16c7a75fa90a,armin_laschet,Armin Laschet,armin_laschet_25-09-2021_00:00_video17.jpeg,,,,,,Unknown
3846,b52b4d4f-8676-42ed-953b-6fdb6cab0ee1,cdu,Unknown,cdu_13-09-2021_00:00_video16.jpeg,,,,,,Unknown
3847,98e87951-97f8-4aaa-bf63-62877b1cc41b,cdu,Unknown,cdu_13-09-2021_00:00_video16.jpeg,,,,,,Unknown
3856,c3f1be78-a91c-413f-954c-d7d080f0ba61,cdu,Unknown,cdu_20-09-2021_00:00_video3.jpeg,,,,,,Unknown
3857,e2e6fa2e-903b-4afd-ab1c-b38b30044c7f,cdu,Unknown,cdu_20-09-2021_00:00_video3.jpeg,,,,,,Unknown
3858,d3059b45-72c2-418e-9c41-381c1ed2f1ea,cdu,Unknown,cdu_20-09-2021_00:00_video3.jpeg,,,,,,Unknown
3859,764c9e01-9820-469b-8aae-ede756698c18,cdu,Unknown,cdu_20-09-2021_00:00_video3.jpeg,,,,,,Unknown
3860,4e06a902-13d1-4bdd-b4b8-fd094020604a,olafscholz,Olaf Scholz,olafscholz_21-09-2021_00:00_video4.jpeg,91d6fa25-3671-4110-8beb-1c3296cdf4d0.png,0.7462064254667254,Facenet512,euclidean_l2,19.0,Olaf Scholz
3861,3a0acf39-432e-494a-bd6a-c807020d4e22,armin_laschet,Unknown,armin_laschet_25-09-2021_00:00_video11.jpeg,,,,,,Unknown
3865,45ee7d91-dee5-4ee3-baa5-38c00588e69e,armin_laschet,Unknown,armin_laschet_16-09-2021_00:00_video2.jpeg,,,,,,Unknown
3871,cdb33899-70cd-49b0-87fd-842158489074,spdde,Unknown,spdde_18-09-2021_00:00_video0.jpeg,,,,,,Unknown
3872,6d38a350-809f-49ef-88a3-a0ce15afb3df,markus.soeder,Markus Söder,markus.soeder_25-09-2021_00:00_image0.jpeg,2e3825be-7e0c-4e62-b2c7-b9aea0bcb158.png,0.263156962958395,Facenet512,euclidean_l2,13.0,Markus Söder
3873,42acf336-1125-42f7-84fc-03f63d1b6ccf,cdu,Unknown,cdu_20-09-2021_00:00_video32.jpeg,,,,,,Unknown
3875,3508ea20-5b60-469a-a664-932b84ee5811,olafscholz,Unknown,olafscholz_23-09-2021_00:00_image3.jpeg,,,,,,Unknown
3876,a28249e6-f969-460e-b8b9-08030aad6ce7,die_gruenen,Unknown,die_gruenen_25-09-2021_00:00_video36.jpeg,,,,,,Unknown
3877,b804affb-c866-44a4-aebc-a591a50619c4,die_gruenen,Unknown,die_gruenen_25-09-2021_00:00_video36.jpeg,,,,,,Unknown
3878,1ae01f92-bbf6-429b-93f3-3c410db8058a,christianlindner,Christian Lindner,christianlindner_22-09-2021_00:00_image0.jpeg,2384c946-7f3b-4280-8257-c73c1bb814b1.png,0.8603658722338967,Facenet512,euclidean_l2,7.0,Christian Lindner
3879,5c44a3c8-3253-47e5-b178-c046f5eea859,christianlindner,Unknown,christianlindner_22-09-2021_00:00_image0.jpeg,,,,,,Unknown
3883,74474bf2-5a62-49c8-aeff-7244b893c846,olafscholz,Unknown,olafscholz_19-09-2021_00:00_video7.jpeg,,,,,,Unknown
3884,b173ae24-ed66-4b44-85b6-879152b1feb2,olafscholz,Unknown,olafscholz_19-09-2021_00:00_video7.jpeg,,,,,,Unknown
3885,80f8bbbe-508a-4772-968d-85bfc3941932,olafscholz,Unknown,olafscholz_19-09-2021_00:00_video7.jpeg,,,,,,Unknown
3886,97ed524a-98db-464c-ad41-533ec0a508ab,olafscholz,Unknown,olafscholz_19-09-2021_00:00_video7.jpeg,,,,,,Unknown
3887,1aecda12-c318-414c-8704-7453c9e85cdd,olafscholz,Unknown,olafscholz_19-09-2021_00:00_video7.jpeg,,,,,,Unknown
3888,f16a7ba5-47eb-4c85-b1c1-6af63cbb52ab,armin_laschet,Armin Laschet,armin_laschet_25-09-2021_00:00_video15.jpeg,laschet_armin.jpeg,0.6128103306019439,Facenet512,euclidean_l2,20.0,Armin Laschet
3891,93139fda-2f4b-4360-a8d2-5078dd7934c0,armin_laschet,Armin Laschet,armin_laschet_21-09-2021_00:00_image0.jpeg,d0e6d963-6d02-463b-a226-ce3f34b0fcc5.png,0.7178976646303407,Facenet512,euclidean_l2,20.0,Armin Laschet
3892,f326835b-9a21-4ec4-983c-1c00c3eb1912,armin_laschet,Unknown,armin_laschet_21-09-2021_00:00_image0.jpeg,,,,,,Unknown
3893,7ec2454b-e535-4b2f-8a2a-de3d80fa07b6,cdu,Armin Laschet,cdu_26-09-2021_00:00_image1.jpeg,80b6f539-47d0-408e-8a0b-aadcffe513a5.png,0.5173983206419691,Facenet512,euclidean_l2,20.0,Armin Laschet
3894,4a145450-49e3-4d3a-903d-e8bb96c790ad,christlichsozialeunion,Unknown,christlichsozialeunion_18-09-2021_00:00_video10.jpeg,,,,,,Unknown
3900,8fd67138-67e5-483b-91f1-86961aa64b4b,markus.soeder,Markus Söder,markus.soeder_24-09-2021_00:00_image2.jpeg,983080ac-9963-4313-84db-4ad3649257da.png,0.5179244323400328,Facenet512,euclidean_l2,13.0,Markus Söder
3901,91c552e7-2c9f-4f30-beab-a7b0a1ad4fb2,markus.soeder,Markus Söder,markus.soeder_24-09-2021_00:00_image2.jpeg,aef8776f-6cb2-461e-aa5f-26798f3b263e.png,0.8123258725084122,Facenet512,euclidean_l2,12.0,Markus Söder
3936,6bf3a8c4-e8dc-417e-96c6-3259fc24ca10,abaerbock,Annalena Baerbock,abaerbock_25-09-2021_00:00_image4.jpeg,b5ea8be6-69b9-4fdb-8813-88f307903fb4.png,0.6397773100067556,Facenet512,euclidean_l2,13.0,Annalena Baerbock
3937,0e766fa4-6906-4c8e-915b-ec48c3b42c18,abaerbock,Unknown,abaerbock_25-09-2021_00:00_image4.jpeg,,,,,,Unknown
3938,19ec2a21-ba0c-4c4d-bd04-8fe1683de98c,abaerbock,Unknown,abaerbock_25-09-2021_00:00_image4.jpeg,,,,,,Unknown
3939,0e4d58d8-4b47-49ed-9a86-7af097a4dd58,abaerbock,Unknown,abaerbock_25-09-2021_00:00_image4.jpeg,,,,,,Unknown
3940,5f9f841b-4958-4f40-bdb9-db1ff1ebd9ee,christlichsozialeunion,Unknown,christlichsozialeunion_18-09-2021_00:00_video15.jpeg,,,,,,Unknown
3944,2ef40430-d1a5-4191-a4ce-db2b7a2d6ef1,abaerbock,Annalena Baerbock,abaerbock_22-09-2021_00:00_image11.jpeg,,,,,,Unknown
3945,9c8b5d6e-09aa-4262-963a-32dd00a99981,cdu,Unknown,cdu_16-09-2021_00:00_video16.jpeg,,,,,,Unknown
3946,e88bdc13-db85-4edb-90f1-72a49c14373e,cdu,Unknown,cdu_18-09-2021_00:00_image0.jpeg,,,,,,Unknown
3947,f4eef0c5-7b62-43ca-94db-ac42b3ba0542,cdu,Unknown,cdu_18-09-2021_00:00_image0.jpeg,,,,,,Unknown
3948,8b9e3464-01e0-4aa0-8584-bbd82535dad5,cdu,Unknown,cdu_18-09-2021_00:00_image0.jpeg,,,,,,Unknown
3949,1e34c015-42fb-45b2-a78c-7a7b4f1d300c,cdu,Unknown,cdu_18-09-2021_00:00_image0.jpeg,,,,,,Unknown
3950,73551236-1d85-4705-87de-d9fb54e1cfb8,cdu,Unknown,cdu_18-09-2021_00:00_image0.jpeg,,,,,,Unknown
3951,9e057b92-74e3-4860-9928-08ac3bd8c0ed,cdu,Unknown,cdu_18-09-2021_00:00_image0.jpeg,,,,,,Unknown
3952,ec82751d-cd2c-4c22-839d-a8d05e725b35,cdu,Armin Laschet,cdu_18-09-2021_00:00_image0.jpeg,,,,,,Unknown
3953,8eec7799-4c13-47e5-8973-675db1f9e33e,cdu,Unknown,cdu_18-09-2021_00:00_image0.jpeg,,,,,,Unknown
3954,6a49ecbf-26e9-40eb-852a-4b4e24a25085,christianlindner,Unknown,christianlindner_17-09-2021_00:00_video1.jpeg,,,,,,Unknown
3955,7b1d6e7e-9b01-4cad-9c6e-2f7f47ce442e,christianlindner,Christian Lindner,christianlindner_17-09-2021_00:00_video1.jpeg,,,,,,Unknown
3963,405a09ce-6ca4-4aa1-a7ed-e97513b9a899,armin_laschet,Armin Laschet,armin_laschet_21-09-2021_00:00_video6.jpeg,b95e4651-bf56-4f12-8d9c-4defe1aef9b0.png,0.3235325422764321,Facenet512,euclidean_l2,20.0,Armin Laschet
3964,5ae7b445-2dfa-483d-9a8d-c263e48c9f8f,abaerbock,Annalena Baerbock,abaerbock_21-09-2021_00:00_video6.jpeg,8ecf25a6-4fe7-4768-ab40-bbf7ce516bd2.png,0.7580031713952625,Facenet512,euclidean_l2,13.0,Annalena Baerbock
3965,1625affe-8f80-4799-bfca-a1926e37cc9e,abaerbock,Annalena Baerbock,abaerbock_22-09-2021_00:00_image15.jpeg,,,,,,Unknown
3966,8a353391-a053-48c7-a6c6-02536264bdaf,abaerbock,Unknown,abaerbock_22-09-2021_00:00_image15.jpeg,,,,,,Unknown
3967,56b78a49-773d-403f-a1a5-35bfad90dfc2,abaerbock,Unknown,abaerbock_22-09-2021_00:00_image15.jpeg,,,,,,Unknown
3968,a0a3d8f7-ec0d-4ca8-a2cb-759f6adc9961,abaerbock,Annalena Baerbock,abaerbock_22-09-2021_00:00_image15.jpeg,,,,,,Unknown
3979,ef38b0ff-258a-46cf-ab48-798105e27186,fdp,Unknown,fdp_18-09-2021_00:00_image0.jpeg,cebfea5f-bce7-498c-9d1a-5b80c9e97361.png,1.0201965991860402,Facenet512,euclidean_l2,1.0,Christian Lindner
3983,c2b0549b-48eb-48ab-82cf-9e820dff1e41,christlichsozialeunion,Unknown,christlichsozialeunion_20-09-2021_00:00_video9.jpeg,,,,,,Unknown
3984,fd23d3e0-70e5-4604-96e5-51262bf5aeb2,christlichsozialeunion,Markus Söder,christlichsozialeunion_20-09-2021_00:00_video9.jpeg,,,,,,Unknown
3985,721d7084-1a1a-4baa-9c92-fb164a752a93,christlichsozialeunion,Unknown,christlichsozialeunion_20-09-2021_00:00_video9.jpeg,,,,,,Unknown
3986,b5a5290a-a3a4-4f99-9ed2-19be920ec967,christlichsozialeunion,Unknown,christlichsozialeunion_20-09-2021_00:00_video9.jpeg,,,,,,Unknown
3987,10af3758-baca-4d14-ab3d-c3c7dea934d7,christlichsozialeunion,Unknown,christlichsozialeunion_20-09-2021_00:00_video9.jpeg,,,,,,Unknown
3988,e97a5b70-e055-42d3-9858-33482b1bbcf8,christlichsozialeunion,Unknown,christlichsozialeunion_20-09-2021_00:00_video9.jpeg,,,,,,Unknown
3989,cbd55e55-466b-469a-be88-b58f2c0627a5,christlichsozialeunion,Unknown,christlichsozialeunion_20-09-2021_00:00_video9.jpeg,,,,,,Unknown
3990,9584fe9d-55e1-4707-9066-ef65e261c414,markus.soeder,Markus Söder,markus.soeder_16-09-2021_00:00_video1.jpeg,,,,,,Unknown
3997,18b773ce-8527-4526-9d99-f85ed85e755f,armin_laschet,Armin Laschet,armin_laschet_25-09-2021_00:00_image0.jpeg,d0e6d963-6d02-463b-a226-ce3f34b0fcc5.png,0.6237716978236304,Facenet512,euclidean_l2,20.0,Armin Laschet
3998,6691b0c6-cedc-45a1-bcf9-248ad6991aad,armin_laschet,Unknown,armin_laschet_25-09-2021_00:00_image0.jpeg,,,,,,Unknown
3999,cd422511-b0cd-4694-88f3-10c862728328,markus.soeder,Markus Söder,markus.soeder_24-09-2021_00:00_video0.jpeg,2e3825be-7e0c-4e62-b2c7-b9aea0bcb158.png,0.6621835475539062,Facenet512,euclidean_l2,13.0,Markus Söder
4000,df28e120-d264-480d-9ae3-75709918e46a,spdde,Unknown,spdde_20-09-2021_00:00_video6.jpeg,,,,,,Unknown
4001,5fd5a812-c8fd-41e9-b1d8-ba2b3fcca62d,spdde,Olaf Scholz,spdde_20-09-2021_00:00_video6.jpeg,7283a49c-fba4-43e9-9a0b-a767ea44c1c0.png,0.7196466425275106,Facenet512,euclidean_l2,20.0,Olaf Scholz
4012,61076588-4455-4d31-a257-6c5696ce9c14,armin_laschet,Unknown,armin_laschet_25-09-2021_00:00_video12.jpeg,,,,,,Unknown
4013,d3f5dfda-2900-4f24-a9e5-bd4497541456,armin_laschet,Unknown,armin_laschet_25-09-2021_00:00_video12.jpeg,6b5fba44-8fb8-4e07-98e3-960e82e765a9.png,0.9727698747243164,Facenet512,euclidean_l2,3.0,Armin Laschet
4015,d89ad466-425d-4f67-8a4d-544a4d8b4b78,cdu,Armin Laschet,cdu_13-09-2021_00:00_video11.jpeg,,,,,,Unknown
4026,a4e4e802-4af0-4a79-a0c9-3f03a0b6780d,christlichsozialeunion,Unknown,christlichsozialeunion_18-09-2021_00:00_video7.jpeg,,,,,,Unknown
4028,42bba7b5-e927-4c35-843e-ee23522e2108,christlichsozialeunion,Markus Söder,christlichsozialeunion_16-09-2021_00:00_video14.jpeg,,,,,,Unknown
4031,f0756aca-94ed-47f5-ab6f-060c4fbfbad0,die_gruenen,Unknown,die_gruenen_25-09-2021_00:00_video8.jpeg,820608e2-840e-4850-b527-36c922284188.png,0.9537649701533824,Facenet512,euclidean_l2,2.0,Annalena Baerbock
4032,a8e9b7b1-8bf3-40a6-93a6-35ef147c823d,die_gruenen,Unknown,die_gruenen_25-09-2021_00:00_video8.jpeg,,,,,,Unknown
4041,f521e35b-1dd8-4b1c-a63a-d341df3edc02,olafscholz,Olaf Scholz,olafscholz_17-09-2021_00:00_image2.jpeg,82f4d29e-1d17-4672-b015-52009fda2a23.png,0.2730656673999407,Facenet512,euclidean_l2,20.0,Olaf Scholz
4042,e75bf662-3898-4421-a1da-f5888e55b5f7,cdu,Armin Laschet,cdu_13-09-2021_00:00_video2.jpeg,,,,,,Unknown
4043,8ce12232-a049-4290-82dd-4029ab693629,cdu,Unknown,cdu_13-09-2021_00:00_video2.jpeg,,,,,,Unknown
4050,3c2cec8e-bb21-47f9-86e6-bdc2fba23857,armin_laschet,Unknown,armin_laschet_24-09-2021_00:00_video6.jpeg,,,,,,Unknown
4051,081c2a59-f2eb-4dda-a473-07313eb8f745,armin_laschet,Armin Laschet,armin_laschet_24-09-2021_00:00_video6.jpeg,,,,,,Unknown
4052,4229aaf4-1a2d-4ed6-a9d5-40b9dd4c2d59,die_gruenen,Unknown,die_gruenen_13-09-2021_00:00_video6.jpeg,,,,,,Unknown
4053,a87c54ea-5f16-468d-a866-e38fdf658bb7,die_gruenen,Unknown,die_gruenen_13-09-2021_00:00_video6.jpeg,,,,,,Unknown
4054,02b5728a-ca81-4bee-ac2b-f16f056abb7b,die_gruenen,Unknown,die_gruenen_13-09-2021_00:00_video6.jpeg,,,,,,Unknown
4055,55aadf9e-8c4f-4bcd-9151-4415e778e784,armin_laschet,Armin Laschet,armin_laschet_20-09-2021_00:00_video5.jpeg,c9b28a08-82fc-4524-9287-70b4dbc96c5b.png,0.7318957792381368,Facenet512,euclidean_l2,20.0,Armin Laschet
4058,dfcb75e1-77b5-4f95-a025-cf417667cc11,cdu,Unknown,cdu_20-09-2021_00:00_video33.jpeg,,,,,,Unknown
4059,44225e20-0fb7-4a11-b1df-66880afc8064,cdu,Unknown,cdu_20-09-2021_00:00_video33.jpeg,,,,,,Unknown
4060,a57ed18a-736f-465d-ac70-5a43d661a90f,cdu,Unknown,cdu_20-09-2021_00:00_video33.jpeg,,,,,,Unknown
4061,3710f016-498a-49de-a6f4-79cbf91b6288,cdu,Armin Laschet,cdu_20-09-2021_00:00_video33.jpeg,,,,,,Unknown
4062,c081be8d-ca27-40a5-b6c8-9c16665dd005,cdu,Unknown,cdu_20-09-2021_00:00_video33.jpeg,,,,,,Unknown
4063,499aff72-46cb-45a7-a22c-cb8ee1d038b0,cdu,Unknown,cdu_20-09-2021_00:00_video33.jpeg,,,,,,Unknown
4064,7fc0378c-8923-4ce5-9dcd-649b95099d7c,cdu,Unknown,cdu_20-09-2021_00:00_video33.jpeg,,,,,,Unknown
4065,e61ecceb-56cd-4246-aca5-37e6be2d4e20,olafscholz,Unknown,olafscholz_26-09-2021_00:00_video6.jpeg,,,,,,Unknown
4066,4c5fa45b-fdba-4334-b49d-3df5c7a5a381,olafscholz,Unknown,olafscholz_26-09-2021_00:00_video6.jpeg,9bc42743-ba76-4b29-8ae3-88daa99f6988.png,0.8783942574269051,Facenet512,euclidean_l2,3.0,Olaf Scholz
4067,f97bb6ee-2809-4682-b4ec-8c1ea479c378,olafscholz,Unknown,olafscholz_26-09-2021_00:00_video6.jpeg,,,,,,Unknown
4068,e7b270c3-eba8-4fe0-a1ca-6bbb98239d44,olafscholz,Unknown,olafscholz_26-09-2021_00:00_video6.jpeg,,,,,,Unknown
4069,8df2bec4-5993-4669-9976-326b9bf9c825,olafscholz,Unknown,olafscholz_26-09-2021_00:00_video6.jpeg,9bc42743-ba76-4b29-8ae3-88daa99f6988.png,0.8657272785088883,Facenet512,euclidean_l2,5.0,Olaf Scholz
4070,823cec27-2f14-495e-9e77-e47d4e7b70c8,olafscholz,Unknown,olafscholz_26-09-2021_00:00_video6.jpeg,,,,,,Unknown
4071,2118084f-9636-4fab-8d95-b7ee3c328b5b,olafscholz,Unknown,olafscholz_26-09-2021_00:00_video6.jpeg,,,,,,Unknown
4072,9b0a468e-e5df-4d1d-bb8f-79e426c58730,olafscholz,Unknown,olafscholz_26-09-2021_00:00_video6.jpeg,,,,,,Unknown
4073,5ede921f-a4c6-484d-b6c5-e46716c57f90,olafscholz,Unknown,olafscholz_26-09-2021_00:00_video6.jpeg,,,,,,Unknown
4074,97a866a2-993f-4f60-8d13-30e1fbf1ab42,olafscholz,Unknown,olafscholz_26-09-2021_00:00_video6.jpeg,,,,,,Unknown
4075,f4586347-6bff-4e70-bf27-0e71c679928b,olafscholz,Olaf Scholz,olafscholz_26-09-2021_00:00_video6.jpeg,,,,,,Unknown
4076,565321bf-36f3-4267-ba64-68d333483283,olafscholz,Unknown,olafscholz_26-09-2021_00:00_video6.jpeg,,,,,,Unknown
4077,6f9940e4-6016-491d-a185-c11fe13f332f,olafscholz,Unknown,olafscholz_26-09-2021_00:00_video6.jpeg,,,,,,Unknown
4078,0718e61d-f640-46f1-b7f4-fce6fe3e5129,olafscholz,Unknown,olafscholz_26-09-2021_00:00_video6.jpeg,,,,,,Unknown
4079,a0de7e17-c37d-4cb5-95d0-775b777ca416,olafscholz,Unknown,olafscholz_26-09-2021_00:00_video6.jpeg,,,,,,Unknown
4080,d7a67147-1b65-4e00-9865-16449e6c03b6,olafscholz,Unknown,olafscholz_26-09-2021_00:00_video6.jpeg,,,,,,Unknown
4081,c5962c95-f51a-4281-a9fc-c1a143db337a,olafscholz,Unknown,olafscholz_26-09-2021_00:00_video6.jpeg,,,,,,Unknown
4082,6498deed-736d-4671-9899-78f04b279c91,olafscholz,Unknown,olafscholz_26-09-2021_00:00_video6.jpeg,,,,,,Unknown
4083,3d5c5c5a-a8c5-49c9-9ce5-10cf6057f863,olafscholz,Unknown,olafscholz_26-09-2021_00:00_video6.jpeg,,,,,,Unknown
4084,ab9e9e26-3512-4a95-86b1-7cfe2dd3d610,olafscholz,Unknown,olafscholz_26-09-2021_00:00_video6.jpeg,,,,,,Unknown
4085,a0dfd3c9-01b1-46a9-872a-24334127ce10,olafscholz,Unknown,olafscholz_26-09-2021_00:00_video6.jpeg,,,,,,Unknown
4086,9ad3a6ee-12da-48f5-92ba-bdee9c72251d,olafscholz,Unknown,olafscholz_26-09-2021_00:00_video6.jpeg,,,,,,Unknown
4087,32821031-b2ad-40b2-a954-50bf40e9b7d2,olafscholz,Unknown,olafscholz_26-09-2021_00:00_video6.jpeg,,,,,,Unknown
4088,1112a21e-a192-4a47-aa75-3d21d8577394,olafscholz,Unknown,olafscholz_26-09-2021_00:00_video6.jpeg,,,,,,Unknown
4089,fe03461b-6916-496c-95f9-0bacc494f780,olafscholz,Unknown,olafscholz_26-09-2021_00:00_video6.jpeg,,,,,,Unknown
4090,1002f12e-f332-4140-ad07-238242f78fc3,olafscholz,Unknown,olafscholz_26-09-2021_00:00_video6.jpeg,,,,,,Unknown
4091,716a70d2-cb69-4ada-8de8-e27c2482b4f0,olafscholz,Unknown,olafscholz_26-09-2021_00:00_video6.jpeg,,,,,,Unknown
4092,b8ddab4b-d218-4189-837e-fd449cab6747,olafscholz,Unknown,olafscholz_26-09-2021_00:00_video6.jpeg,,,,,,Unknown
4093,7b8c4826-d84e-45b7-9742-2833ce669b6b,olafscholz,Unknown,olafscholz_26-09-2021_00:00_video6.jpeg,,,,,,Unknown
4094,f9d0a790-1ffc-4593-ad3a-706b45f6f2d8,olafscholz,Olaf Scholz,olafscholz_25-09-2021_00:00_image4.jpeg,cf207ba3-2a6b-42b2-b0c6-b0fb9e7532f0.png,0.4912459718682073,Facenet512,euclidean_l2,19.0,Olaf Scholz
4095,7cb6436e-cf58-4af9-bb6c-5d480cea7185,olafscholz,Unknown,olafscholz_26-09-2021_00:00_image5.jpeg,baaa081f-7a38-4907-b92b-ba3d791c4012.png,0.956992931396458,Facenet512,euclidean_l2,9.0,Olaf Scholz
4096,89844498-9632-4057-89a8-8dbbb7172ccf,olafscholz,Olaf Scholz,olafscholz_26-09-2021_00:00_image5.jpeg,c27ee252-e37c-4074-92b5-20e300431107.png,0.4956595389106658,Facenet512,euclidean_l2,20.0,Olaf Scholz
4097,8ba1874d-f07f-4585-a799-4d1f9f64294a,olafscholz,Unknown,olafscholz_26-09-2021_00:00_image5.jpeg,,,,,,Unknown
4099,62c54f75-bde0-4627-8d82-4fdccb538e75,christianlindner,Christian Lindner,christianlindner_17-09-2021_00:00_image5.jpeg,510f4815-9191-4558-aab2-b98e5cb8f643.png,0.3320103265904421,Facenet512,euclidean_l2,10.0,Christian Lindner
4109,da5326da-23be-4ac9-8027-b3b57dac4a0c,cdu,Unknown,cdu_26-09-2021_00:00_video8.jpeg,,,,,,Unknown
4110,6e5da226-7a39-43d0-aefc-ea2e54840669,cdu,Armin Laschet,cdu_26-09-2021_00:00_video8.jpeg,,,,,,Unknown
4111,d0e6826d-0513-44f4-b727-189b2a46d638,cdu,Unknown,cdu_26-09-2021_00:00_video8.jpeg,,,,,,Unknown
4112,5273d897-2121-442d-a78b-03b4af422c2a,cdu,Unknown,cdu_26-09-2021_00:00_video8.jpeg,cc6b3530-cd71-4500-a5fe-d868c449b8d1.png,0.8933029316953477,Facenet512,euclidean_l2,14.0,Armin Laschet
4113,cd70dc49-e29d-4992-bf2e-7eb33687688a,cdu,Unknown,cdu_26-09-2021_00:00_video8.jpeg,f891fb5e-737c-4bf0-9c55-824f2cdff348.png,0.8528261227084373,Facenet512,euclidean_l2,6.0,Armin Laschet
4114,c01dff76-1feb-4511-a461-f73929392c70,cdu,Unknown,cdu_26-09-2021_00:00_video8.jpeg,,,,,,Unknown
4115,81029e89-3a24-4c5e-9b40-fb25d1283b5b,cdu,Unknown,cdu_22-09-2021_00:00_image3.jpeg,,,,,,Unknown
4116,2fff5c73-af0d-40d6-8ca4-51181f4779e6,cdu,Unknown,cdu_22-09-2021_00:00_image3.jpeg,,,,,,Unknown
4117,ed8810d8-bbb8-4935-96fb-b89242eb2026,cdu,Unknown,cdu_22-09-2021_00:00_image3.jpeg,,,,,,Unknown
4118,2882fe0f-9b6b-4655-9f9c-b57aecd374e5,cdu,Unknown,cdu_22-09-2021_00:00_image3.jpeg,,,,,,Unknown
4119,e586f0a9-3aa7-4f6a-8317-5fc5a25f2013,cdu,Unknown,cdu_22-09-2021_00:00_image3.jpeg,,,,,,Unknown
4120,04cb2239-94d4-404b-b505-c2220fbd504b,cdu,Unknown,cdu_22-09-2021_00:00_image3.jpeg,,,,,,Unknown
4121,7a4ab4fe-86de-4285-824a-de2b35c69365,cdu,Unknown,cdu_22-09-2021_00:00_image3.jpeg,,,,,,Unknown
4122,4f132f98-476d-401a-92dd-759d3d40ab3c,cdu,Unknown,cdu_22-09-2021_00:00_image3.jpeg,,,,,,Unknown
4123,3812da44-2104-42fa-88ae-187ee4ccf935,cdu,Armin Laschet,cdu_22-09-2021_00:00_image3.jpeg,,,,,,Unknown
4124,a014f8f5-e1f8-4fa5-a7f5-51957b2fff45,cdu,Unknown,cdu_22-09-2021_00:00_image3.jpeg,,,,,,Unknown
4125,3ae2ba09-eaf0-496d-8e8e-a7f1f165eb86,cdu,Unknown,cdu_22-09-2021_00:00_image3.jpeg,,,,,,Unknown
4126,b60ced27-96b9-4b77-82b9-e25c3f27996c,abaerbock,Annalena Baerbock,abaerbock_16-09-2021_00:00_image3.jpeg,9a8aa257-6928-4d20-bb76-b003078f551d.png,0.7219158207026252,Facenet512,euclidean_l2,13.0,Annalena Baerbock
4127,ddf72202-159d-4e27-8d81-86038e2a4fb4,christlichsozialeunion,Markus Söder,christlichsozialeunion_22-09-2021_00:00_video4.jpeg,d58b66d8-f621-4c58-9284-a999f266986a.png,0.5086677064563678,Facenet512,euclidean_l2,13.0,Markus Söder
4128,0df688ec-13fa-4659-8451-f03a8a57d8e1,abaerbock,Unknown,abaerbock_18-09-2021_00:00_image9.jpeg,,,,,,Unknown
4129,e9f50eb3-40a1-4edc-bd76-52427dccbc9a,armin_laschet,Unknown,armin_laschet_25-09-2021_00:00_video18.jpeg,,,,,,Unknown
4130,d710e160-6b11-4974-ad87-f961aa4191c8,armin_laschet,Unknown,armin_laschet_25-09-2021_00:00_video18.jpeg,,,,,,Unknown
4137,b04774e6-572c-41eb-b54a-910e59703d7f,christianlindner,Unknown,christianlindner_22-09-2021_00:00_image3.jpeg,,,,,,Unknown
4138,4bedd06d-9cca-4d43-9f19-3fb2508ef83e,christianlindner,Unknown,christianlindner_22-09-2021_00:00_image3.jpeg,,,,,,Unknown
4139,ed56c8d5-0ee0-444a-bc1d-d3760910948a,christianlindner,Unknown,christianlindner_22-09-2021_00:00_image3.jpeg,,,,,,Unknown
4150,5e1e5c98-815c-4541-a158-f84a1268fc48,christlichsozialeunion,Unknown,christlichsozialeunion_16-09-2021_00:00_video10.jpeg,,,,,,Unknown
4151,f828cd55-6c31-4ac0-a621-a894a77a70bc,markus.soeder,Unknown,markus.soeder_20-09-2021_00:00_video2.jpeg,,,,,,Unknown
4152,da3bdc5d-665b-430e-9d03-4b9a6413b64a,markus.soeder,Unknown,markus.soeder_20-09-2021_00:00_video2.jpeg,,,,,,Unknown
4153,d0be19a0-8ef2-4caf-a2e6-27643017f69b,markus.soeder,Markus Söder,markus.soeder_20-09-2021_00:00_video2.jpeg,aef8776f-6cb2-461e-aa5f-26798f3b263e.png,0.771803456215975,Facenet512,euclidean_l2,12.0,Markus Söder
4154,080b9741-7ee8-42cf-97f4-977d8d35dd79,christianlindner,Unknown,christianlindner_18-09-2021_00:00_video1.jpeg,,,,,,Unknown
4155,510e7460-f631-47bb-a48f-645fef448bae,christianlindner,Unknown,christianlindner_18-09-2021_00:00_video1.jpeg,,,,,,Unknown
4156,b58152a6-63bd-4e5b-b876-259e722bab8a,christianlindner,Unknown,christianlindner_18-09-2021_00:00_video1.jpeg,,,,,,Unknown
4157,b9fcb5ca-bb56-499a-9fa4-c1d536e8874f,christianlindner,Unknown,christianlindner_18-09-2021_00:00_video1.jpeg,,,,,,Unknown
4158,d950d9fb-92ec-4c81-8519-835380105631,christianlindner,Christian Lindner,christianlindner_18-09-2021_00:00_video1.jpeg,,,,,,Unknown
4159,3a379a7e-5372-4cd8-9501-de66af780d23,christianlindner,Unknown,christianlindner_18-09-2021_00:00_video1.jpeg,,,,,,Unknown
4160,80b0b5b3-9080-4435-ba63-be8918469960,christianlindner,Unknown,christianlindner_18-09-2021_00:00_video1.jpeg,,,,,,Unknown
4161,d7371b01-f085-4914-9ff1-9d75106423dd,cdu,Unknown,cdu_18-09-2021_00:00_image1.jpeg,,,,,,Unknown
4162,0811f64b-9aba-4703-a6f9-82156fe6fbd6,cdu,Unknown,cdu_18-09-2021_00:00_image1.jpeg,,,,,,Unknown
4163,d5768848-cca8-407b-9d80-030fa93b6815,cdu,Armin Laschet,cdu_18-09-2021_00:00_image1.jpeg,b95e4651-bf56-4f12-8d9c-4defe1aef9b0.png,0.5353837989301884,Facenet512,euclidean_l2,20.0,Armin Laschet
4164,8d73bf4d-1abe-434a-bd50-2a54b81c7763,cdu,Unknown,cdu_18-09-2021_00:00_image1.jpeg,,,,,,Unknown
4165,cb4603ef-a6e2-4236-8dd2-712b7198939d,cdu,Armin Laschet,cdu_18-09-2021_00:00_image1.jpeg,,,,,,Unknown
4166,289004b8-bf59-450b-8419-88b785d06429,cdu,Unknown,cdu_18-09-2021_00:00_image1.jpeg,,,,,,Unknown
4167,6279fb63-4f79-4a6f-854a-90efc4bd74da,cdu,Unknown,cdu_18-09-2021_00:00_image1.jpeg,,,,,,Unknown
4168,182b08c7-4e37-481b-9d11-b6ad37a9ef2c,cdu,Unknown,cdu_18-09-2021_00:00_image1.jpeg,,,,,,Unknown
4169,68c78f17-282f-499a-8439-8c99bbf833fb,cdu,Unknown,cdu_18-09-2021_00:00_image1.jpeg,,,,,,Unknown
4170,fffbf2c5-14fe-4760-94a5-0101045b89f7,cdu,Unknown,cdu_18-09-2021_00:00_image1.jpeg,,,,,,Unknown
4171,f559a7c3-21e3-4476-ba34-72fed73e5874,cdu,Unknown,cdu_18-09-2021_00:00_image1.jpeg,,,,,,Unknown
4172,d7643515-30d9-4c70-9c58-16faf453ca75,cdu,Unknown,cdu_18-09-2021_00:00_image1.jpeg,,,,,,Unknown
4173,75ce9fc5-9a87-40c1-bfae-140f847295f8,cdu,Unknown,cdu_18-09-2021_00:00_image1.jpeg,,,,,,Unknown
4174,cc61ab86-36e9-46da-9c07-12bdf26c4550,cdu,Unknown,cdu_18-09-2021_00:00_image1.jpeg,,,,,,Unknown
4175,bafeca4e-0b0b-4e85-87b6-71523a60b4cd,cdu,Unknown,cdu_18-09-2021_00:00_image1.jpeg,,,,,,Unknown
4176,72d6ca20-e8e6-4c0e-b490-42ff2f265984,cdu,Unknown,cdu_18-09-2021_00:00_image1.jpeg,,,,,,Unknown
4177,53506255-bfba-41bc-ac4e-c5b91b6b8804,cdu,Unknown,cdu_18-09-2021_00:00_image1.jpeg,,,,,,Unknown
4178,20173658-4a28-4225-b366-397d6fda01df,cdu,Unknown,cdu_20-09-2021_00:00_video31.jpeg,,,,,,Unknown
4180,38f93569-99a8-494d-8b2d-98e827725ab3,armin_laschet,Unknown,armin_laschet_23-09-2021_00:00_video19.jpeg,,,,,,Unknown
4181,3aab4ff9-a4ac-49e4-9041-eab1534b142d,abaerbock,Unknown,abaerbock_14-09-2021_00:00_image13.jpeg,,,,,,Unknown
4182,1097d5f0-a23f-41a1-a77a-cc2c2d64abcf,abaerbock,Annalena Baerbock,abaerbock_14-09-2021_00:00_image13.jpeg,,,,,,Unknown
4183,2e434a54-8a6e-4c8b-91fc-1acaa7b01c5e,abaerbock,Annalena Baerbock,abaerbock_22-09-2021_00:00_image8.jpeg,7bd1824e-e163-4963-9f53-3063e9dcc721.png,0.9804427774110044,Facenet512,euclidean_l2,9.0,Annalena Baerbock
4184,e1d96aad-f5cf-4f42-9ede-c24604c4bfc2,abaerbock,Unknown,abaerbock_22-09-2021_00:00_image8.jpeg,,,,,,Unknown
4185,6f345b7f-f08f-4b7d-b872-bcf7b1c6b4a0,abaerbock,Unknown,abaerbock_22-09-2021_00:00_image8.jpeg,,,,,,Unknown
4186,91e4da96-93c5-4a7f-ab2d-27e2f06fdbc6,abaerbock,Unknown,abaerbock_18-09-2021_00:00_image13.jpeg,,,,,,Unknown
4187,6199dddd-7338-451d-9b8d-7a4660079ac7,abaerbock,Unknown,abaerbock_18-09-2021_00:00_image13.jpeg,,,,,,Unknown
4188,c2ed7d1d-12c7-4686-9571-207718701781,abaerbock,Unknown,abaerbock_18-09-2021_00:00_image13.jpeg,,,,,,Unknown
4189,080c0b8a-8b1c-40b9-8a80-30ccdaddb454,abaerbock,Unknown,abaerbock_18-09-2021_00:00_image13.jpeg,,,,,,Unknown
4190,121112cd-ed2b-481e-b9e7-3600f47bf44f,abaerbock,Unknown,abaerbock_18-09-2021_00:00_image13.jpeg,,,,,,Unknown
4199,95a85b2b-825c-4a25-a824-67e0cd4ef0a9,abaerbock,Annalena Baerbock,abaerbock_22-09-2021_00:00_image1.jpeg,,,,,,Unknown
4200,34034376-f9a2-4fec-908c-09a4c5115c5d,abaerbock,Unknown,abaerbock_22-09-2021_00:00_image1.jpeg,,,,,,Unknown
4201,c3680547-e658-4322-af5b-9ad67031c0f0,abaerbock,Unknown,abaerbock_22-09-2021_00:00_image1.jpeg,,,,,,Unknown
4202,919edc72-7c13-471b-9f94-54161f8da4d9,abaerbock,Unknown,abaerbock_22-09-2021_00:00_image1.jpeg,,,,,,Unknown
4203,8a5bada8-dd8c-489c-a9ef-daf3a3a62b2e,abaerbock,Unknown,abaerbock_22-09-2021_00:00_image1.jpeg,,,,,,Unknown
4204,ce382848-e991-4136-a738-492377706c69,abaerbock,Unknown,abaerbock_22-09-2021_00:00_image1.jpeg,,,,,,Unknown
4205,cc604557-d72c-4be1-aba3-23b891ec40cc,abaerbock,Unknown,abaerbock_22-09-2021_00:00_image1.jpeg,,,,,,Unknown
4206,e31651da-114a-4959-b267-ddfa674de6a1,abaerbock,Unknown,abaerbock_22-09-2021_00:00_image1.jpeg,,,,,,Unknown
4207,46b0dfe7-e747-4c88-9aea-cb4e711dbe35,abaerbock,Unknown,abaerbock_22-09-2021_00:00_image1.jpeg,,,,,,Unknown
4208,9f43c527-1173-4f3a-8d4c-2177ee486183,abaerbock,Unknown,abaerbock_22-09-2021_00:00_image1.jpeg,,,,,,Unknown
4209,e45b717e-f1e5-4f7b-9058-8c8edc39661b,abaerbock,Unknown,abaerbock_22-09-2021_00:00_image1.jpeg,,,,,,Unknown
4210,f4a596e8-f071-4ba1-bbfe-8c3b08dbe193,abaerbock,Unknown,abaerbock_22-09-2021_00:00_image1.jpeg,,,,,,Unknown
4211,3dcccc73-2a5e-48ef-87ae-27b3a34fc6a1,abaerbock,Unknown,abaerbock_22-09-2021_00:00_image1.jpeg,,,,,,Unknown
4212,7d364350-dbba-4a84-a538-16aea7b996be,abaerbock,Unknown,abaerbock_22-09-2021_00:00_image1.jpeg,,,,,,Unknown
4213,c4d4612a-d3bd-4f56-8190-1c583e2a3f13,abaerbock,Unknown,abaerbock_22-09-2021_00:00_image1.jpeg,,,,,,Unknown
4214,aa48ccce-1901-4d57-ad02-6ce27186ef9e,abaerbock,Unknown,abaerbock_22-09-2021_00:00_image1.jpeg,,,,,,Unknown
4215,f70f258c-f0fa-423b-ab74-d956cb4400a7,abaerbock,Unknown,abaerbock_22-09-2021_00:00_image1.jpeg,,,,,,Unknown
4216,c93dbf36-a843-4e11-8add-6a4775d00c3d,abaerbock,Unknown,abaerbock_22-09-2021_00:00_image1.jpeg,,,,,,Unknown
4217,a084becc-69af-43f5-999f-9ab1a395f212,abaerbock,Unknown,abaerbock_22-09-2021_00:00_image1.jpeg,,,,,,Unknown
4218,48fe5260-ead6-4a63-86b2-b485b62c937c,abaerbock,Unknown,abaerbock_22-09-2021_00:00_image1.jpeg,,,,,,Unknown
4219,7e8c1082-775e-47ed-9f4b-f64f2a760322,abaerbock,Unknown,abaerbock_22-09-2021_00:00_image1.jpeg,,,,,,Unknown
4220,4dd0e4b2-6379-45c0-bb37-d7292080cfe5,christlichsozialeunion,Unknown,christlichsozialeunion_21-09-2021_00:00_video2.jpeg,,,,,,Unknown
4221,5173175e-b849-4134-a9e8-38f9f6150beb,christlichsozialeunion,Markus Söder,christlichsozialeunion_21-09-2021_00:00_video2.jpeg,,,,,,Unknown
4222,7425c29d-44c2-4056-bd13-f664d5c62bf9,christlichsozialeunion,Unknown,christlichsozialeunion_21-09-2021_00:00_video2.jpeg,,,,,,Unknown
4223,977381ab-7c79-4017-b8d0-2c4311152440,armin_laschet,Unknown,armin_laschet_14-09-2021_00:00_video0.jpeg,,,,,,Unknown
4224,80add2a3-484d-4b33-a434-65f60cef54ad,armin_laschet,Unknown,armin_laschet_14-09-2021_00:00_video0.jpeg,,,,,,Unknown
4225,b7e046c9-4137-49b9-9fa3-977ab31012a9,armin_laschet,Armin Laschet,armin_laschet_14-09-2021_00:00_video0.jpeg,,,,,,Unknown
4228,8c94dd70-c8f3-4a94-bc1d-4ba8e9415141,armin_laschet,Armin Laschet,armin_laschet_20-09-2021_00:00_image0.jpeg,f891fb5e-737c-4bf0-9c55-824f2cdff348.png,0.694909027092864,Facenet512,euclidean_l2,14.0,Armin Laschet
4229,de76a268-6aae-4ae0-8b72-fdfd109efc71,fdp,Unknown,fdp_20-09-2021_00:00_image5.jpeg,,,,,,Unknown
4230,70d316fb-0296-4113-b8a3-d8a2d5415e4e,abaerbock,Annalena Baerbock,abaerbock_13-09-2021_00:00_video1.jpeg,9a8aa257-6928-4d20-bb76-b003078f551d.png,0.5510539088768149,Facenet512,euclidean_l2,13.0,Annalena Baerbock
4231,6cdae88a-06f9-4e2e-8633-a50c14c71d06,abaerbock,Unknown,abaerbock_13-09-2021_00:00_video1.jpeg,,,,,,Unknown
4232,8edda3a6-a28e-4255-b5a7-e3afa30826d8,die_gruenen,Annalena Baerbock,die_gruenen_13-09-2021_00:00_image2.jpeg,,,,,,Unknown
4233,7ce8dd12-427b-482b-bb29-755d64292d28,die_gruenen,Unknown,die_gruenen_13-09-2021_00:00_image2.jpeg,,,,,,Unknown
4234,002c2494-be0e-44d3-9ae8-ddd7476bfef5,die_gruenen,Unknown,die_gruenen_13-09-2021_00:00_image2.jpeg,,,,,,Unknown
4235,6f2efba9-40ef-4cbc-be7d-0c6030120ada,abaerbock,Unknown,abaerbock_25-09-2021_00:00_image12.jpeg,,,,,,Unknown
4236,49aa4520-b0cf-4ebf-aa56-caa3904857f7,abaerbock,Unknown,abaerbock_25-09-2021_00:00_image12.jpeg,,,,,,Unknown
4237,3a84c663-f973-4603-ab31-029cba9fbdde,abaerbock,Unknown,abaerbock_25-09-2021_00:00_image12.jpeg,,,,,,Unknown
4238,bf325a1f-9d69-44c9-bc1d-3b4092b9cbfb,abaerbock,Unknown,abaerbock_25-09-2021_00:00_image12.jpeg,,,,,,Unknown
4322,985615a8-0853-402e-9932-57512bf21363,armin_laschet,Armin Laschet,armin_laschet_17-09-2021_00:00_video4.jpeg,,,,,,Unknown
4323,6902469d-65b3-4c75-9dbd-f212057e72e4,abaerbock,Annalena Baerbock,abaerbock_14-09-2021_00:00_image2.jpeg,820608e2-840e-4850-b527-36c922284188.png,0.4887141591156818,Facenet512,euclidean_l2,13.0,Annalena Baerbock
4324,3a66b4fc-03f7-4810-b59f-9edc8bea8127,abaerbock,Unknown,abaerbock_14-09-2021_00:00_image2.jpeg,,,,,,Unknown
4325,1c447186-6d3c-421f-a33f-b9e18e1ebdde,abaerbock,Unknown,abaerbock_14-09-2021_00:00_image2.jpeg,,,,,,Unknown
4326,9782c622-1194-4453-9c74-49ee8f62705c,abaerbock,Unknown,abaerbock_14-09-2021_00:00_image2.jpeg,,,,,,Unknown
4327,223db026-7b75-416e-a511-081bced0481c,abaerbock,Unknown,abaerbock_14-09-2021_00:00_image2.jpeg,,,,,,Unknown
4328,04e03a58-7ca6-42e8-9d4d-7c5d9a9ccc98,abaerbock,Unknown,abaerbock_14-09-2021_00:00_image2.jpeg,,,,,,Unknown
4329,a763c67a-1263-45cd-a720-5008c8e27bd4,die_gruenen,Annalena Baerbock,die_gruenen_20-09-2021_00:00_image3.jpeg,b5ea8be6-69b9-4fdb-8813-88f307903fb4.png,0.8336942906059939,Facenet512,euclidean_l2,12.0,Annalena Baerbock
4330,a1e629a9-cf08-4840-9f2a-7bf71d45d093,abaerbock,Annalena Baerbock,abaerbock_14-09-2021_00:00_image5.jpeg,,,,,,Unknown
4331,e1fe65e2-10e8-4acd-a079-a4c12939ea20,abaerbock,Unknown,abaerbock_14-09-2021_00:00_image5.jpeg,,,,,,Unknown
4332,c78d1957-7c0e-4f54-a25b-9bc978aaaed3,abaerbock,Unknown,abaerbock_14-09-2021_00:00_image5.jpeg,,,,,,Unknown
4333,dcc3dfff-f07e-4dea-83bc-5bb5b720300d,abaerbock,Unknown,abaerbock_14-09-2021_00:00_image5.jpeg,,,,,,Unknown
4334,1a9481e3-04e6-4d14-b509-857ee033627b,abaerbock,Unknown,abaerbock_14-09-2021_00:00_image5.jpeg,,,,,,Unknown
4335,96c58223-e69c-42aa-8a8f-bb218ffe69cd,abaerbock,Unknown,abaerbock_14-09-2021_00:00_image5.jpeg,,,,,,Unknown
4336,3740b254-ad86-4ddc-8cf5-78b1743be767,abaerbock,Unknown,abaerbock_14-09-2021_00:00_image5.jpeg,,,,,,Unknown
4337,84e901ba-b617-4da6-b1d5-b49b4e6cd610,abaerbock,Unknown,abaerbock_14-09-2021_00:00_image5.jpeg,,,,,,Unknown
4338,846e190f-108e-48d3-bb4f-d0f039df2726,abaerbock,Unknown,abaerbock_14-09-2021_00:00_image5.jpeg,,,,,,Unknown
4339,f4982f73-948c-4da4-8eac-3dc02b7f87a4,abaerbock,Unknown,abaerbock_14-09-2021_00:00_image5.jpeg,,,,,,Unknown
4340,215c45c9-8cb3-49eb-bc5b-c603498b2e06,abaerbock,Unknown,abaerbock_14-09-2021_00:00_image5.jpeg,,,,,,Unknown
4341,5729a7c9-c9ae-4b35-86ca-fe1fcf9ea7d6,cdu,Unknown,cdu_17-09-2021_00:00_video4.jpeg,,,,,,Unknown
4342,da16395d-f8f6-4463-8349-f27a8545a52f,christianlindner,Unknown,christianlindner_17-09-2021_00:00_image3.jpeg,,,,,,Unknown
4343,69251be1-6e11-4d46-9db8-15bc9a63c505,christianlindner,Unknown,christianlindner_17-09-2021_00:00_image3.jpeg,,,,,,Unknown
4344,7b850a1c-f77d-4b94-9a98-702a475db080,christianlindner,Unknown,christianlindner_17-09-2021_00:00_image3.jpeg,,,,,,Unknown
4345,d782f38c-f8d6-4286-8384-7629270ed88d,christianlindner,Unknown,christianlindner_17-09-2021_00:00_image3.jpeg,,,,,,Unknown
4346,83d6d6be-a834-4532-8e3d-b3f05073440d,christianlindner,Unknown,christianlindner_17-09-2021_00:00_image3.jpeg,,,,,,Unknown
4347,c8869daa-397a-4de6-867e-3a3dcbb82312,christianlindner,Unknown,christianlindner_17-09-2021_00:00_image3.jpeg,,,,,,Unknown
4348,a636d5d9-3d1a-4a54-937f-24457bd57b73,christianlindner,Unknown,christianlindner_17-09-2021_00:00_image3.jpeg,,,,,,Unknown
4349,5245d6c6-dc2b-4b75-85da-b3d98f69b057,christianlindner,Unknown,christianlindner_17-09-2021_00:00_image3.jpeg,,,,,,Unknown
4350,70f4ef28-b3df-49d3-aef9-fd51b41ff55c,christianlindner,Unknown,christianlindner_17-09-2021_00:00_image3.jpeg,,,,,,Unknown
4351,c6694462-3723-4cb7-bdef-8250e7c89ff0,christianlindner,Unknown,christianlindner_17-09-2021_00:00_image3.jpeg,,,,,,Unknown
4352,8a1fd726-0b49-4477-9504-ff45f9797481,christianlindner,Unknown,christianlindner_17-09-2021_00:00_image3.jpeg,,,,,,Unknown
4353,e807f6e0-5bed-4881-89da-76933aa0df4a,christianlindner,Unknown,christianlindner_17-09-2021_00:00_image3.jpeg,,,,,,Unknown
4354,f4198c2b-0ad3-458e-b9a1-cbb8c707f747,christianlindner,Unknown,christianlindner_17-09-2021_00:00_image3.jpeg,,,,,,Unknown
4355,88404ccd-22b7-4630-a436-13f47617503b,christianlindner,Unknown,christianlindner_17-09-2021_00:00_image3.jpeg,,,,,,Unknown
4356,d7aebcd8-c99c-4816-878b-ca818d376425,christianlindner,Unknown,christianlindner_17-09-2021_00:00_image3.jpeg,,,,,,Unknown
4357,896d0b2c-b9a3-46ab-9199-fc160fbc154d,christianlindner,Unknown,christianlindner_17-09-2021_00:00_image3.jpeg,,,,,,Unknown
4358,deb09943-67b3-49f4-ac54-662755512a70,christianlindner,Unknown,christianlindner_17-09-2021_00:00_image3.jpeg,,,,,,Unknown
4359,18a607b9-7312-455e-bb23-8a224c0c0228,christianlindner,Unknown,christianlindner_17-09-2021_00:00_image3.jpeg,,,,,,Unknown
4360,8f960470-4be5-4923-a884-799bf77d2b77,christianlindner,Unknown,christianlindner_17-09-2021_00:00_image3.jpeg,,,,,,Unknown
4361,3a92b357-d0ec-48c5-9552-0bd4d7f8dfbd,christianlindner,Unknown,christianlindner_17-09-2021_00:00_image3.jpeg,,,,,,Unknown
4362,d4ffcdc3-a148-42d7-8aef-e017960e716a,christianlindner,Unknown,christianlindner_17-09-2021_00:00_image3.jpeg,,,,,,Unknown
4363,b8837f4e-5405-49d5-a3d1-90eefd8b7370,christianlindner,Unknown,christianlindner_17-09-2021_00:00_image3.jpeg,,,,,,Unknown
4364,277fb6c1-031c-45f6-a257-3a0d133996bf,christianlindner,Unknown,christianlindner_17-09-2021_00:00_image3.jpeg,,,,,,Unknown
4365,c8fb8f10-b22b-473d-8d58-60b366c7051b,christianlindner,Unknown,christianlindner_17-09-2021_00:00_image3.jpeg,,,,,,Unknown
4366,133eb91a-425f-4807-965b-d2c370130c68,christianlindner,Unknown,christianlindner_17-09-2021_00:00_image3.jpeg,,,,,,Unknown
4367,542fc0d9-122a-4c88-b5bf-8c09dd8743bd,christianlindner,Unknown,christianlindner_17-09-2021_00:00_image3.jpeg,,,,,,Unknown
4368,dbe4c00f-cc70-4082-930d-a7d3e2fbe43d,christianlindner,Unknown,christianlindner_17-09-2021_00:00_image3.jpeg,,,,,,Unknown
4369,32f00274-4678-4dcd-9b2a-5df339d13043,christianlindner,Unknown,christianlindner_17-09-2021_00:00_image3.jpeg,,,,,,Unknown
4370,7130c4c9-a479-4b48-ac92-2ccdd2a3e911,christianlindner,Unknown,christianlindner_17-09-2021_00:00_image3.jpeg,,,,,,Unknown
4371,c43d4e37-5278-40ae-b2a5-832c7b1523d5,christianlindner,Unknown,christianlindner_17-09-2021_00:00_image3.jpeg,,,,,,Unknown
4372,32437233-14ce-4e84-bbc4-d081d8e7edff,christianlindner,Unknown,christianlindner_17-09-2021_00:00_image3.jpeg,,,,,,Unknown
4373,3fc66a0b-06d4-401d-927d-e52898707497,christianlindner,Unknown,christianlindner_17-09-2021_00:00_image3.jpeg,,,,,,Unknown
4374,c345cf15-ee7f-42f0-b7f0-57503bfe3451,christianlindner,Unknown,christianlindner_17-09-2021_00:00_image3.jpeg,,,,,,Unknown
4375,3d7e5952-0316-4f26-a0ce-48beb456a425,christianlindner,Unknown,christianlindner_17-09-2021_00:00_image3.jpeg,,,,,,Unknown
4376,2961a3d6-e83e-438c-b17b-3fb2d188df5d,christianlindner,Unknown,christianlindner_17-09-2021_00:00_image3.jpeg,,,,,,Unknown
4377,716f7835-c363-498b-a819-16164e3adf5c,christianlindner,Unknown,christianlindner_17-09-2021_00:00_image3.jpeg,,,,,,Unknown
4378,e762e961-ca91-49bb-a843-0af56c8feeb6,christianlindner,Unknown,christianlindner_17-09-2021_00:00_image3.jpeg,,,,,,Unknown
4379,44e686b8-2b84-41c4-bb41-f2792953cbf2,christianlindner,Unknown,christianlindner_17-09-2021_00:00_image3.jpeg,,,,,,Unknown
4380,8dba32c1-0225-4e41-ad28-f01562f2ad78,christianlindner,Unknown,christianlindner_17-09-2021_00:00_image3.jpeg,,,,,,Unknown
4381,b3c22ed5-58b5-44a0-ace6-f86a133746d2,christianlindner,Unknown,christianlindner_17-09-2021_00:00_image3.jpeg,,,,,,Unknown
4382,4246c95b-f2d8-44f3-9631-aa244fd4433c,christianlindner,Unknown,christianlindner_17-09-2021_00:00_image3.jpeg,,,,,,Unknown
4383,3d054f21-78bc-4602-a404-14618b0bb4a9,christianlindner,Unknown,christianlindner_17-09-2021_00:00_image3.jpeg,,,,,,Unknown
4384,bdfced6a-0a4b-47a3-9b55-340764a66965,christianlindner,Unknown,christianlindner_17-09-2021_00:00_image3.jpeg,,,,,,Unknown
4385,1c8772cd-205d-49fe-b5a7-c2df2837cd73,christianlindner,Unknown,christianlindner_17-09-2021_00:00_image3.jpeg,,,,,,Unknown
4388,ae705f54-4cb1-4033-a7d3-7709c6c48fab,armin_laschet,Armin Laschet,armin_laschet_24-09-2021_00:00_video4.jpeg,5efa5b53-ada6-486e-8b66-4c6330a71ea7.png,0.6278476541834274,Facenet512,euclidean_l2,20.0,Armin Laschet
4389,36b1fbeb-0429-467a-96e8-b9d7489f9a86,abaerbock,Annalena Baerbock,abaerbock_26-09-2021_00:00_video0.jpeg,b5ea8be6-69b9-4fdb-8813-88f307903fb4.png,0.4784039258289556,Facenet512,euclidean_l2,13.0,Annalena Baerbock
4390,d9924ac1-f9ad-4b2c-8843-8d8400a3342b,armin_laschet,Unknown,armin_laschet_17-09-2021_00:00_video9.jpeg,,,,,,Unknown
4398,149a02a0-1bc4-4ed8-9a07-3569cc46ea59,christianlindner,Christian Lindner,christianlindner_20-09-2021_00:00_image2.jpeg,2384c946-7f3b-4280-8257-c73c1bb814b1.png,0.3767058074833088,Facenet512,euclidean_l2,9.0,Christian Lindner
4399,ef9655de-253c-4b50-92fa-3198e0cfef57,armin_laschet,Armin Laschet,armin_laschet_20-09-2021_00:00_video3.jpeg,d0e6d963-6d02-463b-a226-ce3f34b0fcc5.png,0.5454688322190536,Facenet512,euclidean_l2,20.0,Armin Laschet
4404,69d0baa6-de16-4079-bf5f-24b503040b61,olafscholz,Unknown,olafscholz_19-09-2021_00:00_image7.jpeg,,,,,,Unknown
4405,b79635c0-0602-4120-9d6b-cf3a4dee637a,olafscholz,Unknown,olafscholz_19-09-2021_00:00_image7.jpeg,,,,,,Unknown
4406,bbff801a-fdfb-4461-bf6b-e2573438be4d,olafscholz,Unknown,olafscholz_19-09-2021_00:00_image7.jpeg,,,,,,Unknown
4407,72a5bdd7-ebb5-4283-838d-560c98e4628c,olafscholz,Unknown,olafscholz_19-09-2021_00:00_image7.jpeg,,,,,,Unknown
4408,8ddaff86-f18e-4050-89b0-0aa6f57eb1f3,olafscholz,Unknown,olafscholz_19-09-2021_00:00_image7.jpeg,,,,,,Unknown
4409,4d8cf3bf-f9d9-4a73-9dff-73e3ba766664,olafscholz,Unknown,olafscholz_19-09-2021_00:00_image7.jpeg,,,,,,Unknown
4410,a66d1794-5766-4291-bb4a-9693ee78d577,olafscholz,Unknown,olafscholz_19-09-2021_00:00_image7.jpeg,,,,,,Unknown
4411,a8d7661b-3172-4086-86e3-5e5634fed331,olafscholz,Unknown,olafscholz_19-09-2021_00:00_image7.jpeg,,,,,,Unknown
4412,7c2b6c60-9283-4ee0-aab0-3509c841023d,olafscholz,Unknown,olafscholz_19-09-2021_00:00_image7.jpeg,,,,,,Unknown
4413,7044a26c-ea79-4d5f-93d8-883703b4fb5a,olafscholz,Unknown,olafscholz_19-09-2021_00:00_image7.jpeg,,,,,,Unknown
4414,ecd1a022-4ef3-472f-9a4d-82e929184e52,olafscholz,Unknown,olafscholz_19-09-2021_00:00_image7.jpeg,,,,,,Unknown
4415,e02a7422-4821-45d7-9007-af0cf69c0992,olafscholz,Unknown,olafscholz_19-09-2021_00:00_image7.jpeg,,,,,,Unknown
4416,df74d3ae-bc2c-41d0-8a2e-bb73160b64e1,olafscholz,Unknown,olafscholz_19-09-2021_00:00_image7.jpeg,,,,,,Unknown
4417,902d3ce0-d71b-4774-b7a5-4a0a49110c66,olafscholz,Unknown,olafscholz_19-09-2021_00:00_image7.jpeg,,,,,,Unknown
4418,9f618087-2802-4632-b8fa-ea2b4a82de97,olafscholz,Unknown,olafscholz_19-09-2021_00:00_image7.jpeg,,,,,,Unknown
4419,ecd0dd22-88ac-4625-9c51-75bc4d887178,olafscholz,Unknown,olafscholz_19-09-2021_00:00_image7.jpeg,,,,,,Unknown
4420,aee9e9ec-0ff7-4314-a430-51b02114d67a,olafscholz,Unknown,olafscholz_19-09-2021_00:00_image7.jpeg,,,,,,Unknown
4421,d907c0e0-d9bf-4dea-9268-2ec32a321b96,olafscholz,Unknown,olafscholz_19-09-2021_00:00_image7.jpeg,,,,,,Unknown
4422,f8827f08-d344-4a23-b067-5ae52faa46e9,olafscholz,Unknown,olafscholz_19-09-2021_00:00_image7.jpeg,,,,,,Unknown
4423,1ea04ad1-9e8c-48c6-9007-60b7239f8e42,olafscholz,Unknown,olafscholz_19-09-2021_00:00_image7.jpeg,,,,,,Unknown
4424,414bda11-984f-4e8f-8fa6-cc0081357771,olafscholz,Unknown,olafscholz_19-09-2021_00:00_image7.jpeg,,,,,,Unknown
4425,10972cfc-bcf9-432d-b966-ef3a8e13eb11,olafscholz,Unknown,olafscholz_19-09-2021_00:00_image7.jpeg,,,,,,Unknown
4426,4f12a14d-b2b5-4574-9dbd-81d4ae89192f,olafscholz,Unknown,olafscholz_23-09-2021_00:00_video2.jpeg,,,,,,Unknown
4427,09830c7e-706b-417b-b6c4-97428922ce7d,olafscholz,Unknown,olafscholz_23-09-2021_00:00_video2.jpeg,,,,,,Unknown
4428,755f81b2-999c-4e23-a084-75100ab1b561,olafscholz,Unknown,olafscholz_23-09-2021_00:00_video2.jpeg,,,,,,Unknown
4430,e0e9861d-c44d-4b33-a2e5-d0597df57ffd,christianlindner,Unknown,christianlindner_26-09-2021_00:00_image4.jpeg,,,,,,Unknown
4431,27f8fa0a-a4d4-4b16-939c-652b6b9c9326,christianlindner,Unknown,christianlindner_26-09-2021_00:00_image4.jpeg,,,,,,Unknown
4432,a7b06eb4-4ef8-49d0-8e5b-4b54546a6b41,christianlindner,Christian Lindner,christianlindner_26-09-2021_00:00_image4.jpeg,3e230648-0328-4861-ada8-f718b0287f5e.png,0.9818749770201134,Facenet512,euclidean_l2,6.0,Christian Lindner
4433,e7b8a256-e22f-4f49-b665-f9b4e2c75620,christianlindner,Unknown,christianlindner_26-09-2021_00:00_image4.jpeg,,,,,,Unknown
4434,504f207e-a811-4d7f-a78f-ea071eabbaa2,christianlindner,Unknown,christianlindner_26-09-2021_00:00_image4.jpeg,,,,,,Unknown
4435,c522494d-f8cb-4866-b0e9-3c4827001ecc,christianlindner,Unknown,christianlindner_26-09-2021_00:00_image4.jpeg,,,,,,Unknown
4441,69850697-ccdd-4e5e-b3e5-08dc7ca17d79,christlichsozialeunion,Unknown,christlichsozialeunion_25-09-2021_00:00_image0.jpeg,,,,,,Unknown
4444,dde404ee-9b27-4ce7-a0e3-225508a31ce6,christlichsozialeunion,Unknown,christlichsozialeunion_21-09-2021_00:00_video4.jpeg,,,,,,Unknown
4445,fd307ceb-6ec9-406d-acc4-2fde0d88ae9c,armin_laschet,Unknown,armin_laschet_24-09-2021_00:00_video0.jpeg,,,,,,Unknown
4446,98742e1c-a954-4fa4-bfb4-1361fc087884,armin_laschet,Unknown,armin_laschet_24-09-2021_00:00_video0.jpeg,,,,,,Unknown
4447,0dd5d100-35e2-4307-a3c8-2ef196ed7448,armin_laschet,Unknown,armin_laschet_24-09-2021_00:00_video0.jpeg,,,,,,Unknown
4448,526d630e-97ec-49df-805a-9bbecf7d7140,die_gruenen,Unknown,die_gruenen_13-09-2021_00:00_video9.jpeg,,,,,,Unknown
4449,27a2d9fa-c6b3-4879-b1d0-ecfe67ff2260,die_gruenen,Unknown,die_gruenen_13-09-2021_00:00_video9.jpeg,,,,,,Unknown
4450,96f3c5df-aaca-44e4-be92-3e3eb41731b8,christianlindner,Unknown,christianlindner_18-09-2021_00:00_video4.jpeg,,,,,,Unknown
4451,d25d02d4-745a-4915-a556-ce97eef67aa0,christianlindner,Christian Lindner,christianlindner_18-09-2021_00:00_video4.jpeg,,,,,,Unknown
4452,8c4d64d3-3a12-4f70-875a-04f8d1b256fc,christianlindner,Unknown,christianlindner_18-09-2021_00:00_video4.jpeg,,,,,,Unknown
4453,4a216e04-1fb2-4120-a8f3-797f1a568363,christianlindner,Unknown,christianlindner_18-09-2021_00:00_video4.jpeg,,,,,,Unknown
4454,9da44789-a318-4839-b257-9ce49c200c2e,christianlindner,Unknown,christianlindner_18-09-2021_00:00_video4.jpeg,,,,,,Unknown
4455,ddf4346f-8e35-4001-ac8e-36d748f84b94,christianlindner,Unknown,christianlindner_18-09-2021_00:00_video4.jpeg,,,,,,Unknown
4456,529b5287-adea-445d-95ac-3f02a5f9eaf3,christianlindner,Unknown,christianlindner_18-09-2021_00:00_video4.jpeg,,,,,,Unknown
4457,99f1429b-bee6-4766-b213-e1013f3381c5,christianlindner,Unknown,christianlindner_18-09-2021_00:00_video4.jpeg,,,,,,Unknown
4458,3fceb8fd-2652-4df2-91c0-c05a8470fe43,christianlindner,Unknown,christianlindner_18-09-2021_00:00_video4.jpeg,,,,,,Unknown
4459,fc521f09-3df9-484d-91dd-5c0867c356aa,christianlindner,Unknown,christianlindner_18-09-2021_00:00_video4.jpeg,,,,,,Unknown
4460,095d89cb-5ba5-4dbd-8a34-474d898a79dc,christianlindner,Unknown,christianlindner_18-09-2021_00:00_video4.jpeg,,,,,,Unknown
4461,dc76944f-41be-4d89-8e04-a2d2285b6e11,christianlindner,Unknown,christianlindner_18-09-2021_00:00_video4.jpeg,,,,,,Unknown
4462,13581de9-e3bd-43f5-b5a0-fd6beb84d0e3,christianlindner,Unknown,christianlindner_18-09-2021_00:00_video4.jpeg,,,,,,Unknown
4463,f91bf7c0-6408-4c63-be50-321e893c4e83,christianlindner,Unknown,christianlindner_18-09-2021_00:00_video4.jpeg,,,,,,Unknown
4464,2bc5fec7-8f2a-4507-8ed5-d3e1b168c73c,spdde,Unknown,spdde_19-09-2021_00:00_video2.jpeg,,,,,,Unknown
4465,a75c8e2b-5bab-4a79-991d-1b3a9dfeac63,spdde,Unknown,spdde_19-09-2021_00:00_video2.jpeg,,,,,,Unknown
4466,7e3e5b5a-437a-46b2-a36a-5b0bcc0d203f,abaerbock,Unknown,abaerbock_23-09-2021_00:00_video2.jpeg,,,,,,Unknown
4467,00c0c8ef-0894-4dd1-b7b8-269f4c53d7df,abaerbock,Annalena Baerbock,abaerbock_23-09-2021_00:00_video2.jpeg,,,,,,Unknown
4469,b5e19449-1689-4387-952d-b047b9c87f57,die_gruenen,Annalena Baerbock,die_gruenen_20-09-2021_00:00_image0.jpeg,9a8aa257-6928-4d20-bb76-b003078f551d.png,0.1988804160826276,Facenet512,euclidean_l2,13.0,Annalena Baerbock
4478,e1e19091-cb4e-408e-a378-b2da07bed8c0,cdu,Unknown,cdu_20-09-2021_00:00_video4.jpeg,,,,,,Unknown
4479,f838e752-f7ff-47e5-aaac-64c551bd86bb,cdu,Unknown,cdu_20-09-2021_00:00_video4.jpeg,,,,,,Unknown
4480,6ec3c36c-a857-4af0-836b-d826a38719b7,cdu,Unknown,cdu_20-09-2021_00:00_video4.jpeg,,,,,,Unknown
4481,1a4010db-686e-4557-aeb6-1259fdddc9ff,cdu,Unknown,cdu_20-09-2021_00:00_video25.jpeg,,,,,,Unknown
4482,f967e3e8-e042-4b41-81c9-767600a12f60,cdu,Unknown,cdu_20-09-2021_00:00_video25.jpeg,,,,,,Unknown
4483,f8fdbd01-563c-4a67-99ab-547d38f9a976,cdu,Unknown,cdu_20-09-2021_00:00_video25.jpeg,,,,,,Unknown
4484,2eff0a44-e826-49e4-8411-974d90c2b7c4,armin_laschet,Unknown,armin_laschet_17-09-2021_00:00_image9.jpeg,,,,,,Unknown
4485,49563fb2-10f3-4362-9b8d-5d9e53447d18,armin_laschet,Unknown,armin_laschet_17-09-2021_00:00_image9.jpeg,,,,,,Unknown
4486,9cdb025f-d6f9-4079-9f58-371900706389,armin_laschet,Armin Laschet,armin_laschet_17-09-2021_00:00_image9.jpeg,872af970-553e-4d30-abdc-252f937b8d70.png,0.7577581951509943,Facenet512,euclidean_l2,19.0,Armin Laschet
4487,cee56e1e-271c-443b-a861-5d344b3f04c8,christlichsozialeunion,Unknown,christlichsozialeunion_23-09-2021_00:00_video1.jpeg,,,,,,Unknown
4488,a326e5bd-195d-4df2-8e43-6991b07fbb9d,olafscholz,Unknown,olafscholz_26-09-2021_00:00_video8.jpeg,2ec8c611-8404-4676-9523-28f0cc6181ab.png,1.017099953871585,Facenet512,euclidean_l2,1.0,Olaf Scholz
4489,23a6e54e-c198-4868-ab12-8578295b0b9c,olafscholz,Unknown,olafscholz_26-09-2021_00:00_video8.jpeg,,,,,,Unknown
4490,221220f1-bd4b-41ae-b4a7-8252c80460fb,olafscholz,Unknown,olafscholz_26-09-2021_00:00_video8.jpeg,,,,,,Unknown
4491,c28c6acc-e200-41ad-82f5-fdffb9e2df5e,olafscholz,Olaf Scholz,olafscholz_26-09-2021_00:00_video8.jpeg,82f4d29e-1d17-4672-b015-52009fda2a23.png,0.7002875114133865,Facenet512,euclidean_l2,20.0,Olaf Scholz
4492,4e05f62e-997f-4301-93ff-a8efa3f9c657,olafscholz,Unknown,olafscholz_26-09-2021_00:00_video8.jpeg,,,,,,Unknown
4493,47fef7f6-a0bf-4fe1-9798-766917d46d96,olafscholz,Unknown,olafscholz_26-09-2021_00:00_video8.jpeg,,,,,,Unknown
4494,fbd69d2b-823d-4200-b06f-d4ccbc1ed4b3,olafscholz,Unknown,olafscholz_26-09-2021_00:00_video8.jpeg,,,,,,Unknown
4495,ce7f467e-77f9-4b2a-af31-802f400032ad,olafscholz,Unknown,olafscholz_26-09-2021_00:00_video8.jpeg,,,,,,Unknown
4496,ee258f5a-2ccd-437e-8903-3160137c6579,olafscholz,Unknown,olafscholz_26-09-2021_00:00_video8.jpeg,,,,,,Unknown
4497,3b7170b1-6dfb-44f6-82c7-bcd23a3a9083,olafscholz,Unknown,olafscholz_26-09-2021_00:00_video8.jpeg,,,,,,Unknown
4498,b218aa18-2734-4751-8a17-519e633f968b,olafscholz,Unknown,olafscholz_26-09-2021_00:00_video8.jpeg,,,,,,Unknown
4499,fc0753d6-3fd1-41d0-8703-f5ca3b138a95,olafscholz,Unknown,olafscholz_26-09-2021_00:00_video8.jpeg,,,,,,Unknown
4500,2e1e3bc2-d403-428b-86a2-aa72bba8eee6,die_gruenen,Unknown,die_gruenen_25-09-2021_00:00_video24.jpeg,,,,,,Unknown
4501,5b267874-1ed1-4634-9af2-6b8201584051,die_gruenen,Unknown,die_gruenen_25-09-2021_00:00_video24.jpeg,,,,,,Unknown
4505,6afcdec6-05e8-431b-9df2-c04a9856a7d7,christlichsozialeunion,Unknown,christlichsozialeunion_14-09-2021_00:00_video3.jpeg,,,,,,Unknown
4506,facb1370-87b4-4a77-b4ff-ad748952f06f,spdde,Unknown,spdde_23-09-2021_00:00_video1.jpeg,,,,,,Unknown
4507,9f167d83-c5b1-48a7-a2a6-b67e75a37e58,spdde,Unknown,spdde_23-09-2021_00:00_video1.jpeg,,,,,,Unknown
4508,b4d780e1-a855-4107-9c61-26af77f8f2ff,cdu,Unknown,cdu_17-09-2021_00:00_image4.jpeg,,,,,,Unknown
4509,c98efd2b-68c0-4ece-bd5d-87719d0119fe,cdu,Unknown,cdu_17-09-2021_00:00_image4.jpeg,,,,,,Unknown
4510,12fd1456-a8ed-4fa8-9418-b7d33a5fcadb,cdu,Unknown,cdu_17-09-2021_00:00_image4.jpeg,,,,,,Unknown
4511,07816ea3-f3b0-4061-93aa-09f239f49cd9,cdu,Unknown,cdu_17-09-2021_00:00_image4.jpeg,,,,,,Unknown
4512,4a87f190-47ad-406a-864c-37760822c42d,cdu,Unknown,cdu_17-09-2021_00:00_image4.jpeg,,,,,,Unknown
4513,e2c9a126-beca-4c8a-9073-8d8694087636,cdu,Unknown,cdu_17-09-2021_00:00_image4.jpeg,,,,,,Unknown
4514,c343f94d-c205-43d2-849f-0a40ca4411a4,cdu,Unknown,cdu_17-09-2021_00:00_image4.jpeg,,,,,,Unknown
4515,1e00d30d-1c14-42bb-a4ec-ee1ea4691052,cdu,Unknown,cdu_17-09-2021_00:00_image4.jpeg,,,,,,Unknown
4516,9d52df10-7618-4ea2-95e9-03a539e188f5,cdu,Unknown,cdu_17-09-2021_00:00_image4.jpeg,,,,,,Unknown
4517,cc99eef5-4369-4224-819b-34f44cafa15d,cdu,Unknown,cdu_17-09-2021_00:00_image4.jpeg,,,,,,Unknown
4518,21ad9ffd-abd3-4cb3-8c9d-2ed27c6d2856,cdu,Unknown,cdu_17-09-2021_00:00_image4.jpeg,,,,,,Unknown
4519,4743fe02-3056-4136-894a-7c1090877be3,cdu,Unknown,cdu_17-09-2021_00:00_image4.jpeg,,,,,,Unknown
4520,021b0992-27aa-4a15-8dfc-ae3f46d82f47,cdu,Unknown,cdu_17-09-2021_00:00_image4.jpeg,,,,,,Unknown
4521,cc65b94b-6e4a-48ae-8cd7-11a2b03ce336,cdu,Unknown,cdu_17-09-2021_00:00_image4.jpeg,,,,,,Unknown
4522,6e222bf2-1565-41e0-8421-a60d6f3a219c,cdu,Unknown,cdu_17-09-2021_00:00_image4.jpeg,,,,,,Unknown
4523,a5d2f36c-8512-4396-bc62-dcd0552e12d4,cdu,Unknown,cdu_17-09-2021_00:00_image4.jpeg,,,,,,Unknown
4524,3c70dd56-2a3a-4a82-bc51-1f5325f66ba8,cdu,Unknown,cdu_17-09-2021_00:00_image4.jpeg,,,,,,Unknown
4525,ff27e273-7b40-4a3f-aae6-b93ecd6bba5d,cdu,Unknown,cdu_17-09-2021_00:00_image4.jpeg,,,,,,Unknown
4526,d0cf5d2e-8bb9-44de-86d0-df0243fe40f4,abaerbock,Unknown,abaerbock_23-09-2021_00:00_image16.jpeg,,,,,,Unknown
4527,fe6b482a-c93f-41d6-9261-a09103b755ff,abaerbock,Annalena Baerbock,abaerbock_23-09-2021_00:00_image16.jpeg,,,,,,Unknown
4528,b851c246-c8e9-4b37-b2a2-dcade8186324,abaerbock,Unknown,abaerbock_23-09-2021_00:00_image16.jpeg,,,,,,Unknown
4529,943401d0-f07d-4d91-b480-c3f3b1c95cf7,abaerbock,Unknown,abaerbock_23-09-2021_00:00_image16.jpeg,,,,,,Unknown
4530,aa8571d6-aff9-4437-82c7-46370f3ace0c,abaerbock,Unknown,abaerbock_23-09-2021_00:00_image16.jpeg,,,,,,Unknown
4531,2c59b96a-7970-4354-a9d9-3427d6c20c43,abaerbock,Unknown,abaerbock_23-09-2021_00:00_image16.jpeg,,,,,,Unknown
4532,f076b899-09a2-4c1c-9728-2148b954f38f,abaerbock,Unknown,abaerbock_23-09-2021_00:00_image16.jpeg,,,,,,Unknown
4533,c895cee9-28f7-43a8-96f2-9262a0929f9e,abaerbock,Unknown,abaerbock_23-09-2021_00:00_image16.jpeg,,,,,,Unknown
4534,a598d896-c0a7-4bfd-adcd-6be70d7099b4,abaerbock,Unknown,abaerbock_23-09-2021_00:00_image16.jpeg,,,,,,Unknown
4535,6660a3b7-ae0d-46f8-a9a0-d745d0e6173c,abaerbock,Unknown,abaerbock_23-09-2021_00:00_image16.jpeg,,,,,,Unknown
4536,6927623f-8fd7-45fe-8161-f7e6ab416c63,abaerbock,Unknown,abaerbock_23-09-2021_00:00_image16.jpeg,,,,,,Unknown
4537,65e5aef5-e12c-4b35-8217-f753fc5fd476,abaerbock,Unknown,abaerbock_23-09-2021_00:00_image16.jpeg,,,,,,Unknown
4538,6603afb7-03ce-4d02-bae0-bb06d8997c09,fdp,Unknown,fdp_16-09-2021_00:00_image0.jpeg,,,,,,Unknown
4539,213ce460-0fc7-4ec3-8907-32d68086d28a,fdp,Unknown,fdp_16-09-2021_00:00_image0.jpeg,,,,,,Unknown
4543,d14f7025-e9e2-4196-8fef-59532ca78123,spdde,Unknown,spdde_22-09-2021_00:00_image0.jpeg,,,,,,Unknown
4544,76826937-a421-4c72-b63e-57c0dc91e131,markus.soeder,Markus Söder,markus.soeder_21-09-2021_00:00_video1.jpeg,,,,,,Unknown
4545,0d789b30-deff-4d06-85f6-c4551922eade,christianlindner,Christian Lindner,christianlindner_22-09-2021_00:00_image1.jpeg,lindner_christian_gross.jpeg,0.5315109757498848,Facenet512,euclidean_l2,10.0,Christian Lindner
4548,04ce109c-576c-4a2e-a580-4391ffecde8d,olafscholz,Olaf Scholz,olafscholz_25-09-2021_00:00_video1.jpeg,82f4d29e-1d17-4672-b015-52009fda2a23.png,0.9624846678185356,Facenet512,euclidean_l2,1.0,Olaf Scholz
4549,85a0db7c-e90d-4ed1-9831-84fc8c021af6,olafscholz,Unknown,olafscholz_25-09-2021_00:00_video1.jpeg,,,,,,Unknown
4550,c115f7ed-a968-44b6-9f38-29e39f42215d,olafscholz,Unknown,olafscholz_25-09-2021_00:00_video1.jpeg,,,,,,Unknown
4551,e1c42e93-8f9d-4c3a-9448-5322a50526cc,olafscholz,Unknown,olafscholz_25-09-2021_00:00_video1.jpeg,,,,,,Unknown
4552,924dc1bb-218c-424c-983a-9cc1fc8382e7,olafscholz,Unknown,olafscholz_25-09-2021_00:00_video1.jpeg,,,,,,Unknown
4553,132b1afb-5572-4f1f-a796-9927142a2e74,olafscholz,Unknown,olafscholz_25-09-2021_00:00_video1.jpeg,,,,,,Unknown
4554,a5be71ba-a56f-4ba3-b625-938d30bc2efd,olafscholz,Unknown,olafscholz_25-09-2021_00:00_video1.jpeg,,,,,,Unknown
4555,82da5705-7ace-4b9e-9151-06926a718268,olafscholz,Unknown,olafscholz_25-09-2021_00:00_video1.jpeg,,,,,,Unknown
4556,3cc6b8b1-665c-4266-a531-b649820e1fda,olafscholz,Unknown,olafscholz_25-09-2021_00:00_video1.jpeg,,,,,,Unknown
4557,61ec8c4a-4efa-46cd-82fa-a111ecc3ba7c,armin_laschet,Armin Laschet,armin_laschet_24-09-2021_00:00_image0.jpeg,d0e6d963-6d02-463b-a226-ce3f34b0fcc5.png,0.6237716978236304,Facenet512,euclidean_l2,20.0,Armin Laschet
4558,c94ef64f-15d6-4ccf-b3ab-dd18f2721d94,armin_laschet,Unknown,armin_laschet_24-09-2021_00:00_image0.jpeg,,,,,,Unknown
4565,87957dd0-0e12-48ad-8c78-1ad7305a5b01,cdu,Armin Laschet,cdu_21-09-2021_00:00_video2.jpeg,cc6b3530-cd71-4500-a5fe-d868c449b8d1.png,0.5926730898597534,Facenet512,euclidean_l2,20.0,Armin Laschet
4566,785c3386-caba-4204-9e9d-a1c114acbe4c,cdu,Armin Laschet,cdu_21-09-2021_00:00_video2.jpeg,,,,,,Unknown
4568,857a8c4e-b366-45d8-bae8-22fd47bcf8bb,armin_laschet,Unknown,armin_laschet_24-09-2021_00:00_video15.jpeg,,,,,,Unknown
4569,a9d21df7-9356-477f-b8d6-e4627bde5807,armin_laschet,Unknown,armin_laschet_24-09-2021_00:00_video15.jpeg,,,,,,Unknown
4570,685e6f5b-db3c-49a1-86d5-668dc2f5664c,armin_laschet,Unknown,armin_laschet_24-09-2021_00:00_video15.jpeg,,,,,,Unknown
4583,09ddd9c1-3f1b-475a-b2af-af1222cf49c0,abaerbock,Annalena Baerbock,abaerbock_13-09-2021_00:00_image0.jpeg,7bd1824e-e163-4963-9f53-3063e9dcc721.png,0.4122580191247825,Facenet512,euclidean_l2,13.0,Annalena Baerbock
4584,dfee3999-2285-4ab8-ba4b-8b38db9d1561,armin_laschet,Armin Laschet,armin_laschet_19-09-2021_00:00_video3.jpeg,c9b28a08-82fc-4524-9287-70b4dbc96c5b.png,0.4144226291982282,Facenet512,euclidean_l2,20.0,Armin Laschet
4585,e661db36-5b5a-4ea2-8eb2-868aca1f3a42,armin_laschet,Unknown,armin_laschet_19-09-2021_00:00_video3.jpeg,,,,,,Unknown
4586,64020e05-7c56-4b1d-a44f-935ada92f977,spdde,Unknown,spdde_14-09-2021_00:00_video4.jpeg,,,,,,Unknown
4587,17347fed-b8e0-4415-880f-cfb259a8cf0b,cdu,Unknown,cdu_17-09-2021_00:00_video1.jpeg,,,,,,Unknown
4588,cc935cec-b378-45f9-8260-7b059c9c2e61,cdu,Unknown,cdu_17-09-2021_00:00_video1.jpeg,f7a956bb-513b-4ae7-9fb0-2adc7ab25076.png,0.8842383210344951,Facenet512,euclidean_l2,12.0,Armin Laschet
4589,6ef5f43e-b42d-4e85-9186-3f26e1cac639,cdu,Unknown,cdu_17-09-2021_00:00_video1.jpeg,,,,,,Unknown
4590,1d4c198d-41cd-46cf-82b1-183bae03678d,cdu,Unknown,cdu_17-09-2021_00:00_video1.jpeg,f7a956bb-513b-4ae7-9fb0-2adc7ab25076.png,1.0017258787090115,Facenet512,euclidean_l2,2.0,Armin Laschet
4591,6686ca70-807c-49a0-b96c-a2bd2831d086,cdu,Armin Laschet,cdu_17-09-2021_00:00_video1.jpeg,laschet_armin.jpeg,0.716623040442981,Facenet512,euclidean_l2,20.0,Armin Laschet
4592,c67f0903-b4e6-4fa9-a92e-b01b7f0222a3,cdu,Unknown,cdu_17-09-2021_00:00_video1.jpeg,,,,,,Unknown
4593,68ffcb9e-33a5-4d14-af1b-f758bfd126d4,cdu,Unknown,cdu_17-09-2021_00:00_video1.jpeg,5efa5b53-ada6-486e-8b66-4c6330a71ea7.png,1.0135109599628498,Facenet512,euclidean_l2,1.0,Armin Laschet
4594,828f25fb-9b1f-4e8c-b11c-7441c8e2f959,cdu,Unknown,cdu_17-09-2021_00:00_video1.jpeg,,,,,,Unknown
4595,49705b6e-7641-4b73-ab0f-853cdbda1c20,cdu,Unknown,cdu_17-09-2021_00:00_video1.jpeg,,,,,,Unknown
4596,0860e813-d77c-4cb1-a7cd-980a6f2a777f,cdu,Unknown,cdu_17-09-2021_00:00_video1.jpeg,,,,,,Unknown
4597,cf8450d1-1be1-49e7-8ca0-1c2c4f0c3724,cdu,Armin Laschet,cdu_17-09-2021_00:00_video1.jpeg,,,,,,Unknown
4598,cc1f14a2-3102-4b21-995a-9012e34bcc58,cdu,Unknown,cdu_17-09-2021_00:00_video1.jpeg,,,,,,Unknown
4599,ffc26f8d-75c3-4d67-b901-4d525a728c8a,cdu,Unknown,cdu_17-09-2021_00:00_video1.jpeg,,,,,,Unknown
4600,5124ac7d-d8a4-497b-a68f-37ed89bf9d05,cdu,Unknown,cdu_17-09-2021_00:00_video1.jpeg,,,,,,Unknown
4601,cb3675db-d002-486d-a1ab-06704f214ebd,cdu,Unknown,cdu_17-09-2021_00:00_video1.jpeg,cc6b3530-cd71-4500-a5fe-d868c449b8d1.png,0.9714043951894312,Facenet512,euclidean_l2,6.0,Armin Laschet
4602,d7307538-a2ee-4551-8372-97b84677181f,cdu,Unknown,cdu_17-09-2021_00:00_video1.jpeg,,,,,,Unknown
4603,43f75ffc-d21f-4cd4-911a-0203cbc88c8f,cdu,Unknown,cdu_17-09-2021_00:00_video1.jpeg,,,,,,Unknown
4604,e92b5d82-7426-4a5b-842c-0ee1ebfad7cc,cdu,Unknown,cdu_17-09-2021_00:00_video1.jpeg,,,,,,Unknown
4605,a4cabf27-67ec-441e-848e-c0d580081c90,cdu,Unknown,cdu_17-09-2021_00:00_video1.jpeg,f7a956bb-513b-4ae7-9fb0-2adc7ab25076.png,0.9871606073956392,Facenet512,euclidean_l2,1.0,Armin Laschet
4606,d51e5aec-e000-409a-9ab4-91fc26569353,cdu,Unknown,cdu_17-09-2021_00:00_video1.jpeg,,,,,,Unknown
4607,91e0d6f5-2c93-48ac-b09d-bb529ef96877,cdu,Unknown,cdu_17-09-2021_00:00_video1.jpeg,,,,,,Unknown
4608,bcc34659-05a8-4d96-8da0-8e9221afe204,cdu,Unknown,cdu_17-09-2021_00:00_video1.jpeg,,,,,,Unknown
4609,0f562c19-8f7e-47ab-8e0e-7db8bdaded40,cdu,Unknown,cdu_17-09-2021_00:00_video1.jpeg,,,,,,Unknown
4610,0de0c039-edce-4d86-8a05-fb37aedf04cd,cdu,Unknown,cdu_17-09-2021_00:00_video1.jpeg,,,,,,Unknown
4611,58835bd7-6b73-4a0e-8ea8-5fd1e8da550f,cdu,Unknown,cdu_17-09-2021_00:00_video1.jpeg,,,,,,Unknown
4612,1851377c-2d15-492d-8f96-3ef0d941df67,cdu,Unknown,cdu_17-09-2021_00:00_video1.jpeg,,,,,,Unknown
4613,4b52b96e-87e9-4465-9c4f-4dc5502c8bbc,cdu,Unknown,cdu_17-09-2021_00:00_video1.jpeg,,,,,,Unknown
4614,cd3e5df9-71ae-4507-a6e3-de1080f5515e,cdu,Unknown,cdu_17-09-2021_00:00_video1.jpeg,,,,,,Unknown
4615,f168e198-0884-4974-b568-5733cf8f0b99,cdu,Unknown,cdu_17-09-2021_00:00_video1.jpeg,,,,,,Unknown
4616,2bee2fe2-9bed-49ae-88b3-97f72742a9e7,cdu,Unknown,cdu_17-09-2021_00:00_video1.jpeg,,,,,,Unknown
4617,f8ec6ff1-0182-4586-be01-30cf0bbf3c6b,cdu,Unknown,cdu_17-09-2021_00:00_video1.jpeg,,,,,,Unknown
4618,63ff0024-7814-4dd0-be82-7805ab6c14c8,cdu,Unknown,cdu_17-09-2021_00:00_video1.jpeg,,,,,,Unknown
4619,e2ffe2f6-0d28-4a2e-bb1c-efda3a0e448b,spdde,Olaf Scholz,spdde_20-09-2021_00:00_image5.jpeg,e1ab3325-0777-4d5b-8146-cbfa9ed3ffc2.png,0.2219117501721706,Facenet512,euclidean_l2,19.0,Olaf Scholz
4621,d8e51710-fa6c-436e-87f1-be1e69d3543b,armin_laschet,Armin Laschet,armin_laschet_25-09-2021_00:00_video16.jpeg,laschet_armin.jpeg,0.6583633314074367,Facenet512,euclidean_l2,20.0,Armin Laschet
4637,f2567958-ee79-4f50-b1e3-f15c3111fea5,olafscholz,Unknown,olafscholz_22-09-2021_00:00_video1.jpeg,,,,,,Unknown
4638,9e88eb2b-1aa2-49b7-8dc2-26eed6aa3b4e,olafscholz,Unknown,olafscholz_22-09-2021_00:00_video1.jpeg,,,,,,Unknown
4639,860deac7-23bb-459e-bd8b-17be11470412,olafscholz,Unknown,olafscholz_22-09-2021_00:00_video1.jpeg,,,,,,Unknown
4640,7fa2c122-1b66-47a1-bc20-376b553312b4,olafscholz,Unknown,olafscholz_22-09-2021_00:00_video1.jpeg,,,,,,Unknown
4641,b2b983ce-8601-4d6d-b19b-ce084fb39c8f,markus.soeder,Markus Söder,markus.soeder_20-09-2021_00:00_video3.jpeg,2e3825be-7e0c-4e62-b2c7-b9aea0bcb158.png,0.6441833795936938,Facenet512,euclidean_l2,13.0,Markus Söder
4642,5f5bbd29-6781-4d4e-8d56-9c74ca375eb8,armin_laschet,Armin Laschet,armin_laschet_21-09-2021_00:00_image3.jpeg,,,,,,Unknown
4643,30bc9267-0ef5-49a0-90fc-a8d74202dd37,abaerbock,Unknown,abaerbock_13-09-2021_00:00_image6.jpeg,3f3034b2-faf6-43ad-ae81-188498b8e10d.png,1.0140376708197707,Facenet512,euclidean_l2,1.0,Annalena Baerbock
4644,5624d043-f6bc-4c2b-9b2e-f0a6c0f1ae08,abaerbock,Unknown,abaerbock_13-09-2021_00:00_image6.jpeg,,,,,,Unknown
4645,97b53f36-0e2e-45d6-b4da-3fa62ea9f508,abaerbock,Unknown,abaerbock_13-09-2021_00:00_image6.jpeg,,,,,,Unknown
4646,d629633d-67f1-4087-b8e0-524a0d3ab5b9,christlichsozialeunion,Markus Söder,christlichsozialeunion_21-09-2021_00:00_video3.jpeg,,,,,,Unknown
4647,354dbfe7-c753-40f9-b650-f35aa52679d6,spdde,Unknown,spdde_20-09-2021_00:00_video2.jpeg,,,,,,Unknown
4648,31f301b0-1a6a-43ef-9313-ff3ac4639226,spdde,Unknown,spdde_20-09-2021_00:00_video2.jpeg,,,,,,Unknown
4650,ec8b4e5e-6ab8-424f-a2f6-9434ba867791,die_gruenen,Unknown,die_gruenen_23-09-2021_00:00_video0.jpeg,,,,,,Unknown
4651,14a0a0f8-f75b-48a5-9e08-8faa6d7fae85,cdu,Unknown,cdu_25-09-2021_00:00_video3.jpeg,f891fb5e-737c-4bf0-9c55-824f2cdff348.png,0.9241509988612608,Facenet512,euclidean_l2,3.0,Armin Laschet
4652,9dea4e05-eeb7-4ab0-b3cd-5d1d8a65bf37,cdu,Unknown,cdu_25-09-2021_00:00_video3.jpeg,,,,,,Unknown
4653,b8c6a410-a6f6-4c13-a992-22f422cc0d8f,cdu,Armin Laschet,cdu_25-09-2021_00:00_video3.jpeg,1bd44b42-05b1-4e5e-9ecf-b19872c3a776.png,0.7219331058687745,Facenet512,euclidean_l2,18.0,Armin Laschet
4654,0fd19c67-b818-4332-ada3-1bcd5f18e762,cdu,Unknown,cdu_25-09-2021_00:00_video3.jpeg,,,,,,Unknown
4655,b7440b59-8bfa-4ef3-9639-daad518ee2ba,cdu,Unknown,cdu_25-09-2021_00:00_video3.jpeg,,,,,,Unknown
4656,14a770de-ad68-43c3-82ae-73cbf2fa9555,cdu,Unknown,cdu_25-09-2021_00:00_video3.jpeg,,,,,,Unknown
4657,1b3eac38-44f3-4472-bfaf-8a1eafa555b1,cdu,Unknown,cdu_25-09-2021_00:00_video3.jpeg,,,,,,Unknown
4658,e66bd105-f3ca-4633-9b75-0c233721dca4,cdu,Unknown,cdu_25-09-2021_00:00_video3.jpeg,872af970-553e-4d30-abdc-252f937b8d70.png,0.951421812578106,Facenet512,euclidean_l2,1.0,Armin Laschet
4659,062b5cf9-d4da-4969-9be0-0945ba2a34d9,cdu,Unknown,cdu_25-09-2021_00:00_video3.jpeg,,,,,,Unknown
4660,0feabcf1-434a-49e7-a6c1-7fa3bc621156,cdu,Unknown,cdu_25-09-2021_00:00_video3.jpeg,,,,,,Unknown
4661,e38feb1d-5a6d-4542-9555-6d0356d9b713,cdu,Unknown,cdu_25-09-2021_00:00_video3.jpeg,,,,,,Unknown
4662,1d6f452f-c269-4994-b6be-b4837040ddc1,cdu,Unknown,cdu_25-09-2021_00:00_video3.jpeg,,,,,,Unknown
4663,dd0352a7-a27e-44b6-9d6c-4cd55f389423,cdu,Unknown,cdu_25-09-2021_00:00_video3.jpeg,,,,,,Unknown
4664,32f3c1db-8291-482d-a4f9-0961bf27c3aa,cdu,Unknown,cdu_25-09-2021_00:00_video3.jpeg,,,,,,Unknown
4665,940feb57-a1ba-4fb7-b04b-dda32acdcb12,cdu,Unknown,cdu_25-09-2021_00:00_video3.jpeg,,,,,,Unknown
4666,402487b0-48ae-4a51-b89f-13eb523af827,cdu,Unknown,cdu_25-09-2021_00:00_video3.jpeg,,,,,,Unknown
4667,542a36ed-0375-4227-a0f7-2494dab4825c,cdu,Unknown,cdu_25-09-2021_00:00_video3.jpeg,,,,,,Unknown
4668,580688a0-dd09-4d79-9e46-edbe0a889532,cdu,Unknown,cdu_25-09-2021_00:00_video3.jpeg,,,,,,Unknown
4669,f15e747b-a268-42c5-81d3-795949fd63a9,spdde,Unknown,spdde_26-09-2021_00:00_video3.jpeg,baaa081f-7a38-4907-b92b-ba3d791c4012.png,1.0301223760343068,Facenet512,euclidean_l2,1.0,Olaf Scholz
4670,f18a6b12-1f9d-414b-bd94-f87aee138309,spdde,Unknown,spdde_26-09-2021_00:00_video3.jpeg,97bef193-f3fe-4df6-b6d6-37ad2790018d.png,0.9986128446887826,Facenet512,euclidean_l2,3.0,Olaf Scholz
4671,4d11be03-913e-4c48-927a-1fcff0db7961,spdde,Unknown,spdde_26-09-2021_00:00_video3.jpeg,,,,,,Unknown
4672,f481834d-d595-4abb-b286-dae0adf472d8,spdde,Olaf Scholz,spdde_26-09-2021_00:00_video3.jpeg,cf207ba3-2a6b-42b2-b0c6-b0fb9e7532f0.png,0.6286174810289076,Facenet512,euclidean_l2,20.0,Olaf Scholz
4673,cba2ccd0-008c-4995-b9e6-50ddd5469413,spdde,Unknown,spdde_26-09-2021_00:00_video3.jpeg,,,,,,Unknown
4674,df35cb54-215b-468b-a8ae-e55cd166a94f,spdde,Unknown,spdde_26-09-2021_00:00_video3.jpeg,,,,,,Unknown
4675,e1c44e50-321b-4c6c-99af-769c8a2832b7,cdu,Armin Laschet,cdu_17-09-2021_00:00_image2.jpeg,,,,,,Unknown
4676,6328368b-4f47-497a-8d9d-069ae2235a45,cdu,Unknown,cdu_17-09-2021_00:00_image2.jpeg,5efa5b53-ada6-486e-8b66-4c6330a71ea7.png,0.9024207749024488,Facenet512,euclidean_l2,5.0,Armin Laschet
4677,03b57696-b942-47e7-ad07-18c3b3527efa,cdu,Unknown,cdu_17-09-2021_00:00_image2.jpeg,,,,,,Unknown
4678,78e93e4c-e04b-487a-94ed-fc254c5c3253,cdu,Unknown,cdu_17-09-2021_00:00_image2.jpeg,,,,,,Unknown
4679,642010c1-55d1-4f06-914e-06a5a20280ae,cdu,Unknown,cdu_17-09-2021_00:00_image2.jpeg,,,,,,Unknown
4680,fed9c899-8b4b-4361-9997-54f7e84c8c8b,cdu,Unknown,cdu_17-09-2021_00:00_image2.jpeg,,,,,,Unknown
4681,a7936aed-1fc0-4ff2-a0f6-aa8a41a3612a,cdu,Unknown,cdu_17-09-2021_00:00_image2.jpeg,,,,,,Unknown
4682,6f886186-766b-4e8a-b5cb-6a618ec04852,cdu,Unknown,cdu_17-09-2021_00:00_image2.jpeg,,,,,,Unknown
4683,407a3612-b0a7-4898-9b91-cf127a100fb8,cdu,Unknown,cdu_17-09-2021_00:00_image2.jpeg,,,,,,Unknown
4684,75d3ae76-07f3-42e2-a60a-f53841784e0a,cdu,Unknown,cdu_17-09-2021_00:00_image2.jpeg,,,,,,Unknown
4685,6ac09064-037f-495f-b7e4-ef9ee6186e57,cdu,Unknown,cdu_17-09-2021_00:00_image2.jpeg,,,,,,Unknown
4686,63c7029e-f831-49a8-a94a-f6388d309c02,cdu,Unknown,cdu_17-09-2021_00:00_image2.jpeg,,,,,,Unknown
4687,1358b4d9-5323-414c-b9eb-9861fdc1f1f0,cdu,Unknown,cdu_17-09-2021_00:00_image2.jpeg,,,,,,Unknown
4688,8bdd6b10-678a-4344-a1a4-12aa44c0f7e9,cdu,Unknown,cdu_17-09-2021_00:00_image2.jpeg,,,,,,Unknown
4689,0b93c926-e5d7-4aef-82c5-80b71aa1a76c,cdu,Unknown,cdu_17-09-2021_00:00_image2.jpeg,,,,,,Unknown
4690,74ea1d19-28f6-4b26-a838-f572f2838353,cdu,Unknown,cdu_17-09-2021_00:00_image2.jpeg,,,,,,Unknown
4691,b3563ce9-8190-40af-9e82-0cb2edefe7f1,cdu,Unknown,cdu_17-09-2021_00:00_image2.jpeg,,,,,,Unknown
4692,d0351f60-d3ef-4abd-bfd5-8f0d61ee5ad0,cdu,Unknown,cdu_17-09-2021_00:00_image2.jpeg,,,,,,Unknown
4693,74b22c27-5a51-47da-ac13-47d055151e6c,cdu,Unknown,cdu_17-09-2021_00:00_image2.jpeg,,,,,,Unknown
4694,d3aa2fbe-b58d-4e1e-857f-d685200480b4,cdu,Unknown,cdu_17-09-2021_00:00_image2.jpeg,1e103923-022b-4d3f-a32e-e9c848a00e70.png,0.84873688027077,Facenet512,euclidean_l2,18.0,Armin Laschet
4695,0e3a30be-4f42-4324-b768-b9106a368013,die_gruenen,Unknown,die_gruenen_25-09-2021_00:00_video42.jpeg,,,,,,Unknown
4696,d91ddaec-6d15-470d-b536-ddcf1b8e7b8f,die_gruenen,Unknown,die_gruenen_25-09-2021_00:00_video42.jpeg,,,,,,Unknown
4700,90834f85-f153-472f-bf08-a9daf8a36626,cdu,Armin Laschet,cdu_23-09-2021_00:00_image1.jpeg,d0e6d963-6d02-463b-a226-ce3f34b0fcc5.png,0.777994148027787,Facenet512,euclidean_l2,19.0,Armin Laschet
4701,d490b775-4441-455c-9987-5ec4049b316d,cdu,Unknown,cdu_23-09-2021_00:00_image1.jpeg,,,,,,Unknown
4702,7083f37a-ee35-4e41-9cb4-a71ce1d33b83,cdu,Unknown,cdu_23-09-2021_00:00_image1.jpeg,872af970-553e-4d30-abdc-252f937b8d70.png,1.0146826554277937,Facenet512,euclidean_l2,1.0,Armin Laschet
4703,74ae4b32-a96e-4514-b9d0-c1cd94ea7a69,cdu,Unknown,cdu_23-09-2021_00:00_image1.jpeg,,,,,,Unknown
4704,fc70faf5-e8f0-4ccd-90c7-4cf4fb91cae9,christlichsozialeunion,Unknown,christlichsozialeunion_22-09-2021_00:00_image0.jpeg,,,,,,Unknown
4707,23249ad5-7bed-4d7b-b370-f606dfa4f673,armin_laschet,Unknown,armin_laschet_23-09-2021_00:00_video5.jpeg,,,,,,Unknown
4708,e32bcd8b-5b72-41c5-8f61-07c4ebf2b944,die_gruenen,Unknown,die_gruenen_25-09-2021_00:00_video7.jpeg,,,,,,Unknown
4709,7a040bf7-2013-43eb-8333-2b494b17744b,die_gruenen,Unknown,die_gruenen_25-09-2021_00:00_video7.jpeg,,,,,,Unknown
4711,a16af26e-060d-45d6-9be9-32a281ac67e9,abaerbock,Annalena Baerbock,abaerbock_21-09-2021_00:00_image0.jpeg,b2e13edc-d8cc-4db2-9310-6924bd90b7e8.png,0.97386284868635,Facenet512,euclidean_l2,9.0,Annalena Baerbock
4716,93d64f99-3927-4b8b-851e-7d1ddfa61f75,markus.soeder,Unknown,markus.soeder_16-09-2021_00:00_video8.jpeg,,,,,,Unknown
4717,1a816a4f-0fa6-4b4b-995e-28580a692c43,markus.soeder,Unknown,markus.soeder_16-09-2021_00:00_video8.jpeg,,,,,,Unknown
4718,d2612f47-53ea-4b9a-af09-c97d25adbb71,markus.soeder,Unknown,markus.soeder_16-09-2021_00:00_video8.jpeg,,,,,,Unknown
4719,b3f51ad3-4811-4e26-b712-3b01fb5a2318,markus.soeder,Unknown,markus.soeder_16-09-2021_00:00_video8.jpeg,,,,,,Unknown
4720,f4b4dc03-54a3-4836-8e89-892fad639678,markus.soeder,Unknown,markus.soeder_16-09-2021_00:00_video8.jpeg,,,,,,Unknown
4721,49813aee-a3a2-4c95-9ee9-a75e48b95eaf,markus.soeder,Unknown,markus.soeder_16-09-2021_00:00_video8.jpeg,,,,,,Unknown
4722,ae3db632-03fb-4b3a-bf15-412266ef7c38,markus.soeder,Unknown,markus.soeder_20-09-2021_00:00_image0.jpeg,,,,,,Unknown
4723,6909e6af-075c-4848-af1d-c92227e57dc4,markus.soeder,Markus Söder,markus.soeder_20-09-2021_00:00_image0.jpeg,,,,,,Unknown
4724,9cdeb771-d14a-4a6d-8d2a-58f55e64a4da,markus.soeder,Markus Söder,markus.soeder_20-09-2021_00:00_image0.jpeg,d58b66d8-f621-4c58-9284-a999f266986a.png,0.9607386664632954,Facenet512,euclidean_l2,4.0,Markus Söder
4725,fcf8dc98-3d8d-44b6-b46f-efbfcbfc21c5,markus.soeder,Unknown,markus.soeder_20-09-2021_00:00_image0.jpeg,,,,,,Unknown
4741,dab49f95-e429-4be0-92ea-489b74155971,cdu,Unknown,cdu_20-09-2021_00:00_image0.jpeg,,,,,,Unknown
4742,2b106934-af77-44ea-abd3-075d766a7df2,cdu,Unknown,cdu_20-09-2021_00:00_image0.jpeg,,,,,,Unknown
4743,630e3f5b-954c-43ea-8b77-7991a3bc7b80,cdu,Unknown,cdu_20-09-2021_00:00_image0.jpeg,,,,,,Unknown
4744,c9e8b055-efb8-476b-a7d0-7c316e6ed001,cdu,Unknown,cdu_20-09-2021_00:00_image0.jpeg,,,,,,Unknown
4745,6f3b3186-a1b1-45a5-b579-f62a0a89d4e6,cdu,Unknown,cdu_20-09-2021_00:00_image0.jpeg,,,,,,Unknown
4746,5724a5a8-f581-4c29-9d65-566da7e1f2dc,cdu,Unknown,cdu_20-09-2021_00:00_image0.jpeg,,,,,,Unknown
4747,7d5a835c-318e-4dc2-810a-828d312ad786,cdu,Unknown,cdu_20-09-2021_00:00_image0.jpeg,,,,,,Unknown
4748,be829d68-38b1-40d4-b68c-9d18b13317f6,cdu,Unknown,cdu_20-09-2021_00:00_image0.jpeg,,,,,,Unknown
4749,e0cbcd98-e471-4fe6-9aa4-7001e725d7d9,armin_laschet,Unknown,armin_laschet_18-09-2021_00:00_video0.jpeg,,,,,,Unknown
4750,1852a18a-548c-4cd4-9312-b697056805d3,armin_laschet,Unknown,armin_laschet_18-09-2021_00:00_video0.jpeg,6b5fba44-8fb8-4e07-98e3-960e82e765a9.png,0.9946682812411488,Facenet512,euclidean_l2,1.0,Armin Laschet
4751,ce5fd2ed-7d7a-456d-a00f-6ab1d37e19b2,armin_laschet,Unknown,armin_laschet_18-09-2021_00:00_video0.jpeg,,,,,,Unknown
4752,380e3ed8-8589-4ba0-b259-38d9c0993726,armin_laschet,Unknown,armin_laschet_18-09-2021_00:00_video0.jpeg,,,,,,Unknown
4753,be0ea61b-a7a4-491f-a9a5-7ed22d075192,armin_laschet,Unknown,armin_laschet_18-09-2021_00:00_video0.jpeg,,,,,,Unknown
4754,155f84c5-df69-45f2-8f10-d91a6248fe27,armin_laschet,Unknown,armin_laschet_18-09-2021_00:00_video0.jpeg,,,,,,Unknown
4755,8cfc2024-de4d-4320-995c-3d9e840b514e,armin_laschet,Unknown,armin_laschet_18-09-2021_00:00_video0.jpeg,,,,,,Unknown
4756,52062c8d-5206-4301-9438-cf6cf97aa868,armin_laschet,Unknown,armin_laschet_18-09-2021_00:00_video0.jpeg,,,,,,Unknown
4757,2776ef1f-1176-4000-8051-c846a89c8014,christianlindner,Unknown,christianlindner_26-09-2021_00:00_image2.jpeg,,,,,,Unknown
4758,58e568e6-b62f-4fb5-926d-760a11739eae,christianlindner,Unknown,christianlindner_26-09-2021_00:00_image2.jpeg,,,,,,Unknown
4759,91378d18-08e8-4b32-b2fe-c78bccad2195,christianlindner,Unknown,christianlindner_26-09-2021_00:00_image2.jpeg,,,,,,Unknown
4760,e6f74cdf-d432-4cc2-bbc2-21030e06b2e1,christianlindner,Unknown,christianlindner_26-09-2021_00:00_image2.jpeg,,,,,,Unknown
4761,ffc867a5-0537-4284-82d0-421b98ed4844,christianlindner,Unknown,christianlindner_26-09-2021_00:00_image2.jpeg,,,,,,Unknown
4762,e352be14-c0ae-40d4-a783-f580839625a2,christianlindner,Unknown,christianlindner_26-09-2021_00:00_image2.jpeg,,,,,,Unknown
4763,af39dbef-c9bf-4a1e-8a5b-f71f89165a7d,christianlindner,Unknown,christianlindner_26-09-2021_00:00_image2.jpeg,,,,,,Unknown
4764,56bf2289-59d8-453b-ac8a-2d18a92db12b,christianlindner,Unknown,christianlindner_26-09-2021_00:00_image2.jpeg,,,,,,Unknown
4765,fdfdf381-a6e1-43a2-993d-b8bc4c1deb4f,christianlindner,Unknown,christianlindner_26-09-2021_00:00_image2.jpeg,,,,,,Unknown
4766,5baa3a7f-8b7b-4b92-b0be-790dc5848433,christianlindner,Unknown,christianlindner_26-09-2021_00:00_image2.jpeg,,,,,,Unknown
4767,3635d320-0060-45f3-8bb8-b5b30e4f0856,christianlindner,Unknown,christianlindner_26-09-2021_00:00_image2.jpeg,b2b81709-caad-45cc-b632-78901d5ab389.png,1.0161384292933908,Facenet512,euclidean_l2,1.0,Christian Lindner
4768,f0003efa-e992-4ba2-a77e-048d98522984,christianlindner,Unknown,christianlindner_26-09-2021_00:00_image2.jpeg,,,,,,Unknown
4769,cb149659-4cf5-4503-a9d0-26014cd6e95a,christianlindner,Unknown,christianlindner_26-09-2021_00:00_image2.jpeg,,,,,,Unknown
4770,384e8f92-92f9-4b87-92fc-b746d6da7d5d,christianlindner,Unknown,christianlindner_26-09-2021_00:00_image2.jpeg,,,,,,Unknown
4771,4841f8ec-e8ba-4f7d-af49-058c648ad4e6,christianlindner,Unknown,christianlindner_26-09-2021_00:00_image2.jpeg,,,,,,Unknown
4772,6afee96b-5e59-41c4-a5a3-65087fce3645,christianlindner,Unknown,christianlindner_26-09-2021_00:00_image2.jpeg,,,,,,Unknown
4773,3660fbce-f352-4a0a-928e-e3b655e0b973,christianlindner,Christian Lindner,christianlindner_26-09-2021_00:00_image2.jpeg,d9fbc863-1aed-44af-8419-b4d18c9b5d48.png,1.0381055227210416,Facenet512,euclidean_l2,2.0,Christian Lindner
4774,ade4fada-ec64-4bfc-a668-fda1ed89ba87,christianlindner,Unknown,christianlindner_26-09-2021_00:00_image2.jpeg,d9fbc863-1aed-44af-8419-b4d18c9b5d48.png,0.9771718137472972,Facenet512,euclidean_l2,2.0,Christian Lindner
4775,a4e4f1de-c3b5-471b-89b3-2d80d2a2f591,christianlindner,Unknown,christianlindner_26-09-2021_00:00_image2.jpeg,,,,,,Unknown
4776,f6b16e0e-ed55-4636-b15d-5b2117624beb,christianlindner,Unknown,christianlindner_26-09-2021_00:00_image2.jpeg,,,,,,Unknown
4777,d3023e7a-5921-4003-ab8b-a2a0b43cdc4d,christianlindner,Unknown,christianlindner_26-09-2021_00:00_image2.jpeg,,,,,,Unknown
4778,eee7d815-67ff-494a-9f30-c9919c16d6e1,christianlindner,Unknown,christianlindner_26-09-2021_00:00_image2.jpeg,,,,,,Unknown
4779,1944d9ae-1db3-49df-b516-02670d9c4819,christianlindner,Unknown,christianlindner_26-09-2021_00:00_image2.jpeg,,,,,,Unknown
4780,b65201cb-b700-421c-aee1-c4cd03507849,christianlindner,Unknown,christianlindner_26-09-2021_00:00_image2.jpeg,,,,,,Unknown
4781,5a0e8976-011a-483e-8e93-a340a5a87e25,christianlindner,Unknown,christianlindner_26-09-2021_00:00_image2.jpeg,,,,,,Unknown
4782,87b3995b-5b7e-4b42-bb09-6ab03746c9b2,christianlindner,Unknown,christianlindner_26-09-2021_00:00_image2.jpeg,,,,,,Unknown
4783,94b1af22-1a3f-4543-af4a-1e35ed9fd855,christianlindner,Unknown,christianlindner_26-09-2021_00:00_image2.jpeg,,,,,,Unknown
4784,6ee5e4f5-5e92-42d4-8abc-fda5cce477aa,christianlindner,Unknown,christianlindner_26-09-2021_00:00_image2.jpeg,,,,,,Unknown
4785,f3ad0ad0-6281-4c94-87d5-00082b4274c8,christianlindner,Unknown,christianlindner_26-09-2021_00:00_image2.jpeg,,,,,,Unknown
4786,742accfc-1246-41b1-b89a-c05235690dde,christianlindner,Unknown,christianlindner_26-09-2021_00:00_image2.jpeg,,,,,,Unknown
4787,c7780dd8-2e08-46ad-98a5-e961f791f1c3,christianlindner,Unknown,christianlindner_26-09-2021_00:00_image2.jpeg,,,,,,Unknown
4788,89d1276d-0fec-4f46-b6b3-7b573898d6e3,christianlindner,Unknown,christianlindner_26-09-2021_00:00_image2.jpeg,,,,,,Unknown
4789,9b7fb2c8-ca30-4274-bae3-4954d4ed2a3d,christianlindner,Unknown,christianlindner_26-09-2021_00:00_image2.jpeg,,,,,,Unknown
4790,fc98005a-a75d-4035-9970-fd775a59ee79,christianlindner,Unknown,christianlindner_26-09-2021_00:00_image2.jpeg,,,,,,Unknown
4791,c713e2af-8a24-4997-82e3-c00dafe99fcf,christianlindner,Unknown,christianlindner_26-09-2021_00:00_image2.jpeg,,,,,,Unknown
4792,6c698cbd-6a2a-4ba0-b365-37a665c0567c,christianlindner,Unknown,christianlindner_26-09-2021_00:00_image2.jpeg,,,,,,Unknown
4793,2afc60e4-4ab1-4d36-9d0a-e47aa78003cc,christianlindner,Unknown,christianlindner_26-09-2021_00:00_image2.jpeg,,,,,,Unknown
4794,ac85c20e-d1be-4a9e-82c9-640a79698909,christianlindner,Unknown,christianlindner_26-09-2021_00:00_image2.jpeg,,,,,,Unknown
4795,d9629b08-1b0e-415a-a73b-a8563738e216,christianlindner,Unknown,christianlindner_26-09-2021_00:00_image2.jpeg,,,,,,Unknown
4798,12dbcc6c-c77b-4474-af65-0b03ee78d804,die_gruenen,Unknown,die_gruenen_25-09-2021_00:00_video19.jpeg,,,,,,Unknown
4799,acc7f114-4a21-465e-9960-30202fbccc51,die_gruenen,Unknown,die_gruenen_25-09-2021_00:00_video19.jpeg,,,,,,Unknown
4800,1a23e4de-6e4a-45df-a684-5596f388a9ff,die_gruenen,Unknown,die_gruenen_25-09-2021_00:00_video19.jpeg,,,,,,Unknown
4801,e1aaf54e-40df-4b4e-9d80-fc3a74965a45,die_gruenen,Unknown,die_gruenen_25-09-2021_00:00_video19.jpeg,,,,,,Unknown
4802,b825446d-a5de-4b31-a599-a99f9101e306,markus.soeder,Unknown,markus.soeder_25-09-2021_00:00_video1.jpeg,,,,,,Unknown
4803,dd09853a-f565-470c-ba8a-9a4d50638847,markus.soeder,Markus Söder,markus.soeder_25-09-2021_00:00_video1.jpeg,d58b66d8-f621-4c58-9284-a999f266986a.png,0.2629337068846352,Facenet512,euclidean_l2,13.0,Markus Söder
4804,d1efd554-2229-4ce5-997d-81f822d36ad3,markus.soeder,Unknown,markus.soeder_25-09-2021_00:00_video1.jpeg,,,,,,Unknown
4805,85e14988-965d-4d94-bc53-175c41e4b45a,fdp,Christian Lindner,fdp_19-09-2021_00:00_video0.jpeg,aba5bb44-8485-4f0d-9b60-c596194fa33b.png,0.6097588297503237,Facenet512,euclidean_l2,10.0,Christian Lindner
4806,7eceb3ab-b8ef-4fba-82ed-92858355ba50,olafscholz,Unknown,olafscholz_13-09-2021_00:00_video5.jpeg,,,,,,Unknown
4807,b924edae-8a82-4484-9530-2279a54b1690,olafscholz,Unknown,olafscholz_13-09-2021_00:00_video5.jpeg,,,,,,Unknown
4810,d408e6d8-8d8d-4846-a6c3-af157b34b10d,spdde,Unknown,spdde_18-09-2021_00:00_video3.jpeg,,,,,,Unknown
4811,b286a4d8-f0f9-40f5-b326-8195efdbab98,fdp,Christian Lindner,fdp_14-09-2021_00:00_image0.jpeg,lindner_christian_gross.jpeg,0.671681748842666,Facenet512,euclidean_l2,10.0,Christian Lindner
4812,02e59b81-de70-41db-a38b-ae209169f834,fdp,Unknown,fdp_14-09-2021_00:00_image0.jpeg,b2b81709-caad-45cc-b632-78901d5ab389.png,0.950131793661818,Facenet512,euclidean_l2,1.0,Christian Lindner
4813,68e0b4f3-72e4-4d33-96ee-623c2716606b,fdp,Unknown,fdp_14-09-2021_00:00_image0.jpeg,,,,,,Unknown
4814,b8b85e51-8455-4b69-a431-60953bd894f7,fdp,Unknown,fdp_14-09-2021_00:00_image0.jpeg,,,,,,Unknown
4815,724ed048-b2ae-4d13-85ce-f845a12939b8,fdp,Christian Lindner,fdp_14-09-2021_00:00_image0.jpeg,,,,,,Unknown
4816,5ac98319-365f-4165-a6cc-018b8752fa8a,christlichsozialeunion,Unknown,christlichsozialeunion_18-09-2021_00:00_video2.jpeg,,,,,,Unknown
4817,ae70cdb6-5dca-4f72-aa84-536fcbe32348,christlichsozialeunion,Unknown,christlichsozialeunion_18-09-2021_00:00_video2.jpeg,,,,,,Unknown
4818,6ca784e6-7abf-41c6-a1d5-a76c72415d15,christlichsozialeunion,Markus Söder,christlichsozialeunion_18-09-2021_00:00_video2.jpeg,,,,,,Unknown
4819,3cf2c90f-a6fd-4489-8a40-95f563543f3a,christlichsozialeunion,Unknown,christlichsozialeunion_18-09-2021_00:00_video2.jpeg,,,,,,Unknown
4820,0b997226-9f4c-44d7-aa18-1f14679d7a6f,christlichsozialeunion,Markus Söder,christlichsozialeunion_18-09-2021_00:00_video2.jpeg,,,,,,Unknown
4821,19c610e1-4d45-4c1b-a06a-f7b24701b413,christlichsozialeunion,Unknown,christlichsozialeunion_18-09-2021_00:00_video2.jpeg,,,,,,Unknown
4822,069d24e4-6408-4abe-979d-61150bdaa663,christianlindner,Unknown,christianlindner_20-09-2021_00:00_video4.jpeg,,,,,,Unknown
4823,f4724210-7d22-4fb9-98e7-82cf12744c49,christianlindner,Unknown,christianlindner_20-09-2021_00:00_video4.jpeg,,,,,,Unknown
4824,1df56f86-feca-43ac-a2ec-7b96dfe1e303,christianlindner,Unknown,christianlindner_20-09-2021_00:00_video4.jpeg,,,,,,Unknown
4825,fe8b3acc-09da-4c9e-8c57-539c868f00ec,christianlindner,Unknown,christianlindner_20-09-2021_00:00_video4.jpeg,,,,,,Unknown
4826,6f4fd2c2-072e-4cb5-968e-1101a247aa66,christianlindner,Unknown,christianlindner_20-09-2021_00:00_video4.jpeg,,,,,,Unknown
4827,dc37cd61-913c-4800-b293-c93b5e0955dc,christianlindner,Unknown,christianlindner_20-09-2021_00:00_video4.jpeg,,,,,,Unknown
4828,d856560e-bcf7-4de7-be2b-ed87414b57da,christianlindner,Unknown,christianlindner_20-09-2021_00:00_video4.jpeg,,,,,,Unknown
4829,62b97964-3317-4723-9755-39b1f15f5690,christianlindner,Unknown,christianlindner_20-09-2021_00:00_video4.jpeg,,,,,,Unknown
4830,b82d0de8-2960-4cd5-a9dd-c4b571233d0c,christianlindner,Unknown,christianlindner_20-09-2021_00:00_video4.jpeg,,,,,,Unknown
4831,c059f375-a398-4fcc-98ea-3c110f6c6ae1,christianlindner,Unknown,christianlindner_20-09-2021_00:00_video4.jpeg,,,,,,Unknown
4832,d656a5d3-9614-4c0f-8e81-1f42f6cf4b5d,christianlindner,Unknown,christianlindner_20-09-2021_00:00_video4.jpeg,,,,,,Unknown
4833,f47920bf-b2e8-4ad7-adaa-3d11c1bbad99,christianlindner,Unknown,christianlindner_20-09-2021_00:00_video4.jpeg,,,,,,Unknown
4834,87255ee2-7ebd-48a5-99a7-d1a545d99f1f,christianlindner,Unknown,christianlindner_20-09-2021_00:00_video4.jpeg,,,,,,Unknown
4835,5b375355-5988-4243-a67f-4fa4743c225c,christianlindner,Unknown,christianlindner_20-09-2021_00:00_video4.jpeg,,,,,,Unknown
4836,3ce9606c-6a99-49cc-ae16-7a3ff13ddd29,christianlindner,Unknown,christianlindner_20-09-2021_00:00_video4.jpeg,,,,,,Unknown
4837,58e35fb0-ef21-4c2d-9138-165af851d7f1,christianlindner,Unknown,christianlindner_20-09-2021_00:00_video4.jpeg,,,,,,Unknown
4838,43761b96-c52f-4612-97f7-e602b8040295,christianlindner,Unknown,christianlindner_20-09-2021_00:00_video4.jpeg,,,,,,Unknown
4839,10523c28-b292-4899-8f18-c756d89cc40d,christianlindner,Unknown,christianlindner_20-09-2021_00:00_video4.jpeg,,,,,,Unknown
4840,71c1f032-d74c-40ba-a5d2-3ff6b9fb46dd,christianlindner,Unknown,christianlindner_20-09-2021_00:00_video4.jpeg,,,,,,Unknown
4841,01af8030-fa27-4591-b2ae-b187a613883c,christianlindner,Unknown,christianlindner_20-09-2021_00:00_video4.jpeg,,,,,,Unknown
4842,5478bebd-a5cb-4354-9740-bc2eee324b2e,christianlindner,Unknown,christianlindner_20-09-2021_00:00_video4.jpeg,,,,,,Unknown
4843,ceb79579-8658-4b8f-8e42-ce315976d4e2,christianlindner,Unknown,christianlindner_20-09-2021_00:00_video4.jpeg,,,,,,Unknown
4844,e8e31431-e2cf-46d0-b4bd-a4667a705960,christianlindner,Unknown,christianlindner_20-09-2021_00:00_video4.jpeg,,,,,,Unknown
4845,ec0cc7e5-1e26-4589-89bd-47f17480b873,christianlindner,Unknown,christianlindner_20-09-2021_00:00_video4.jpeg,,,,,,Unknown
4846,282fe525-8b98-467e-a66d-5c7f37192220,christianlindner,Unknown,christianlindner_20-09-2021_00:00_video4.jpeg,,,,,,Unknown
4847,adebf1e6-b2f1-4b7f-95e3-a7fe2568ecd3,christianlindner,Unknown,christianlindner_20-09-2021_00:00_video4.jpeg,,,,,,Unknown
4848,9f28eaca-cd93-4d1d-92eb-3c92cc5948cc,christianlindner,Unknown,christianlindner_20-09-2021_00:00_video4.jpeg,,,,,,Unknown
4849,9f4501e9-cf12-473b-9f68-a7c0e8d4229a,christianlindner,Unknown,christianlindner_20-09-2021_00:00_video4.jpeg,,,,,,Unknown
4850,72092695-3677-4588-b21c-6b030003298d,christianlindner,Unknown,christianlindner_20-09-2021_00:00_video4.jpeg,,,,,,Unknown
4851,8f5dbdd2-497e-4aaa-81de-fd121042e24b,christianlindner,Unknown,christianlindner_20-09-2021_00:00_video4.jpeg,,,,,,Unknown
4852,739e230b-c206-493b-8875-dbab6dc35c61,christianlindner,Unknown,christianlindner_20-09-2021_00:00_video4.jpeg,,,,,,Unknown
4853,6f878a86-ed58-401d-93c0-98673ee8d7f7,christianlindner,Unknown,christianlindner_20-09-2021_00:00_video4.jpeg,,,,,,Unknown
4854,8cf8e446-a6e9-4aa3-ac1c-c01363d1afab,christianlindner,Unknown,christianlindner_20-09-2021_00:00_video4.jpeg,,,,,,Unknown
4855,dca96c47-92cb-45f1-9fde-9cf77fead3a7,christianlindner,Unknown,christianlindner_20-09-2021_00:00_video4.jpeg,,,,,,Unknown
4856,f323d2c0-3897-4f47-86cd-a0179b31d27a,christianlindner,Unknown,christianlindner_20-09-2021_00:00_video4.jpeg,,,,,,Unknown
4857,921002ff-9ad8-4147-81c3-70479b7b7f02,christianlindner,Unknown,christianlindner_20-09-2021_00:00_video4.jpeg,,,,,,Unknown
4858,a4c9d9e1-5d7b-4250-b108-356e7a25311e,christianlindner,Unknown,christianlindner_20-09-2021_00:00_video4.jpeg,,,,,,Unknown
4859,75ee29f9-98bd-4dc0-93a7-0dc5ed178495,christianlindner,Unknown,christianlindner_20-09-2021_00:00_video4.jpeg,,,,,,Unknown
4860,cd6a26e0-d9cb-45e4-83d3-308b3701b520,christianlindner,Unknown,christianlindner_20-09-2021_00:00_video4.jpeg,,,,,,Unknown
4861,0de6f997-f210-42f7-b780-e79d7be5a70e,christianlindner,Unknown,christianlindner_20-09-2021_00:00_video4.jpeg,,,,,,Unknown
4862,4090938f-ab1b-4d8f-9142-b110833904a8,christianlindner,Unknown,christianlindner_20-09-2021_00:00_video4.jpeg,,,,,,Unknown
4863,64f9dd1f-0567-46ba-af84-ad57f937cdbf,die_gruenen,Unknown,die_gruenen_25-09-2021_00:00_video18.jpeg,,,,,,Unknown
4864,ea625f81-b9f5-4362-a013-b8838651b1ec,die_gruenen,Unknown,die_gruenen_25-09-2021_00:00_video18.jpeg,,,,,,Unknown
4865,1b44d470-a746-49bc-aa40-0a4055d4c0d6,die_gruenen,Unknown,die_gruenen_25-09-2021_00:00_video18.jpeg,,,,,,Unknown
4866,bdd7c9ea-8fc1-45b0-88b7-40bb4b597a35,die_gruenen,Unknown,die_gruenen_25-09-2021_00:00_video18.jpeg,,,,,,Unknown
4867,2eb6e0e1-4277-4aed-83f0-6328253d0df1,die_gruenen,Annalena Baerbock,die_gruenen_25-09-2021_00:00_video18.jpeg,,,,,,Unknown
4868,996dcaca-3f7d-4f13-87ae-c3a936a41481,spdde,Unknown,spdde_13-09-2021_00:00_video8.jpeg,,,,,,Unknown
4869,f2db6f0e-07a5-410d-9764-4c33d6d65571,olafscholz,Olaf Scholz,olafscholz_20-09-2021_00:00_video4.jpeg,91d6fa25-3671-4110-8beb-1c3296cdf4d0.png,0.5383387786574643,Facenet512,euclidean_l2,20.0,Olaf Scholz
4872,88ee60ab-455c-48f6-8a4f-81c98af7cf95,cdu,Unknown,cdu_23-09-2021_00:00_video2.jpeg,,,,,,Unknown
4873,f73b6ac6-87da-4c2d-962c-a7818d36a5fa,cdu,Unknown,cdu_23-09-2021_00:00_video2.jpeg,,,,,,Unknown
4874,d1338895-8893-445e-a9f7-f64634d17aae,cdu,Unknown,cdu_23-09-2021_00:00_video2.jpeg,,,,,,Unknown
4875,12a69164-c7ae-4627-9391-82933ac91113,armin_laschet,Armin Laschet,armin_laschet_16-09-2021_00:00_image1.jpeg,,,,,,Unknown
4876,8c97d4fa-f3db-44be-9745-1c93329ee81d,abaerbock,Unknown,abaerbock_21-09-2021_00:00_video1.jpeg,,,,,,Unknown
4877,0f532b01-414d-4923-b538-e2d95475c366,cdu,Armin Laschet,cdu_26-09-2021_00:00_image0.jpeg,,,,,,Unknown
4878,20371314-901e-4a5c-adc0-57b1ebe1f981,cdu,Unknown,cdu_26-09-2021_00:00_image0.jpeg,,,,,,Unknown
4879,028515f4-51fc-4d46-8a5c-05b23ca5f273,cdu,Unknown,cdu_26-09-2021_00:00_image0.jpeg,,,,,,Unknown
4880,3d701ec8-97fc-44a0-b2d6-e6b53a8fc93a,cdu,Unknown,cdu_26-09-2021_00:00_image0.jpeg,,,,,,Unknown
4881,f1ba86fd-dae8-4725-9185-25aa93b6ecad,cdu,Unknown,cdu_26-09-2021_00:00_image0.jpeg,,,,,,Unknown
4882,6aaeb062-e765-4c03-be94-c58114947092,cdu,Unknown,cdu_26-09-2021_00:00_image0.jpeg,,,,,,Unknown
4883,244f5015-aede-4daf-ba13-2c31bd1f243a,cdu,Unknown,cdu_26-09-2021_00:00_image0.jpeg,,,,,,Unknown
4884,848a7c74-5957-4d94-b10c-493f2a5fd831,cdu,Unknown,cdu_26-09-2021_00:00_image0.jpeg,,,,,,Unknown
4885,f5bb74dd-c54f-4900-a578-feba55ffeead,cdu,Unknown,cdu_26-09-2021_00:00_image0.jpeg,,,,,,Unknown
4886,93a35592-47a5-41d1-9006-9aacb08fa3c0,cdu,Unknown,cdu_26-09-2021_00:00_image0.jpeg,,,,,,Unknown
4887,ad6f52fa-f654-4bf6-aa8b-90f8efa80634,olafscholz,Unknown,olafscholz_21-09-2021_00:00_image0.jpeg,,,,,,Unknown
4888,d1b928de-7035-4180-bbbf-65fe1786a4ca,olafscholz,Olaf Scholz,olafscholz_21-09-2021_00:00_image0.jpeg,7283a49c-fba4-43e9-9a0b-a767ea44c1c0.png,0.1725662240086819,Facenet512,euclidean_l2,20.0,Olaf Scholz
4889,5e1ef9cb-9d87-4fc1-b0d5-bde490cec7e0,olafscholz,Unknown,olafscholz_21-09-2021_00:00_image0.jpeg,,,,,,Unknown
4890,047a263d-931f-460a-bef6-821402d0a1e2,armin_laschet,Armin Laschet,armin_laschet_25-09-2021_00:00_video1.jpeg,7cdeee40-f222-4b03-a819-4db32fc47d20.png,0.7730747167329953,Facenet512,euclidean_l2,20.0,Armin Laschet
4898,44a91499-74f7-49ee-9cf2-e061d74a8df7,armin_laschet,Unknown,armin_laschet_24-09-2021_00:00_video9.jpeg,,,,,,Unknown
4899,0d62793d-26e2-494d-8d09-86800619de98,armin_laschet,Armin Laschet,armin_laschet_24-09-2021_00:00_video9.jpeg,,,,,,Unknown
4900,246f026a-24c9-4539-94a8-cc7177db3838,armin_laschet,Unknown,armin_laschet_24-09-2021_00:00_video9.jpeg,,,,,,Unknown
4901,9b7cfa45-734f-4b54-9b7f-93c52b7f9b3c,armin_laschet,Unknown,armin_laschet_24-09-2021_00:00_video9.jpeg,,,,,,Unknown
4903,3ed779c8-fc8f-4491-94e1-a3d64e6e15b6,christlichsozialeunion,Unknown,christlichsozialeunion_23-09-2021_00:00_image3.jpeg,,,,,,Unknown
4904,c1d0b3e0-b446-47a6-be02-36abd84bf0a9,abaerbock,Annalena Baerbock,abaerbock_22-09-2021_00:00_image14.jpeg,,,,,,Unknown
4905,d98e18f8-d2ad-4638-b19d-16a06bb5a210,abaerbock,Unknown,abaerbock_22-09-2021_00:00_image14.jpeg,,,,,,Unknown
4923,b1e6b4bb-2223-45ab-9231-bbf84857cd69,armin_laschet,Unknown,armin_laschet_24-09-2021_00:00_video11.jpeg,,,,,,Unknown
4924,263208f0-2218-49e5-9efc-cfc17ff15cee,armin_laschet,Unknown,armin_laschet_24-09-2021_00:00_video11.jpeg,,,,,,Unknown
4925,fd629d55-b69f-4904-b296-2f49931fb832,armin_laschet,Unknown,armin_laschet_24-09-2021_00:00_video11.jpeg,,,,,,Unknown
4926,86d008c3-4d4a-4686-bcf7-0c2476d64fe4,armin_laschet,Armin Laschet,armin_laschet_24-09-2021_00:00_video11.jpeg,,,,,,Unknown
4928,fc6757d1-af8a-4b46-82aa-4f863e808e90,spdde,Unknown,spdde_14-09-2021_00:00_video3.jpeg,,,,,,Unknown
4929,f0c563a4-fb26-4cb1-a893-5e11c1bd9503,die_gruenen,Unknown,die_gruenen_25-09-2021_00:00_video26.jpeg,,,,,,Unknown
4930,275d250f-0809-44b5-b32e-f40158531ca9,die_gruenen,Unknown,die_gruenen_25-09-2021_00:00_video26.jpeg,,,,,,Unknown
4931,780d9515-8f1b-41f7-aa61-df0a984cfa31,die_gruenen,Unknown,die_gruenen_25-09-2021_00:00_video26.jpeg,,,,,,Unknown
4932,79dda7e4-59cd-4975-a92f-be3e1bee6ba0,die_gruenen,Unknown,die_gruenen_25-09-2021_00:00_video26.jpeg,,,,,,Unknown
4933,f3ff6eb6-b42d-44d8-a309-cf863a37e8bf,christlichsozialeunion,Unknown,christlichsozialeunion_17-09-2021_00:00_video3.jpeg,,,,,,Unknown
4934,989f2a7c-ae89-4806-83a0-582e2ec5698b,die_gruenen,Unknown,die_gruenen_17-09-2021_00:00_video4.jpeg,,,,,,Unknown
4937,aaed4da4-5de4-4ba0-94f5-24fff8fb4919,olafscholz,Olaf Scholz,olafscholz_26-09-2021_00:00_video0.jpeg,82f4d29e-1d17-4672-b015-52009fda2a23.png,0.8895726709872313,Facenet512,euclidean_l2,10.0,Olaf Scholz
4938,f97e69b7-645d-42d1-bb06-de395522a200,olafscholz,Unknown,olafscholz_26-09-2021_00:00_video0.jpeg,,,,,,Unknown
4939,1213fa4d-a4d6-414d-b673-49140f38be39,olafscholz,Unknown,olafscholz_26-09-2021_00:00_video0.jpeg,,,,,,Unknown
4940,e79e4991-2326-4f9e-b6d8-7fae6b3bb3dc,olafscholz,Unknown,olafscholz_26-09-2021_00:00_video0.jpeg,,,,,,Unknown
4941,8fed3080-bef7-4194-a57a-898ddeefc0ed,olafscholz,Unknown,olafscholz_26-09-2021_00:00_video0.jpeg,,,,,,Unknown
4942,23a0cb00-6407-4d6e-8db9-9fbc29f6b208,abaerbock,Annalena Baerbock,abaerbock_14-09-2021_00:00_image14.jpeg,,,,,,Unknown
4943,5b1724e4-0317-41cb-8c8a-f281c355999d,armin_laschet,Armin Laschet,armin_laschet_26-09-2021_00:00_video4.jpeg,b95e4651-bf56-4f12-8d9c-4defe1aef9b0.png,0.4312817494714832,Facenet512,euclidean_l2,20.0,Armin Laschet
4948,83dc72c1-bb4c-45ae-a5a8-7ddaba3d4506,christianlindner,Christian Lindner,christianlindner_24-09-2021_00:00_image3.jpeg,5205147b-735d-4b16-bcea-782557b41eb2.png,0.9576863538163416,Facenet512,euclidean_l2,2.0,Christian Lindner
4949,0520e1c5-5c44-45cf-a47a-660a481220cc,christianlindner,Unknown,christianlindner_24-09-2021_00:00_image3.jpeg,,,,,,Unknown
4950,74eaef61-5559-4bc9-a930-b4fcaf03d6bd,christianlindner,Unknown,christianlindner_24-09-2021_00:00_image3.jpeg,,,,,,Unknown
4951,fbfe7956-9b96-4f6b-a2ce-8cfc150e537f,christianlindner,Unknown,christianlindner_24-09-2021_00:00_image3.jpeg,,,,,,Unknown
4952,9e232a17-467b-4bfa-83c6-4e82f96ea238,christianlindner,Unknown,christianlindner_24-09-2021_00:00_image3.jpeg,,,,,,Unknown
4953,680a401c-b2b7-4c2f-8856-bbac8b7e6bcb,christianlindner,Christian Lindner,christianlindner_24-09-2021_00:00_image3.jpeg,,,,,,Unknown
4954,8792bdc7-c70a-4bf1-9d92-dcd5bfb62b0d,christianlindner,Unknown,christianlindner_24-09-2021_00:00_image3.jpeg,,,,,,Unknown
4955,b6cfe57e-9d46-4e9f-98e6-e761f4fbc587,christlichsozialeunion,Unknown,christlichsozialeunion_20-09-2021_00:00_video4.jpeg,,,,,,Unknown
4956,20f03aed-e32f-424d-be9c-9931691ac0e4,christlichsozialeunion,Unknown,christlichsozialeunion_20-09-2021_00:00_video4.jpeg,,,,,,Unknown
4957,bd329f4c-c851-4f98-9c50-bcd3b8b18c9b,christlichsozialeunion,Markus Söder,christlichsozialeunion_20-09-2021_00:00_video4.jpeg,,,,,,Unknown
4962,aa1ad364-0e48-41ed-bc9a-a75865bb69aa,cdu,Unknown,cdu_13-09-2021_00:00_image0.jpeg,,,,,,Unknown
4963,d755ebb3-8fb2-48f1-838b-1f1b3d518eaf,cdu,Unknown,cdu_13-09-2021_00:00_image0.jpeg,,,,,,Unknown
4964,499a517e-54f6-4503-aa8e-a712c3da12f7,cdu,Unknown,cdu_13-09-2021_00:00_image0.jpeg,,,,,,Unknown
4965,39e921c0-8387-4b1a-96a6-b2f7dbc85f66,cdu,Unknown,cdu_13-09-2021_00:00_image0.jpeg,,,,,,Unknown
4966,51bdd428-771f-4e74-bdba-11b558fe0d10,cdu,Unknown,cdu_13-09-2021_00:00_image0.jpeg,,,,,,Unknown
4967,067643cc-0e81-46c6-96e1-50df50baafce,cdu,Unknown,cdu_13-09-2021_00:00_image0.jpeg,,,,,,Unknown
4968,a7447d32-2797-497d-8621-a901ebe3e241,cdu,Unknown,cdu_13-09-2021_00:00_image0.jpeg,,,,,,Unknown
4969,dce4f859-649b-4563-a0c2-d3323b319380,cdu,Unknown,cdu_13-09-2021_00:00_image0.jpeg,,,,,,Unknown
4970,57061922-139a-42c2-933c-918d9956a810,die_gruenen,Unknown,die_gruenen_17-09-2021_00:00_image1.jpeg,d0023ba3-e826-4b9e-9f82-cd652ea335bd.png,1.0281598639085998,Facenet512,euclidean_l2,3.0,Annalena Baerbock
4971,fcf89a5d-f033-4204-9e42-c86bd84c4d08,abaerbock,Annalena Baerbock,abaerbock_13-09-2021_00:00_image2.jpeg,8ecf25a6-4fe7-4768-ab40-bbf7ce516bd2.png,0.6298837288117614,Facenet512,euclidean_l2,13.0,Annalena Baerbock
4972,d4fc0ce2-622b-4d2d-81aa-827fa97da943,olafscholz,Olaf Scholz,olafscholz_18-09-2021_00:00_video7.jpeg,fb89d12e-d3a5-48c2-b506-eca8454e847b.png,0.4031674077646439,Facenet512,euclidean_l2,20.0,Olaf Scholz
4975,a389083c-3e12-4791-92e5-2b08de976447,christlichsozialeunion,Unknown,christlichsozialeunion_23-09-2021_00:00_video2.jpeg,,,,,,Unknown
4979,47143414-4d6c-4ea3-99ab-b87dd950e922,armin_laschet,Armin Laschet,armin_laschet_20-09-2021_00:00_video1.jpeg,b95e4651-bf56-4f12-8d9c-4defe1aef9b0.png,0.3477298564618923,Facenet512,euclidean_l2,20.0,Armin Laschet
4984,74a9b379-baf9-43c7-950b-007ba0567af6,cdu,Unknown,cdu_23-09-2021_00:00_video13.jpeg,,,,,,Unknown
4985,d84ea514-5005-465d-9540-5b05a9d5bcdc,cdu,Unknown,cdu_23-09-2021_00:00_video13.jpeg,,,,,,Unknown
4986,4cd14df9-8982-4c6a-b799-8281a919cd3f,cdu,Armin Laschet,cdu_23-09-2021_00:00_video13.jpeg,,,,,,Unknown
4987,32607dc0-34f2-4d91-b806-9981e1ed9e42,cdu,Unknown,cdu_23-09-2021_00:00_video13.jpeg,,,,,,Unknown
4988,c1284020-afa0-4e7d-b816-6e66e4917272,cdu,Unknown,cdu_23-09-2021_00:00_video13.jpeg,,,,,,Unknown
4989,fa6f2c3f-8ec2-403c-9671-dedbeedc15ef,cdu,Unknown,cdu_23-09-2021_00:00_video13.jpeg,,,,,,Unknown
5023,4956f184-15ca-4431-b645-e47b4d21278e,christianlindner,Unknown,christianlindner_18-09-2021_00:00_image2.jpeg,,,,,,Unknown
5024,8e774dd2-3c73-47ff-b042-17386191a9a3,christianlindner,Unknown,christianlindner_18-09-2021_00:00_image2.jpeg,,,,,,Unknown
5025,15371f65-6371-4c65-a343-f712603609ef,christianlindner,Unknown,christianlindner_18-09-2021_00:00_image2.jpeg,,,,,,Unknown
5026,1a620c80-3709-4208-8e9e-87273769c9fc,christianlindner,Unknown,christianlindner_18-09-2021_00:00_image2.jpeg,,,,,,Unknown
5027,0345cb4b-41e4-4c7c-bac7-48a894b3d2be,die_gruenen,Unknown,die_gruenen_23-09-2021_00:00_video3.jpeg,,,,,,Unknown
5031,d0454a2e-e507-4742-afd6-7581454d8fcb,armin_laschet,Unknown,armin_laschet_17-09-2021_00:00_image7.jpeg,,,,,,Unknown
5032,76507372-47c3-4baa-8d70-058da0281554,armin_laschet,Unknown,armin_laschet_17-09-2021_00:00_image7.jpeg,5efa5b53-ada6-486e-8b66-4c6330a71ea7.png,0.9264543841161892,Facenet512,euclidean_l2,4.0,Armin Laschet
5033,86f43341-4251-4025-8208-010b2721bcc4,armin_laschet,Armin Laschet,armin_laschet_17-09-2021_00:00_image7.jpeg,,,,,,Unknown
5034,7a839491-8cf5-40fc-bf9c-3c2e3564bb7e,armin_laschet,Unknown,armin_laschet_17-09-2021_00:00_image7.jpeg,,,,,,Unknown
5035,2615f4ba-7590-4de5-a5f5-418985acf94d,armin_laschet,Unknown,armin_laschet_17-09-2021_00:00_image7.jpeg,,,,,,Unknown
5036,8831828d-6db2-4abd-8ce8-2396ff8b10be,armin_laschet,Unknown,armin_laschet_17-09-2021_00:00_image7.jpeg,,,,,,Unknown
5037,eba5da23-c08e-4eb5-84ba-e9f826574ccc,armin_laschet,Unknown,armin_laschet_17-09-2021_00:00_image7.jpeg,,,,,,Unknown
5038,b85fa1c0-9ec6-4dab-96b5-e81db978461d,armin_laschet,Unknown,armin_laschet_17-09-2021_00:00_image7.jpeg,,,,,,Unknown
5039,a03b360a-bf45-4d73-a0c3-965d6b624afd,armin_laschet,Unknown,armin_laschet_17-09-2021_00:00_image7.jpeg,,,,,,Unknown
5040,9754633f-6e1f-4b19-bebf-ecb0e32b4631,armin_laschet,Unknown,armin_laschet_17-09-2021_00:00_image7.jpeg,,,,,,Unknown
5041,32178792-48b5-4266-bfad-5f08e86b5454,armin_laschet,Unknown,armin_laschet_17-09-2021_00:00_image7.jpeg,,,,,,Unknown
5042,dab61c3b-4e26-4d87-a74b-75b5d631e330,armin_laschet,Unknown,armin_laschet_17-09-2021_00:00_image7.jpeg,,,,,,Unknown
5043,6a5abf0a-ccfc-47d4-b699-273b32c2d327,armin_laschet,Unknown,armin_laschet_17-09-2021_00:00_image7.jpeg,,,,,,Unknown
5044,bf8acfb1-d8b8-4bd8-93b6-5406b01420d5,armin_laschet,Unknown,armin_laschet_17-09-2021_00:00_image7.jpeg,,,,,,Unknown
5045,1fc76e36-90a8-41d5-8418-63097c117b48,armin_laschet,Unknown,armin_laschet_17-09-2021_00:00_image7.jpeg,,,,,,Unknown
5046,788e3d15-a5e9-4e21-91c9-1d290c56e444,armin_laschet,Unknown,armin_laschet_17-09-2021_00:00_image7.jpeg,,,,,,Unknown
5047,a57226bd-2128-430d-830e-2b1cf8bc650f,armin_laschet,Unknown,armin_laschet_17-09-2021_00:00_image7.jpeg,,,,,,Unknown
5048,9a7b7f53-caaa-485a-b331-c3824d40de16,armin_laschet,Unknown,armin_laschet_17-09-2021_00:00_image7.jpeg,,,,,,Unknown
5051,ebfe4b55-4123-40be-89fd-1cc016385635,die_gruenen,Unknown,die_gruenen_13-09-2021_00:00_image3.jpeg,,,,,,Unknown
5052,416b4546-7fa8-4dcf-9c3c-699e8be2e349,die_gruenen,Unknown,die_gruenen_13-09-2021_00:00_image3.jpeg,,,,,,Unknown
5053,7f3f9b26-6eb0-4b0c-a9aa-18ae08c94f75,cdu,Unknown,cdu_20-09-2021_00:00_video9.jpeg,,,,,,Unknown
5085,00b1577d-895c-4c24-bfd3-82910ac57ee4,olafscholz,Unknown,olafscholz_18-09-2021_00:00_video8.jpeg,,,,,,Unknown
5086,e865d73e-2908-46b0-b716-1d2481ba3b18,olafscholz,Olaf Scholz,olafscholz_18-09-2021_00:00_video8.jpeg,9bc42743-ba76-4b29-8ae3-88daa99f6988.png,0.7536061584506454,Facenet512,euclidean_l2,18.0,Olaf Scholz
5087,6b973c2c-b04c-4eb3-aa41-93d069d90619,olafscholz,Unknown,olafscholz_18-09-2021_00:00_video8.jpeg,,,,,,Unknown
5088,d7af0523-8465-4aea-8bdc-06c35196ef49,olafscholz,Unknown,olafscholz_18-09-2021_00:00_video8.jpeg,,,,,,Unknown
5089,a9e07f7a-ebe9-438c-9768-c61faa1452ca,armin_laschet,Armin Laschet,armin_laschet_23-09-2021_00:00_image1.jpeg,5efa5b53-ada6-486e-8b66-4c6330a71ea7.png,0.7083051427601125,Facenet512,euclidean_l2,15.0,Armin Laschet
5090,a1f5a326-3f7e-4f3f-82f7-091dc3af3b25,armin_laschet,Unknown,armin_laschet_23-09-2021_00:00_image6.jpeg,1f347af9-a36f-4727-923b-4c1a1e934ab9.png,1.0149060928904503,Facenet512,euclidean_l2,2.0,Armin Laschet
5091,2a80502b-982c-486e-a5cc-ed4973f04953,armin_laschet,Unknown,armin_laschet_23-09-2021_00:00_image6.jpeg,7cdeee40-f222-4b03-a819-4db32fc47d20.png,0.9852558551557372,Facenet512,euclidean_l2,1.0,Armin Laschet
5092,be35f7a1-2253-4581-8d43-76b99ff330fc,armin_laschet,Unknown,armin_laschet_23-09-2021_00:00_image6.jpeg,,,,,,Unknown
5093,8c20f194-85d2-4abc-b5b2-878b9dc9be64,armin_laschet,Unknown,armin_laschet_23-09-2021_00:00_image6.jpeg,,,,,,Unknown
5094,a8f7d81f-62ae-476b-a014-a0219ac40398,armin_laschet,Unknown,armin_laschet_23-09-2021_00:00_image6.jpeg,,,,,,Unknown
5095,98055379-e9cc-4e7d-a14d-d3bf5bd3ca29,armin_laschet,Unknown,armin_laschet_23-09-2021_00:00_image6.jpeg,,,,,,Unknown
5096,55cfe655-4fcc-47a2-bbe9-f7e637e7dd2d,armin_laschet,Unknown,armin_laschet_23-09-2021_00:00_image6.jpeg,,,,,,Unknown
5097,db6949fd-a31b-444c-8381-02c7f0cfa3bb,armin_laschet,Unknown,armin_laschet_23-09-2021_00:00_image6.jpeg,,,,,,Unknown
5098,b91997ba-1df2-42d9-aac0-c8cdf12ce828,armin_laschet,Unknown,armin_laschet_23-09-2021_00:00_image6.jpeg,d0e6d963-6d02-463b-a226-ce3f34b0fcc5.png,1.025333588101985,Facenet512,euclidean_l2,1.0,Armin Laschet
5099,224fbd5a-988a-4110-8234-343a78437d22,armin_laschet,Armin Laschet,armin_laschet_23-09-2021_00:00_image6.jpeg,c1a12a4c-30ca-47ec-b1c5-11409ded5262.png,0.7391645084323731,Facenet512,euclidean_l2,19.0,Armin Laschet
5100,d0c4530c-f8f7-4d1f-9c61-1ad3d3aca0ae,armin_laschet,Unknown,armin_laschet_23-09-2021_00:00_image6.jpeg,,,,,,Unknown
5101,5762d9b5-edc9-4a79-990d-e84d2d0cb71b,armin_laschet,Unknown,armin_laschet_23-09-2021_00:00_image6.jpeg,,,,,,Unknown
5102,eb9505d7-cfcb-476d-85b1-738ba91b9594,armin_laschet,Unknown,armin_laschet_23-09-2021_00:00_image6.jpeg,,,,,,Unknown
5103,e75d2d50-1034-4eda-8ee8-b82d0e9adeab,armin_laschet,Unknown,armin_laschet_23-09-2021_00:00_image6.jpeg,,,,,,Unknown
5104,196558ca-0a49-4671-9522-c0254ddb1847,armin_laschet,Unknown,armin_laschet_23-09-2021_00:00_image6.jpeg,,,,,,Unknown
5105,0e6ca075-d875-4f83-9000-a14bc129fb8d,armin_laschet,Unknown,armin_laschet_23-09-2021_00:00_image6.jpeg,,,,,,Unknown
5106,946ccafb-aca4-4b79-8996-a5c75152fccf,armin_laschet,Unknown,armin_laschet_23-09-2021_00:00_image6.jpeg,,,,,,Unknown
5107,bb339ed1-2938-4897-82b5-442ba811b91a,armin_laschet,Unknown,armin_laschet_23-09-2021_00:00_image6.jpeg,,,,,,Unknown
5108,e1536753-27d0-4899-afb2-c3b81643f367,armin_laschet,Unknown,armin_laschet_23-09-2021_00:00_image6.jpeg,,,,,,Unknown
5109,8e92d885-2f4e-4d7e-9902-aa66bfc38377,armin_laschet,Unknown,armin_laschet_23-09-2021_00:00_image6.jpeg,,,,,,Unknown
5110,6aef1d92-1203-469d-a17e-7ab2a30606c9,armin_laschet,Unknown,armin_laschet_23-09-2021_00:00_image6.jpeg,,,,,,Unknown
5111,7a62bdfe-2bee-4450-9439-056c2cb695b8,armin_laschet,Unknown,armin_laschet_23-09-2021_00:00_image6.jpeg,,,,,,Unknown
5112,253f6472-66c2-4739-8d1c-dc0e752e2926,armin_laschet,Unknown,armin_laschet_23-09-2021_00:00_image6.jpeg,,,,,,Unknown
5113,1e6f7a72-73be-4299-b713-f45ed52bdb6c,armin_laschet,Unknown,armin_laschet_23-09-2021_00:00_image6.jpeg,,,,,,Unknown
5114,cc357050-869f-47a8-a063-9e4477765453,cdu,Unknown,cdu_25-09-2021_00:00_video5.jpeg,,,,,,Unknown
5140,ee862786-3808-474c-add1-637a2286fd0c,spdde,Olaf Scholz,spdde_19-09-2021_00:00_video8.jpeg,,,,,,Unknown
5141,49161de2-46fb-4660-bd6a-8aa04486a48c,armin_laschet,Unknown,armin_laschet_26-09-2021_00:00_video6.jpeg,,,,,,Unknown
5142,af52fde6-d8f3-468a-ad68-164d463b5143,armin_laschet,Armin Laschet,armin_laschet_26-09-2021_00:00_video6.jpeg,,,,,,Unknown
5143,924f0024-f885-444b-9fdf-773a6b25c41a,olafscholz,Unknown,olafscholz_21-09-2021_00:00_video2.jpeg,,,,,,Unknown
5144,85ded70c-85a1-409e-9253-b51e710e4991,olafscholz,Olaf Scholz,olafscholz_21-09-2021_00:00_video2.jpeg,scholz_olaf.jpeg,0.647193797535505,Facenet512,euclidean_l2,20.0,Olaf Scholz
5145,29cc8dd3-d404-46d8-9b1b-2a67ddfe3cb2,olafscholz,Unknown,olafscholz_21-09-2021_00:00_video2.jpeg,,,,,,Unknown
5146,73b31ba0-1461-4771-a29e-d08c8e1d6bfd,cdu,Unknown,cdu_22-09-2021_00:00_video1.jpeg,,,,,,Unknown
5147,66245471-aad3-448e-a3a3-ad29bcf881e6,cdu,Unknown,cdu_22-09-2021_00:00_video1.jpeg,,,,,,Unknown
5148,f62d801d-c3e6-4be9-a076-4c486171d1a1,cdu,Armin Laschet,cdu_22-09-2021_00:00_video1.jpeg,,,,,,Unknown
5149,c019302e-cb7e-4c00-adbe-691b5090501f,cdu,Unknown,cdu_22-09-2021_00:00_video1.jpeg,,,,,,Unknown
5150,3ef73279-e6ff-4590-b20c-b2ca657a648e,abaerbock,Unknown,abaerbock_17-09-2021_00:00_image1.jpeg,,,,,,Unknown
5153,8a31206f-7868-4952-a3ea-9a863594fd9f,christianlindner,Christian Lindner,christianlindner_25-09-2021_00:00_image6.jpeg,aba5bb44-8485-4f0d-9b60-c596194fa33b.png,0.4289642095484126,Facenet512,euclidean_l2,10.0,Christian Lindner
5154,dd58a194-c41f-4cd1-9e95-14945aa583c1,christianlindner,Christian Lindner,christianlindner_25-09-2021_00:00_image6.jpeg,,,,,,Unknown
5155,8ac02472-d952-4b08-9a67-fb9db9be99ea,christianlindner,Unknown,christianlindner_25-09-2021_00:00_image6.jpeg,,,,,,Unknown
5156,5ec70440-80af-448d-8a3b-4cd11d5f3fe8,cdu,Unknown,cdu_23-09-2021_00:00_video11.jpeg,,,,,,Unknown
5157,1508e151-3914-44cf-beca-83c494a00308,cdu,Unknown,cdu_23-09-2021_00:00_video11.jpeg,,,,,,Unknown
5158,38e10f5d-a08f-4658-86e9-51edb7118562,cdu,Armin Laschet,cdu_23-09-2021_00:00_video11.jpeg,,,,,,Unknown
5159,bcb85b00-0786-44f4-85ae-70362e6454c6,cdu,Armin Laschet,cdu_20-09-2021_00:00_video21.jpeg,,,,,,Unknown
5160,9a83cb10-e5ef-45c9-9dd1-2bc60fb6684a,cdu,Unknown,cdu_20-09-2021_00:00_video21.jpeg,,,,,,Unknown
5161,2f1d161b-14fb-4476-9e79-79759079ffd3,cdu,Unknown,cdu_20-09-2021_00:00_video21.jpeg,,,,,,Unknown
5162,311158ee-278d-40dd-953d-bdfed517f04c,armin_laschet,Unknown,armin_laschet_14-09-2021_00:00_image1.jpeg,,,,,,Unknown
5163,33b6c4a2-2614-498b-8d51-1ccd755e137b,armin_laschet,Armin Laschet,armin_laschet_14-09-2021_00:00_image1.jpeg,872af970-553e-4d30-abdc-252f937b8d70.png,1.029899278800828,Facenet512,euclidean_l2,1.0,Armin Laschet
5164,77327625-acae-4451-bc1d-bb2478421e61,armin_laschet,Armin Laschet,armin_laschet_14-09-2021_00:00_image1.jpeg,,,,,,Unknown
5165,334a8164-dc2a-4629-8a3d-c3fb32ece752,armin_laschet,Unknown,armin_laschet_14-09-2021_00:00_image1.jpeg,,,,,,Unknown
5167,7385a82e-a44a-47fa-8131-521333c9ad32,christlichsozialeunion,Markus Söder,christlichsozialeunion_24-09-2021_00:00_video0.jpeg,983080ac-9963-4313-84db-4ad3649257da.png,0.5713901689309815,Facenet512,euclidean_l2,13.0,Markus Söder
5173,e5d6889d-6935-4992-ad44-dca2b262f2c6,christlichsozialeunion,Unknown,christlichsozialeunion_23-09-2021_00:00_image2.jpeg,,,,,,Unknown
5174,05f8653c-5ed3-4a63-9c00-b48f8b53f74f,christlichsozialeunion,Unknown,christlichsozialeunion_23-09-2021_00:00_image2.jpeg,,,,,,Unknown
5175,144ba6c4-6042-4c4e-8113-dd8b15c7a610,die_gruenen,Unknown,die_gruenen_25-09-2021_00:00_video15.jpeg,820608e2-840e-4850-b527-36c922284188.png,1.0235447170326413,Facenet512,euclidean_l2,1.0,Annalena Baerbock
5180,263a0b8a-0ec7-4c55-ae61-e97ebd47dff3,abaerbock,Unknown,abaerbock_26-09-2021_00:00_video1.jpeg,,,,,,Unknown
5181,80eeea04-b8b6-4ccb-aab6-027e17bb5fd5,abaerbock,Annalena Baerbock,abaerbock_26-09-2021_00:00_video1.jpeg,,,,,,Unknown
5197,05505a0a-919c-4f22-acb1-e052e2260289,armin_laschet,Armin Laschet,armin_laschet_13-09-2021_00:00_image2.jpeg,f891fb5e-737c-4bf0-9c55-824f2cdff348.png,0.6128261530508008,Facenet512,euclidean_l2,20.0,Armin Laschet
5198,4803b2d7-4d54-4dca-baf6-12702877c53c,abaerbock,Unknown,abaerbock_23-09-2021_00:00_image0.jpeg,,,,,,Unknown
5199,c34d5904-73d7-4db6-a33d-755d5d107019,abaerbock,Annalena Baerbock,abaerbock_23-09-2021_00:00_image0.jpeg,,,,,,Unknown
5200,53facf7e-0a5b-41f1-82b2-9561db485460,spdde,Unknown,spdde_19-09-2021_00:00_video4.jpeg,,,,,,Unknown
5207,90f478c0-2ae4-4e03-91f0-78b871f28151,christlichsozialeunion,Unknown,christlichsozialeunion_17-09-2021_00:00_video2.jpeg,,,,,,Unknown
5208,3e5d330b-8512-485e-8a70-edc3322068d7,christlichsozialeunion,Unknown,christlichsozialeunion_17-09-2021_00:00_video2.jpeg,,,,,,Unknown
5209,f6962ca8-d843-461c-93f8-7818af6061ec,christlichsozialeunion,Unknown,christlichsozialeunion_17-09-2021_00:00_video2.jpeg,983080ac-9963-4313-84db-4ad3649257da.png,1.0333336323446591,Facenet512,euclidean_l2,1.0,Markus Söder
5210,f01e323c-2205-475d-865f-653a08c1dae4,christlichsozialeunion,Unknown,christlichsozialeunion_17-09-2021_00:00_video2.jpeg,,,,,,Unknown
5211,985112ac-8fef-4f3e-831d-f674850b1a03,christlichsozialeunion,Unknown,christlichsozialeunion_17-09-2021_00:00_video2.jpeg,,,,,,Unknown
5212,7e03e1ed-7b0d-4f34-afcd-be728489754b,christlichsozialeunion,Unknown,christlichsozialeunion_17-09-2021_00:00_video2.jpeg,,,,,,Unknown
5215,dd6ed406-9547-460e-a706-d395ca905119,cdu,Unknown,cdu_16-09-2021_00:00_video8.jpeg,,,,,,Unknown
5217,381bffef-20a4-4169-aecf-f7319cf03055,markus.soeder,Markus Söder,markus.soeder_24-09-2021_00:00_image5.jpeg,e673e074-b17d-46b3-a482-2f69bca15936.png,0.5991901234196048,Facenet512,euclidean_l2,13.0,Markus Söder
5219,096780c9-4eed-4abb-aebf-efec976882bd,armin_laschet,Armin Laschet,armin_laschet_18-09-2021_00:00_image1.jpeg,laschet_armin.jpeg,0.7280270802785647,Facenet512,euclidean_l2,20.0,Armin Laschet
5248,cf1fb890-8c51-4aa9-a644-0009e3c3b3c0,die_gruenen,Unknown,die_gruenen_17-09-2021_00:00_video7.jpeg,,,,,,Unknown
5249,4bc0586d-ab36-4a58-91bd-bcf783578a9c,die_gruenen,Unknown,die_gruenen_13-09-2021_00:00_video11.jpeg,,,,,,Unknown
5250,0acd072c-0499-4b44-8474-68c0d9c5baa8,die_gruenen,Unknown,die_gruenen_13-09-2021_00:00_video11.jpeg,,,,,,Unknown
5251,3035faef-c20e-40f9-b8be-5a06bc019fbb,die_gruenen,Unknown,die_gruenen_13-09-2021_00:00_video11.jpeg,,,,,,Unknown
5252,1436c1b5-9f68-437e-a97b-e7151dc3ff84,armin_laschet,Unknown,armin_laschet_19-09-2021_00:00_image4.jpeg,,,,,,Unknown
5253,7e018090-a8a7-44ee-ac2e-9f110aa1dc36,armin_laschet,Unknown,armin_laschet_19-09-2021_00:00_image4.jpeg,,,,,,Unknown
5254,4fd89664-6399-429f-a361-dd4e18de372b,armin_laschet,Unknown,armin_laschet_19-09-2021_00:00_image4.jpeg,,,,,,Unknown
5255,4b0e9138-03b8-490c-aebb-02b235b8ce37,armin_laschet,Unknown,armin_laschet_19-09-2021_00:00_image4.jpeg,,,,,,Unknown
5256,47d92bda-d63d-4d96-8321-a70f28db51d8,armin_laschet,Unknown,armin_laschet_19-09-2021_00:00_image4.jpeg,,,,,,Unknown
5257,15c6befd-552f-45da-adab-b01e8e5364df,armin_laschet,Unknown,armin_laschet_19-09-2021_00:00_image4.jpeg,,,,,,Unknown
5258,5d5bfeb9-170f-4b4e-b709-2a64c00335c0,armin_laschet,Armin Laschet,armin_laschet_19-09-2021_00:00_image4.jpeg,5efa5b53-ada6-486e-8b66-4c6330a71ea7.png,0.3008876369909066,Facenet512,euclidean_l2,20.0,Armin Laschet
5259,cc3e6101-7f10-45fd-b35d-ce5888c9aa4e,armin_laschet,Unknown,armin_laschet_19-09-2021_00:00_image4.jpeg,,,,,,Unknown
5260,33c366de-6122-4140-bf95-b191dc1f4157,armin_laschet,Unknown,armin_laschet_19-09-2021_00:00_image4.jpeg,,,,,,Unknown
5261,9d2b4f5a-0606-4d7c-b63b-16d17096ea4a,armin_laschet,Unknown,armin_laschet_19-09-2021_00:00_image4.jpeg,,,,,,Unknown
5262,3cdbdefd-14f2-4449-8328-5cf484942f38,armin_laschet,Unknown,armin_laschet_19-09-2021_00:00_image4.jpeg,,,,,,Unknown
5263,635f44d4-6149-4608-9856-70d638ee9050,armin_laschet,Unknown,armin_laschet_19-09-2021_00:00_image4.jpeg,,,,,,Unknown
5264,206e93a4-4553-4e3e-99c9-3fe26ad7d8a2,armin_laschet,Unknown,armin_laschet_19-09-2021_00:00_image4.jpeg,,,,,,Unknown
5265,d3d9d321-2ce5-4b73-94d6-f5ba867fe075,armin_laschet,Unknown,armin_laschet_19-09-2021_00:00_image4.jpeg,,,,,,Unknown
5266,0193add7-0945-4a0f-ae3f-513599ea6121,armin_laschet,Unknown,armin_laschet_19-09-2021_00:00_image4.jpeg,,,,,,Unknown
5267,3dc66af8-6ee5-4af8-a35c-3775fdf5f5c2,armin_laschet,Unknown,armin_laschet_19-09-2021_00:00_image4.jpeg,,,,,,Unknown
5268,d892ec78-29a4-440b-a65a-3e0089b1ba14,armin_laschet,Unknown,armin_laschet_19-09-2021_00:00_image4.jpeg,,,,,,Unknown
5269,a4fd011c-14e7-4acf-930a-8c3ce53e0dda,armin_laschet,Unknown,armin_laschet_19-09-2021_00:00_image4.jpeg,,,,,,Unknown
5273,754dcb48-2e98-4d40-a186-c1963bded77f,die_gruenen,Unknown,die_gruenen_25-09-2021_00:00_video17.jpeg,,,,,,Unknown
5274,4a56ee7d-d372-4aa0-9c43-39e90a3653c9,die_gruenen,Unknown,die_gruenen_25-09-2021_00:00_video17.jpeg,,,,,,Unknown
5275,9d88e65d-7c78-4fa6-9e2a-eab88dc007ba,die_gruenen,Unknown,die_gruenen_25-09-2021_00:00_video17.jpeg,,,,,,Unknown
5276,0796f262-9751-46b2-a9a7-e159cecc5165,die_gruenen,Unknown,die_gruenen_25-09-2021_00:00_video17.jpeg,,,,,,Unknown
5277,ce769be1-3dc4-4536-8043-8a55facee31e,spdde,Olaf Scholz,spdde_24-09-2021_00:00_video2.jpeg,04a53ef1-618b-4c9c-97a8-a1187a75c05c.png,0.7208222035854754,Facenet512,euclidean_l2,17.0,Olaf Scholz
5278,39ba3494-2797-438d-af76-7ab243c980fb,olafscholz,Unknown,olafscholz_16-09-2021_00:00_video0.jpeg,,,,,,Unknown
5279,1a734eae-407e-4105-9c51-46c44f99b400,armin_laschet,Unknown,armin_laschet_16-09-2021_00:00_video3.jpeg,,,,,,Unknown
5280,18427d9a-afb6-486d-90f7-57f82fb4cfd5,armin_laschet,Unknown,armin_laschet_16-09-2021_00:00_video3.jpeg,,,,,,Unknown
5281,8f2ab8a2-4910-4f16-9f7f-b97c0e2df1af,armin_laschet,Unknown,armin_laschet_16-09-2021_00:00_video3.jpeg,,,,,,Unknown
5282,2bf002d1-f6a5-4d30-a0cf-4adf8d3bfd00,armin_laschet,Unknown,armin_laschet_16-09-2021_00:00_video3.jpeg,,,,,,Unknown
5283,754a84c2-6215-402c-b8be-cade08205a5f,armin_laschet,Unknown,armin_laschet_16-09-2021_00:00_video3.jpeg,,,,,,Unknown
5284,85f760e1-ae77-4439-8eed-b01681571a8e,armin_laschet,Unknown,armin_laschet_16-09-2021_00:00_video3.jpeg,,,,,,Unknown
5285,2ad0d02e-2868-40b0-90f4-e46f8edf7ee4,armin_laschet,Unknown,armin_laschet_16-09-2021_00:00_video3.jpeg,,,,,,Unknown
5286,d0685569-204b-4a57-aec8-243628109bba,armin_laschet,Unknown,armin_laschet_16-09-2021_00:00_video3.jpeg,,,,,,Unknown
5287,66306a9b-75dc-402f-84e8-1fb89e5f9fbf,armin_laschet,Unknown,armin_laschet_16-09-2021_00:00_video3.jpeg,,,,,,Unknown
5288,45cce78b-e219-4ac0-933d-1f77d485d4a9,armin_laschet,Unknown,armin_laschet_16-09-2021_00:00_video3.jpeg,,,,,,Unknown
5289,840d50f8-872d-4fb3-8c9b-d85a4397b7d2,armin_laschet,Unknown,armin_laschet_16-09-2021_00:00_video3.jpeg,,,,,,Unknown
5290,8b2c34e5-063f-447f-bf43-be39304bda93,armin_laschet,Unknown,armin_laschet_16-09-2021_00:00_video3.jpeg,,,,,,Unknown
5291,cbfd3275-e1cb-48b0-bc5f-e898db4c1a24,abaerbock,Unknown,abaerbock_17-09-2021_00:00_video1.jpeg,,,,,,Unknown
5292,d7ce6811-8c12-4e62-a594-3479436c07a7,abaerbock,Unknown,abaerbock_17-09-2021_00:00_video1.jpeg,,,,,,Unknown
5293,16dc69e2-644e-469e-8977-9f856aeeb122,abaerbock,Unknown,abaerbock_17-09-2021_00:00_video1.jpeg,,,,,,Unknown
5294,fa888280-2005-4194-a2a8-4dba7f561937,abaerbock,Unknown,abaerbock_17-09-2021_00:00_video1.jpeg,,,,,,Unknown
5295,88be06a0-629c-4c30-b2d9-217a139b40f1,die_gruenen,Unknown,die_gruenen_25-09-2021_00:00_video33.jpeg,820608e2-840e-4850-b527-36c922284188.png,1.0356216451477829,Facenet512,euclidean_l2,1.0,Annalena Baerbock
5296,d51d6096-0ebb-4334-811e-a703971200b8,olafscholz,Olaf Scholz,olafscholz_26-09-2021_00:00_image4.jpeg,82f4d29e-1d17-4672-b015-52009fda2a23.png,0.5891765267876855,Facenet512,euclidean_l2,20.0,Olaf Scholz
5297,82592295-623d-46c1-8da3-151e8fec718f,spdde,Unknown,spdde_25-09-2021_00:00_video11.jpeg,,,,,,Unknown
5298,61e6038e-1fc4-413b-b4ae-92b5a31dc492,olafscholz,Unknown,olafscholz_13-09-2021_00:00_video2.jpeg,,,,,,Unknown
5299,7ee9c31c-0fd7-4782-99b2-dd53a3d23f04,abaerbock,Annalena Baerbock,abaerbock_17-09-2021_00:00_image3.jpeg,7043f13e-1c39-4e44-97a1-5130e364ed41.png,0.2182825847832526,Facenet512,euclidean_l2,13.0,Annalena Baerbock
5300,f968dafb-d56b-4ac6-9a57-63539457d43c,christlichsozialeunion,Unknown,christlichsozialeunion_25-09-2021_00:00_video19.jpeg,,,,,,Unknown
5301,5340be99-80a8-43ca-8ab7-8db56348c5ba,christlichsozialeunion,Markus Söder,christlichsozialeunion_25-09-2021_00:00_video19.jpeg,,,,,,Unknown
5302,d80a1416-2ed9-4358-a325-b256804effe4,christlichsozialeunion,Unknown,christlichsozialeunion_25-09-2021_00:00_video19.jpeg,,,,,,Unknown
5303,51f44bf6-2493-4d6a-af64-1b2e4f04c4f2,christlichsozialeunion,Unknown,christlichsozialeunion_25-09-2021_00:00_video19.jpeg,,,,,,Unknown
5304,c8d63b6d-7261-4d32-bce3-41553c8f19f5,christlichsozialeunion,Unknown,christlichsozialeunion_25-09-2021_00:00_video19.jpeg,,,,,,Unknown
5305,d62794c9-6ae1-4c76-955b-4ab3dc8971a9,armin_laschet,Unknown,armin_laschet_25-09-2021_00:00_video7.jpeg,,,,,,Unknown
5306,6783774b-e9c0-4abc-ad30-5ac5eaa2ca59,armin_laschet,Armin Laschet,armin_laschet_25-09-2021_00:00_video7.jpeg,,,,,,Unknown
5307,34e73a97-c930-470d-92f9-2e0ed5fcfa26,cdu,Unknown,cdu_14-09-2021_00:00_video4.jpeg,,,,,,Unknown
5314,b2f3ce9b-64b2-4cc5-8860-0394ea42c4bf,spdde,Olaf Scholz,spdde_26-09-2021_00:00_video12.jpeg,b4140b08-8bd8-4631-a580-a48195a9970a.png,0.9024425343198856,Facenet512,euclidean_l2,9.0,Olaf Scholz
5315,66b2cf8b-9c06-434d-8491-1189a0d6c1ac,spdde,Unknown,spdde_26-09-2021_00:00_video12.jpeg,82f4d29e-1d17-4672-b015-52009fda2a23.png,1.0287566685135132,Facenet512,euclidean_l2,1.0,Olaf Scholz
5324,0b015720-0d6e-48dd-996c-119ab79c9d6c,cdu,Unknown,cdu_19-09-2021_00:00_video2.jpeg,,,,,,Unknown
5325,b2ee64b7-d001-4cf2-b920-cd9bab249c8b,cdu,Unknown,cdu_19-09-2021_00:00_video2.jpeg,,,,,,Unknown
5326,e6420163-5b86-46b6-b6a7-27046efaf1e0,cdu,Unknown,cdu_19-09-2021_00:00_video2.jpeg,,,,,,Unknown
5327,e00cbbef-3fc5-44c6-b7d3-c3995795effa,cdu,Unknown,cdu_19-09-2021_00:00_video2.jpeg,,,,,,Unknown
5328,6b662964-452b-4a6a-9917-24c5a4a7e028,cdu,Unknown,cdu_19-09-2021_00:00_video2.jpeg,,,,,,Unknown
5329,f157de33-44ce-4e66-953f-21f23251741c,cdu,Unknown,cdu_19-09-2021_00:00_video2.jpeg,,,,,,Unknown
5330,cb7c768e-8118-4afe-a8f1-6440f57725d1,cdu,Unknown,cdu_19-09-2021_00:00_video2.jpeg,,,,,,Unknown
5336,0600bfd6-9b84-4e38-9ae5-d37e15f37b7c,olafscholz,Unknown,olafscholz_13-09-2021_00:00_video1.jpeg,,,,,,Unknown
5337,ae236ea7-6ae3-4dd2-b687-6644107a0a66,abaerbock,Annalena Baerbock,abaerbock_16-09-2021_00:00_image1.jpeg,,,,,,Unknown
5338,d0c96a41-a6f3-4d69-9924-1d6cbca89cd4,abaerbock,Unknown,abaerbock_16-09-2021_00:00_image1.jpeg,,,,,,Unknown
5339,2e20d764-9a10-4424-87fd-281489afca96,armin_laschet,Armin Laschet,armin_laschet_14-09-2021_00:00_image2.jpeg,c1a12a4c-30ca-47ec-b1c5-11409ded5262.png,0.6488233634183743,Facenet512,euclidean_l2,16.0,Armin Laschet
5340,58390ea4-fd69-4b45-8f61-38b63f783037,armin_laschet,Unknown,armin_laschet_14-09-2021_00:00_image2.jpeg,,,,,,Unknown
5341,3274c6ad-7978-41e9-adc6-7f9908623fa4,armin_laschet,Unknown,armin_laschet_14-09-2021_00:00_image2.jpeg,,,,,,Unknown
5342,a788c3ce-790e-4f84-9d3d-7931075e5037,armin_laschet,Unknown,armin_laschet_14-09-2021_00:00_image2.jpeg,,,,,,Unknown
5343,c1ff4008-654d-455a-a655-d37e593743f7,armin_laschet,Unknown,armin_laschet_14-09-2021_00:00_image2.jpeg,,,,,,Unknown
5344,52399d1d-53b1-4cdf-895c-d797fd4a7ef0,armin_laschet,Armin Laschet,armin_laschet_14-09-2021_00:00_image2.jpeg,,,,,,Unknown
5345,e3f03869-3a4d-480f-9bfe-be287caea768,armin_laschet,Unknown,armin_laschet_14-09-2021_00:00_image2.jpeg,,,,,,Unknown
5346,53721b6f-756c-4413-8ac0-91cf3e71e8b7,armin_laschet,Unknown,armin_laschet_14-09-2021_00:00_image2.jpeg,,,,,,Unknown
5347,17509ea4-6615-4b42-af02-97aa9ac75b87,abaerbock,Annalena Baerbock,abaerbock_20-09-2021_00:00_image0.jpeg,9a8aa257-6928-4d20-bb76-b003078f551d.png,0.2238864032819843,Facenet512,euclidean_l2,13.0,Annalena Baerbock
5348,d7a29a2a-2c0c-4a01-b8d8-804afc169dbf,abaerbock,Unknown,abaerbock_14-09-2021_00:00_image9.jpeg,,,,,,Unknown
5349,216a5729-b687-407f-9ab3-6601c1c6fdfa,abaerbock,Unknown,abaerbock_14-09-2021_00:00_image9.jpeg,,,,,,Unknown
5350,218a6435-fbbb-42db-8b0b-8012d2b589e9,abaerbock,Annalena Baerbock,abaerbock_14-09-2021_00:00_image9.jpeg,8ecf25a6-4fe7-4768-ab40-bbf7ce516bd2.png,0.5763867876426569,Facenet512,euclidean_l2,13.0,Annalena Baerbock
5351,15e68bc9-910d-4c29-9bb7-74c175207c72,abaerbock,Unknown,abaerbock_14-09-2021_00:00_image9.jpeg,,,,,,Unknown
5352,b2e244c5-a219-4098-8b2c-3f6d4550ce1e,abaerbock,Unknown,abaerbock_14-09-2021_00:00_image9.jpeg,,,,,,Unknown
5353,a2a077ea-bf51-4a61-81fa-873651d03c48,abaerbock,Unknown,abaerbock_14-09-2021_00:00_image9.jpeg,,,,,,Unknown
5354,e47aff34-11f6-4355-a1b3-fc2fbc47e9fc,christianlindner,Christian Lindner,christianlindner_22-09-2021_00:00_image2.jpeg,d9fbc863-1aed-44af-8419-b4d18c9b5d48.png,1.0228642772591854,Facenet512,euclidean_l2,2.0,Christian Lindner
5356,333f2e69-b974-4657-b63b-b1cb30b8f346,spdde,Unknown,spdde_18-09-2021_00:00_video7.jpeg,,,,,,Unknown
5357,9e97a8b9-dc81-403b-9703-841d043eeccf,spdde,Unknown,spdde_18-09-2021_00:00_video7.jpeg,,,,,,Unknown
5358,85caf18e-1be4-4784-8d16-312c006ded33,christlichsozialeunion,Unknown,christlichsozialeunion_16-09-2021_00:00_video5.jpeg,,,,,,Unknown
5359,7a71b7a7-e5a4-4f7c-a982-ec8ec6fdf015,christlichsozialeunion,Unknown,christlichsozialeunion_16-09-2021_00:00_video5.jpeg,,,,,,Unknown
5452,d5f01fcc-1346-444d-8c31-9bba891b74c8,fdp,Christian Lindner,fdp_20-09-2021_00:00_image10.jpeg,b2b81709-caad-45cc-b632-78901d5ab389.png,0.5078658790008297,Facenet512,euclidean_l2,9.0,Christian Lindner
5453,22baaa9d-734c-4d9b-8dff-b6bcd585bb4e,fdp,Christian Lindner,fdp_20-09-2021_00:00_image10.jpeg,lindner_christian_gross.jpeg,0.6784369783895425,Facenet512,euclidean_l2,10.0,Christian Lindner
5461,24a0ac8d-1f22-481e-beb8-11536bdfae70,die_gruenen,Unknown,die_gruenen_23-09-2021_00:00_video1.jpeg,,,,,,Unknown
5479,413d2a3a-01ae-4fa1-985e-67154f3a0c58,die_gruenen,Unknown,die_gruenen_23-09-2021_00:00_video4.jpeg,,,,,,Unknown
5529,4a7b7043-2ceb-42c2-8e37-6fe0bc0f13e5,spdde,Unknown,spdde_19-09-2021_00:00_video0.jpeg,,,,,,Unknown
5530,d7a6181c-0e61-4a2c-a0a8-f0ae9c16addb,spdde,Unknown,spdde_19-09-2021_00:00_video0.jpeg,,,,,,Unknown
5532,96a981d7-af76-4665-90d4-cc30208d5dcf,abaerbock,Unknown,abaerbock_22-09-2021_00:00_video1.jpeg,,,,,,Unknown
5533,b00cd7fc-abca-4698-bae4-114ec0ed3f1d,abaerbock,Unknown,abaerbock_22-09-2021_00:00_video1.jpeg,,,,,,Unknown
5534,68d93b26-bc5f-44d6-bfad-d71eda72e133,abaerbock,Unknown,abaerbock_22-09-2021_00:00_video1.jpeg,,,,,,Unknown
5535,f6a94dad-33f8-4086-ba73-d4ec8d6381ca,abaerbock,Annalena Baerbock,abaerbock_22-09-2021_00:00_video1.jpeg,,,,,,Unknown
5536,2a05a9b4-7ac4-42dc-9da9-2712b92d1963,abaerbock,Unknown,abaerbock_22-09-2021_00:00_video1.jpeg,,,,,,Unknown
5537,a8ff98ca-3415-4f40-b569-f20e73076e2d,christlichsozialeunion,Unknown,christlichsozialeunion_16-09-2021_00:00_video7.jpeg,,,,,,Unknown
5538,5533c75e-9da6-4da1-8330-3d7259a75346,christlichsozialeunion,Unknown,christlichsozialeunion_16-09-2021_00:00_video7.jpeg,,,,,,Unknown
5547,daf7e5a0-3b41-4280-bdd4-484fae0e9de4,fdp,Christian Lindner,fdp_20-09-2021_00:00_image11.jpeg,d9fbc863-1aed-44af-8419-b4d18c9b5d48.png,0.60025221004336,Facenet512,euclidean_l2,9.0,Christian Lindner
5550,b434acd1-8a82-4010-8380-8e24841f952f,olafscholz,Unknown,olafscholz_20-09-2021_00:00_video2.jpeg,,,,,,Unknown
5551,fd387d7f-957f-4d23-8862-1ab873cbceb6,olafscholz,Unknown,olafscholz_20-09-2021_00:00_video2.jpeg,,,,,,Unknown
5552,6a3ac66d-7482-4f03-b716-c3d0797881d8,olafscholz,Unknown,olafscholz_20-09-2021_00:00_video2.jpeg,82f4d29e-1d17-4672-b015-52009fda2a23.png,0.9295283286644612,Facenet512,euclidean_l2,1.0,Olaf Scholz
5553,283b84ff-109e-42ea-a018-39c226837618,olafscholz,Unknown,olafscholz_20-09-2021_00:00_video2.jpeg,,,,,,Unknown
5554,7c28312b-67b5-4262-8074-57185d85b90d,olafscholz,Olaf Scholz,olafscholz_20-09-2021_00:00_video2.jpeg,,,,,,Unknown
5555,adfb208b-e662-4b32-9c0d-e68789549753,olafscholz,Unknown,olafscholz_20-09-2021_00:00_video2.jpeg,,,,,,Unknown
5556,f46ba7dc-a122-499c-9de6-18c10befd8bc,cdu,Unknown,cdu_19-09-2021_00:00_video4.jpeg,,,,,,Unknown
5557,528b0a6b-8923-4e13-bd07-7089440b2ae8,cdu,Unknown,cdu_19-09-2021_00:00_video4.jpeg,,,,,,Unknown
5558,c94fb92c-d6ea-4f12-8422-3a11c00e3e67,cdu,Unknown,cdu_19-09-2021_00:00_video4.jpeg,,,,,,Unknown
5559,b0212d50-9a0f-4e7f-bf76-4423552f0228,cdu,Unknown,cdu_19-09-2021_00:00_video4.jpeg,,,,,,Unknown
5560,ea041a15-3b40-4d18-b434-202fc2cc40ce,cdu,Unknown,cdu_19-09-2021_00:00_video4.jpeg,,,,,,Unknown
5561,ea6855b4-d4c4-43ad-aa0c-0175f29ef84e,cdu,Unknown,cdu_19-09-2021_00:00_video4.jpeg,,,,,,Unknown
5562,963a3ec0-e80b-4e5b-800c-e03dd34bdf01,cdu,Unknown,cdu_19-09-2021_00:00_video4.jpeg,,,,,,Unknown
5563,cf1ebb9f-f512-41b4-83dd-39c1ec24d8b4,abaerbock,Unknown,abaerbock_18-09-2021_00:00_image4.jpeg,,,,,,Unknown
5564,4147f823-1297-4d62-9353-634a797bf155,abaerbock,Unknown,abaerbock_18-09-2021_00:00_image4.jpeg,,,,,,Unknown
5565,380e152a-dbde-4ccd-bdb7-b1ca75200e86,spdde,Unknown,spdde_23-09-2021_00:00_video2.jpeg,,,,,,Unknown
5566,21df81b3-789a-477e-be8f-ed6b4db0c971,spdde,Unknown,spdde_23-09-2021_00:00_video2.jpeg,,,,,,Unknown
5568,56a08b35-6aea-4ebf-8d84-2b772e7e7418,olafscholz,Olaf Scholz,olafscholz_17-09-2021_00:00_video2.jpeg,82f4d29e-1d17-4672-b015-52009fda2a23.png,0.6035920095251222,Facenet512,euclidean_l2,20.0,Olaf Scholz
5569,2cacb64a-0649-4414-8b08-04ed11c9cd8b,olafscholz,Unknown,olafscholz_17-09-2021_00:00_video2.jpeg,,,,,,Unknown
5570,c2ed5ac1-1ea9-40a9-81a4-f81856e06227,olafscholz,Unknown,olafscholz_17-09-2021_00:00_video2.jpeg,,,,,,Unknown
5571,8cbbe6c5-869a-4290-867b-137b808cab06,olafscholz,Unknown,olafscholz_17-09-2021_00:00_video2.jpeg,,,,,,Unknown
5572,d626ae15-831a-445e-a284-2ba5e01bc572,olafscholz,Unknown,olafscholz_17-09-2021_00:00_video2.jpeg,,,,,,Unknown
5573,82e0eb51-06a8-4893-8bf2-f31cef436e32,olafscholz,Unknown,olafscholz_17-09-2021_00:00_video2.jpeg,,,,,,Unknown
5574,3835dfe3-20c8-4515-86c5-3023848dd2c2,olafscholz,Unknown,olafscholz_17-09-2021_00:00_video2.jpeg,,,,,,Unknown
5575,c767beaf-b168-416c-ad6a-76536723baa7,fdp,Christian Lindner,fdp_17-09-2021_00:00_image0.jpeg,2384c946-7f3b-4280-8257-c73c1bb814b1.png,0.7022567184410095,Facenet512,euclidean_l2,9.0,Christian Lindner
5576,e207a557-0c4e-48b8-a5b7-20680e0ab254,fdp,Unknown,fdp_17-09-2021_00:00_image0.jpeg,,,,,,Unknown
5577,caa767f2-f3ba-428c-be49-247d987f67cd,fdp,Unknown,fdp_17-09-2021_00:00_image0.jpeg,,,,,,Unknown
5578,78686412-1b5b-4891-8e63-454aec36ef9d,olafscholz,Unknown,olafscholz_24-09-2021_00:00_video0.jpeg,,,,,,Unknown
5612,26307c43-8aa8-42d8-b9e8-89e65ad2c09e,abaerbock,Unknown,abaerbock_18-09-2021_00:00_image11.jpeg,,,,,,Unknown
5613,8226fc2a-43c1-48be-a545-4405ba31c487,abaerbock,Annalena Baerbock,abaerbock_18-09-2021_00:00_image11.jpeg,,,,,,Unknown
5617,58b70b78-6f0f-4d2a-97bb-9e5b053c8390,armin_laschet,Unknown,armin_laschet_13-09-2021_00:00_image3.jpeg,,,,,,Unknown
5618,b8c49ddc-4ea8-4d5b-a874-c80d623f4683,spdde,Olaf Scholz,spdde_20-09-2021_00:00_video0.jpeg,9bc42743-ba76-4b29-8ae3-88daa99f6988.png,0.8962198354011084,Facenet512,euclidean_l2,6.0,Olaf Scholz
5619,65797e29-6232-480e-89c3-1af2b262b0ec,spdde,Unknown,spdde_20-09-2021_00:00_video0.jpeg,,,,,,Unknown
5620,9d8a780a-8d33-4da2-8123-5ee655985217,spdde,Unknown,spdde_20-09-2021_00:00_image4.jpeg,82f4d29e-1d17-4672-b015-52009fda2a23.png,1.0230602898007792,Facenet512,euclidean_l2,1.0,Olaf Scholz
5621,5c7eb79b-9289-456d-8566-69dd68f23505,spdde,Olaf Scholz,spdde_20-09-2021_00:00_image4.jpeg,04a53ef1-618b-4c9c-97a8-a1187a75c05c.png,0.1457080754632512,Facenet512,euclidean_l2,19.0,Olaf Scholz
5622,221e1ddf-d1ed-48d4-a0c9-817c053ae317,spdde,Unknown,spdde_20-09-2021_00:00_image4.jpeg,,,,,,Unknown
5623,3af41d03-f6d5-444c-8407-f2274371d462,olafscholz,Unknown,olafscholz_20-09-2021_00:00_video0.jpeg,,,,,,Unknown
5624,43622845-b860-4382-836d-b55d385f591e,abaerbock,Unknown,abaerbock_17-09-2021_00:00_video3.jpeg,,,,,,Unknown
5625,4af5c04b-8df1-4201-a430-d1a3594ce08b,abaerbock,Unknown,abaerbock_17-09-2021_00:00_video3.jpeg,,,,,,Unknown
5626,e0fa8b56-5b5a-42b6-acd4-5df284b401ed,die_gruenen,Unknown,die_gruenen_13-09-2021_00:00_image1.jpeg,b5ea8be6-69b9-4fdb-8813-88f307903fb4.png,1.0179762847084222,Facenet512,euclidean_l2,1.0,Annalena Baerbock
5627,ea701790-69d8-4ac6-a3a4-48cf90245ddd,cdu,Armin Laschet,cdu_22-09-2021_00:00_video2.jpeg,1bd44b42-05b1-4e5e-9ecf-b19872c3a776.png,0.9946793233248432,Facenet512,euclidean_l2,1.0,Armin Laschet
5628,f0f1cc04-bf6c-4d3c-85bd-b2622d1d4daf,cdu,Unknown,cdu_22-09-2021_00:00_video2.jpeg,cc6b3530-cd71-4500-a5fe-d868c449b8d1.png,0.8509177827773028,Facenet512,euclidean_l2,9.0,Armin Laschet
5629,dae6c7b5-345e-45ae-889c-d4fc41e00409,armin_laschet,Armin Laschet,armin_laschet_21-09-2021_00:00_video1.jpeg,,,,,,Unknown
5630,a7b427de-9ea6-40a8-aba3-767ed41a32e8,abaerbock,Unknown,abaerbock_26-09-2021_00:00_video2.jpeg,,,,,,Unknown
5631,78984ded-5016-439f-b9ab-952a6ab840ec,abaerbock,Unknown,abaerbock_26-09-2021_00:00_video2.jpeg,,,,,,Unknown
5632,ce19f97e-9861-4523-b9dc-48d6344e2aa3,abaerbock,Unknown,abaerbock_26-09-2021_00:00_video2.jpeg,,,,,,Unknown
5633,6f21d251-680f-4686-92ba-bb596a4d6b5e,abaerbock,Unknown,abaerbock_26-09-2021_00:00_video2.jpeg,,,,,,Unknown
5634,93c472bc-b15f-4e34-be0c-064c1dfb42c8,christianlindner,Christian Lindner,christianlindner_26-09-2021_00:00_image6.jpeg,d9fbc863-1aed-44af-8419-b4d18c9b5d48.png,0.9906540649662248,Facenet512,euclidean_l2,1.0,Christian Lindner
5635,55af7be6-b379-4f8e-ab17-d16a33ad4b09,christianlindner,Unknown,christianlindner_26-09-2021_00:00_image6.jpeg,,,,,,Unknown
5636,6cb112fd-89c3-4883-ab2f-9b3b22a69249,christianlindner,Unknown,christianlindner_26-09-2021_00:00_image6.jpeg,,,,,,Unknown
5637,fc0d3cfb-0a05-4a24-8b06-be89da27bba9,christianlindner,Unknown,christianlindner_26-09-2021_00:00_image6.jpeg,,,,,,Unknown
5638,05e2eafa-0c3f-4dc0-aaef-6ee0a75736fb,christianlindner,Unknown,christianlindner_26-09-2021_00:00_image6.jpeg,2384c946-7f3b-4280-8257-c73c1bb814b1.png,1.0168307663675331,Facenet512,euclidean_l2,1.0,Christian Lindner
5639,87c20092-3a3f-4f75-944a-b06fcdfccf36,christianlindner,Unknown,christianlindner_26-09-2021_00:00_image6.jpeg,,,,,,Unknown
5640,00a6eaf7-f943-4073-97ad-0c2e8bea4a03,christianlindner,Unknown,christianlindner_26-09-2021_00:00_image6.jpeg,,,,,,Unknown
5641,f7a8a475-c2ee-41a2-adc3-514b1820a23e,christianlindner,Unknown,christianlindner_26-09-2021_00:00_image6.jpeg,,,,,,Unknown
5642,c7b90554-27fa-4e29-bde0-71f48ddeeba2,armin_laschet,Unknown,armin_laschet_17-09-2021_00:00_image6.jpeg,,,,,,Unknown
5643,db36db34-333b-42c3-8080-b95469b8d7eb,armin_laschet,Armin Laschet,armin_laschet_17-09-2021_00:00_image6.jpeg,,,,,,Unknown
5644,639b0df9-6df7-4f67-b25d-99abea88649d,armin_laschet,Unknown,armin_laschet_17-09-2021_00:00_image6.jpeg,,,,,,Unknown
5645,cd4de409-4940-461f-9392-aa0d4ae9df7b,armin_laschet,Unknown,armin_laschet_17-09-2021_00:00_image6.jpeg,,,,,,Unknown
5646,7ae64bb5-ec1e-447a-80e2-7ad2b2132d63,armin_laschet,Unknown,armin_laschet_17-09-2021_00:00_image6.jpeg,,,,,,Unknown
5647,3bd51e41-677c-494d-a273-7d5505b852dd,armin_laschet,Unknown,armin_laschet_17-09-2021_00:00_image6.jpeg,,,,,,Unknown
5648,d47cc025-c544-4f24-a704-9b36a43c5033,olafscholz,Olaf Scholz,olafscholz_22-09-2021_00:00_video0.jpeg,c27ee252-e37c-4074-92b5-20e300431107.png,0.8174853162107905,Facenet512,euclidean_l2,20.0,Olaf Scholz
5649,78c66379-61e3-44b9-b93d-4e2af5f49f2d,olafscholz,Unknown,olafscholz_22-09-2021_00:00_video0.jpeg,,,,,,Unknown
5650,ea32fe68-6354-4f00-a379-341a56ba5783,olafscholz,Unknown,olafscholz_22-09-2021_00:00_video0.jpeg,,,,,,Unknown
5651,a709b697-aecc-45c1-a9a2-9cfd8cad5c52,armin_laschet,Armin Laschet,armin_laschet_17-09-2021_00:00_video3.jpeg,1bd44b42-05b1-4e5e-9ecf-b19872c3a776.png,0.8618189847935597,Facenet512,euclidean_l2,10.0,Armin Laschet
5652,425bb13b-392b-4992-9c7f-8db621447ec8,christlichsozialeunion,Markus Söder,christlichsozialeunion_24-09-2021_00:00_video9.jpeg,,,,,,Unknown
5655,8566679e-abcd-497e-8cae-83d425b8cdb0,cdu,Armin Laschet,cdu_22-09-2021_00:00_video8.jpeg,,,,,,Unknown
5656,8ff30343-3cbf-40d0-9e43-d1c5399c3437,cdu,Unknown,cdu_22-09-2021_00:00_video8.jpeg,,,,,,Unknown
5657,ec0544d8-1020-455e-8b3d-4cffe6e3f326,die_gruenen,Unknown,die_gruenen_25-09-2021_00:00_image2.jpeg,,,,,,Unknown
5658,ca384833-978d-46bb-bd66-cabe5199fa7d,olafscholz,Unknown,olafscholz_17-09-2021_00:00_video7.jpeg,,,,,,Unknown
5659,43a7026d-ffaf-4abf-8032-5222bfc1055e,olafscholz,Unknown,olafscholz_17-09-2021_00:00_video7.jpeg,,,,,,Unknown
5664,8c6c26b9-afd6-40ce-a662-932c4ae9fe2c,armin_laschet,Armin Laschet,armin_laschet_18-09-2021_00:00_image0.jpeg,6eea9eca-17f8-4cce-b3dd-7cf5cb345415.png,0.9564900828651683,Facenet512,euclidean_l2,8.0,Armin Laschet
5668,43a1b22e-2a72-4e29-bade-e2ba2992d499,die_gruenen,Unknown,die_gruenen_17-09-2021_00:00_video5.jpeg,,,,,,Unknown
5669,600baa1d-2f1f-481d-8030-b4697f2ba5f3,spdde,Unknown,spdde_19-09-2021_00:00_video5.jpeg,,,,,,Unknown
5670,7e04a69d-117a-42c3-a362-a1de4ea53bce,spdde,Unknown,spdde_19-09-2021_00:00_video5.jpeg,,,,,,Unknown
5671,df992d4f-26e8-4b60-815f-b4dca2c99b2d,armin_laschet,Unknown,armin_laschet_17-09-2021_00:00_image4.jpeg,,,,,,Unknown
5672,2449676f-3a72-46aa-951e-4c7f846812e3,armin_laschet,Unknown,armin_laschet_17-09-2021_00:00_image4.jpeg,,,,,,Unknown
5673,48fd4b07-d9e0-4a93-bfc1-916a3db53bbe,armin_laschet,Unknown,armin_laschet_17-09-2021_00:00_image4.jpeg,,,,,,Unknown
5674,c1cfdc53-1e54-4996-a763-6aa43e9d62d6,spdde,Unknown,spdde_13-09-2021_00:00_video5.jpeg,,,,,,Unknown
5683,20b1c4c7-cf41-4af5-99ec-ae9a213ca301,fdp,Unknown,fdp_20-09-2021_00:00_image6.jpeg,,,,,,Unknown
5684,7e05d21b-2333-4251-8944-f412ca9129f3,armin_laschet,Armin Laschet,armin_laschet_23-09-2021_00:00_video2.jpeg,7cdeee40-f222-4b03-a819-4db32fc47d20.png,0.7502083045035045,Facenet512,euclidean_l2,12.0,Armin Laschet
5685,d81212cd-b787-405a-a244-a3b713c52acb,armin_laschet,Unknown,armin_laschet_23-09-2021_00:00_video2.jpeg,,,,,,Unknown
5688,b2bf7b80-7485-4f3b-a462-71037ba5b3ba,abaerbock,Unknown,abaerbock_25-09-2021_00:00_video1.jpeg,,,,,,Unknown
5689,502c7694-406a-4fe7-89cc-3c31b4edf0da,abaerbock,Annalena Baerbock,abaerbock_25-09-2021_00:00_video1.jpeg,,,,,,Unknown
5690,a2c3988d-d524-4286-895f-736d1202b20d,abaerbock,Unknown,abaerbock_25-09-2021_00:00_video1.jpeg,,,,,,Unknown
5691,f3c3fa6a-fee1-40d8-ae7f-5145218e75b3,abaerbock,Unknown,abaerbock_25-09-2021_00:00_video1.jpeg,,,,,,Unknown
5692,49e73d25-c021-4c16-92a4-f4ad8f4c6462,die_gruenen,Unknown,die_gruenen_20-09-2021_00:00_video3.jpeg,,,,,,Unknown
5693,b4477dac-34ca-4bbd-9e91-db9135dc0ddb,die_gruenen,Unknown,die_gruenen_20-09-2021_00:00_video3.jpeg,,,,,,Unknown
5694,b1c99b1c-d9b7-42fb-bc59-ac0086e57107,die_gruenen,Unknown,die_gruenen_20-09-2021_00:00_video3.jpeg,,,,,,Unknown
5695,7402927c-90dd-4cb4-b27d-842b4f83c1a5,die_gruenen,Unknown,die_gruenen_20-09-2021_00:00_video3.jpeg,,,,,,Unknown
5696,f6009078-808c-4b82-bc8b-39c0ed607fb7,die_gruenen,Unknown,die_gruenen_20-09-2021_00:00_video3.jpeg,,,,,,Unknown
5701,bf2d6106-48f3-4e2e-b599-58239939841a,armin_laschet,Unknown,armin_laschet_22-09-2021_00:00_video6.jpeg,,,,,,Unknown
5703,aebdd664-67db-4f4f-9471-048d956b0617,abaerbock,Unknown,abaerbock_24-09-2021_00:00_image6.jpeg,,,,,,Unknown
5704,bb3c6bf1-7846-4afc-b92e-cc36971d96fe,markus.soeder,Markus Söder,markus.soeder_24-09-2021_00:00_video1.jpeg,49bdb61e-e0b0-4666-9cf0-5c7ab16b2516.png,0.7273264452520767,Facenet512,euclidean_l2,13.0,Markus Söder
5706,ca2de257-aa61-47df-8a17-64baed37a8a3,die_gruenen,Unknown,die_gruenen_25-09-2021_00:00_video28.jpeg,,,,,,Unknown
5707,586457ad-2f0c-4a07-8fd1-e0ef8acac123,die_gruenen,Unknown,die_gruenen_25-09-2021_00:00_video28.jpeg,,,,,,Unknown
5708,1133a977-f6f2-4a6c-971d-2542a1b73b5a,die_gruenen,Unknown,die_gruenen_25-09-2021_00:00_video28.jpeg,,,,,,Unknown
5709,f42a6c2b-39d6-4fc1-942e-462c923c1cb3,die_gruenen,Unknown,die_gruenen_25-09-2021_00:00_video28.jpeg,,,,,,Unknown
5802,2302ef8c-1073-4d81-becc-4111a182c754,abaerbock,Annalena Baerbock,abaerbock_13-09-2021_00:00_image1.jpeg,9a8aa257-6928-4d20-bb76-b003078f551d.png,0.8045331415401109,Facenet512,euclidean_l2,13.0,Annalena Baerbock
5803,ce3b5acc-868f-4d63-9248-5ae68b3c85b2,abaerbock,Unknown,abaerbock_13-09-2021_00:00_image1.jpeg,,,,,,Unknown
5804,c3a03a7c-7c7d-494b-bf51-2a7e4d160943,fdp,Unknown,fdp_20-09-2021_00:00_video6.jpeg,,,,,,Unknown
5805,3f2574e2-62e7-43a9-804a-0f276b6de31b,fdp,Unknown,fdp_20-09-2021_00:00_video6.jpeg,,,,,,Unknown
5806,fc9f1e4a-f9b9-4708-ade6-2626fc01b93f,spdde,Unknown,spdde_13-09-2021_00:00_image1.jpeg,91d6fa25-3671-4110-8beb-1c3296cdf4d0.png,1.0184288322421111,Facenet512,euclidean_l2,1.0,Olaf Scholz
5807,03d26a9a-0dc9-4abf-a86c-26a4662c985d,spdde,Unknown,spdde_13-09-2021_00:00_image1.jpeg,,,,,,Unknown
5808,cff57870-681e-4c93-ad75-178af624875f,spdde,Unknown,spdde_13-09-2021_00:00_image1.jpeg,,,,,,Unknown
5809,91562fd9-6882-4409-ae4c-6d9b2089f80a,spdde,Unknown,spdde_13-09-2021_00:00_image1.jpeg,,,,,,Unknown
5810,569d2e0a-840a-487c-80db-975dad03e603,spdde,Unknown,spdde_13-09-2021_00:00_image1.jpeg,,,,,,Unknown
5811,13cc0e97-6dcf-48b6-8ac7-61cb841f9c5b,spdde,Unknown,spdde_13-09-2021_00:00_image1.jpeg,,,,,,Unknown
5812,24993ccf-424f-4afd-9004-4fa410af2384,spdde,Unknown,spdde_13-09-2021_00:00_image1.jpeg,,,,,,Unknown
5813,152fb418-1f6d-4516-90bc-8cf82518d4b0,spdde,Unknown,spdde_13-09-2021_00:00_image1.jpeg,,,,,,Unknown
5814,ee5247cc-d55f-4c9c-b720-b90fddd5c16b,spdde,Unknown,spdde_13-09-2021_00:00_image1.jpeg,,,,,,Unknown
5815,7f1d7864-264c-48a4-90c2-a7b2f7fce715,spdde,Unknown,spdde_13-09-2021_00:00_image1.jpeg,,,,,,Unknown
5816,417294db-5664-47bd-979e-8245848e2542,spdde,Unknown,spdde_13-09-2021_00:00_image1.jpeg,,,,,,Unknown
5817,85fb41e2-0e18-420c-be11-aaf5d8a3c9a7,spdde,Unknown,spdde_13-09-2021_00:00_image1.jpeg,,,,,,Unknown
5818,fd651d2b-8366-423a-9f82-20f9b947a7da,spdde,Unknown,spdde_13-09-2021_00:00_image1.jpeg,,,,,,Unknown
5819,662004d9-c1e2-4b15-a4c5-c40fd11be32a,spdde,Unknown,spdde_13-09-2021_00:00_image1.jpeg,,,,,,Unknown
5820,3bd2e689-fd37-4da0-9445-958a3d6e0ddc,spdde,Unknown,spdde_13-09-2021_00:00_image1.jpeg,,,,,,Unknown
5821,e9f6e1ef-e5a2-40b3-9981-eaf43f476177,die_gruenen,Unknown,die_gruenen_25-09-2021_00:00_video41.jpeg,,,,,,Unknown
5822,a489526b-9daa-453b-8c2f-14d478d5a59d,die_gruenen,Unknown,die_gruenen_25-09-2021_00:00_video41.jpeg,,,,,,Unknown
5823,d541f7d1-cd6a-480d-ba0f-e7e14a499874,die_gruenen,Unknown,die_gruenen_25-09-2021_00:00_video41.jpeg,,,,,,Unknown
5824,5d4fb79f-c9b2-4b88-a0cd-889856e2c30f,die_gruenen,Unknown,die_gruenen_25-09-2021_00:00_video41.jpeg,,,,,,Unknown
5836,260fcaf6-44fa-4957-87fd-7611d46cd823,olafscholz,Olaf Scholz,olafscholz_19-09-2021_00:00_image9.jpeg,77b54f7d-504a-4313-ab25-b66060e08f06.png,0.6349770633762842,Facenet512,euclidean_l2,19.0,Olaf Scholz
5837,73ad3737-e5ec-4c84-95bd-7148ebef0b4c,olafscholz,Unknown,olafscholz_19-09-2021_00:00_image9.jpeg,91d6fa25-3671-4110-8beb-1c3296cdf4d0.png,0.9601198665314388,Facenet512,euclidean_l2,3.0,Olaf Scholz
5838,3bb1092c-0739-4b7a-a0b2-dfd3fcd31fce,olafscholz,Olaf Scholz,olafscholz_19-09-2021_00:00_image9.jpeg,,,,,,Unknown
5853,aadf8c26-bee4-4c2c-989a-b82b3c1f5d91,fdp,Christian Lindner,fdp_22-09-2021_00:00_video3.jpeg,,,,,,Unknown
5854,56831e55-27f2-4c12-b5ec-8d43a133e79d,fdp,Unknown,fdp_22-09-2021_00:00_video3.jpeg,,,,,,Unknown
5855,eac9dd2c-c3d7-4127-be7d-9904e0d89e9c,fdp,Unknown,fdp_22-09-2021_00:00_video3.jpeg,,,,,,Unknown
5856,37c54baf-8470-4085-a2cc-20648e83720a,fdp,Unknown,fdp_22-09-2021_00:00_video3.jpeg,,,,,,Unknown
5857,bb42c20e-54b4-4846-a088-192c8d897cf8,fdp,Unknown,fdp_22-09-2021_00:00_video3.jpeg,,,,,,Unknown
5858,4bd5dddc-1037-49f9-a077-eaa5b34fc70e,fdp,Unknown,fdp_22-09-2021_00:00_video3.jpeg,,,,,,Unknown
5859,cf465222-6197-489d-8e31-a0ac3cfae0a1,fdp,Unknown,fdp_22-09-2021_00:00_video3.jpeg,,,,,,Unknown
5860,c56bfd1e-c6a1-4ccc-bf5e-c7b9ca7bb94c,fdp,Unknown,fdp_22-09-2021_00:00_video3.jpeg,,,,,,Unknown
5861,b6652999-7f46-4d65-9488-0dc9128eccb2,fdp,Unknown,fdp_22-09-2021_00:00_video3.jpeg,,,,,,Unknown
5862,f893c0be-6aa3-4b42-8d6a-3fc349dd34dc,armin_laschet,Armin Laschet,armin_laschet_21-09-2021_00:00_image1.jpeg,80b6f539-47d0-408e-8a0b-aadcffe513a5.png,0.7008556143023337,Facenet512,euclidean_l2,20.0,Armin Laschet
5863,7af3b496-6efd-474f-9201-5b7c01703a50,armin_laschet,Unknown,armin_laschet_25-09-2021_00:00_image2.jpeg,,,,,,Unknown
5864,8937622b-7711-47ab-aa71-e846fca408c0,armin_laschet,Armin Laschet,armin_laschet_25-09-2021_00:00_image2.jpeg,cc6b3530-cd71-4500-a5fe-d868c449b8d1.png,0.6853334453129808,Facenet512,euclidean_l2,19.0,Armin Laschet
5865,d8c3d423-7458-4180-89b8-b0ec3de68b7a,armin_laschet,Unknown,armin_laschet_25-09-2021_00:00_image2.jpeg,,,,,,Unknown
5866,79756e6b-d1c8-477d-8bd7-ad82874871b9,armin_laschet,Unknown,armin_laschet_25-09-2021_00:00_image2.jpeg,,,,,,Unknown
5867,7d36fe1f-d203-4e60-b957-2129a80d575b,armin_laschet,Armin Laschet,armin_laschet_25-09-2021_00:00_image2.jpeg,,,,,,Unknown
5868,cb3bcd84-857d-4c06-8ace-cc40847338b3,armin_laschet,Unknown,armin_laschet_25-09-2021_00:00_image2.jpeg,,,,,,Unknown
5869,ba90042f-7b2e-481c-8a7b-04c001b001d3,armin_laschet,Unknown,armin_laschet_25-09-2021_00:00_image2.jpeg,,,,,,Unknown
5870,b14ecd9b-d1e3-4f3a-bc7a-b62cf8c317c6,armin_laschet,Unknown,armin_laschet_25-09-2021_00:00_image2.jpeg,,,,,,Unknown
5871,35648e86-3190-467b-a98d-a8ef71c718f0,armin_laschet,Unknown,armin_laschet_25-09-2021_00:00_image2.jpeg,,,,,,Unknown
5872,4c0e103a-d773-48d6-a756-aa269a8ce3ed,armin_laschet,Unknown,armin_laschet_25-09-2021_00:00_image2.jpeg,,,,,,Unknown
5873,dbd43d9a-468d-48fe-a949-48b683d4e3e5,spdde,Unknown,spdde_18-09-2021_00:00_video8.jpeg,,,,,,Unknown
5874,9792ec72-a8c7-4c74-afd2-856658b3f101,spdde,Unknown,spdde_18-09-2021_00:00_video8.jpeg,,,,,,Unknown
5875,9e6e0ee2-28e3-4616-82ce-afab827f9fab,spdde,Unknown,spdde_18-09-2021_00:00_video8.jpeg,,,,,,Unknown
5879,61877e19-a8ac-4005-b6d3-7cb76bcd8010,cdu,Unknown,cdu_24-09-2021_00:00_video16.jpeg,,,,,,Unknown
5880,e4fd9a7a-f4d0-408a-b52c-3f0b6c1d8ffa,markus.soeder,Unknown,markus.soeder_20-09-2021_00:00_video1.jpeg,,,,,,Unknown
5881,be9d8392-9001-40ce-acf1-21bd4206a3cb,markus.soeder,Unknown,markus.soeder_20-09-2021_00:00_video1.jpeg,,,,,,Unknown
5882,592202fd-8b61-4088-8485-1b9cd8b4c686,olafscholz,Unknown,olafscholz_19-09-2021_00:00_video8.jpeg,,,,,,Unknown
5883,4a3f9d9e-d6eb-4834-bc72-c2d307b5a4e8,olafscholz,Unknown,olafscholz_19-09-2021_00:00_video8.jpeg,,,,,,Unknown
5891,760a7649-82c1-42f7-9844-8f025e2fcae8,armin_laschet,Armin Laschet,armin_laschet_17-09-2021_00:00_video7.jpeg,c1a12a4c-30ca-47ec-b1c5-11409ded5262.png,0.824512533344475,Facenet512,euclidean_l2,16.0,Armin Laschet
5892,f3479643-e855-4b8a-9cd3-ec8c97e5ee16,armin_laschet,Unknown,armin_laschet_17-09-2021_00:00_video7.jpeg,,,,,,Unknown
5893,17439f0f-0534-4eab-88d1-aa7abe13c08a,armin_laschet,Unknown,armin_laschet_17-09-2021_00:00_video7.jpeg,,,,,,Unknown
5894,fe5dcee2-c25e-4a58-9a21-2259c511b5cb,armin_laschet,Unknown,armin_laschet_17-09-2021_00:00_video7.jpeg,,,,,,Unknown
5895,f9ef8e75-fa70-4910-8cd0-f3f97b7279b7,armin_laschet,Unknown,armin_laschet_17-09-2021_00:00_video7.jpeg,f7a956bb-513b-4ae7-9fb0-2adc7ab25076.png,0.9582839644255652,Facenet512,euclidean_l2,2.0,Armin Laschet
5896,440d9cdb-cf8e-481b-ab52-a63446930df6,armin_laschet,Unknown,armin_laschet_17-09-2021_00:00_video7.jpeg,,,,,,Unknown
5897,be6166d7-3a0f-4f5c-b873-cf55a6975608,armin_laschet,Unknown,armin_laschet_17-09-2021_00:00_video7.jpeg,,,,,,Unknown
5898,d67efd6b-00c9-41ef-a4e0-edd863afd4af,armin_laschet,Unknown,armin_laschet_17-09-2021_00:00_video7.jpeg,,,,,,Unknown
5899,f9e53fdc-6996-4e8c-bc8b-db201f049e26,armin_laschet,Unknown,armin_laschet_17-09-2021_00:00_video7.jpeg,5efa5b53-ada6-486e-8b66-4c6330a71ea7.png,1.000442676318302,Facenet512,euclidean_l2,2.0,Armin Laschet
5900,18c8eeb3-f238-4f89-9270-502c91c9eedc,armin_laschet,Unknown,armin_laschet_17-09-2021_00:00_video7.jpeg,,,,,,Unknown
5901,be3e87bb-50eb-4eb7-a9e7-171a21f82674,armin_laschet,Unknown,armin_laschet_17-09-2021_00:00_video7.jpeg,,,,,,Unknown
5902,8f21e26d-0b64-4b20-b113-4d5434bf3a5b,armin_laschet,Unknown,armin_laschet_17-09-2021_00:00_video7.jpeg,,,,,,Unknown
5903,f6fcaa16-0edc-4c27-91f7-5217d78b6526,armin_laschet,Armin Laschet,armin_laschet_17-09-2021_00:00_video7.jpeg,,,,,,Unknown
5904,a0a69ddf-ddc9-4a20-8733-60e3c5f35e0b,armin_laschet,Unknown,armin_laschet_17-09-2021_00:00_video7.jpeg,,,,,,Unknown
5905,7a4b2b45-735c-45c9-83fe-fc0fbb23367b,armin_laschet,Unknown,armin_laschet_17-09-2021_00:00_video7.jpeg,,,,,,Unknown
5906,d788a0d2-2750-4c31-80b7-41bbee4f3fdc,armin_laschet,Unknown,armin_laschet_17-09-2021_00:00_video7.jpeg,,,,,,Unknown
5907,272270d4-e0fb-4308-8706-596017ec57e4,armin_laschet,Unknown,armin_laschet_17-09-2021_00:00_video7.jpeg,,,,,,Unknown
5908,77abcce4-832b-488f-8a13-068bc2903722,armin_laschet,Unknown,armin_laschet_17-09-2021_00:00_video7.jpeg,,,,,,Unknown
5910,81c0720c-d0af-4658-9323-988298bf335a,armin_laschet,Unknown,armin_laschet_24-09-2021_00:00_video13.jpeg,,,,,,Unknown
5911,16ece09c-c93e-40d7-b0ba-c45ba8a5b8d4,armin_laschet,Unknown,armin_laschet_24-09-2021_00:00_video13.jpeg,,,,,,Unknown
5912,2ca92f20-26f0-4b2f-8b03-8c8c6c6a5c01,abaerbock,Unknown,abaerbock_20-09-2021_00:00_image2.jpeg,,,,,,Unknown
5913,e58b9624-86b8-4570-9cd6-03483accea4c,abaerbock,Unknown,abaerbock_20-09-2021_00:00_image2.jpeg,,,,,,Unknown
5914,d979e38b-1892-4f18-b886-ad9df8ece7c8,abaerbock,Annalena Baerbock,abaerbock_20-09-2021_00:00_image2.jpeg,0faf3dc0-e2b6-4b3e-81d6-3c1474fbed58.png,1.0143051275765265,Facenet512,euclidean_l2,1.0,Annalena Baerbock
5915,a8ae9ae7-30b3-4bc8-8385-141a9aca2966,abaerbock,Unknown,abaerbock_20-09-2021_00:00_image2.jpeg,,,,,,Unknown
5916,e865c279-7dc3-4c2d-9d38-65dfb38afab2,abaerbock,Annalena Baerbock,abaerbock_24-09-2021_00:00_image0.jpeg,7bd1824e-e163-4963-9f53-3063e9dcc721.png,0.3646443374952803,Facenet512,euclidean_l2,13.0,Annalena Baerbock
5917,65c48fde-5a12-4c08-903a-8a6cc06b9e96,cdu,Unknown,cdu_20-09-2021_00:00_video11.jpeg,,,,,,Unknown
5918,3e8514d5-9ffb-4d84-9c1b-857b5ac69764,cdu,Unknown,cdu_20-09-2021_00:00_video11.jpeg,,,,,,Unknown
5927,11c13f84-0188-456a-a73a-9573e11eca43,spdde,Unknown,spdde_20-09-2021_00:00_video4.jpeg,,,,,,Unknown
5928,4be792e6-a18d-45ab-b540-10d8257c4d99,spdde,Unknown,spdde_20-09-2021_00:00_video4.jpeg,,,,,,Unknown
5929,a1687999-cdca-4c3a-833d-d9b3c68e24cf,spdde,Unknown,spdde_20-09-2021_00:00_video4.jpeg,,,,,,Unknown
5930,d4ce9e05-74b4-46bc-bcd6-f95dc00075ad,spdde,Unknown,spdde_20-09-2021_00:00_video4.jpeg,,,,,,Unknown
5931,fb60ffe9-a11a-4a4a-8c72-a496e470cbac,spdde,Unknown,spdde_20-09-2021_00:00_video4.jpeg,,,,,,Unknown
5935,910955d1-a612-44e1-9e7b-152e5ac3820b,cdu,Unknown,cdu_26-09-2021_00:00_video9.jpeg,,,,,,Unknown
5936,5d927c68-c8b5-451a-ab2c-dd8d9009432d,cdu,Unknown,cdu_26-09-2021_00:00_video9.jpeg,,,,,,Unknown
5937,58c9563b-0bf3-497a-b4e8-10aaec546807,cdu,Armin Laschet,cdu_26-09-2021_00:00_video9.jpeg,,,,,,Unknown
5938,eb2672b6-dda0-4e13-afb0-94cf163860f4,cdu,Unknown,cdu_26-09-2021_00:00_video9.jpeg,,,,,,Unknown
5939,99ce4c3a-1708-4a7e-b80e-8229c1d177da,cdu,Unknown,cdu_26-09-2021_00:00_video9.jpeg,,,,,,Unknown
5940,0e23dd73-29d8-4555-97f4-88e0e79ac8b7,abaerbock,Annalena Baerbock,abaerbock_20-09-2021_00:00_image3.jpeg,7043f13e-1c39-4e44-97a1-5130e364ed41.png,0.826588726859936,Facenet512,euclidean_l2,13.0,Annalena Baerbock
5941,f30f298a-ef10-478f-81db-8c47a6077149,spdde,Olaf Scholz,spdde_14-09-2021_00:00_video1.jpeg,cf207ba3-2a6b-42b2-b0c6-b0fb9e7532f0.png,0.6330486787628973,Facenet512,euclidean_l2,20.0,Olaf Scholz
5968,7d3d5a21-1f83-4b67-9333-ea8c772e9b92,die_gruenen,Annalena Baerbock,die_gruenen_13-09-2021_00:00_image0.jpeg,7bd1824e-e163-4963-9f53-3063e9dcc721.png,0.2773069527002117,Facenet512,euclidean_l2,13.0,Annalena Baerbock
5969,fd558ea5-2fbc-45a4-8ad9-c4af7905875d,olafscholz,Unknown,olafscholz_17-09-2021_00:00_video5.jpeg,,,,,,Unknown
5970,0258bf73-15cb-4dae-b639-0173402b18c6,olafscholz,Unknown,olafscholz_17-09-2021_00:00_video5.jpeg,,,,,,Unknown
5971,2797aeca-6424-4f5a-9c2a-e30243afd945,olafscholz,Unknown,olafscholz_17-09-2021_00:00_video5.jpeg,,,,,,Unknown
5972,10979b56-45b8-430d-9b40-0594585a90fe,olafscholz,Unknown,olafscholz_17-09-2021_00:00_video5.jpeg,,,,,,Unknown
5973,4fa6a74c-4fdb-4f26-9776-a3c4d5335bce,olafscholz,Unknown,olafscholz_17-09-2021_00:00_video5.jpeg,,,,,,Unknown
5974,5c5fa489-3447-4590-90dc-f6991ef45b87,olafscholz,Unknown,olafscholz_17-09-2021_00:00_video5.jpeg,,,,,,Unknown
5975,6b75c5fc-0ebe-40fe-9270-b4871564375f,olafscholz,Unknown,olafscholz_17-09-2021_00:00_video5.jpeg,,,,,,Unknown
5976,02ae043f-779f-4406-bc71-1964311bbaff,olafscholz,Unknown,olafscholz_17-09-2021_00:00_video5.jpeg,,,,,,Unknown
5977,7c6e4b2b-c0c0-4236-9fd0-34c4086b857b,olafscholz,Unknown,olafscholz_17-09-2021_00:00_video5.jpeg,,,,,,Unknown
5978,ee8ef268-111a-4f37-b277-6dc7e5532e3e,fdp,Unknown,fdp_20-09-2021_00:00_video7.jpeg,,,,,,Unknown
5979,e0d8a207-82ac-47a3-bcac-65e702f174d8,fdp,Christian Lindner,fdp_20-09-2021_00:00_video7.jpeg,,,,,,Unknown
5980,7b891bac-f904-4c1b-91a7-1cf661c584c2,fdp,Unknown,fdp_20-09-2021_00:00_video7.jpeg,,,,,,Unknown
5981,6be5c569-46de-418b-832f-a6aaa4e1398b,fdp,Unknown,fdp_20-09-2021_00:00_video7.jpeg,,,,,,Unknown
5982,2475c11f-c399-40b7-95d6-c817cb935d0a,fdp,Unknown,fdp_20-09-2021_00:00_video7.jpeg,,,,,,Unknown
5983,13851606-6667-4213-ab5d-4f1c330cfb1a,fdp,Unknown,fdp_20-09-2021_00:00_video7.jpeg,,,,,,Unknown
5984,8416d3ef-f2e7-4cfe-80d7-b7b837f14133,fdp,Unknown,fdp_20-09-2021_00:00_video7.jpeg,,,,,,Unknown
5985,e9fa6d30-824c-47ff-af06-395ce7de0b90,fdp,Unknown,fdp_20-09-2021_00:00_video7.jpeg,,,,,,Unknown
5986,ee1803c7-4a4e-4c1d-8a1d-cd06e26528f4,fdp,Unknown,fdp_20-09-2021_00:00_video7.jpeg,,,,,,Unknown
5987,7d88c950-b9bd-42fa-906c-5829181646bc,fdp,Unknown,fdp_20-09-2021_00:00_video7.jpeg,,,,,,Unknown
5988,f8e747fd-27fa-42e1-a121-41d2ba73fcfd,fdp,Unknown,fdp_20-09-2021_00:00_video7.jpeg,,,,,,Unknown
5989,a8a01e5b-605e-405b-9f78-4ba2f77822ff,fdp,Unknown,fdp_20-09-2021_00:00_video7.jpeg,,,,,,Unknown
5993,80ebd797-3108-47dc-a404-6e25fc61a729,cdu,Unknown,cdu_13-09-2021_00:00_video13.jpeg,,,,,,Unknown
5994,4af247ce-68b9-44a2-84df-d85a5aff6fd4,cdu,Unknown,cdu_13-09-2021_00:00_video13.jpeg,,,,,,Unknown
5995,3c7331f2-8ee8-4f95-b406-b9fbd1c27a88,spdde,Unknown,spdde_25-09-2021_00:00_video0.jpeg,,,,,,Unknown
5996,cc873332-87db-4295-8381-ec26b8d3ead5,abaerbock,Annalena Baerbock,abaerbock_22-09-2021_00:00_image10.jpeg,,,,,,Unknown
5997,ed147314-d875-40a9-b53f-6a88a7295a61,abaerbock,Unknown,abaerbock_22-09-2021_00:00_image10.jpeg,,,,,,Unknown
5998,3506e3ff-ad68-4c82-b0b3-94065f88c62d,abaerbock,Unknown,abaerbock_22-09-2021_00:00_image10.jpeg,,,,,,Unknown
5999,ef220796-9c79-4847-9a90-71253a31c8c4,abaerbock,Unknown,abaerbock_22-09-2021_00:00_image10.jpeg,,,,,,Unknown
6000,3899371c-04e3-453b-9ee8-756bb5c80325,abaerbock,Unknown,abaerbock_22-09-2021_00:00_image10.jpeg,,,,,,Unknown
6001,efaffe13-55ec-4851-a543-c3920eca4963,olafscholz,Unknown,olafscholz_21-09-2021_00:00_video5.jpeg,,,,,,Unknown
6002,e6537860-a51b-499e-816f-da1b7ec6ed3a,olafscholz,Unknown,olafscholz_21-09-2021_00:00_video5.jpeg,,,,,,Unknown
6003,9837fa44-527a-4d36-bb86-86ba562acd82,olafscholz,Unknown,olafscholz_21-09-2021_00:00_video5.jpeg,,,,,,Unknown
6004,6b9f2b1d-a202-40af-a28a-56026a5f8881,olafscholz,Unknown,olafscholz_21-09-2021_00:00_video5.jpeg,,,,,,Unknown
6005,01c5e53b-762f-4536-bd36-805882631cc1,olafscholz,Unknown,olafscholz_21-09-2021_00:00_video5.jpeg,,,,,,Unknown
6006,904516ec-9176-40ff-821b-b33db90edfa3,olafscholz,Unknown,olafscholz_21-09-2021_00:00_video5.jpeg,,,,,,Unknown
6007,caf0af3e-3306-45d3-a97f-7fe6007e2b84,olafscholz,Unknown,olafscholz_21-09-2021_00:00_video5.jpeg,,,,,,Unknown
6008,7a73291c-07fd-4f43-87ca-00d715cdbae4,olafscholz,Unknown,olafscholz_21-09-2021_00:00_video5.jpeg,,,,,,Unknown
6009,2bc39681-fee5-4d61-9545-e556df341e2f,olafscholz,Unknown,olafscholz_21-09-2021_00:00_video5.jpeg,,,,,,Unknown
6010,c2c3e854-abc7-46fc-8e0b-6eb6582d7b23,olafscholz,Unknown,olafscholz_21-09-2021_00:00_video5.jpeg,,,,,,Unknown
6011,0a9e5866-6ed3-486b-b9e1-27163d849b40,olafscholz,Unknown,olafscholz_21-09-2021_00:00_video5.jpeg,,,,,,Unknown
6012,37fb8563-39af-4f40-b076-b6253e9e40d1,abaerbock,Unknown,abaerbock_17-09-2021_00:00_video2.jpeg,,,,,,Unknown
6013,f51962b7-dd03-4344-a61e-f62133fbedd6,abaerbock,Annalena Baerbock,abaerbock_17-09-2021_00:00_video2.jpeg,,,,,,Unknown
6016,f75aa68c-6922-47dd-9ff9-924de45be21d,cdu,Unknown,cdu_20-09-2021_00:00_video5.jpeg,,,,,,Unknown
6017,fd3f23f0-03a9-4049-8307-f60a0d38616d,cdu,Unknown,cdu_20-09-2021_00:00_video5.jpeg,,,,,,Unknown
6018,fec71b4d-832d-4273-b197-b4a7a5c45265,cdu,Unknown,cdu_23-09-2021_00:00_video6.jpeg,,,,,,Unknown
6019,7538d550-9507-47ef-924b-ced8ea60b41c,cdu,Unknown,cdu_23-09-2021_00:00_video6.jpeg,,,,,,Unknown
6020,e80782b0-78bb-45a4-8f1b-148c8c88c8c0,cdu,Unknown,cdu_23-09-2021_00:00_video6.jpeg,,,,,,Unknown
6021,0f092088-005a-41d0-9e6f-5c25a814c243,die_gruenen,Unknown,die_gruenen_13-09-2021_00:00_video5.jpeg,,,,,,Unknown
6022,370f7fb5-a497-44a1-9af1-f3765372c370,die_gruenen,Annalena Baerbock,die_gruenen_13-09-2021_00:00_video5.jpeg,,,,,,Unknown
6023,a232dd2b-bb15-4a2f-b891-79de051873fb,die_gruenen,Unknown,die_gruenen_13-09-2021_00:00_video5.jpeg,,,,,,Unknown
6024,f50086a4-8531-4b72-aeb8-0f4c7d8d1874,die_gruenen,Unknown,die_gruenen_13-09-2021_00:00_video5.jpeg,,,,,,Unknown
6025,5061e26d-f769-45d0-8c03-ce0c5549b27e,die_gruenen,Unknown,die_gruenen_13-09-2021_00:00_video5.jpeg,,,,,,Unknown
6026,60755653-46c5-4c99-9123-de1f36f2b201,markus.soeder,Markus Söder,markus.soeder_24-09-2021_00:00_image4.jpeg,49bdb61e-e0b0-4666-9cf0-5c7ab16b2516.png,0.9970670141537742,Facenet512,euclidean_l2,2.0,Markus Söder
6027,a1372d3a-c9d2-4cfe-bd41-e5bb7d06f29a,abaerbock,Unknown,abaerbock_21-09-2021_00:00_video2.jpeg,,,,,,Unknown
6028,fe180b07-a512-4429-87e2-bee5cd2ac5e7,abaerbock,Unknown,abaerbock_21-09-2021_00:00_video2.jpeg,,,,,,Unknown
6029,4a9811d7-de00-4a50-ab3b-32736f13af98,abaerbock,Unknown,abaerbock_21-09-2021_00:00_video2.jpeg,,,,,,Unknown
6086,2ab78382-5642-4d5b-9d17-caee706a35fd,armin_laschet,Unknown,armin_laschet_25-09-2021_00:00_video0.jpeg,,,,,,Unknown
6087,90f47f45-3d36-48bc-9e9a-21fe351c80bd,armin_laschet,Armin Laschet,armin_laschet_25-09-2021_00:00_video0.jpeg,,,,,,Unknown
6088,18dfe6da-846b-4bc7-bb52-b2c47af2f94a,christlichsozialeunion,Unknown,christlichsozialeunion_13-09-2021_00:00_video0.jpeg,,,,,,Unknown
6089,300ddd18-f449-471e-9cd6-2bcc5ac465ef,olafscholz,Unknown,olafscholz_22-09-2021_00:00_video6.jpeg,,,,,,Unknown
6090,b5a72e98-e4b0-48f4-9c42-fc929c1c3fa8,spdde,Unknown,spdde_15-09-2021_00:00_image0.jpeg,,,,,,Unknown
6091,c07532d2-cf4d-4cdb-94e2-227af5867b39,spdde,Unknown,spdde_15-09-2021_00:00_image0.jpeg,,,,,,Unknown
6092,d28d9761-3e00-4e2e-b14b-ed654b9502d7,spdde,Olaf Scholz,spdde_15-09-2021_00:00_image0.jpeg,,,,,,Unknown
6093,7320b114-5a56-4dfa-8857-f90f27a702af,christianlindner,Christian Lindner,christianlindner_24-09-2021_00:00_image0.jpeg,510f4815-9191-4558-aab2-b98e5cb8f643.png,0.6168278322001394,Facenet512,euclidean_l2,10.0,Christian Lindner
6094,07e747ff-b31a-4449-a5f2-47b40cbcbd46,olafscholz,Unknown,olafscholz_24-09-2021_00:00_image2.jpeg,,,,,,Unknown
6095,7011d861-bad4-4e81-8c93-12ab05d05fa9,olafscholz,Olaf Scholz,olafscholz_24-09-2021_00:00_image2.jpeg,91d6fa25-3671-4110-8beb-1c3296cdf4d0.png,0.3363834322371457,Facenet512,euclidean_l2,20.0,Olaf Scholz
6096,2102ec79-7626-4fe3-897b-fedba0eddf44,olafscholz,Unknown,olafscholz_23-09-2021_00:00_video1.jpeg,,,,,,Unknown
6097,6176addf-c9a3-479e-843c-7879190bfac0,olafscholz,Unknown,olafscholz_23-09-2021_00:00_video1.jpeg,,,,,,Unknown
6098,2f9a75dc-61f6-40ee-a1ee-b88f84990da2,olafscholz,Unknown,olafscholz_23-09-2021_00:00_video1.jpeg,,,,,,Unknown
6099,9fb2d30f-4262-4086-9abd-2f976766cb7c,olafscholz,Olaf Scholz,olafscholz_23-09-2021_00:00_video1.jpeg,b4140b08-8bd8-4631-a580-a48195a9970a.png,0.9569087473858978,Facenet512,euclidean_l2,8.0,Olaf Scholz
6100,e000fbd4-ea23-4272-ad00-33427868ad3a,olafscholz,Unknown,olafscholz_23-09-2021_00:00_video1.jpeg,,,,,,Unknown
6101,e745c8fb-ab42-43e1-a76c-d4c834abbeab,olafscholz,Unknown,olafscholz_23-09-2021_00:00_video1.jpeg,,,,,,Unknown
6102,e365a321-32db-4bfa-95e1-4c8bbcd33530,cdu,Unknown,cdu_19-09-2021_00:00_video1.jpeg,,,,,,Unknown
6103,3586c20f-4dbe-4011-8127-8b1d094bcd8a,cdu,Unknown,cdu_19-09-2021_00:00_video1.jpeg,,,,,,Unknown
6104,a114fb64-1ba2-4e43-a6a2-3f9837169003,cdu,Unknown,cdu_19-09-2021_00:00_video1.jpeg,7cdeee40-f222-4b03-a819-4db32fc47d20.png,0.9948884707792568,Facenet512,euclidean_l2,1.0,Armin Laschet
6105,3a91c1c2-35fa-473d-95eb-1f5698043a2b,abaerbock,Unknown,abaerbock_26-09-2021_00:00_image1.jpeg,,,,,,Unknown
6106,04731f0e-d882-4c59-9ea4-1157b3b1e048,abaerbock,Annalena Baerbock,abaerbock_26-09-2021_00:00_image1.jpeg,820608e2-840e-4850-b527-36c922284188.png,0.800207131156049,Facenet512,euclidean_l2,13.0,Annalena Baerbock
6107,c20a7036-2ba2-49a2-ba2c-d4dd250e32a0,abaerbock,Unknown,abaerbock_26-09-2021_00:00_image1.jpeg,,,,,,Unknown
6108,04df3c1f-917d-476f-a47d-a6f1757b89db,abaerbock,Unknown,abaerbock_26-09-2021_00:00_image1.jpeg,,,,,,Unknown
6110,eb4da0e7-37d9-4d64-b4ab-fe6c7659193e,markus.soeder,Markus Söder,markus.soeder_25-09-2021_00:00_video4.jpeg,,,,,,Unknown
6111,795b9438-1f23-4d77-b932-a3ac4e9befc9,markus.soeder,Markus Söder,markus.soeder_25-09-2021_00:00_video4.jpeg,,,,,,Unknown
6113,1209a065-734d-434a-8c08-090ffcd2986b,armin_laschet,Armin Laschet,armin_laschet_22-09-2021_00:00_video9.jpeg,,,,,,Unknown
6114,e7090c2c-9ee9-4502-8159-93e69747ab38,armin_laschet,Unknown,armin_laschet_22-09-2021_00:00_video9.jpeg,,,,,,Unknown
6115,40e34bd4-5fbb-4dd3-8f2d-4864bfa6149f,fdp,Christian Lindner,fdp_20-09-2021_00:00_image9.jpeg,,,,,,Unknown
6116,aeb27078-5303-4d32-8eb6-d637373367f0,fdp,Unknown,fdp_20-09-2021_00:00_image9.jpeg,,,,,,Unknown
6117,5a7ad2ad-d3b1-43dc-a632-b03caa9f6677,fdp,Christian Lindner,fdp_20-09-2021_00:00_image9.jpeg,,,,,,Unknown
6118,a69819eb-7c3d-43ee-a782-e4b1c5921208,fdp,Unknown,fdp_20-09-2021_00:00_image9.jpeg,,,,,,Unknown
6122,634f86ed-1bcf-47a3-95f7-33bc87b31a49,armin_laschet,Armin Laschet,armin_laschet_19-09-2021_00:00_video4.jpeg,c1a12a4c-30ca-47ec-b1c5-11409ded5262.png,1.011874407670947,Facenet512,euclidean_l2,2.0,Armin Laschet
6123,461d12e8-eaa5-4620-af1d-3d9b80740adb,armin_laschet,Unknown,armin_laschet_19-09-2021_00:00_video4.jpeg,,,,,,Unknown
6141,16501954-9d6e-46a9-a072-70126ce03022,abaerbock,Unknown,abaerbock_13-09-2021_00:00_video0.jpeg,,,,,,Unknown
6142,c90ca120-d00e-49c4-9254-fb3d9f96e0c9,abaerbock,Annalena Baerbock,abaerbock_13-09-2021_00:00_video0.jpeg,0faf3dc0-e2b6-4b3e-81d6-3c1474fbed58.png,0.6608954697582642,Facenet512,euclidean_l2,13.0,Annalena Baerbock
6143,d488f4ea-4c8b-4476-9c14-1572e417cf3b,christlichsozialeunion,Markus Söder,christlichsozialeunion_24-09-2021_00:00_video11.jpeg,2e3825be-7e0c-4e62-b2c7-b9aea0bcb158.png,0.546322313815203,Facenet512,euclidean_l2,13.0,Markus Söder
6144,9b032a81-070f-4818-991e-8d6f1868d988,markus.soeder,Markus Söder,markus.soeder_21-09-2021_00:00_image1.jpeg,dade5d2a-6e44-4700-a1b0-7a6449735c40.png,0.2496148394847318,Facenet512,euclidean_l2,13.0,Markus Söder
6148,e39cdd98-d38a-4a79-afec-2cd4477537e7,armin_laschet,Armin Laschet,armin_laschet_24-09-2021_00:00_video16.jpeg,laschet_armin.jpeg,0.655199596437013,Facenet512,euclidean_l2,20.0,Armin Laschet
6153,5c652b77-ac95-44d9-869a-8e84c8fbd5a6,spdde,Unknown,spdde_14-09-2021_00:00_image4.jpeg,,,,,,Unknown
6154,971b887d-330a-4818-a0c6-2e767f6bd32f,armin_laschet,Unknown,armin_laschet_26-09-2021_00:00_video7.jpeg,,,,,,Unknown
6155,8a93ab7b-134d-49e5-ac8d-fe610f03786a,armin_laschet,Unknown,armin_laschet_26-09-2021_00:00_video7.jpeg,,,,,,Unknown
6156,b6eed9c9-95d3-498f-b3c3-3ba766c848ad,fdp,Christian Lindner,fdp_25-09-2021_00:00_image0.jpeg,3e230648-0328-4861-ada8-f718b0287f5e.png,0.2334603349099741,Facenet512,euclidean_l2,10.0,Christian Lindner
6161,4273c80f-fb2d-4e41-ac4c-ee210e8f70e0,armin_laschet,Armin Laschet,armin_laschet_23-09-2021_00:00_image0.jpeg,d0e6d963-6d02-463b-a226-ce3f34b0fcc5.png,0.624173205343887,Facenet512,euclidean_l2,20.0,Armin Laschet
6162,42407fe7-e272-42a8-81c0-3d8d77d33c4e,armin_laschet,Unknown,armin_laschet_23-09-2021_00:00_image0.jpeg,,,,,,Unknown
6167,ebf46386-e698-4b94-81aa-6af88df584b7,spdde,Olaf Scholz,spdde_17-09-2021_00:00_image0.jpeg,04a53ef1-618b-4c9c-97a8-a1187a75c05c.png,0.4142316574451243,Facenet512,euclidean_l2,20.0,Olaf Scholz
6168,dae22b18-b05f-401b-8336-fcd661ad07ce,fdp,Christian Lindner,fdp_23-09-2021_00:00_image1.jpeg,3e230648-0328-4861-ada8-f718b0287f5e.png,0.9869158386840904,Facenet512,euclidean_l2,2.0,Christian Lindner
6169,3014d024-2590-47ba-80e8-777cda62e3b8,fdp,Christian Lindner,fdp_23-09-2021_00:00_image1.jpeg,,,,,,Unknown
6170,76a7f6a0-c08a-47c8-ba30-496865df0a9a,christianlindner,Christian Lindner,christianlindner_22-09-2021_00:00_image5.jpeg,510f4815-9191-4558-aab2-b98e5cb8f643.png,0.745153788044782,Facenet512,euclidean_l2,10.0,Christian Lindner
6171,67408e3c-d65d-469b-a55e-74c8a0c31c6c,christianlindner,Unknown,christianlindner_22-09-2021_00:00_image5.jpeg,,,,,,Unknown
6172,da883076-70fd-4a80-aff0-17395918c792,christianlindner,Unknown,christianlindner_22-09-2021_00:00_image5.jpeg,,,,,,Unknown
6179,6aa36267-4f9e-4cf3-91fc-25fb184e04c4,armin_laschet,Armin Laschet,armin_laschet_19-09-2021_00:00_image1.jpeg,b95e4651-bf56-4f12-8d9c-4defe1aef9b0.png,0.5467074084797501,Facenet512,euclidean_l2,20.0,Armin Laschet
6182,d5b141eb-9bb4-4322-8fc9-e434489136d0,abaerbock,Unknown,abaerbock_18-09-2021_00:00_video2.jpeg,,,,,,Unknown
6183,9ff2e797-0780-41bb-9d45-96238095a0bf,abaerbock,Unknown,abaerbock_18-09-2021_00:00_video2.jpeg,,,,,,Unknown
6184,f1d89f47-4161-4145-87d0-7001ea576964,abaerbock,Unknown,abaerbock_18-09-2021_00:00_video2.jpeg,,,,,,Unknown
6185,b67e682b-e752-48f8-87ae-5d9246c1b998,abaerbock,Unknown,abaerbock_18-09-2021_00:00_video2.jpeg,,,,,,Unknown
6247,a4f1fad3-484f-46a2-9ef0-af8b551c6421,markus.soeder,Markus Söder,markus.soeder_23-09-2021_00:00_image0.jpeg,,,,,,Unknown
6248,73f71d73-3f9b-4fb6-8cf5-fba2a819ee0e,markus.soeder,Markus Söder,markus.soeder_23-09-2021_00:00_image0.jpeg,d58b66d8-f621-4c58-9284-a999f266986a.png,0.4601940130242771,Facenet512,euclidean_l2,13.0,Markus Söder
6249,3bd36e32-4c53-4b9f-be78-4cceab37ba40,christlichsozialeunion,Unknown,christlichsozialeunion_25-09-2021_00:00_video8.jpeg,,,,,,Unknown
6250,d0fc38d7-1745-4111-9603-5ae8364dd26c,christlichsozialeunion,Unknown,christlichsozialeunion_25-09-2021_00:00_video8.jpeg,,,,,,Unknown
6251,51540ec1-b871-477d-b22d-353ffd5dd5c4,olafscholz,Olaf Scholz,olafscholz_21-09-2021_00:00_image1.jpeg,9bc42743-ba76-4b29-8ae3-88daa99f6988.png,0.7707701287948031,Facenet512,euclidean_l2,5.0,Olaf Scholz
6252,c28df9c9-b261-4c5b-83b7-8696a3db2e7c,olafscholz,Unknown,olafscholz_21-09-2021_00:00_image1.jpeg,,,,,,Unknown
6253,40969afd-bce0-4a56-9785-3be6a8606dad,abaerbock,Annalena Baerbock,abaerbock_13-09-2021_00:00_image4.jpeg,,,,,,Unknown
6254,a6aae086-a90f-48e3-a23a-cd428307a8a1,cdu,Unknown,cdu_25-09-2021_00:00_video6.jpeg,,,,,,Unknown
6255,4a5ca6f7-05dd-4509-8481-c926754a9fd1,cdu,Unknown,cdu_25-09-2021_00:00_video6.jpeg,,,,,,Unknown
6256,a5619eb0-8da0-4d64-8721-4cdda037f1db,cdu,Unknown,cdu_25-09-2021_00:00_video13.jpeg,,,,,,Unknown
6257,d27c918d-7842-401f-aa67-5bce8b92c42d,cdu,Unknown,cdu_25-09-2021_00:00_video13.jpeg,,,,,,Unknown
6258,0ad53fd9-8d0c-4a58-aa16-c9ce8bd45dea,cdu,Unknown,cdu_25-09-2021_00:00_video13.jpeg,,,,,,Unknown
6264,9357e50e-5d51-411c-9dcb-265f662b2f7d,christlichsozialeunion,Unknown,christlichsozialeunion_24-09-2021_00:00_video3.jpeg,,,,,,Unknown
6265,6d82c890-992b-418e-b321-a69e1471fe95,abaerbock,Annalena Baerbock,abaerbock_17-09-2021_00:00_video6.jpeg,0faf3dc0-e2b6-4b3e-81d6-3c1474fbed58.png,0.1873030050304824,Facenet512,euclidean_l2,13.0,Annalena Baerbock
6266,31908fcf-a27b-4777-b043-c56b37a16efc,abaerbock,Unknown,abaerbock_17-09-2021_00:00_video6.jpeg,,,,,,Unknown
6267,1f1e96d3-c76e-4c5e-975a-a2a47fb54793,abaerbock,Unknown,abaerbock_14-09-2021_00:00_image12.jpeg,,,,,,Unknown
6268,7d5a4a20-5d1a-4f35-bece-65e4ed772af3,armin_laschet,Unknown,armin_laschet_19-09-2021_00:00_image5.jpeg,,,,,,Unknown
6269,06e401cb-6e7c-426e-959e-44be9363b6da,armin_laschet,Unknown,armin_laschet_19-09-2021_00:00_image5.jpeg,,,,,,Unknown
6270,46167220-e802-4781-8c92-a3195138bdef,armin_laschet,Unknown,armin_laschet_19-09-2021_00:00_image5.jpeg,,,,,,Unknown
6271,94bb1de4-813c-49ef-8de1-9c005e9cb71c,armin_laschet,Unknown,armin_laschet_19-09-2021_00:00_image5.jpeg,,,,,,Unknown
6272,b03f57ba-3c5c-4234-9e7e-e11175491687,armin_laschet,Unknown,armin_laschet_19-09-2021_00:00_image5.jpeg,,,,,,Unknown
6273,c1d7561a-b626-40de-88cc-204ffeb28b36,armin_laschet,Unknown,armin_laschet_19-09-2021_00:00_image5.jpeg,c1a12a4c-30ca-47ec-b1c5-11409ded5262.png,1.0088468829892072,Facenet512,euclidean_l2,1.0,Armin Laschet
6274,09809739-577f-471e-80ce-4499630f94d3,armin_laschet,Unknown,armin_laschet_19-09-2021_00:00_image5.jpeg,,,,,,Unknown
6275,835c6c10-0f5c-4fd6-8c74-0cde51435246,armin_laschet,Armin Laschet,armin_laschet_19-09-2021_00:00_image5.jpeg,5efa5b53-ada6-486e-8b66-4c6330a71ea7.png,0.7934765573668215,Facenet512,euclidean_l2,16.0,Armin Laschet
6276,678d6852-b369-463f-938c-26d590295ce1,armin_laschet,Unknown,armin_laschet_19-09-2021_00:00_image5.jpeg,,,,,,Unknown
6277,f073d2ec-7e1c-4a5c-ab94-6f57f088fe17,armin_laschet,Unknown,armin_laschet_19-09-2021_00:00_image5.jpeg,,,,,,Unknown
6278,01705337-2df8-4466-8ed6-50f37c317056,armin_laschet,Unknown,armin_laschet_19-09-2021_00:00_image5.jpeg,f891fb5e-737c-4bf0-9c55-824f2cdff348.png,1.0045612135078383,Facenet512,euclidean_l2,2.0,Armin Laschet
6279,5b178131-b25f-4b53-992d-852b803c33cf,armin_laschet,Unknown,armin_laschet_19-09-2021_00:00_image5.jpeg,,,,,,Unknown
6280,7dab9378-d61e-4df3-a443-9cdec30a4d8a,christlichsozialeunion,Unknown,christlichsozialeunion_16-09-2021_00:00_video17.jpeg,,,,,,Unknown
6281,836b743f-8e20-439c-952e-701d07d6c7a3,christlichsozialeunion,Unknown,christlichsozialeunion_16-09-2021_00:00_video17.jpeg,,,,,,Unknown
6282,3fd1606c-1ec0-451b-988e-4cb6d33d24f3,die_gruenen,Unknown,die_gruenen_26-09-2021_00:00_video0.jpeg,,,,,,Unknown
6283,dc631466-c6f0-4639-82d2-87f2bce5b608,christlichsozialeunion,Unknown,christlichsozialeunion_13-09-2021_00:00_image2.jpeg,,,,,,Unknown
6284,9a7586fa-dcca-442a-9571-0084a2b4c7d4,armin_laschet,Armin Laschet,armin_laschet_16-09-2021_00:00_image2.jpeg,80b6f539-47d0-408e-8a0b-aadcffe513a5.png,0.5402702026747844,Facenet512,euclidean_l2,20.0,Armin Laschet
6285,ebc268d9-155d-4fd0-8601-9807b9a45e92,armin_laschet,Unknown,armin_laschet_16-09-2021_00:00_image2.jpeg,,,,,,Unknown
6286,de80060b-f7da-4f6a-9890-5e27e868de2a,armin_laschet,Unknown,armin_laschet_16-09-2021_00:00_image2.jpeg,,,,,,Unknown
6290,c430dfd9-3cd3-4c01-8159-5a85fb440a1c,armin_laschet,Armin Laschet,armin_laschet_25-09-2021_00:00_video5.jpeg,b95e4651-bf56-4f12-8d9c-4defe1aef9b0.png,0.3717071723727,Facenet512,euclidean_l2,20.0,Armin Laschet
6291,bfed4cb0-ed73-4339-ba0d-dfab00c7b5c9,abaerbock,Annalena Baerbock,abaerbock_20-09-2021_00:00_video0.jpeg,b5ea8be6-69b9-4fdb-8813-88f307903fb4.png,0.3651231888252751,Facenet512,euclidean_l2,13.0,Annalena Baerbock
6292,440b51f4-fedd-4efd-826c-a52c64094ba9,armin_laschet,Armin Laschet,armin_laschet_14-09-2021_00:00_image0.jpeg,1f347af9-a36f-4727-923b-4c1a1e934ab9.png,0.5360561529669347,Facenet512,euclidean_l2,20.0,Armin Laschet
6293,cc0f2722-4446-4042-b561-3e2398714c91,christlichsozialeunion,Unknown,christlichsozialeunion_16-09-2021_00:00_video8.jpeg,,,,,,Unknown
6295,dd97bbca-7ec7-4f19-8b2c-073dae1b5623,markus.soeder,Markus Söder,markus.soeder_21-09-2021_00:00_image2.jpeg,49bdb61e-e0b0-4666-9cf0-5c7ab16b2516.png,1.0084677176442955,Facenet512,euclidean_l2,1.0,Markus Söder
6296,201590a2-60d1-4bb7-b294-952ddccdcb66,markus.soeder,Markus Söder,markus.soeder_21-09-2021_00:00_image2.jpeg,8cc74ed4-1eaf-489c-8072-432287400d9b.png,0.7890791178771432,Facenet512,euclidean_l2,10.0,Markus Söder
6297,772fee08-88e9-4bc4-b613-f861847f86f2,markus.soeder,Unknown,markus.soeder_21-09-2021_00:00_image2.jpeg,,,,,,Unknown
6298,4b48a9b6-834e-4c0a-b2c5-42c864f2d5e4,cdu,Armin Laschet,cdu_18-09-2021_00:00_image3.jpeg,laschet_armin.jpeg,0.7730878281817822,Facenet512,euclidean_l2,19.0,Armin Laschet
6299,ffb21aa3-1581-419e-8c82-2b46c49758d9,abaerbock,Unknown,abaerbock_14-09-2021_00:00_image0.jpeg,,,,,,Unknown
6300,810b43a4-897c-4f7c-8eae-cea561d1e16b,abaerbock,Unknown,abaerbock_14-09-2021_00:00_image0.jpeg,,,,,,Unknown
6301,77186c5d-e901-4bbe-bc85-d0f4e761cd74,abaerbock,Unknown,abaerbock_14-09-2021_00:00_image0.jpeg,,,,,,Unknown
6302,ac3d48b6-7857-4c27-aedf-ea0c56a13468,abaerbock,Unknown,abaerbock_14-09-2021_00:00_image0.jpeg,,,,,,Unknown
6303,b8a9de87-3212-4308-98f1-d7e24459a24d,abaerbock,Unknown,abaerbock_14-09-2021_00:00_image0.jpeg,,,,,,Unknown
6308,e23a68a0-3ee8-435b-abe1-04d4f4a37712,olafscholz,Unknown,olafscholz_19-09-2021_00:00_video10.jpeg,,,,,,Unknown
6309,13edb3f1-0f8e-4b4f-a853-5d49af9d4113,olafscholz,Unknown,olafscholz_19-09-2021_00:00_video10.jpeg,,,,,,Unknown
6310,682a9076-b890-48fe-ad27-cc84f9b4b0fb,olafscholz,Unknown,olafscholz_19-09-2021_00:00_video10.jpeg,,,,,,Unknown
6311,36ad60de-1d2b-44e5-9de0-a4d0654058ac,cdu,Unknown,cdu_20-09-2021_00:00_video23.jpeg,,,,,,Unknown
6312,f2c94cb3-73f0-46b1-aadf-7081a6e52a06,cdu,Unknown,cdu_20-09-2021_00:00_video23.jpeg,,,,,,Unknown
6313,af6117a3-87ac-4a08-9ab2-327ea94eb75b,cdu,Unknown,cdu_20-09-2021_00:00_video23.jpeg,,,,,,Unknown
6314,334b2a1d-ec65-4c3a-9f74-2f6587d3d13b,cdu,Unknown,cdu_20-09-2021_00:00_video23.jpeg,,,,,,Unknown
6315,c31b1dfd-be99-4580-a73f-d1df331c20b2,cdu,Unknown,cdu_20-09-2021_00:00_video23.jpeg,,,,,,Unknown
6316,dfd8ea4f-9f65-4255-aed9-bf9abc92bdcc,cdu,Unknown,cdu_20-09-2021_00:00_video23.jpeg,,,,,,Unknown
6317,6a9ba089-bc9e-4161-9120-7768c87e5020,olafscholz,Olaf Scholz,olafscholz_22-09-2021_00:00_image3.jpeg,91d6fa25-3671-4110-8beb-1c3296cdf4d0.png,0.5851185415428173,Facenet512,euclidean_l2,20.0,Olaf Scholz
6318,4af0e4b1-cba3-4592-bde5-3008eb843326,spdde,Unknown,spdde_13-09-2021_00:00_video1.jpeg,,,,,,Unknown
6319,c38a51f9-720e-4da6-94f8-77d639c87337,spdde,Unknown,spdde_13-09-2021_00:00_video1.jpeg,,,,,,Unknown
6323,3a452a21-717f-4227-8bf8-72c8017de9f1,abaerbock,Unknown,abaerbock_21-09-2021_00:00_image14.jpeg,,,,,,Unknown
6324,b24a010c-a201-4907-80ad-0d30dfdcfdc6,abaerbock,Unknown,abaerbock_21-09-2021_00:00_image14.jpeg,,,,,,Unknown
6325,3613a95d-1900-4395-8480-294a4f6d06e2,abaerbock,Unknown,abaerbock_21-09-2021_00:00_image14.jpeg,,,,,,Unknown
6326,17911938-4907-4845-99e1-3d132e585fe6,abaerbock,Unknown,abaerbock_21-09-2021_00:00_image14.jpeg,,,,,,Unknown
6327,5ba0f6c8-42c9-4574-bc69-976d0b2ad02e,abaerbock,Unknown,abaerbock_21-09-2021_00:00_image14.jpeg,,,,,,Unknown
6328,3ef30339-faeb-41bd-9972-a0d74b260582,abaerbock,Unknown,abaerbock_21-09-2021_00:00_image14.jpeg,,,,,,Unknown
6329,95815331-c5aa-4811-8673-c08ac65d496f,abaerbock,Unknown,abaerbock_21-09-2021_00:00_image14.jpeg,,,,,,Unknown
6330,2badabff-f522-43e7-ad88-8ed3aec61236,abaerbock,Unknown,abaerbock_21-09-2021_00:00_image14.jpeg,,,,,,Unknown
6331,f768a73f-fffb-44e1-a77c-9f66c812ff29,abaerbock,Unknown,abaerbock_21-09-2021_00:00_image14.jpeg,,,,,,Unknown
6332,a5d5d092-cf1c-4ba8-9854-6c5c5bbbbbf7,christlichsozialeunion,Unknown,christlichsozialeunion_24-09-2021_00:00_video7.jpeg,,,,,,Unknown
6333,997f3a74-4dd6-4de9-bc95-5c272910eba2,christlichsozialeunion,Unknown,christlichsozialeunion_24-09-2021_00:00_video7.jpeg,,,,,,Unknown
6334,08f7deb5-e09b-4fec-9070-b23ce5ac9f4e,christlichsozialeunion,Unknown,christlichsozialeunion_24-09-2021_00:00_video7.jpeg,,,,,,Unknown
6335,a2490853-d1d4-457f-a9d0-3231b8b24b40,christlichsozialeunion,Unknown,christlichsozialeunion_24-09-2021_00:00_video7.jpeg,,,,,,Unknown
6336,3635724d-37f2-4fc6-b316-d0ca12c6004e,christlichsozialeunion,Unknown,christlichsozialeunion_24-09-2021_00:00_video7.jpeg,,,,,,Unknown
6337,ddc43e37-3ce9-419c-be81-999a4f7d1c65,armin_laschet,Armin Laschet,armin_laschet_25-09-2021_00:00_video10.jpeg,,,,,,Unknown
6338,9567adee-ea50-4e7b-9b39-2c7f7d5c240b,armin_laschet,Unknown,armin_laschet_25-09-2021_00:00_video10.jpeg,,,,,,Unknown
6339,a8ba7d62-097f-464d-bc53-3e1b61fdc963,armin_laschet,Unknown,armin_laschet_25-09-2021_00:00_video10.jpeg,,,,,,Unknown
6340,a16eb33c-9429-4ecb-9988-77785d41b4ec,armin_laschet,Unknown,armin_laschet_25-09-2021_00:00_video10.jpeg,,,,,,Unknown
6341,35de1e52-b071-459c-8d47-c44b2a5e1ce3,armin_laschet,Unknown,armin_laschet_26-09-2021_00:00_video0.jpeg,,,,,,Unknown
6342,b30964f6-257e-4ac1-86d5-34411020ac5c,armin_laschet,Unknown,armin_laschet_26-09-2021_00:00_video0.jpeg,,,,,,Unknown
6343,6c6d9950-f39d-40ca-8606-7b74f05b2701,armin_laschet,Unknown,armin_laschet_26-09-2021_00:00_video0.jpeg,,,,,,Unknown
6346,93e7f767-61bc-4b46-a961-d3985babc19c,cdu,Unknown,cdu_13-09-2021_00:00_video17.jpeg,,,,,,Unknown
6347,668042e6-8720-4f1b-9c02-2186083f0276,cdu,Unknown,cdu_13-09-2021_00:00_video17.jpeg,,,,,,Unknown
6348,0e3d62c4-01aa-44fc-a926-e0cd6851f8fb,cdu,Unknown,cdu_13-09-2021_00:00_video17.jpeg,,,,,,Unknown
6349,ae4a06e4-d472-4e9e-96b2-d78caa5594f6,cdu,Unknown,cdu_13-09-2021_00:00_video17.jpeg,,,,,,Unknown
6350,4e3de88e-3142-4511-9e33-08d8753bc678,cdu,Unknown,cdu_13-09-2021_00:00_video17.jpeg,,,,,,Unknown
6351,70d5416c-310c-475d-a498-f16cad9ab661,cdu,Armin Laschet,cdu_13-09-2021_00:00_video17.jpeg,,,,,,Unknown
6352,84f999d6-f0fa-4ef2-9364-ccb248fc46e0,cdu,Unknown,cdu_13-09-2021_00:00_video17.jpeg,,,,,,Unknown
6353,7318300d-ea64-4087-8f1a-2b391a549a51,cdu,Unknown,cdu_13-09-2021_00:00_video17.jpeg,,,,,,Unknown
6354,ac911f54-1b34-4660-8baa-87fac2cb2993,cdu,Unknown,cdu_13-09-2021_00:00_video17.jpeg,,,,,,Unknown
6355,457c74da-52d3-4bb7-bbe0-1b97989485f3,cdu,Unknown,cdu_13-09-2021_00:00_video17.jpeg,,,,,,Unknown
6356,0e31c66d-25e8-4860-8f46-12778da0492d,cdu,Unknown,cdu_13-09-2021_00:00_video17.jpeg,,,,,,Unknown
6357,dcca222c-6c1f-4b4d-8e0a-53d167590400,cdu,Unknown,cdu_13-09-2021_00:00_video17.jpeg,,,,,,Unknown
6358,db968960-180b-4ad6-b2c2-73e2d56f756b,cdu,Unknown,cdu_13-09-2021_00:00_video17.jpeg,,,,,,Unknown
6359,b59263fd-c3c9-4789-94d6-ec1e0e93a5e6,cdu,Unknown,cdu_13-09-2021_00:00_video17.jpeg,,,,,,Unknown
6360,c9a9ccf2-80b7-4927-88d8-6609ce0e61e6,cdu,Unknown,cdu_13-09-2021_00:00_video17.jpeg,,,,,,Unknown
6361,7ac79255-dc3f-40e7-8a88-42ed5f7076d6,cdu,Unknown,cdu_13-09-2021_00:00_video17.jpeg,,,,,,Unknown
6362,1e1d41d4-16b4-45ad-ae24-5a2880bd36bb,cdu,Unknown,cdu_13-09-2021_00:00_video17.jpeg,,,,,,Unknown
6363,f9597b9e-94b0-4b66-864a-acf92cfc4758,cdu,Unknown,cdu_13-09-2021_00:00_video17.jpeg,,,,,,Unknown
6364,3688b357-74bd-4354-947e-c3811b935c60,cdu,Unknown,cdu_13-09-2021_00:00_video17.jpeg,,,,,,Unknown
6365,c2dd055a-511d-4dec-8873-1ad26b2b9917,cdu,Unknown,cdu_13-09-2021_00:00_video17.jpeg,,,,,,Unknown
6366,d0f45dc1-b013-4951-94b8-9d6dd1fffe82,cdu,Unknown,cdu_13-09-2021_00:00_video17.jpeg,,,,,,Unknown
6371,3f137a21-e40f-4e62-9834-946c3320b337,armin_laschet,Armin Laschet,armin_laschet_21-09-2021_00:00_video5.jpeg,d0e6d963-6d02-463b-a226-ce3f34b0fcc5.png,0.5746865250321188,Facenet512,euclidean_l2,20.0,Armin Laschet
6372,8b5c7b71-7a62-4e41-b786-df571329c603,cdu,Unknown,cdu_18-09-2021_00:00_video4.jpeg,,,,,,Unknown
6373,245ea75d-5431-48e3-9e4a-a477e61d44ce,cdu,Unknown,cdu_18-09-2021_00:00_video4.jpeg,,,,,,Unknown
6378,f5b023b3-870d-4fc1-8180-10d9cde71751,abaerbock,Annalena Baerbock,abaerbock_14-09-2021_00:00_image4.jpeg,b5ea8be6-69b9-4fdb-8813-88f307903fb4.png,0.7560119118523807,Facenet512,euclidean_l2,13.0,Annalena Baerbock
6379,3d47f686-eba8-4712-9699-dce0ceb2343d,spdde,Unknown,spdde_20-09-2021_00:00_video7.jpeg,,,,,,Unknown
6380,7d5c6959-b613-45f0-be7e-7a6616dabb45,spdde,Unknown,spdde_20-09-2021_00:00_video7.jpeg,cf207ba3-2a6b-42b2-b0c6-b0fb9e7532f0.png,0.9125842637785188,Facenet512,euclidean_l2,13.0,Olaf Scholz
6381,3e09bdf1-00e2-40e7-8ed3-dc109c972ea5,spdde,Olaf Scholz,spdde_20-09-2021_00:00_video7.jpeg,,,,,,Unknown
6384,18c0140e-bb59-4e0f-955a-b3ade4c82c88,cdu,Unknown,cdu_20-09-2021_00:00_video12.jpeg,,,,,,Unknown
6387,8d944627-5eb5-4516-8d39-e3ca269b7059,spdde,Unknown,spdde_25-09-2021_00:00_video14.jpeg,,,,,,Unknown
6388,1e2fa5c0-bf51-412e-a75d-a16863a866cc,spdde,Unknown,spdde_25-09-2021_00:00_video14.jpeg,,,,,,Unknown
6389,4c1249e0-795a-487f-9916-cbc14489636e,spdde,Unknown,spdde_25-09-2021_00:00_video14.jpeg,,,,,,Unknown
6390,a12d9f88-b962-464d-a3f5-ad9622dcca0b,spdde,Unknown,spdde_25-09-2021_00:00_video14.jpeg,,,,,,Unknown
6391,f1d07805-3e94-43fe-bf97-06e7824ed69e,spdde,Unknown,spdde_25-09-2021_00:00_video14.jpeg,91d6fa25-3671-4110-8beb-1c3296cdf4d0.png,1.0331296217336363,Facenet512,euclidean_l2,1.0,Olaf Scholz
6392,85925f01-b2c8-47d9-95d1-d1e516eef849,spdde,Unknown,spdde_25-09-2021_00:00_video14.jpeg,addb18d2-ca87-4104-b149-5ecb974f1432.png,0.9550862064207492,Facenet512,euclidean_l2,3.0,Olaf Scholz
6393,9270332c-cef9-4927-a1ea-fca77153815a,spdde,Unknown,spdde_25-09-2021_00:00_video14.jpeg,,,,,,Unknown
6394,990c0c16-e010-46f6-b740-fac9cf0fc852,spdde,Unknown,spdde_25-09-2021_00:00_video14.jpeg,,,,,,Unknown
6395,20679ec3-770b-4e43-bc78-98954aba3d34,christianlindner,Christian Lindner,christianlindner_20-09-2021_00:00_image0.jpeg,3e230648-0328-4861-ada8-f718b0287f5e.png,0.9599378298141058,Facenet512,euclidean_l2,7.0,Christian Lindner
6396,cb089061-f3c7-4b60-88cc-fd8fa048ee87,christianlindner,Christian Lindner,christianlindner_20-09-2021_00:00_image0.jpeg,3e230648-0328-4861-ada8-f718b0287f5e.png,0.924588960199409,Facenet512,euclidean_l2,7.0,Christian Lindner
6397,680610e2-ecec-4b9b-9b2b-c8091555fb1d,die_gruenen,Unknown,die_gruenen_25-09-2021_00:00_video30.jpeg,,,,,,Unknown
6398,e37b26c6-6865-413f-b857-01e2f029d39f,die_gruenen,Annalena Baerbock,die_gruenen_25-09-2021_00:00_video30.jpeg,9a8aa257-6928-4d20-bb76-b003078f551d.png,0.7960501472008713,Facenet512,euclidean_l2,13.0,Annalena Baerbock
6399,d3a48ca1-46c4-47e1-8264-95dfaa895e0c,die_gruenen,Unknown,die_gruenen_25-09-2021_00:00_video30.jpeg,,,,,,Unknown
6400,f258eead-e4cd-4a45-95fc-3cd287b763ad,die_gruenen,Unknown,die_gruenen_25-09-2021_00:00_video30.jpeg,,,,,,Unknown
6401,420862e3-bd5c-45e8-bec1-47ea4887c5f1,die_gruenen,Unknown,die_gruenen_25-09-2021_00:00_video30.jpeg,,,,,,Unknown
6402,cf17e590-3bf5-460e-a664-5dec0425c299,die_gruenen,Unknown,die_gruenen_25-09-2021_00:00_video30.jpeg,,,,,,Unknown
6403,750c552c-6137-42d1-81c5-beb70a0e406e,die_gruenen,Unknown,die_gruenen_25-09-2021_00:00_video30.jpeg,,,,,,Unknown
6404,194e521e-27ab-4295-bbbf-f7148f65b607,die_gruenen,Unknown,die_gruenen_25-09-2021_00:00_video30.jpeg,,,,,,Unknown
6405,43375880-6d8b-4266-b4a9-471845ae9fdd,die_gruenen,Unknown,die_gruenen_25-09-2021_00:00_video30.jpeg,,,,,,Unknown
6406,08722d9f-3510-4a04-a4cf-e0baf8e75232,die_gruenen,Unknown,die_gruenen_25-09-2021_00:00_video30.jpeg,,,,,,Unknown
6410,e296f5be-b534-41f6-8c3d-ce2c2fd8bd68,spdde,Unknown,spdde_25-09-2021_00:00_video15.jpeg,cf207ba3-2a6b-42b2-b0c6-b0fb9e7532f0.png,0.7888413861004924,Facenet512,euclidean_l2,20.0,Olaf Scholz
6424,37355517-db66-4ec8-812e-40c33c3d61a9,armin_laschet,Armin Laschet,armin_laschet_23-09-2021_00:00_video6.jpeg,c1a12a4c-30ca-47ec-b1c5-11409ded5262.png,0.7348624066274348,Facenet512,euclidean_l2,19.0,Armin Laschet
6429,091258f4-e217-41e2-a554-40773fa86adb,cdu,Armin Laschet,cdu_25-09-2021_00:00_image0.jpeg,c0c7aedd-97dc-4394-8336-f812c19fc1a2.png,0.3806166459505756,Facenet512,euclidean_l2,20.0,Armin Laschet
6430,1870f669-28b8-45b8-bd0f-f6c5591cd38e,cdu,Unknown,cdu_25-09-2021_00:00_image0.jpeg,,,,,,Unknown
6431,240a37af-2170-4a07-b95c-42c2d6fd201f,cdu,Unknown,cdu_25-09-2021_00:00_image0.jpeg,,,,,,Unknown
6432,fc3b8d99-6637-4c0a-aaa1-a4f5e90138bc,cdu,Unknown,cdu_25-09-2021_00:00_image0.jpeg,,,,,,Unknown
6433,8215f30b-4d49-4774-ae72-1b77bd99a574,cdu,Unknown,cdu_25-09-2021_00:00_image0.jpeg,,,,,,Unknown
6434,0e463927-5dad-45dc-bce6-dbc30ab32f0a,cdu,Armin Laschet,cdu_25-09-2021_00:00_image0.jpeg,f7a956bb-513b-4ae7-9fb0-2adc7ab25076.png,0.7598257354545214,Facenet512,euclidean_l2,12.0,Armin Laschet
6435,4720b587-4b44-4e9b-8579-b527e872d066,cdu,Unknown,cdu_25-09-2021_00:00_image0.jpeg,,,,,,Unknown
6436,a49eb517-9ddb-40f2-8193-5df47dbdefd9,cdu,Unknown,cdu_25-09-2021_00:00_image0.jpeg,,,,,,Unknown
6437,494d5df9-ae53-4a3b-a18b-f0eff5c540b9,cdu,Armin Laschet,cdu_25-09-2021_00:00_image0.jpeg,1f347af9-a36f-4727-923b-4c1a1e934ab9.png,0.7375727379282842,Facenet512,euclidean_l2,16.0,Armin Laschet
6438,d97e53fd-9e0a-4185-9559-a200a44334be,cdu,Unknown,cdu_25-09-2021_00:00_image0.jpeg,,,,,,Unknown
6439,9e666fab-4f52-449e-9c2c-933769b32538,cdu,Unknown,cdu_25-09-2021_00:00_image0.jpeg,,,,,,Unknown
6440,c50569da-5021-43be-b385-62178e0139b2,cdu,Unknown,cdu_25-09-2021_00:00_image0.jpeg,,,,,,Unknown
6441,05beb383-bd55-4602-b7ef-7c881c0cd197,cdu,Unknown,cdu_25-09-2021_00:00_image0.jpeg,,,,,,Unknown
6442,eb9863e7-5d06-4f82-8334-90650fea0be4,cdu,Unknown,cdu_25-09-2021_00:00_image0.jpeg,,,,,,Unknown
6443,1532fb13-b58c-4126-a288-2dd20ab46149,cdu,Unknown,cdu_25-09-2021_00:00_image0.jpeg,,,,,,Unknown
6444,3e2ff1d7-5802-4e3b-9bbe-7459be4e57f5,cdu,Unknown,cdu_25-09-2021_00:00_image0.jpeg,,,,,,Unknown
6445,89eb7583-5e1e-482c-a4b1-65a262ee23da,cdu,Unknown,cdu_25-09-2021_00:00_image0.jpeg,,,,,,Unknown
6446,0c4f7e14-c289-4c6b-9b2f-c64fa56bd5e4,cdu,Unknown,cdu_25-09-2021_00:00_image0.jpeg,,,,,,Unknown
6447,38408889-582b-46bc-8bc8-979e688c2a82,cdu,Unknown,cdu_25-09-2021_00:00_image0.jpeg,,,,,,Unknown
6448,670e54f6-96f7-48a0-a5d8-ca5839695bbf,cdu,Unknown,cdu_25-09-2021_00:00_image0.jpeg,,,,,,Unknown
6449,72864aa1-6cdf-4dfc-912c-38516607bf1e,cdu,Unknown,cdu_25-09-2021_00:00_image0.jpeg,,,,,,Unknown
6450,eb6719a3-514a-4d49-b974-fee945f36395,cdu,Unknown,cdu_25-09-2021_00:00_image0.jpeg,,,,,,Unknown
6451,feee63a0-dead-473b-8028-91430f969901,cdu,Unknown,cdu_25-09-2021_00:00_image0.jpeg,,,,,,Unknown
6452,acf843e8-b93f-419b-8238-cd48aa569640,cdu,Unknown,cdu_25-09-2021_00:00_image0.jpeg,,,,,,Unknown
6453,c3a7de11-b996-44f9-b442-4c4d24072b7b,cdu,Unknown,cdu_25-09-2021_00:00_image0.jpeg,,,,,,Unknown
6454,773e3e94-80ff-4ee7-8fa5-9b676ed5ebed,cdu,Unknown,cdu_25-09-2021_00:00_image0.jpeg,,,,,,Unknown
6455,b2e7293b-e365-428e-8269-710ca9f24e4b,cdu,Unknown,cdu_25-09-2021_00:00_image0.jpeg,,,,,,Unknown
6456,247989aa-b7a5-4457-bb14-1d2e54ff476d,cdu,Unknown,cdu_25-09-2021_00:00_image0.jpeg,,,,,,Unknown
6457,9d818e0a-b8bf-4ed0-8d7e-b47d4f98e510,cdu,Unknown,cdu_25-09-2021_00:00_image0.jpeg,,,,,,Unknown
6458,9b0c8b75-0d6b-4bf5-8402-9abb22165283,cdu,Unknown,cdu_25-09-2021_00:00_image0.jpeg,,,,,,Unknown
6459,db4372e6-f52f-48ae-94de-5e24ff7a3b2d,cdu,Unknown,cdu_25-09-2021_00:00_image0.jpeg,,,,,,Unknown
6460,1bdae6a7-e4b2-453d-99b3-3b89fc11d4eb,cdu,Unknown,cdu_25-09-2021_00:00_image0.jpeg,,,,,,Unknown
6461,1c50e48a-9292-463a-af00-2bb3b0339791,cdu,Unknown,cdu_25-09-2021_00:00_image0.jpeg,,,,,,Unknown
6462,1b466608-1a28-4921-b991-cf260f668936,cdu,Unknown,cdu_25-09-2021_00:00_image0.jpeg,,,,,,Unknown
6463,b4de4135-fd59-4442-9de8-cba89c4706ac,cdu,Unknown,cdu_25-09-2021_00:00_image0.jpeg,,,,,,Unknown
6464,ab9fc8bb-ffa0-4bc4-9918-4c871477cce8,cdu,Unknown,cdu_25-09-2021_00:00_image0.jpeg,,,,,,Unknown
6465,5d68a5c7-5b36-47a8-839d-b135c296b465,cdu,Unknown,cdu_25-09-2021_00:00_image0.jpeg,,,,,,Unknown
6466,60ae6c3a-5e77-4b78-ad5b-541cca2b9430,cdu,Unknown,cdu_25-09-2021_00:00_image0.jpeg,,,,,,Unknown
6467,1ab52f77-8e4a-44ae-9a16-4573d955c215,cdu,Unknown,cdu_25-09-2021_00:00_image0.jpeg,,,,,,Unknown
6468,432c4ecf-8117-4617-a1d1-9417850b1693,cdu,Unknown,cdu_25-09-2021_00:00_image0.jpeg,,,,,,Unknown
6469,894b412a-788f-4bfa-b7db-a6832eead8f8,cdu,Unknown,cdu_25-09-2021_00:00_image0.jpeg,,,,,,Unknown
6470,764bd089-e4ba-4c1c-8958-57d4ff612bbe,cdu,Unknown,cdu_25-09-2021_00:00_image0.jpeg,,,,,,Unknown
6471,ab9ef765-76a9-41da-afe2-f90b2cceaf4a,cdu,Unknown,cdu_25-09-2021_00:00_image0.jpeg,,,,,,Unknown
6472,367aa717-2d78-4777-bc3f-130c79843d78,cdu,Unknown,cdu_25-09-2021_00:00_image0.jpeg,,,,,,Unknown
6473,c3136470-ad35-441f-ba72-25ad2b3795f1,cdu,Unknown,cdu_25-09-2021_00:00_image0.jpeg,,,,,,Unknown
6474,2291659c-7b46-4955-97c1-cbd470cc0d46,cdu,Unknown,cdu_25-09-2021_00:00_image0.jpeg,,,,,,Unknown
6475,e0ad0e98-757b-473e-8977-b1e7dbcc5021,cdu,Unknown,cdu_25-09-2021_00:00_image0.jpeg,,,,,,Unknown
6476,a4f965a9-4cbf-4c70-9c38-74039742189c,cdu,Unknown,cdu_25-09-2021_00:00_image0.jpeg,,,,,,Unknown
6477,be37120a-5b81-4db6-a212-76fb90523e93,cdu,Unknown,cdu_25-09-2021_00:00_image0.jpeg,,,,,,Unknown
6478,2f172646-91a4-4ea0-95e1-edba14c29984,cdu,Unknown,cdu_25-09-2021_00:00_image0.jpeg,,,,,,Unknown
6479,4972503d-fa14-4371-abeb-1e2e409c5841,cdu,Unknown,cdu_25-09-2021_00:00_image0.jpeg,,,,,,Unknown
6480,f3c92576-a5c1-449c-99f3-c7e2d4f6d078,cdu,Unknown,cdu_25-09-2021_00:00_image0.jpeg,,,,,,Unknown
6481,a110d468-e17f-46ea-88f2-44ebde4a0b4c,cdu,Unknown,cdu_25-09-2021_00:00_image0.jpeg,,,,,,Unknown
6482,f0e7acea-d51c-4420-9a74-f47c6e7bcaf1,cdu,Unknown,cdu_25-09-2021_00:00_image0.jpeg,,,,,,Unknown
6483,5152651c-843e-4ae8-b37a-eaf7df3ee19d,cdu,Unknown,cdu_25-09-2021_00:00_image0.jpeg,,,,,,Unknown
6484,c41077f7-0b3f-4ee7-a8f0-9cef8e8520a4,cdu,Unknown,cdu_25-09-2021_00:00_image0.jpeg,,,,,,Unknown
6485,fa988cfa-9fe8-4336-bc11-1e327852969a,cdu,Unknown,cdu_25-09-2021_00:00_image0.jpeg,,,,,,Unknown
6486,a7ae62e8-a026-4a4e-a424-15cb241818fe,cdu,Unknown,cdu_25-09-2021_00:00_image0.jpeg,,,,,,Unknown
6487,f3e0b1e6-01d0-459f-a098-9ebcc734f87e,spdde,Olaf Scholz,spdde_25-09-2021_00:00_video6.jpeg,97bef193-f3fe-4df6-b6d6-37ad2790018d.png,0.5389483714837645,Facenet512,euclidean_l2,20.0,Olaf Scholz
6488,1fae0378-351b-4037-85df-00605fad2f35,spdde,Olaf Scholz,spdde_25-09-2021_00:00_video6.jpeg,cf207ba3-2a6b-42b2-b0c6-b0fb9e7532f0.png,0.5091659886333983,Facenet512,euclidean_l2,20.0,Olaf Scholz
6495,8051b65d-42c4-4cc2-8ed4-915ac3fb18ad,abaerbock,Unknown,abaerbock_18-09-2021_00:00_image16.jpeg,,,,,,Unknown
6496,d5b22627-1e50-474f-9c62-64a9a2adf4fe,abaerbock,Unknown,abaerbock_18-09-2021_00:00_image16.jpeg,,,,,,Unknown
6497,3908b58c-b5de-4b98-9571-43801c245116,abaerbock,Unknown,abaerbock_18-09-2021_00:00_image16.jpeg,,,,,,Unknown
6498,fcc77af7-cc4a-4853-8c4d-7f0aaf73b6a3,abaerbock,Unknown,abaerbock_18-09-2021_00:00_image16.jpeg,,,,,,Unknown
6523,c1461171-4429-47ca-a81a-6ee61fef7082,olafscholz,Olaf Scholz,olafscholz_23-09-2021_00:00_video0.jpeg,,,,,,Unknown
6524,461f8ecc-58bb-4644-aaad-5bbd0af83b63,olafscholz,Unknown,olafscholz_23-09-2021_00:00_video0.jpeg,,,,,,Unknown
6525,d250f300-b8e1-49d0-8549-ec8aa01a6d01,armin_laschet,Armin Laschet,armin_laschet_24-09-2021_00:00_video12.jpeg,,,,,,Unknown
6528,e198bcdf-bcce-40af-9235-0eaefa87346b,cdu,Unknown,cdu_26-09-2021_00:00_video12.jpeg,,,,,,Unknown
6529,55109dcf-cf0c-4935-92eb-45ab942f932f,cdu,Armin Laschet,cdu_26-09-2021_00:00_video12.jpeg,c9b28a08-82fc-4524-9287-70b4dbc96c5b.png,0.7128697527128518,Facenet512,euclidean_l2,20.0,Armin Laschet
6530,b193c7ea-7efd-4387-ad09-558920ff03b1,cdu,Unknown,cdu_26-09-2021_00:00_video12.jpeg,,,,,,Unknown
6531,2484c381-a33d-45a6-9547-d59747ebe505,cdu,Unknown,cdu_22-09-2021_00:00_image1.jpeg,,,,,,Unknown
6532,afff2631-bbb2-400f-8a0b-f1ab70cc3941,cdu,Armin Laschet,cdu_22-09-2021_00:00_image1.jpeg,544c4dd7-ae0f-4d1e-825f-3d9e1eca7fd3.png,0.7438565964311136,Facenet512,euclidean_l2,20.0,Armin Laschet
6533,642b0d19-5aa1-4767-ae4f-fb7ed57e6001,cdu,Unknown,cdu_22-09-2021_00:00_image1.jpeg,,,,,,Unknown
6534,87789cfa-135c-4117-b4f8-2bd51ebb7b88,cdu,Unknown,cdu_22-09-2021_00:00_image1.jpeg,,,,,,Unknown
6535,c1798959-828d-45aa-a77a-66b861a02688,cdu,Unknown,cdu_22-09-2021_00:00_image1.jpeg,,,,,,Unknown
6536,1969523d-80b0-40f9-a456-38fa659f736a,cdu,Unknown,cdu_22-09-2021_00:00_image1.jpeg,,,,,,Unknown
6537,8c19f254-120e-4337-a15f-ae4a6047d26b,cdu,Unknown,cdu_22-09-2021_00:00_image1.jpeg,,,,,,Unknown
6538,37ce7be1-4c4a-47c1-ba4d-61f6df8e373f,armin_laschet,Armin Laschet,armin_laschet_13-09-2021_00:00_video2.jpeg,7cdeee40-f222-4b03-a819-4db32fc47d20.png,0.6979852443471595,Facenet512,euclidean_l2,18.0,Armin Laschet
6539,6432903f-b52f-4c46-be7a-d98fdab47228,armin_laschet,Unknown,armin_laschet_13-09-2021_00:00_video2.jpeg,,,,,,Unknown
6540,f25d6041-79a3-431e-a515-2788cbf36480,armin_laschet,Unknown,armin_laschet_23-09-2021_00:00_video18.jpeg,,,,,,Unknown
6541,97f1448c-1599-4cf9-b951-99087889d3d9,armin_laschet,Armin Laschet,armin_laschet_23-09-2021_00:00_video18.jpeg,,,,,,Unknown
6542,b3d78a8a-4857-496a-8427-fa68744466e9,armin_laschet,Unknown,armin_laschet_23-09-2021_00:00_video18.jpeg,,,,,,Unknown
6543,c92f6d01-8a27-4cbd-94ab-a1aacd351d20,armin_laschet,Unknown,armin_laschet_23-09-2021_00:00_video18.jpeg,,,,,,Unknown
6544,44261917-2634-426c-8ccb-7755677fac8f,armin_laschet,Unknown,armin_laschet_23-09-2021_00:00_video18.jpeg,,,,,,Unknown
6545,f01c54bb-b6c2-42f8-805c-773233091cd9,olafscholz,Unknown,olafscholz_19-09-2021_00:00_image5.jpeg,,,,,,Unknown
6546,3a86ff0f-de37-4a84-9bb4-12391099bde3,christianlindner,Christian Lindner,christianlindner_21-09-2021_00:00_image1.jpeg,4d32419b-d5b0-4859-a7a1-b12c0e217203.png,0.4898724127264395,Facenet512,euclidean_l2,10.0,Christian Lindner
6552,c52952d6-18c1-41e7-bbdf-aa1df207e979,markus.soeder,Unknown,markus.soeder_16-09-2021_00:00_video4.jpeg,,,,,,Unknown
6553,d8e0183d-cbca-4cd0-827e-ba4c0d0f7ee3,markus.soeder,Unknown,markus.soeder_16-09-2021_00:00_video4.jpeg,,,,,,Unknown
6554,07c73331-a524-4178-b31d-6552d19fc396,markus.soeder,Markus Söder,markus.soeder_16-09-2021_00:00_video4.jpeg,,,,,,Unknown
6584,26fd2253-6b59-4727-821e-e277138d3a55,cdu,Unknown,cdu_17-09-2021_00:00_video5.jpeg,,,,,,Unknown
6585,318a6930-fa36-41ac-8746-0513ef17bc9d,cdu,Unknown,cdu_17-09-2021_00:00_video5.jpeg,,,,,,Unknown
6586,1e3c0497-c80f-4b23-bb00-b86888cd53c8,cdu,Unknown,cdu_17-09-2021_00:00_video5.jpeg,,,,,,Unknown
6587,9e25f756-b778-4e4c-a38f-62790c40e6b7,cdu,Unknown,cdu_17-09-2021_00:00_video5.jpeg,,,,,,Unknown
6588,f618ca33-5376-480a-b574-641900138355,cdu,Unknown,cdu_17-09-2021_00:00_video5.jpeg,,,,,,Unknown
6590,e8f148c9-f36b-428c-9bfe-d13f83205b7f,spdde,Unknown,spdde_20-09-2021_00:00_video3.jpeg,,,,,,Unknown
6591,6c05596f-879d-45de-ace6-838e68f03994,spdde,Olaf Scholz,spdde_20-09-2021_00:00_video3.jpeg,,,,,,Unknown
6593,f8a6e4d9-d3d4-485a-8b62-2cd3051d1f98,christianlindner,Unknown,christianlindner_24-09-2021_00:00_image2.jpeg,,,,,,Unknown
6594,b40d0e7e-ff00-4d32-b853-ed5c8ac5e929,christianlindner,Unknown,christianlindner_24-09-2021_00:00_image2.jpeg,,,,,,Unknown
6595,0bf8a4d8-fb9a-46f4-8b74-93b7a1b9467c,cdu,Unknown,cdu_16-09-2021_00:00_video10.jpeg,,,,,,Unknown
6596,a77dbe5b-007c-45e0-b97d-f7747bedb226,abaerbock,Unknown,abaerbock_24-09-2021_00:00_image5.jpeg,,,,,,Unknown
6597,77ddc91c-07b2-4729-9c38-fda50f76d65c,abaerbock,Unknown,abaerbock_24-09-2021_00:00_image5.jpeg,,,,,,Unknown
6598,b5f6e60b-fe5d-4d39-b6e7-d90a8ee99b8c,abaerbock,Unknown,abaerbock_24-09-2021_00:00_image5.jpeg,,,,,,Unknown
6599,99d929d1-4927-4d37-8806-4709ebc83f95,abaerbock,Unknown,abaerbock_24-09-2021_00:00_image5.jpeg,,,,,,Unknown
6600,73102541-4e0f-4eac-a1c7-3e366bfaaa93,abaerbock,Unknown,abaerbock_24-09-2021_00:00_image5.jpeg,,,,,,Unknown
6601,2d111b1b-cc8a-44c4-9f94-31b9dae891e6,abaerbock,Unknown,abaerbock_24-09-2021_00:00_image5.jpeg,,,,,,Unknown
6602,8aa07fde-b532-43c2-af12-a64f2f975328,abaerbock,Unknown,abaerbock_24-09-2021_00:00_image5.jpeg,,,,,,Unknown
6603,4be52177-9839-4ac1-a4c0-b859a0c1b989,abaerbock,Unknown,abaerbock_24-09-2021_00:00_image5.jpeg,,,,,,Unknown
6604,d84a859d-dc3d-40ea-994a-7871378a1602,abaerbock,Unknown,abaerbock_24-09-2021_00:00_image5.jpeg,,,,,,Unknown
6605,20e6f2cc-f470-496a-8b62-68acc88a1a12,abaerbock,Unknown,abaerbock_24-09-2021_00:00_image5.jpeg,,,,,,Unknown
6606,95d08e29-6b9f-446b-b262-ca474f91bac4,abaerbock,Unknown,abaerbock_24-09-2021_00:00_image5.jpeg,,,,,,Unknown
6607,046d77b7-5124-4e55-80ca-8226481bd273,abaerbock,Unknown,abaerbock_24-09-2021_00:00_image5.jpeg,,,,,,Unknown
6608,2be0d4a3-9f98-4ddf-8e05-3eb88a350886,christlichsozialeunion,Unknown,christlichsozialeunion_18-09-2021_00:00_video5.jpeg,,,,,,Unknown
6609,d3b4ae88-65d2-47fb-954b-5f17bacf156b,armin_laschet,Unknown,armin_laschet_17-09-2021_00:00_image10.jpeg,,,,,,Unknown
6610,1c8854bc-2660-4be8-87f3-8f3d7eeccbaf,armin_laschet,Unknown,armin_laschet_17-09-2021_00:00_image10.jpeg,,,,,,Unknown
6611,7a985cb3-697d-43e0-9c08-6d5e55b6e4e9,armin_laschet,Unknown,armin_laschet_17-09-2021_00:00_image10.jpeg,,,,,,Unknown
6612,d0fa4b85-2c4d-492b-b7d4-03af3669a96e,armin_laschet,Unknown,armin_laschet_17-09-2021_00:00_image10.jpeg,,,,,,Unknown
6613,8e0e5683-283c-4b59-a654-52ba85c28741,armin_laschet,Unknown,armin_laschet_17-09-2021_00:00_image10.jpeg,,,,,,Unknown
6614,e3e9aaf4-1eb5-4859-b10a-1879d2e45ff8,armin_laschet,Unknown,armin_laschet_17-09-2021_00:00_image10.jpeg,,,,,,Unknown
6615,0e42be5a-3462-4d98-be81-33b7186e07a5,armin_laschet,Unknown,armin_laschet_17-09-2021_00:00_image10.jpeg,,,,,,Unknown
6618,e008832c-5047-430b-8b6e-ba68e66d85d7,christlichsozialeunion,Unknown,christlichsozialeunion_22-09-2021_00:00_video8.jpeg,,,,,,Unknown
6622,204ec9c0-52da-466b-9e02-cd1d1c6d54c4,fdp,Unknown,fdp_20-09-2021_00:00_image7.jpeg,,,,,,Unknown
6623,b0db33b7-913d-4714-913c-218ebea3e3e8,fdp,Unknown,fdp_20-09-2021_00:00_image7.jpeg,b2b81709-caad-45cc-b632-78901d5ab389.png,1.0398558392353152,Facenet512,euclidean_l2,1.0,Christian Lindner
6624,c57f2d68-ea77-4df9-93ef-5df82b3d750b,fdp,Christian Lindner,fdp_20-09-2021_00:00_image7.jpeg,d9fbc863-1aed-44af-8419-b4d18c9b5d48.png,0.8317993063531388,Facenet512,euclidean_l2,7.0,Christian Lindner
6625,49f0f880-c5c3-493f-be3d-62622cc34eb4,fdp,Unknown,fdp_20-09-2021_00:00_image7.jpeg,,,,,,Unknown
6626,0620be44-3dc5-40f6-a8f5-b9e8d1b84f58,fdp,Unknown,fdp_20-09-2021_00:00_image7.jpeg,,,,,,Unknown
6627,369739d1-ed16-4a1e-82db-d29bc021f57c,spdde,Unknown,spdde_25-09-2021_00:00_image1.jpeg,,,,,,Unknown
6628,d2b8d1dc-9457-45f8-9cf9-d43d4dff49b5,spdde,Unknown,spdde_25-09-2021_00:00_image1.jpeg,,,,,,Unknown
6629,4b5aba4f-8fbf-4470-951d-b9da208c5988,spdde,Unknown,spdde_25-09-2021_00:00_image1.jpeg,,,,,,Unknown
6630,1b2d0b5e-00bf-424f-a13b-421cdf3076c1,spdde,Unknown,spdde_25-09-2021_00:00_image1.jpeg,,,,,,Unknown
6631,957ab386-073b-404d-bdf1-131fca715520,spdde,Unknown,spdde_25-09-2021_00:00_image1.jpeg,,,,,,Unknown
6632,262c6c84-4533-4dc4-9019-9901e868730b,spdde,Unknown,spdde_25-09-2021_00:00_image1.jpeg,7283a49c-fba4-43e9-9a0b-a767ea44c1c0.png,1.0201716784755936,Facenet512,euclidean_l2,1.0,Olaf Scholz
6633,be0360fa-9efd-4d75-8f1a-66a969ba3786,spdde,Unknown,spdde_25-09-2021_00:00_image1.jpeg,,,,,,Unknown
6634,d637c381-cda2-42bd-9870-271b35691e0d,spdde,Unknown,spdde_25-09-2021_00:00_image1.jpeg,,,,,,Unknown
6635,221fe29c-3c8a-422b-9da8-2ce1c4aa612e,spdde,Unknown,spdde_25-09-2021_00:00_image1.jpeg,,,,,,Unknown
6636,a0adb358-4f01-400f-b9a1-6d1309a9111c,spdde,Unknown,spdde_25-09-2021_00:00_image1.jpeg,,,,,,Unknown
6637,930a071c-c4f5-446d-8ce4-562e099e6815,spdde,Unknown,spdde_25-09-2021_00:00_image1.jpeg,,,,,,Unknown
6638,5fb46c8e-7588-4b1c-96d0-777f47829178,spdde,Unknown,spdde_25-09-2021_00:00_image1.jpeg,,,,,,Unknown
6639,1ce032c5-e58d-40e8-b163-d8ad9fb5da7f,spdde,Unknown,spdde_25-09-2021_00:00_image1.jpeg,,,,,,Unknown
6640,b92665e4-113e-4482-b45e-aefaca655e48,spdde,Unknown,spdde_25-09-2021_00:00_image1.jpeg,,,,,,Unknown
6641,8ed89607-b26d-4683-b298-60a871611a53,spdde,Unknown,spdde_25-09-2021_00:00_image1.jpeg,,,,,,Unknown
6642,df9b81a6-8df1-46c5-a382-26691a2aa03e,spdde,Unknown,spdde_25-09-2021_00:00_image1.jpeg,,,,,,Unknown
6643,adf541fc-d8b7-495b-a867-fd41bc07746b,spdde,Unknown,spdde_25-09-2021_00:00_image1.jpeg,,,,,,Unknown
6644,b99cdf93-bdfb-4aa0-811f-da263b854817,spdde,Unknown,spdde_25-09-2021_00:00_image1.jpeg,,,,,,Unknown
6645,47f962e5-2fe6-42b6-b488-2cf2fff911d3,spdde,Unknown,spdde_25-09-2021_00:00_image1.jpeg,,,,,,Unknown
6646,3adcdb3a-13af-4839-9df8-ec8f3202067d,spdde,Unknown,spdde_25-09-2021_00:00_image1.jpeg,,,,,,Unknown
6647,0b59d0eb-48ff-49b0-be57-068c0e1f565f,spdde,Unknown,spdde_25-09-2021_00:00_image1.jpeg,,,,,,Unknown
6648,be7c940e-1a3f-4318-8a67-9476e5dc3498,spdde,Unknown,spdde_25-09-2021_00:00_image1.jpeg,,,,,,Unknown
6649,f58be6f0-6f0c-4380-b013-62fb2eeca040,spdde,Unknown,spdde_25-09-2021_00:00_image1.jpeg,,,,,,Unknown
6650,891ce8e3-65ec-4b4f-bf78-822ea878c001,spdde,Unknown,spdde_25-09-2021_00:00_image1.jpeg,,,,,,Unknown
6651,262cb572-5e43-4ecc-9d5b-6af4651cd77f,christlichsozialeunion,Unknown,christlichsozialeunion_18-09-2021_00:00_video0.jpeg,,,,,,Unknown
6652,e4c22398-fb01-4078-ba7b-fdf38aea06e7,cdu,Unknown,cdu_19-09-2021_00:00_video0.jpeg,,,,,,Unknown
6653,affaffe3-0c78-4765-9e15-1c30399c8041,cdu,Unknown,cdu_19-09-2021_00:00_video0.jpeg,,,,,,Unknown
6654,41da3bbb-40b2-47e0-83da-633018c8755f,cdu,Unknown,cdu_19-09-2021_00:00_video0.jpeg,,,,,,Unknown
6655,02906b28-3744-41b5-b3cf-4c256430c525,cdu,Unknown,cdu_19-09-2021_00:00_video0.jpeg,,,,,,Unknown
6656,14660be7-4db9-443e-9606-a8bbc7e7d582,cdu,Unknown,cdu_19-09-2021_00:00_video0.jpeg,,,,,,Unknown
6657,eb1e0750-b3d1-40a7-878e-fe066a9cda34,cdu,Unknown,cdu_19-09-2021_00:00_video0.jpeg,,,,,,Unknown
6658,73dfaf08-fc94-4815-8b01-0c55087287e1,cdu,Unknown,cdu_19-09-2021_00:00_video0.jpeg,,,,,,Unknown
6659,21a2f7fe-60e7-4d68-af9c-ad1d063a617e,cdu,Unknown,cdu_19-09-2021_00:00_video0.jpeg,,,,,,Unknown
6660,69eba683-54db-45f4-965a-edaadc65bf8d,cdu,Unknown,cdu_19-09-2021_00:00_video0.jpeg,,,,,,Unknown
6661,5822a1d1-4124-43a1-97cf-d3a126dc4d23,cdu,Unknown,cdu_19-09-2021_00:00_video0.jpeg,,,,,,Unknown
6662,7767b28a-9d8e-4239-a436-0e4d8da8cceb,cdu,Unknown,cdu_19-09-2021_00:00_video0.jpeg,,,,,,Unknown
6663,f53b16aa-86e8-4568-a5df-f34b4c2c7b91,cdu,Unknown,cdu_19-09-2021_00:00_video0.jpeg,,,,,,Unknown
6664,737a1aea-98f6-41b3-b07e-e11b4dde66a3,cdu,Unknown,cdu_19-09-2021_00:00_video0.jpeg,,,,,,Unknown
6665,1e9a9a9f-7c7e-459c-900b-c20f84cdeac3,cdu,Unknown,cdu_19-09-2021_00:00_video0.jpeg,,,,,,Unknown
6666,b2be17c7-cbc1-456d-9f82-a063b473f1d0,cdu,Unknown,cdu_19-09-2021_00:00_video0.jpeg,,,,,,Unknown
6667,01b43c6e-662f-4c15-8646-9e3c58dba7f1,cdu,Unknown,cdu_19-09-2021_00:00_video0.jpeg,,,,,,Unknown
6668,8b975f15-8fad-46a9-97fa-1747f5f0b738,cdu,Unknown,cdu_19-09-2021_00:00_video0.jpeg,,,,,,Unknown
6669,9a6544ef-c1f9-416d-b001-7acd2c7a42a3,christlichsozialeunion,Unknown,christlichsozialeunion_24-09-2021_00:00_image1.jpeg,,,,,,Unknown
6670,0624a9c5-1595-48ca-974e-02af73216034,christlichsozialeunion,Unknown,christlichsozialeunion_24-09-2021_00:00_image1.jpeg,,,,,,Unknown
6671,f2c763ab-fc84-4ec2-8266-8c5842aa3714,christlichsozialeunion,Unknown,christlichsozialeunion_24-09-2021_00:00_image1.jpeg,,,,,,Unknown
6672,73e59c1e-d410-432b-84bc-f306b2544ffb,markus.soeder,Markus Söder,markus.soeder_16-09-2021_00:00_video7.jpeg,,,,,,Unknown
6673,67f2ca4f-c8c4-4e1a-b5eb-7c856eeb80c4,olafscholz,Unknown,olafscholz_21-09-2021_00:00_video6.jpeg,,,,,,Unknown
6674,82a27e89-48df-464a-a365-333c470c6bc8,olafscholz,Unknown,olafscholz_21-09-2021_00:00_video6.jpeg,,,,,,Unknown
6675,9c033275-ec47-4517-93d4-385007c5128e,olafscholz,Unknown,olafscholz_21-09-2021_00:00_video6.jpeg,,,,,,Unknown
6676,8cfbb860-ee3e-4e25-9387-329f06b9e41e,olafscholz,Unknown,olafscholz_21-09-2021_00:00_video6.jpeg,,,,,,Unknown
6677,209b82b7-0365-432f-8aae-ab55e95988df,olafscholz,Unknown,olafscholz_21-09-2021_00:00_video6.jpeg,,,,,,Unknown
6678,63f68c86-bf0a-49a1-b01b-70fa223aa211,christlichsozialeunion,Unknown,christlichsozialeunion_25-09-2021_00:00_video11.jpeg,,,,,,Unknown
6679,39f344e3-ed07-4979-873e-69c4dc6c7cac,christlichsozialeunion,Unknown,christlichsozialeunion_25-09-2021_00:00_video11.jpeg,,,,,,Unknown
6680,fb9aeff4-0308-46bb-bbb2-82f4cf3702ae,christlichsozialeunion,Unknown,christlichsozialeunion_25-09-2021_00:00_video11.jpeg,,,,,,Unknown
6683,ce4407e0-7341-42df-9b6e-894cce206dd7,olafscholz,Unknown,olafscholz_17-09-2021_00:00_image1.jpeg,,,,,,Unknown
6684,e1dda4d4-399c-45ba-8403-e3af50ea0c47,olafscholz,Unknown,olafscholz_17-09-2021_00:00_image1.jpeg,,,,,,Unknown
6685,887c05e0-3d20-46e3-9245-94677b29179e,olafscholz,Unknown,olafscholz_17-09-2021_00:00_image1.jpeg,,,,,,Unknown
6686,262be38e-7802-4e52-9916-41d58765fe8f,olafscholz,Unknown,olafscholz_17-09-2021_00:00_image1.jpeg,,,,,,Unknown
6687,ce36c81e-0d78-43b2-ad9e-f347fa52b11f,olafscholz,Unknown,olafscholz_17-09-2021_00:00_image1.jpeg,,,,,,Unknown
6688,de904fdb-d21b-4a2c-b4b0-af770ab05d16,die_gruenen,Unknown,die_gruenen_17-09-2021_00:00_video2.jpeg,,,,,,Unknown
6718,541add4e-5c55-4c59-922c-9a654f40959b,fdp,Unknown,fdp_13-09-2021_00:00_video0.jpeg,,,,,,Unknown
6719,d7d974ad-c3de-4912-97e5-08a305f03f90,fdp,Christian Lindner,fdp_13-09-2021_00:00_video0.jpeg,3e230648-0328-4861-ada8-f718b0287f5e.png,0.8112666660837378,Facenet512,euclidean_l2,6.0,Christian Lindner
6720,b6e8d768-f7b2-4a05-b445-ebd0a1b602ba,fdp,Unknown,fdp_13-09-2021_00:00_video0.jpeg,3e230648-0328-4861-ada8-f718b0287f5e.png,0.9639497870988496,Facenet512,euclidean_l2,3.0,Christian Lindner
6721,284d457d-a5c6-45cb-8414-59bdb5125c2b,fdp,Unknown,fdp_13-09-2021_00:00_video0.jpeg,,,,,,Unknown
6722,092ab933-58a9-4228-8579-7d49c1728268,armin_laschet,Armin Laschet,armin_laschet_23-09-2021_00:00_video15.jpeg,,,,,,Unknown
6723,da794d53-607a-4c53-aa3a-f12a11c0abcd,armin_laschet,Unknown,armin_laschet_23-09-2021_00:00_video15.jpeg,,,,,,Unknown
6724,0ae34184-0848-4de0-9542-be6d8d8b58ce,armin_laschet,Unknown,armin_laschet_23-09-2021_00:00_video15.jpeg,,,,,,Unknown
6725,84f00822-fa3a-4834-9bdc-c3ffe42b23c2,armin_laschet,Armin Laschet,armin_laschet_22-09-2021_00:00_video4.jpeg,7cdeee40-f222-4b03-a819-4db32fc47d20.png,0.7971353711819672,Facenet512,euclidean_l2,19.0,Armin Laschet
6727,a1b05ea7-67ad-42f6-b7a9-9d0b59264e46,cdu,Armin Laschet,cdu_25-09-2021_00:00_video9.jpeg,1f347af9-a36f-4727-923b-4c1a1e934ab9.png,1.037052673331026,Facenet512,euclidean_l2,1.0,Armin Laschet
6728,45675f6a-3f8d-4490-9fb5-6cc17ca374dc,cdu,Unknown,cdu_26-09-2021_00:00_video11.jpeg,,,,,,Unknown
6729,c9223819-ab12-43b2-8d0f-7a6505b4bd5c,cdu,Armin Laschet,cdu_26-09-2021_00:00_video11.jpeg,6b5fba44-8fb8-4e07-98e3-960e82e765a9.png,0.9401924639355568,Facenet512,euclidean_l2,3.0,Armin Laschet
6730,f27f38fc-c838-48f8-b4d0-d9111941883f,cdu,Unknown,cdu_26-09-2021_00:00_video11.jpeg,,,,,,Unknown
6732,0d757b26-a0a1-4d12-83aa-f0c902c50b40,christlichsozialeunion,Unknown,christlichsozialeunion_26-09-2021_00:00_image0.jpeg,,,,,,Unknown
6733,94441d6f-2c66-4123-8076-dd3949703f06,christlichsozialeunion,Unknown,christlichsozialeunion_26-09-2021_00:00_image0.jpeg,,,,,,Unknown
6739,f792e2ca-6eca-4a8f-8a5f-a08a61710515,cdu,Unknown,cdu_16-09-2021_00:00_video6.jpeg,,,,,,Unknown
6740,0c7021bf-95c4-477d-85d2-054227df3a58,cdu,Unknown,cdu_16-09-2021_00:00_video6.jpeg,,,,,,Unknown
6741,4fffc804-4a04-418c-b3cb-9f958d3f3e31,olafscholz,Unknown,olafscholz_19-09-2021_00:00_image0.jpeg,,,,,,Unknown
6742,0175a07b-139b-478a-a3cd-9a825e55a5ac,die_gruenen,Unknown,die_gruenen_25-09-2021_00:00_video3.jpeg,,,,,,Unknown
6743,9c0fa8d7-848d-4233-9366-8bc51a819ee1,christianlindner,Unknown,christianlindner_26-09-2021_00:00_image5.jpeg,,,,,,Unknown
6744,0330fe34-1679-4841-b833-7886720818d3,christianlindner,Unknown,christianlindner_26-09-2021_00:00_image5.jpeg,,,,,,Unknown
6745,d13e179d-c199-40b9-a368-bbfde8250b31,christianlindner,Unknown,christianlindner_26-09-2021_00:00_image5.jpeg,,,,,,Unknown
6746,8fcd5991-e74d-4712-b9a4-50ef7d9693b0,christianlindner,Unknown,christianlindner_26-09-2021_00:00_image5.jpeg,,,,,,Unknown
6747,4f389a9b-9d2a-4a0a-bcba-974622074e62,christianlindner,Unknown,christianlindner_26-09-2021_00:00_image5.jpeg,,,,,,Unknown
6748,7eab9e65-3890-4741-b545-66f1a3825553,christianlindner,Unknown,christianlindner_26-09-2021_00:00_image5.jpeg,,,,,,Unknown
6749,7e8d3d20-85bd-43ac-aa54-9b7770929326,christianlindner,Unknown,christianlindner_26-09-2021_00:00_image5.jpeg,,,,,,Unknown
6750,bdfba10e-93d4-48de-ac3b-6236a95a350a,christianlindner,Unknown,christianlindner_26-09-2021_00:00_image5.jpeg,,,,,,Unknown
6751,a5f4ea8e-492f-4fa0-800b-c718e0f79fc2,christianlindner,Unknown,christianlindner_26-09-2021_00:00_image5.jpeg,,,,,,Unknown
6752,fc39f1d4-f2b2-46a7-af45-acda645b28e7,christianlindner,Unknown,christianlindner_26-09-2021_00:00_image5.jpeg,,,,,,Unknown
6753,a285be3a-b77f-449f-8026-ef489643ad75,christianlindner,Unknown,christianlindner_26-09-2021_00:00_image5.jpeg,,,,,,Unknown
6754,001c19cc-677c-4c2d-89c9-7114f4bd04c4,christianlindner,Unknown,christianlindner_26-09-2021_00:00_image5.jpeg,,,,,,Unknown
6755,1ce0a062-60ef-4e13-b645-dc1cf6ed4b7e,christianlindner,Unknown,christianlindner_26-09-2021_00:00_image5.jpeg,,,,,,Unknown
6756,10f989c7-0c2d-4929-8ef3-27f359a41a0a,christianlindner,Unknown,christianlindner_26-09-2021_00:00_image5.jpeg,,,,,,Unknown
6757,11c0152d-3940-425a-a13c-d2a3449b2325,christianlindner,Unknown,christianlindner_26-09-2021_00:00_image5.jpeg,,,,,,Unknown
6758,37df8a84-df19-4e5e-ab7b-79aa046220bf,christianlindner,Unknown,christianlindner_26-09-2021_00:00_image5.jpeg,,,,,,Unknown
6759,51de3edb-5fba-4f98-bd7d-3d6fb8109a6e,christianlindner,Unknown,christianlindner_26-09-2021_00:00_image5.jpeg,,,,,,Unknown
6760,dba8cefe-f279-4617-b397-eae4cf7cf543,christianlindner,Unknown,christianlindner_26-09-2021_00:00_image5.jpeg,,,,,,Unknown
6761,e9bcea83-d546-4f6e-bb53-c54948b2ae08,christianlindner,Unknown,christianlindner_26-09-2021_00:00_image5.jpeg,,,,,,Unknown
6762,63c7b054-9493-4dfc-a9a5-3aa44b508734,christianlindner,Unknown,christianlindner_26-09-2021_00:00_image5.jpeg,,,,,,Unknown
6763,3e385ba7-7c9d-43ae-9d40-6e03cbc61507,christianlindner,Unknown,christianlindner_26-09-2021_00:00_image5.jpeg,,,,,,Unknown
6764,045e9f40-bbf0-42ea-bc66-c3d90af8e742,christianlindner,Unknown,christianlindner_26-09-2021_00:00_image5.jpeg,,,,,,Unknown
6765,c3e9e043-20e8-49ed-856e-2b50f4c29073,christianlindner,Unknown,christianlindner_26-09-2021_00:00_image5.jpeg,,,,,,Unknown
6766,2b6ef08c-3590-4f4f-940b-eaae38f7e2e8,christianlindner,Unknown,christianlindner_26-09-2021_00:00_image5.jpeg,,,,,,Unknown
6767,bf3971dc-6380-4eb6-9f07-6bbcd715fd96,christianlindner,Unknown,christianlindner_26-09-2021_00:00_image5.jpeg,,,,,,Unknown
6768,e99c962f-1ffc-4115-a605-9e18f5019083,christianlindner,Unknown,christianlindner_26-09-2021_00:00_image5.jpeg,,,,,,Unknown
6769,904672a4-59e1-4d1b-81c4-679d467e5fdb,christianlindner,Unknown,christianlindner_26-09-2021_00:00_image5.jpeg,,,,,,Unknown
6770,64c639a0-25e0-4cd4-9f07-0ff19c640f73,christianlindner,Unknown,christianlindner_26-09-2021_00:00_image5.jpeg,,,,,,Unknown
6771,921cad78-efae-4734-b8d3-af9719cb4297,christianlindner,Unknown,christianlindner_26-09-2021_00:00_image5.jpeg,,,,,,Unknown
6772,ac875a7e-f573-41fa-9b92-a9433c50a754,christianlindner,Unknown,christianlindner_26-09-2021_00:00_image5.jpeg,,,,,,Unknown
6773,6e5da181-b876-4749-9bb7-338675d7d229,christianlindner,Unknown,christianlindner_26-09-2021_00:00_image5.jpeg,,,,,,Unknown
6774,61c0c283-94e0-4a61-915d-c6dd2802958c,christianlindner,Unknown,christianlindner_26-09-2021_00:00_image5.jpeg,,,,,,Unknown
6775,b3819c5c-2fd1-4e67-ad5d-209da6860fb1,christianlindner,Unknown,christianlindner_26-09-2021_00:00_image5.jpeg,,,,,,Unknown
6776,fc7d0060-4064-4121-99ea-025484ac1f30,christianlindner,Unknown,christianlindner_26-09-2021_00:00_image5.jpeg,,,,,,Unknown
6777,441e8e53-95a1-40f9-aa5a-5e24b3945a31,christianlindner,Unknown,christianlindner_26-09-2021_00:00_image5.jpeg,,,,,,Unknown
6778,0cfadc0d-c3e3-4df1-91b5-570203a51509,christianlindner,Unknown,christianlindner_26-09-2021_00:00_image5.jpeg,,,,,,Unknown
6779,0237e952-6a8b-4b87-883e-8458269d1dbb,christianlindner,Unknown,christianlindner_26-09-2021_00:00_image5.jpeg,,,,,,Unknown
6780,9a3c07ac-bfae-4a58-be11-c20feb47861c,christianlindner,Unknown,christianlindner_26-09-2021_00:00_image5.jpeg,,,,,,Unknown
6781,f0c7448d-dbb7-41ef-9f16-74c04f74d1be,christianlindner,Unknown,christianlindner_26-09-2021_00:00_image5.jpeg,,,,,,Unknown
6782,f0bcef89-2868-4cb6-91d0-bb91bf6cfe97,christianlindner,Unknown,christianlindner_26-09-2021_00:00_image5.jpeg,,,,,,Unknown
6783,0d43dee7-9ad1-47f3-9b5f-045c48534550,christianlindner,Unknown,christianlindner_26-09-2021_00:00_image5.jpeg,,,,,,Unknown
6784,e4f0db57-3b31-4ab3-9e2b-f3d1dd4ac97c,christianlindner,Unknown,christianlindner_26-09-2021_00:00_image5.jpeg,,,,,,Unknown
6785,bc308b37-c9af-429e-91ad-576d0457f2b6,christianlindner,Unknown,christianlindner_26-09-2021_00:00_image5.jpeg,,,,,,Unknown
6786,c70bc860-3115-4afa-9593-6e89a238035c,christianlindner,Unknown,christianlindner_26-09-2021_00:00_image5.jpeg,,,,,,Unknown
6787,a9425f68-e2e5-44a0-abee-67eb719d8e47,christianlindner,Unknown,christianlindner_26-09-2021_00:00_image5.jpeg,,,,,,Unknown
6788,739aa482-aefd-4de2-853f-b5d248d72d74,christianlindner,Unknown,christianlindner_26-09-2021_00:00_image5.jpeg,,,,,,Unknown
6789,f815a924-3519-40b2-805a-031c78d99923,christianlindner,Unknown,christianlindner_26-09-2021_00:00_image5.jpeg,,,,,,Unknown
6790,e1996af3-04d1-490d-bf04-72cdd5dd97cc,christianlindner,Unknown,christianlindner_26-09-2021_00:00_image5.jpeg,,,,,,Unknown
6791,867b2849-a077-4c90-814b-230f851b0b96,christianlindner,Unknown,christianlindner_26-09-2021_00:00_image5.jpeg,,,,,,Unknown
6792,7af8a9c7-5a89-4c0f-b5cd-88c2a1d8166d,christianlindner,Unknown,christianlindner_26-09-2021_00:00_image5.jpeg,,,,,,Unknown
6793,460bb182-9dc6-4fbd-acc8-7a326bcba01e,christianlindner,Unknown,christianlindner_26-09-2021_00:00_image5.jpeg,,,,,,Unknown
6794,517763a0-6eec-4c8a-87a8-874e593dc73e,christianlindner,Unknown,christianlindner_26-09-2021_00:00_image5.jpeg,,,,,,Unknown
6795,7a9df9c3-c135-490c-b046-0629e0a0d01b,christianlindner,Unknown,christianlindner_26-09-2021_00:00_image5.jpeg,,,,,,Unknown
6796,b516c384-5f60-4e83-998d-f778d103dbc5,christianlindner,Unknown,christianlindner_26-09-2021_00:00_image5.jpeg,,,,,,Unknown
6797,804398a9-b08a-472e-8c9a-26baa0fc3e65,christianlindner,Unknown,christianlindner_26-09-2021_00:00_image5.jpeg,,,,,,Unknown
6798,ba8dc586-7979-4957-bb47-f99cc59d7e58,christianlindner,Unknown,christianlindner_26-09-2021_00:00_image5.jpeg,,,,,,Unknown
6799,4ae1ae8c-f274-4fd6-b88a-5e6f9034fa7d,christianlindner,Unknown,christianlindner_26-09-2021_00:00_image5.jpeg,,,,,,Unknown
6800,4a2a0244-9018-41d8-8238-5ff2350e74cd,christianlindner,Unknown,christianlindner_26-09-2021_00:00_image5.jpeg,,,,,,Unknown
6801,87db4cf5-78be-4682-a77a-796f6a6a5aec,christianlindner,Unknown,christianlindner_26-09-2021_00:00_image5.jpeg,,,,,,Unknown
6802,9a0845e6-57dc-46cb-8997-6e89812b4379,christianlindner,Unknown,christianlindner_26-09-2021_00:00_image5.jpeg,,,,,,Unknown
6803,1e7465cf-94c8-4fd2-bb7d-f8b251b91932,christianlindner,Unknown,christianlindner_26-09-2021_00:00_image5.jpeg,,,,,,Unknown
6804,0c0e33f4-3fa9-4821-bab4-02d6118bd124,christianlindner,Unknown,christianlindner_26-09-2021_00:00_image5.jpeg,,,,,,Unknown
6805,94e1a67a-cb54-4648-9830-20a004b2366b,christianlindner,Unknown,christianlindner_26-09-2021_00:00_image5.jpeg,,,,,,Unknown
6806,fa9151a3-c2c9-4fc9-b71d-f7cfffa071db,christianlindner,Unknown,christianlindner_26-09-2021_00:00_image5.jpeg,,,,,,Unknown
6807,3ba2d111-73c6-43dc-8cdc-52944ace7b16,christianlindner,Unknown,christianlindner_26-09-2021_00:00_image5.jpeg,,,,,,Unknown
6808,581202b3-2fb1-492a-a5d7-7ded86448cb2,christianlindner,Unknown,christianlindner_26-09-2021_00:00_image5.jpeg,,,,,,Unknown
6809,a71a5376-b96c-4a34-a7d3-31e9f0ccf6cc,christianlindner,Unknown,christianlindner_26-09-2021_00:00_image5.jpeg,,,,,,Unknown
6810,894eeff1-019a-4f00-bb96-359a1d910ad5,christianlindner,Unknown,christianlindner_26-09-2021_00:00_image5.jpeg,,,,,,Unknown
6811,ba5c80a9-3abf-4442-be85-dcc1c17e0232,christianlindner,Unknown,christianlindner_26-09-2021_00:00_image5.jpeg,,,,,,Unknown
6812,e4142a72-4633-4eaf-948e-509932780b36,christianlindner,Unknown,christianlindner_26-09-2021_00:00_image5.jpeg,,,,,,Unknown
6813,518a7207-7263-46fb-8239-420e8f226448,christianlindner,Unknown,christianlindner_26-09-2021_00:00_image5.jpeg,,,,,,Unknown
6814,5dd02d9a-de1c-4ccf-9918-a02c229acc97,christianlindner,Unknown,christianlindner_26-09-2021_00:00_image5.jpeg,,,,,,Unknown
6815,b903eb45-fdfd-42f2-a792-2b382c16e833,christianlindner,Unknown,christianlindner_26-09-2021_00:00_image5.jpeg,,,,,,Unknown
6816,ecf7a664-3cf9-4796-8996-be8d1e303843,christianlindner,Unknown,christianlindner_26-09-2021_00:00_image5.jpeg,,,,,,Unknown
6817,cea62bc3-e51d-445b-8fa3-8472fc8b90e3,christianlindner,Unknown,christianlindner_26-09-2021_00:00_image5.jpeg,,,,,,Unknown
6818,c44f54b5-1c2e-419b-9735-4b6a676f7f04,christianlindner,Unknown,christianlindner_26-09-2021_00:00_image5.jpeg,,,,,,Unknown
6819,65500c10-4281-435c-b76a-7a74eb17969a,christianlindner,Unknown,christianlindner_26-09-2021_00:00_image5.jpeg,,,,,,Unknown
6820,b9dc3f4c-be3c-4140-9280-b5965e0f5f8b,christianlindner,Unknown,christianlindner_26-09-2021_00:00_image5.jpeg,,,,,,Unknown
6821,b4c44d18-f1cc-49e2-87bb-0fdfd3b506e3,christianlindner,Unknown,christianlindner_26-09-2021_00:00_image5.jpeg,,,,,,Unknown
6822,e72b3c74-59ab-4bca-b468-48978aff9192,christianlindner,Unknown,christianlindner_26-09-2021_00:00_image5.jpeg,,,,,,Unknown
6823,a800c332-955d-4dad-974a-d5596b50f8d9,christianlindner,Unknown,christianlindner_26-09-2021_00:00_image5.jpeg,,,,,,Unknown
6824,739cb327-4429-41a5-8648-64351acd9373,christianlindner,Unknown,christianlindner_26-09-2021_00:00_image5.jpeg,,,,,,Unknown
6825,240fc008-bb83-4221-bcde-2c2db54c4550,christianlindner,Unknown,christianlindner_26-09-2021_00:00_image5.jpeg,,,,,,Unknown
6826,696da7af-7bf0-457d-b4e1-3b3dae514e61,christianlindner,Unknown,christianlindner_26-09-2021_00:00_image5.jpeg,,,,,,Unknown
6827,d38515c4-79db-4e77-9dbf-8dbbb33cf035,christianlindner,Unknown,christianlindner_26-09-2021_00:00_image5.jpeg,,,,,,Unknown
6828,ae1d5c24-31c1-4ca6-88a8-6f3bc0a0b9ef,christianlindner,Unknown,christianlindner_26-09-2021_00:00_image5.jpeg,,,,,,Unknown
6829,49211a22-9ca2-4187-9136-685cbfdf19c4,christianlindner,Unknown,christianlindner_26-09-2021_00:00_image5.jpeg,,,,,,Unknown
6830,428661a4-fc5b-4360-9173-67998b6ade33,christianlindner,Unknown,christianlindner_17-09-2021_00:00_image4.jpeg,,,,,,Unknown
6831,f8fb245d-bbcc-461a-8305-81d9e84062fe,christianlindner,Unknown,christianlindner_17-09-2021_00:00_image4.jpeg,,,,,,Unknown
6832,9c1784c2-ae58-494a-a344-62a588081fd7,christianlindner,Christian Lindner,christianlindner_17-09-2021_00:00_image4.jpeg,,,,,,Unknown
6833,3e1acf1f-535f-43cd-beca-8279597fdc0a,spdde,Unknown,spdde_26-09-2021_00:00_video6.jpeg,,,,,,Unknown
6834,34be06b8-be68-4529-8b0f-d1e791cc5838,spdde,Unknown,spdde_26-09-2021_00:00_video6.jpeg,,,,,,Unknown
6835,5a4a4c1c-e4f5-4e21-93a2-a07e0c8c37d5,armin_laschet,Unknown,armin_laschet_23-09-2021_00:00_video17.jpeg,,,,,,Unknown
6869,0d5f1c1e-ccf3-4c69-8878-a0100712d176,armin_laschet,Armin Laschet,armin_laschet_24-09-2021_00:00_video14.jpeg,544c4dd7-ae0f-4d1e-825f-3d9e1eca7fd3.png,0.7180863904826238,Facenet512,euclidean_l2,20.0,Armin Laschet
6874,b6630e0e-feb3-4ea3-95a7-ef376d147766,cdu,Unknown,cdu_24-09-2021_00:00_video19.jpeg,,,,,,Unknown
6877,a245d07e-4e68-47ed-b174-323e2aa99aa1,christianlindner,Unknown,christianlindner_23-09-2021_00:00_video1.jpeg,,,,,,Unknown
6878,f02545cf-4b4a-4fd3-874c-696f356e7acd,christianlindner,Unknown,christianlindner_23-09-2021_00:00_video1.jpeg,,,,,,Unknown
6886,85d3e498-93f0-44f4-8dd7-15a3b0c741dc,cdu,Unknown,cdu_24-09-2021_00:00_video18.jpeg,,,,,,Unknown
6887,d3233a85-f13e-4a25-b54c-3b2ae2cea0b2,markus.soeder,Markus Söder,markus.soeder_24-09-2021_00:00_image0.jpeg,7b71cbfb-e1d9-44c4-98cf-df3e9761a43b.png,0.4922227891768668,Facenet512,euclidean_l2,13.0,Markus Söder
6896,c79d552f-0f7b-4336-98db-6ed4f6b99095,cdu,Unknown,cdu_26-09-2021_00:00_video10.jpeg,,,,,,Unknown
6897,7095493b-d951-4e6e-a6ae-7059b8debbfb,cdu,Unknown,cdu_26-09-2021_00:00_video10.jpeg,,,,,,Unknown
6898,69ca8c63-645a-45a5-a47a-cf51992dda36,cdu,Armin Laschet,cdu_26-09-2021_00:00_video10.jpeg,7cdeee40-f222-4b03-a819-4db32fc47d20.png,0.903400971346452,Facenet512,euclidean_l2,14.0,Armin Laschet
6899,ae641b24-97ee-4ec5-89b0-b1466540cb1d,cdu,Unknown,cdu_26-09-2021_00:00_video10.jpeg,cc6b3530-cd71-4500-a5fe-d868c449b8d1.png,0.9933433920241996,Facenet512,euclidean_l2,5.0,Armin Laschet
6900,49efc59a-9f16-45d6-b717-ca88e7121383,cdu,Unknown,cdu_26-09-2021_00:00_video10.jpeg,,,,,,Unknown
6901,66f5fafc-6151-42d5-b66d-ae59154c522e,cdu,Unknown,cdu_24-09-2021_00:00_video11.jpeg,,,,,,Unknown
6919,34d85260-e47f-4ea8-9fe3-223ba3b2dcc0,spdde,Unknown,spdde_22-09-2021_00:00_image1.jpeg,,,,,,Unknown
6920,c02a650e-6b83-47f0-b3ae-0080116eb983,cdu,Unknown,cdu_22-09-2021_00:00_video5.jpeg,,,,,,Unknown
6922,0b1e16f4-f052-4317-b1bc-a42326d9c716,cdu,Unknown,cdu_26-09-2021_00:00_video15.jpeg,,,,,,Unknown
6923,4a12467f-f831-42e1-bf04-90ca128944b6,cdu,Unknown,cdu_26-09-2021_00:00_video15.jpeg,1e103923-022b-4d3f-a32e-e9c848a00e70.png,0.9874320887312846,Facenet512,euclidean_l2,1.0,Armin Laschet
6924,dc953fde-18e6-454c-9bf2-c4d2f6ab2409,cdu,Unknown,cdu_26-09-2021_00:00_video15.jpeg,,,,,,Unknown
6925,a27938bd-9126-4152-be1d-29f3819fa444,cdu,Unknown,cdu_26-09-2021_00:00_video15.jpeg,,,,,,Unknown
6926,ececec5e-0bcd-40a4-a6b7-cc4af4cc80a6,cdu,Unknown,cdu_26-09-2021_00:00_video15.jpeg,,,,,,Unknown
6927,e25426d6-3568-4109-8f56-7b83674963f8,cdu,Unknown,cdu_26-09-2021_00:00_video15.jpeg,,,,,,Unknown
6928,7b0f6d4a-db76-4114-af07-735d50572466,cdu,Unknown,cdu_26-09-2021_00:00_video15.jpeg,,,,,,Unknown
6929,e22d5b2d-8b0f-4afb-8393-7e2cf4fc6dac,cdu,Unknown,cdu_26-09-2021_00:00_video15.jpeg,,,,,,Unknown
6930,949b6844-c91e-4c77-8082-233e55a5dc78,cdu,Armin Laschet,cdu_26-09-2021_00:00_video15.jpeg,5efa5b53-ada6-486e-8b66-4c6330a71ea7.png,0.951370585806356,Facenet512,euclidean_l2,1.0,Armin Laschet
6931,6e596fb6-659d-4992-9b44-21f788041085,cdu,Unknown,cdu_21-09-2021_00:00_image0.jpeg,,,,,,Unknown
6950,7c889b8c-f965-4e8a-9576-c227f38b5198,cdu,Unknown,cdu_24-09-2021_00:00_video15.jpeg,,,,,,Unknown
6981,e00812fd-14cc-4eb5-b50d-e60204c16a2b,armin_laschet,Armin Laschet,armin_laschet_17-09-2021_00:00_video12.jpeg,,,,,,Unknown
6982,fb58aac2-d3d7-4678-863c-f14abe4714d5,armin_laschet,Unknown,armin_laschet_17-09-2021_00:00_video12.jpeg,,,,,,Unknown
6983,fcd84b9a-efc5-425a-aa75-3e1742983d50,die_gruenen,Unknown,die_gruenen_25-09-2021_00:00_video14.jpeg,,,,,,Unknown
6984,8f848fe2-4bae-49c4-b4a1-a61b05f00df0,christianlindner,Christian Lindner,christianlindner_17-09-2021_00:00_image2.jpeg,3e230648-0328-4861-ada8-f718b0287f5e.png,0.6858800158163574,Facenet512,euclidean_l2,10.0,Christian Lindner
6985,3608c27d-c94f-4ccc-8c10-df3ee2ab027a,christianlindner,Unknown,christianlindner_17-09-2021_00:00_image2.jpeg,,,,,,Unknown
6986,ae0221d0-ca4e-4e1e-8e20-17b1206287b3,christianlindner,Unknown,christianlindner_17-09-2021_00:00_image2.jpeg,,,,,,Unknown
6987,1bb872b9-9a26-41fe-bb9c-03fa54687b5c,cdu,Unknown,cdu_20-09-2021_00:00_video19.jpeg,,,,,,Unknown
6988,30a62512-2d60-43ad-997d-deda0bb9ac6a,cdu,Unknown,cdu_20-09-2021_00:00_video19.jpeg,,,,,,Unknown
7014,23124748-30ea-4f4a-a610-f73dca30413b,christlichsozialeunion,Markus Söder,christlichsozialeunion_25-09-2021_00:00_video13.jpeg,7b71cbfb-e1d9-44c4-98cf-df3e9761a43b.png,0.9214988837358288,Facenet512,euclidean_l2,3.0,Markus Söder
7015,fa3adab2-a0a9-423a-8afb-d2784e69999c,christlichsozialeunion,Markus Söder,christlichsozialeunion_25-09-2021_00:00_video13.jpeg,732bdb01-2da9-438e-9b36-04c89ad1eea4.png,0.8041956553507575,Facenet512,euclidean_l2,10.0,Markus Söder
7016,2f85c52c-a7e0-4a2a-928e-bf8763861f26,abaerbock,Unknown,abaerbock_18-09-2021_00:00_image2.jpeg,,,,,,Unknown
7017,b7535976-4f06-4806-a3b5-a19f0da5eb98,christlichsozialeunion,Unknown,christlichsozialeunion_24-09-2021_00:00_image4.jpeg,,,,,,Unknown
7018,578bbe79-bedd-41c9-8539-c7f778ff175d,armin_laschet,Armin Laschet,armin_laschet_24-09-2021_00:00_video1.jpeg,d0e6d963-6d02-463b-a226-ce3f34b0fcc5.png,0.7060414000244746,Facenet512,euclidean_l2,20.0,Armin Laschet
7019,45a76f3b-73ec-4214-a0eb-61fdcc7f6432,armin_laschet,Unknown,armin_laschet_24-09-2021_00:00_video1.jpeg,,,,,,Unknown
7029,5e120532-89dd-4927-a213-290b4be64c2f,armin_laschet,Unknown,armin_laschet_26-09-2021_00:00_video8.jpeg,,,,,,Unknown
7030,06e9c855-92c7-4457-9dfc-64c9a18d4d17,armin_laschet,Armin Laschet,armin_laschet_26-09-2021_00:00_video8.jpeg,1e103923-022b-4d3f-a32e-e9c848a00e70.png,0.7418250991772425,Facenet512,euclidean_l2,19.0,Armin Laschet
7031,6cd6a1dd-7fe4-40c9-bec1-bb605606411d,die_gruenen,Annalena Baerbock,die_gruenen_25-09-2021_00:00_video32.jpeg,b5ea8be6-69b9-4fdb-8813-88f307903fb4.png,0.8212840659949799,Facenet512,euclidean_l2,12.0,Annalena Baerbock
7032,99c504e9-3f29-49bf-ad47-bd58172be5f8,die_gruenen,Unknown,die_gruenen_25-09-2021_00:00_video32.jpeg,,,,,,Unknown
7033,ba676f63-679e-453e-993e-a7198db4c9bb,die_gruenen,Unknown,die_gruenen_25-09-2021_00:00_video32.jpeg,,,,,,Unknown
7035,a13c60d8-bb85-4e0f-aa73-e48033c1a911,die_gruenen,Unknown,die_gruenen_25-09-2021_00:00_video13.jpeg,,,,,,Unknown
7036,1774430c-e5c1-4a48-8175-3e4d00fce953,markus.soeder,Markus Söder,markus.soeder_16-09-2021_00:00_video6.jpeg,,,,,,Unknown
7037,82986ca3-45de-41fc-b6cc-58bd005a0322,abaerbock,Annalena Baerbock,abaerbock_23-09-2021_00:00_image12.jpeg,,,,,,Unknown
7050,07550ce5-2ff8-4229-bb96-53cf3845df52,fdp,Christian Lindner,fdp_20-09-2021_00:00_image12.jpeg,3e230648-0328-4861-ada8-f718b0287f5e.png,0.5573862641305214,Facenet512,euclidean_l2,10.0,Christian Lindner
7059,f9201767-aa14-467a-908f-0c565dadd251,spdde,Unknown,spdde_26-09-2021_00:00_video16.jpeg,,,,,,Unknown
7060,ee8c3b5b-d1b9-46b1-a4d3-3b3f42268c0d,spdde,Unknown,spdde_26-09-2021_00:00_video16.jpeg,,,,,,Unknown
7061,ce2ba016-356c-4132-8a86-e93760a31de2,spdde,Unknown,spdde_26-09-2021_00:00_video16.jpeg,,,,,,Unknown
7062,e7c5223d-c24a-4987-bf90-8123d09267a0,spdde,Unknown,spdde_26-09-2021_00:00_video16.jpeg,,,,,,Unknown
7063,8dad9181-2518-47b1-882a-b54ec75231d7,spdde,Unknown,spdde_26-09-2021_00:00_video16.jpeg,,,,,,Unknown
7064,a6122705-4ad5-4b71-80c5-ae815f675407,abaerbock,Annalena Baerbock,abaerbock_17-09-2021_00:00_image5.jpeg,d0023ba3-e826-4b9e-9f82-cd652ea335bd.png,0.6343650943045264,Facenet512,euclidean_l2,13.0,Annalena Baerbock
7065,18466506-7165-4f81-9872-2a1873c82dfa,abaerbock,Unknown,abaerbock_17-09-2021_00:00_image5.jpeg,,,,,,Unknown
7066,fa77d31b-9e5c-4c52-882e-77b04a7bb5d2,abaerbock,Unknown,abaerbock_17-09-2021_00:00_image5.jpeg,,,,,,Unknown
7067,4fd70e34-06ee-4461-9dc9-0fe5d277b282,cdu,Unknown,cdu_20-09-2021_00:00_video20.jpeg,,,,,,Unknown
7068,77281ae2-34a4-4e94-8c1f-453e40663777,cdu,Armin Laschet,cdu_20-09-2021_00:00_video20.jpeg,,,,,,Unknown
7077,85cd9668-e386-4451-b16c-5ffc5975f290,spdde,Unknown,spdde_19-09-2021_00:00_video11.jpeg,,,,,,Unknown
7078,aee32a44-1615-48d1-92c2-d5008e3fe935,spdde,Unknown,spdde_19-09-2021_00:00_video11.jpeg,,,,,,Unknown
7079,76bd0870-e16c-4477-a32f-ab73809cc85d,spdde,Unknown,spdde_19-09-2021_00:00_video11.jpeg,82f4d29e-1d17-4672-b015-52009fda2a23.png,0.9906813762299916,Facenet512,euclidean_l2,5.0,Olaf Scholz
7080,35e093a3-f1cf-47cf-8f5e-ce61656d9af0,spdde,Unknown,spdde_19-09-2021_00:00_video11.jpeg,,,,,,Unknown
7081,71b20654-81d6-4928-9bf6-7f608832e861,spdde,Unknown,spdde_19-09-2021_00:00_video11.jpeg,,,,,,Unknown
7082,ec5e4aa5-db90-4dc3-ad9f-01c172dc2842,spdde,Unknown,spdde_19-09-2021_00:00_video11.jpeg,,,,,,Unknown
7083,a6ef48da-a12d-4d9c-8a5c-ed07a37bcdfd,spdde,Olaf Scholz,spdde_19-09-2021_00:00_video11.jpeg,2ec8c611-8404-4676-9523-28f0cc6181ab.png,0.9282475237474178,Facenet512,euclidean_l2,4.0,Olaf Scholz
7084,e2dccb1b-8b35-4971-b78f-9ba4c1707a91,spdde,Unknown,spdde_19-09-2021_00:00_video11.jpeg,,,,,,Unknown
7085,8e93caec-eb49-45fb-83e0-fe3529c028ca,spdde,Unknown,spdde_19-09-2021_00:00_video11.jpeg,,,,,,Unknown
7092,ce3bfa9f-8763-4c73-bff1-7b2522da6aa8,fdp,Unknown,fdp_18-09-2021_00:00_video1.jpeg,,,,,,Unknown
7099,9f12ad86-15d1-4598-93b2-2d00d55d0699,armin_laschet,Unknown,armin_laschet_19-09-2021_00:00_video2.jpeg,,,,,,Unknown
7100,4ca6b549-2c22-427c-8fb0-e752b53efb40,armin_laschet,Unknown,armin_laschet_19-09-2021_00:00_video2.jpeg,,,,,,Unknown
7101,53956260-e0a0-409d-a2ca-196296f6f8de,armin_laschet,Unknown,armin_laschet_19-09-2021_00:00_video2.jpeg,,,,,,Unknown
7102,a2b564eb-069c-4b76-86c5-d58341cc5fc7,armin_laschet,Unknown,armin_laschet_19-09-2021_00:00_video2.jpeg,,,,,,Unknown
7103,7a8342a6-c0b6-486b-80b7-d72cf1eedead,armin_laschet,Unknown,armin_laschet_19-09-2021_00:00_video2.jpeg,,,,,,Unknown
7104,6898cec2-4b7b-46d0-9fe1-3cf33710f03b,armin_laschet,Unknown,armin_laschet_19-09-2021_00:00_video2.jpeg,,,,,,Unknown
7105,1c7c72db-5fb5-41fa-8cee-543efb588d14,armin_laschet,Unknown,armin_laschet_19-09-2021_00:00_video2.jpeg,,,,,,Unknown
7106,d92ec40a-17d6-4cff-af8f-18bfdcef9a59,armin_laschet,Unknown,armin_laschet_19-09-2021_00:00_video2.jpeg,,,,,,Unknown
7107,fc0128a8-3194-4b08-9662-4b7caefda20b,armin_laschet,Unknown,armin_laschet_19-09-2021_00:00_video2.jpeg,,,,,,Unknown
7108,67bbd9ee-a7c1-4864-8d5a-f9de45f78afa,armin_laschet,Unknown,armin_laschet_19-09-2021_00:00_video2.jpeg,,,,,,Unknown
7109,06cd2ef6-9867-4557-a96b-aa4781a4d4db,armin_laschet,Unknown,armin_laschet_19-09-2021_00:00_video2.jpeg,,,,,,Unknown
7110,2f8bdb79-f5ce-4577-9c6b-d34429eade0e,armin_laschet,Unknown,armin_laschet_19-09-2021_00:00_video2.jpeg,,,,,,Unknown
7111,c484b165-f335-4aed-b06e-6f794373e0e3,armin_laschet,Unknown,armin_laschet_19-09-2021_00:00_video2.jpeg,,,,,,Unknown
7112,778b9b9d-c2c9-41b4-be1f-8753087e35d8,armin_laschet,Unknown,armin_laschet_19-09-2021_00:00_video2.jpeg,,,,,,Unknown
7113,5ddf69bb-95e0-4cd5-8eb3-788c383784c8,armin_laschet,Unknown,armin_laschet_19-09-2021_00:00_video2.jpeg,,,,,,Unknown
7114,e2888792-2bf4-4893-8751-86b62e35322b,armin_laschet,Unknown,armin_laschet_19-09-2021_00:00_video2.jpeg,,,,,,Unknown
7115,9c336901-e94e-4e78-b863-34dff027a15a,armin_laschet,Unknown,armin_laschet_19-09-2021_00:00_video2.jpeg,,,,,,Unknown
7116,fdaf021b-0c1b-4a41-bb19-189b2849b1c8,armin_laschet,Unknown,armin_laschet_19-09-2021_00:00_video2.jpeg,,,,,,Unknown
7117,4833122c-2460-42ae-ad0b-2cd9522bde47,armin_laschet,Unknown,armin_laschet_19-09-2021_00:00_video2.jpeg,,,,,,Unknown
7118,a8b07495-1fdb-43ba-ab90-47987f2790f0,armin_laschet,Unknown,armin_laschet_19-09-2021_00:00_video2.jpeg,,,,,,Unknown
7119,c5fbbfda-ba2c-4c74-a95f-ccd8cd48c678,armin_laschet,Unknown,armin_laschet_19-09-2021_00:00_video2.jpeg,,,,,,Unknown
7120,ef2f1e62-9b56-4107-a93e-7ab8a65d0561,armin_laschet,Unknown,armin_laschet_19-09-2021_00:00_video2.jpeg,,,,,,Unknown
7121,15875a70-9661-4f24-b450-e485b1edbcf7,armin_laschet,Unknown,armin_laschet_19-09-2021_00:00_video2.jpeg,,,,,,Unknown
7122,1650ea0a-a9e9-411b-953c-f5d938ef842a,armin_laschet,Unknown,armin_laschet_19-09-2021_00:00_video2.jpeg,,,,,,Unknown
7123,78510308-c006-4945-812e-656fbb25eea8,armin_laschet,Unknown,armin_laschet_19-09-2021_00:00_video2.jpeg,,,,,,Unknown
7124,d43e89f8-2dad-4566-8852-270a364c2cb1,armin_laschet,Unknown,armin_laschet_19-09-2021_00:00_video2.jpeg,,,,,,Unknown
7125,024c3e21-284d-40e4-9617-891e3c9631b5,armin_laschet,Unknown,armin_laschet_19-09-2021_00:00_video2.jpeg,,,,,,Unknown
7126,0a4d9d1d-948d-4f50-9dd7-fb3019ea9c37,armin_laschet,Unknown,armin_laschet_19-09-2021_00:00_video2.jpeg,,,,,,Unknown
7127,8defe509-35a7-4720-ae53-71e9eccdf5a3,armin_laschet,Unknown,armin_laschet_19-09-2021_00:00_video2.jpeg,,,,,,Unknown
7128,f376c9b7-94a5-47e5-9fcc-cc4e86481751,armin_laschet,Unknown,armin_laschet_19-09-2021_00:00_video2.jpeg,,,,,,Unknown
7129,14039ff2-6729-419e-b511-c722ae4a7d2c,armin_laschet,Unknown,armin_laschet_19-09-2021_00:00_video2.jpeg,,,,,,Unknown
7130,151b823b-d7b8-4954-9f64-7d1581691265,armin_laschet,Unknown,armin_laschet_19-09-2021_00:00_video2.jpeg,,,,,,Unknown
7131,8b24885d-ea0a-4ccd-8dc6-7ecda3724d96,armin_laschet,Unknown,armin_laschet_19-09-2021_00:00_video2.jpeg,,,,,,Unknown
7132,40c3a9ec-5e43-47a3-b92a-94f959808230,armin_laschet,Unknown,armin_laschet_19-09-2021_00:00_video2.jpeg,,,,,,Unknown
7133,1fce49bf-cdf8-420a-bcc9-a612b13a0806,armin_laschet,Unknown,armin_laschet_19-09-2021_00:00_video2.jpeg,,,,,,Unknown
7134,de55d5bf-5000-4107-82c3-56a11eb8bedb,armin_laschet,Unknown,armin_laschet_19-09-2021_00:00_video2.jpeg,,,,,,Unknown
7135,06dc3b70-d33e-455f-8916-aa2f55135b7d,armin_laschet,Unknown,armin_laschet_19-09-2021_00:00_video2.jpeg,,,,,,Unknown
7136,45de29e7-8bd4-44bd-a500-e862121d3253,armin_laschet,Unknown,armin_laschet_19-09-2021_00:00_video2.jpeg,,,,,,Unknown
7137,64e8f75d-f05c-4a33-96b1-75508e978ef3,armin_laschet,Unknown,armin_laschet_19-09-2021_00:00_video2.jpeg,,,,,,Unknown
7138,c3840849-3503-4cd8-8eec-7b25c9053e7e,armin_laschet,Unknown,armin_laschet_19-09-2021_00:00_video2.jpeg,,,,,,Unknown
7139,e19beb66-d9f7-40e8-a04d-320848b7c685,armin_laschet,Unknown,armin_laschet_19-09-2021_00:00_video2.jpeg,,,,,,Unknown
7140,9ca2e09a-0275-46fa-9bfa-8b9ca7d49bbd,armin_laschet,Unknown,armin_laschet_19-09-2021_00:00_video2.jpeg,,,,,,Unknown
7141,57ad5b96-1180-4fc5-973b-1cd29c664836,armin_laschet,Unknown,armin_laschet_19-09-2021_00:00_video2.jpeg,,,,,,Unknown
7142,d96eb69a-c605-4010-a5f8-2af5a9e6bc4a,armin_laschet,Unknown,armin_laschet_19-09-2021_00:00_video2.jpeg,,,,,,Unknown
7143,49bbe19e-1d05-4dae-aa82-cdff1452b905,cdu,Unknown,cdu_19-09-2021_00:00_image7.jpeg,,,,,,Unknown
7144,317515af-f2fa-46ec-8b84-7afc58d0b7f3,cdu,Unknown,cdu_19-09-2021_00:00_image7.jpeg,,,,,,Unknown
7145,18e81102-7c26-44ef-964b-900b8be02a30,cdu,Unknown,cdu_19-09-2021_00:00_image7.jpeg,,,,,,Unknown
7146,26cd160c-967c-45e4-94d2-85fc85b8c1a1,cdu,Unknown,cdu_19-09-2021_00:00_image7.jpeg,,,,,,Unknown
7147,d4128af8-54d2-4b10-8dfa-39501323b540,cdu,Unknown,cdu_19-09-2021_00:00_image7.jpeg,6eea9eca-17f8-4cce-b3dd-7cf5cb345415.png,0.9844748237926249,Facenet512,euclidean_l2,1.0,Armin Laschet
7148,0d39c6a5-0f1c-43ea-bb70-9d4c6be88c93,cdu,Unknown,cdu_19-09-2021_00:00_image7.jpeg,,,,,,Unknown
7149,772f5fd0-fb55-4cc6-afed-627476b12ba0,cdu,Unknown,cdu_19-09-2021_00:00_image7.jpeg,,,,,,Unknown
7150,42837056-7d5d-4a32-81c9-a0ff50d0971d,cdu,Unknown,cdu_19-09-2021_00:00_image7.jpeg,,,,,,Unknown
7151,2bdcbe42-2e2a-4ac0-a138-94bbef58ec48,cdu,Unknown,cdu_19-09-2021_00:00_image7.jpeg,,,,,,Unknown
7152,34b2c805-df4f-48c3-ac7a-fe47a00be799,cdu,Unknown,cdu_19-09-2021_00:00_image7.jpeg,,,,,,Unknown
7153,87e7e32c-b6c2-4110-a600-e673d96fee95,cdu,Unknown,cdu_19-09-2021_00:00_image7.jpeg,,,,,,Unknown
7154,26fded71-bdfb-481b-a92c-9bef7fe19cbf,cdu,Unknown,cdu_19-09-2021_00:00_image7.jpeg,,,,,,Unknown
7155,33d87f57-f31b-4390-a9f9-40eb29c93b37,cdu,Unknown,cdu_19-09-2021_00:00_image7.jpeg,,,,,,Unknown
7156,4d84cb6a-bfcf-4e82-8aee-e962b1ef2c43,cdu,Unknown,cdu_19-09-2021_00:00_image7.jpeg,,,,,,Unknown
7157,609a8139-62e4-438f-aba0-a84cd7f8a83a,cdu,Unknown,cdu_19-09-2021_00:00_image7.jpeg,,,,,,Unknown
7158,20b68f90-a090-469a-9ea3-72173e0bdfbc,cdu,Unknown,cdu_19-09-2021_00:00_image7.jpeg,,,,,,Unknown
7159,390dc2ba-1007-4a3b-b73b-845aa9360f92,cdu,Unknown,cdu_19-09-2021_00:00_image7.jpeg,,,,,,Unknown
7160,dda3ab07-e470-4cde-a03f-c87558993c21,cdu,Unknown,cdu_19-09-2021_00:00_image7.jpeg,,,,,,Unknown
7161,e531b099-d70a-4718-90b4-f71927392e00,cdu,Unknown,cdu_19-09-2021_00:00_image7.jpeg,,,,,,Unknown
7162,5a4674c0-3fec-4fb9-888c-6da87ecb81b3,cdu,Unknown,cdu_19-09-2021_00:00_image7.jpeg,,,,,,Unknown
7163,c59ecfb5-6c0c-47fe-a72a-baaaf0f8346f,cdu,Unknown,cdu_19-09-2021_00:00_image7.jpeg,,,,,,Unknown
7164,2d6776ee-99a2-4690-9e2e-ea646e199ac8,cdu,Unknown,cdu_19-09-2021_00:00_image7.jpeg,,,,,,Unknown
7165,6289822d-b3ae-424e-9c2c-fe0fa1e7bb4d,cdu,Unknown,cdu_19-09-2021_00:00_image7.jpeg,,,,,,Unknown
7166,2a66c709-c4cb-4d1d-87a3-ea40f56ba942,cdu,Unknown,cdu_19-09-2021_00:00_image7.jpeg,,,,,,Unknown
7167,65265e0b-44a6-4612-a4a2-454fe11fa7e6,cdu,Unknown,cdu_19-09-2021_00:00_image7.jpeg,,,,,,Unknown
7168,325bb56e-5b93-4de8-a2e5-15d87d18e2ca,cdu,Unknown,cdu_19-09-2021_00:00_image7.jpeg,,,,,,Unknown
7169,727f7f97-9c49-4848-a69f-b0dc1dbe708f,cdu,Unknown,cdu_19-09-2021_00:00_image7.jpeg,,,,,,Unknown
7170,90dc0c1a-8805-4828-a5b5-5916cd32dfc0,cdu,Unknown,cdu_19-09-2021_00:00_image7.jpeg,,,,,,Unknown
7171,1851c3f8-1c9e-47f3-9967-8fc97657013b,cdu,Unknown,cdu_19-09-2021_00:00_image7.jpeg,,,,,,Unknown
7172,68c945ed-611f-401b-af33-1c0e9aea3a30,cdu,Unknown,cdu_19-09-2021_00:00_image7.jpeg,,,,,,Unknown
7173,63df6c44-3e15-48ec-8b7c-56f97896871e,cdu,Unknown,cdu_19-09-2021_00:00_image7.jpeg,,,,,,Unknown
7174,053b8a43-5470-4589-9660-52e0d9933a66,cdu,Unknown,cdu_19-09-2021_00:00_image7.jpeg,,,,,,Unknown
7175,350d8b77-bbc7-4ede-ac25-2f03439e5e1c,cdu,Unknown,cdu_19-09-2021_00:00_image7.jpeg,,,,,,Unknown
7176,078fd350-89d8-434b-a4d7-06d9401dfc2a,cdu,Unknown,cdu_19-09-2021_00:00_image7.jpeg,,,,,,Unknown
7177,990862ba-521c-4cee-bd8c-d3fea1c141b2,cdu,Unknown,cdu_19-09-2021_00:00_image7.jpeg,,,,,,Unknown
7178,1212d54a-ad87-4315-9de1-55075ccae7a2,abaerbock,Unknown,abaerbock_25-09-2021_00:00_video2.jpeg,,,,,,Unknown
7179,6485b6a2-9a18-42a2-b72a-220b7f795d8a,abaerbock,Unknown,abaerbock_25-09-2021_00:00_video2.jpeg,,,,,,Unknown
7180,54511eb6-4bd4-4625-b9c1-2c807ccd166d,abaerbock,Annalena Baerbock,abaerbock_25-09-2021_00:00_video2.jpeg,b5ea8be6-69b9-4fdb-8813-88f307903fb4.png,0.6716998628663122,Facenet512,euclidean_l2,13.0,Annalena Baerbock
7181,5f976e79-a18e-44af-8cb6-1fdd10bc68b6,abaerbock,Unknown,abaerbock_25-09-2021_00:00_video2.jpeg,,,,,,Unknown
7182,7ae2534a-e0a1-4548-863e-9855efb7433f,die_gruenen,Unknown,die_gruenen_13-09-2021_00:00_video3.jpeg,,,,,,Unknown
7183,da967dba-321b-4bdf-b355-d958f6bf8c6f,die_gruenen,Unknown,die_gruenen_13-09-2021_00:00_video3.jpeg,,,,,,Unknown
7184,f711287b-5893-4d1b-b32f-4fac6a03567c,die_gruenen,Unknown,die_gruenen_13-09-2021_00:00_video3.jpeg,,,,,,Unknown
7185,234350a7-53a1-47b6-a8bd-783c2b37aa93,die_gruenen,Unknown,die_gruenen_13-09-2021_00:00_video3.jpeg,,,,,,Unknown
7186,ead4f43b-d357-4a95-90b6-aa826d69ac97,die_gruenen,Unknown,die_gruenen_13-09-2021_00:00_video3.jpeg,,,,,,Unknown
7187,83e012b1-adfd-441b-a117-0eec1c2a0009,die_gruenen,Unknown,die_gruenen_13-09-2021_00:00_video3.jpeg,,,,,,Unknown
7188,d8b48e14-10f9-4733-aa6b-22fab74ce715,cdu,Armin Laschet,cdu_23-09-2021_00:00_video10.jpeg,,,,,,Unknown
7189,593e7ff3-7bfb-4e72-b64e-4121002bd6e5,cdu,Unknown,cdu_23-09-2021_00:00_video10.jpeg,,,,,,Unknown
7190,d95303db-911c-416f-82cb-cb06262700e4,cdu,Unknown,cdu_23-09-2021_00:00_video10.jpeg,,,,,,Unknown
7194,cab56e21-6e69-4040-a5f9-b7e6e1517979,die_gruenen,Annalena Baerbock,die_gruenen_20-09-2021_00:00_image7.jpeg,b5ea8be6-69b9-4fdb-8813-88f307903fb4.png,0.849431545150185,Facenet512,euclidean_l2,13.0,Annalena Baerbock
7195,9de58d34-6a6b-4000-bb5f-4e97b4c13a32,spdde,Unknown,spdde_19-09-2021_00:00_image1.jpeg,,,,,,Unknown
7196,48f9f576-b7b5-4dc2-9bfa-0d45906f00d3,spdde,Olaf Scholz,spdde_19-09-2021_00:00_image1.jpeg,,,,,,Unknown
7197,32c44270-a924-4a7f-9f87-177d3f22421e,spdde,Unknown,spdde_21-09-2021_00:00_image0.jpeg,,,,,,Unknown
7198,ad77d199-8ca2-40f8-86f1-1664a115f961,spdde,Unknown,spdde_21-09-2021_00:00_image0.jpeg,,,,,,Unknown
7199,4c039c68-36be-4f4c-8012-b6852112f30d,spdde,Unknown,spdde_21-09-2021_00:00_image0.jpeg,,,,,,Unknown
7200,4e133d09-85b1-4948-beeb-396949be8e5a,spdde,Olaf Scholz,spdde_21-09-2021_00:00_image0.jpeg,,,,,,Unknown
7201,39a109b1-2946-43b5-ba18-9eefb1f5f72a,spdde,Olaf Scholz,spdde_19-09-2021_00:00_video7.jpeg,04a53ef1-618b-4c9c-97a8-a1187a75c05c.png,0.4551537153076845,Facenet512,euclidean_l2,20.0,Olaf Scholz
7202,e9500e0c-6b86-4c02-81c0-73613371fcc1,spdde,Olaf Scholz,spdde_19-09-2021_00:00_video7.jpeg,,,,,,Unknown
7203,c110ce71-0fcc-4021-8e81-df056826028a,spdde,Unknown,spdde_26-09-2021_00:00_video18.jpeg,,,,,,Unknown
7204,f17439db-2c87-4f34-8dbb-018c02f68f87,spdde,Unknown,spdde_26-09-2021_00:00_video18.jpeg,,,,,,Unknown
7205,8d3f498d-a606-42da-b44f-38f4555f7ffb,spdde,Unknown,spdde_26-09-2021_00:00_video18.jpeg,,,,,,Unknown
7206,a6daa7e9-aaea-44a1-9636-c39a6f7f24af,spdde,Unknown,spdde_26-09-2021_00:00_video18.jpeg,,,,,,Unknown
7207,5a696a9f-6760-4ae7-8647-6296654fe8b6,spdde,Unknown,spdde_26-09-2021_00:00_video18.jpeg,,,,,,Unknown
7208,ad41250b-d84c-4c42-884c-9f5e76805899,spdde,Olaf Scholz,spdde_26-09-2021_00:00_video18.jpeg,2ec8c611-8404-4676-9523-28f0cc6181ab.png,0.9862934482423296,Facenet512,euclidean_l2,6.0,Olaf Scholz
7209,5e6f34cf-cb75-4422-8f23-6e8b4e5244f4,spdde,Unknown,spdde_26-09-2021_00:00_video18.jpeg,,,,,,Unknown
7210,f159d391-2ebb-44cc-929b-6c0f93484599,spdde,Unknown,spdde_26-09-2021_00:00_video18.jpeg,,,,,,Unknown
7211,4309bcf0-23a3-4efa-a4de-20404fbaefec,spdde,Unknown,spdde_26-09-2021_00:00_video18.jpeg,,,,,,Unknown
7212,84c1c2a6-56c4-43e9-8753-38c9448d6950,spdde,Unknown,spdde_26-09-2021_00:00_video18.jpeg,,,,,,Unknown
7213,4ed76667-6f3f-4100-b19f-4cc4516eafa8,christlichsozialeunion,Unknown,christlichsozialeunion_20-09-2021_00:00_video3.jpeg,,,,,,Unknown
7214,c2609234-13e2-423e-afd3-6baf64768bbc,christlichsozialeunion,Markus Söder,christlichsozialeunion_20-09-2021_00:00_video3.jpeg,,,,,,Unknown
7215,8156465e-8c5a-4fb8-8fa8-0d09d7239c5b,abaerbock,Unknown,abaerbock_25-09-2021_00:00_image3.jpeg,,,,,,Unknown
7216,6ba564b0-f631-4153-960c-6152cc87bfc6,abaerbock,Unknown,abaerbock_25-09-2021_00:00_image3.jpeg,,,,,,Unknown
7217,08c605b6-6e60-42a6-9f22-c8ca89be6b83,abaerbock,Unknown,abaerbock_25-09-2021_00:00_image3.jpeg,,,,,,Unknown
7218,6b76d802-f585-4aad-806d-27f33ce86472,abaerbock,Unknown,abaerbock_25-09-2021_00:00_image3.jpeg,baerbock_annalena_gross.jpeg,0.9198406440437688,Facenet512,euclidean_l2,8.0,Annalena Baerbock
7219,fd141f5c-b955-4d01-8b26-8b1e7de27c94,abaerbock,Unknown,abaerbock_25-09-2021_00:00_image3.jpeg,,,,,,Unknown
7220,02b4c542-bb6c-4bc6-8636-720ab77def03,christlichsozialeunion,Unknown,christlichsozialeunion_23-09-2021_00:00_video11.jpeg,,,,,,Unknown
7221,4fc79353-5a4c-4b32-94df-1c1d8a91666b,olafscholz,Unknown,olafscholz_17-09-2021_00:00_video6.jpeg,,,,,,Unknown
7222,346ab964-5833-4458-a8cf-0b5d1ca1b90d,olafscholz,Unknown,olafscholz_17-09-2021_00:00_video6.jpeg,,,,,,Unknown
7224,e89b9dfe-f93a-4e1b-bba3-15f3269023ca,armin_laschet,Unknown,armin_laschet_17-09-2021_00:00_image3.jpeg,,,,,,Unknown
7225,e24a87a6-6532-4ce0-96b0-7a0231376466,armin_laschet,Armin Laschet,armin_laschet_17-09-2021_00:00_image3.jpeg,,,,,,Unknown
7226,ea33b981-6978-4e34-b14f-b0461a99d15c,spdde,Olaf Scholz,spdde_13-09-2021_00:00_image0.jpeg,2ec8c611-8404-4676-9523-28f0cc6181ab.png,0.5007063762957427,Facenet512,euclidean_l2,20.0,Olaf Scholz
7227,aefa2bf8-a8d6-4500-a2b5-9b1811fcf861,armin_laschet,Armin Laschet,armin_laschet_20-09-2021_00:00_video0.jpeg,laschet_armin.jpeg,0.7442789886433282,Facenet512,euclidean_l2,20.0,Armin Laschet
7228,335dbf16-2701-4fe9-b199-5d774191f3b1,armin_laschet,Armin Laschet,armin_laschet_17-09-2021_00:00_video2.jpeg,872af970-553e-4d30-abdc-252f937b8d70.png,0.5870506908218524,Facenet512,euclidean_l2,20.0,Armin Laschet
7229,eeb6b1f6-73e6-44bf-8acc-30456b66a6f1,olafscholz,Unknown,olafscholz_26-09-2021_00:00_image1.jpeg,,,,,,Unknown
7230,bc03792c-06c0-484b-a983-a490cfd5814a,olafscholz,Olaf Scholz,olafscholz_26-09-2021_00:00_image1.jpeg,c27ee252-e37c-4074-92b5-20e300431107.png,0.4276624874962541,Facenet512,euclidean_l2,19.0,Olaf Scholz
7231,c08e4484-7f58-48c8-b684-0a5919fbec4d,olafscholz,Olaf Scholz,olafscholz_26-09-2021_00:00_image1.jpeg,c27ee252-e37c-4074-92b5-20e300431107.png,0.457588048636729,Facenet512,euclidean_l2,20.0,Olaf Scholz
7232,d8545877-9353-41e5-9b5b-f59005e54b81,olafscholz,Unknown,olafscholz_26-09-2021_00:00_image1.jpeg,,,,,,Unknown
7233,19bc03c7-c989-4d0c-8954-34e027648bdc,olafscholz,Unknown,olafscholz_26-09-2021_00:00_image1.jpeg,,,,,,Unknown
7234,7554d8b7-22c7-453c-b2db-0d600e2e6d04,olafscholz,Unknown,olafscholz_26-09-2021_00:00_image1.jpeg,,,,,,Unknown
7235,0598b563-aa1c-4e28-a621-7edfaad927c7,olafscholz,Unknown,olafscholz_26-09-2021_00:00_image1.jpeg,,,,,,Unknown
7236,1cb949fd-0bc9-4b92-8ec9-d156535f5eb5,olafscholz,Unknown,olafscholz_26-09-2021_00:00_image1.jpeg,,,,,,Unknown
7237,85eca9eb-b8b2-4085-9358-18e62f692492,olafscholz,Unknown,olafscholz_26-09-2021_00:00_image1.jpeg,,,,,,Unknown
7238,dec8eead-1fca-4a43-9996-781c6f117e51,olafscholz,Unknown,olafscholz_26-09-2021_00:00_image1.jpeg,,,,,,Unknown
7239,2206307a-46f7-4955-93a2-ba8546f37e1d,olafscholz,Unknown,olafscholz_26-09-2021_00:00_image1.jpeg,,,,,,Unknown
7240,96c6ba2a-a299-4500-8a9b-c42029f7b528,olafscholz,Unknown,olafscholz_26-09-2021_00:00_image1.jpeg,,,,,,Unknown
7241,14ff7c4c-ee0b-41d2-a73a-89e699875e2e,olafscholz,Unknown,olafscholz_26-09-2021_00:00_image1.jpeg,,,,,,Unknown
7242,40dfcc5c-67d5-4b61-a294-6306d01133ad,olafscholz,Unknown,olafscholz_26-09-2021_00:00_image1.jpeg,,,,,,Unknown
7244,2f532d31-002e-45e1-ba59-73d302ede781,christianlindner,Christian Lindner,christianlindner_14-09-2021_00:00_image0.jpeg,lindner_christian_gross.jpeg,0.6110860741558639,Facenet512,euclidean_l2,10.0,Christian Lindner
7245,fb4ad635-e480-472e-a137-90adc7d87faa,christianlindner,Unknown,christianlindner_14-09-2021_00:00_image0.jpeg,b2b81709-caad-45cc-b632-78901d5ab389.png,0.9336162028168632,Facenet512,euclidean_l2,3.0,Christian Lindner
7246,abb9c3e1-782b-4f07-b706-da2a2fcc2ffa,christianlindner,Unknown,christianlindner_14-09-2021_00:00_image0.jpeg,,,,,,Unknown
7247,d80c96d0-3a1f-402a-a890-61135a85b634,christianlindner,Unknown,christianlindner_14-09-2021_00:00_image0.jpeg,,,,,,Unknown
7248,ae266b1c-477f-4b80-9254-d9b7a25726d8,spdde,Olaf Scholz,spdde_26-09-2021_00:00_video11.jpeg,,,,,,Unknown
7249,0c9109b7-842a-4854-95c6-4785937a15eb,die_gruenen,Annalena Baerbock,die_gruenen_13-09-2021_00:00_image4.jpeg,9a8aa257-6928-4d20-bb76-b003078f551d.png,0.5761102796633544,Facenet512,euclidean_l2,13.0,Annalena Baerbock
7250,11b6e7f5-a382-4c45-8c11-10914e8ef040,olafscholz,Unknown,olafscholz_26-09-2021_00:00_image3.jpeg,82f4d29e-1d17-4672-b015-52009fda2a23.png,0.9635422314642216,Facenet512,euclidean_l2,1.0,Olaf Scholz
7251,6a948db3-cd22-4a45-a88f-3be4d54f19ab,olafscholz,Olaf Scholz,olafscholz_26-09-2021_00:00_image3.jpeg,c27ee252-e37c-4074-92b5-20e300431107.png,0.5164560813715317,Facenet512,euclidean_l2,20.0,Olaf Scholz
7252,1350dd4f-25b3-4a6c-bb9b-0e5aa460f7de,olafscholz,Unknown,olafscholz_26-09-2021_00:00_image3.jpeg,,,,,,Unknown
7253,d58cb4f1-5628-46dd-adbf-9ae1fe82d15c,olafscholz,Unknown,olafscholz_26-09-2021_00:00_image3.jpeg,,,,,,Unknown
7254,d7c6605b-9097-4708-a97a-1fe88b3707c6,olafscholz,Unknown,olafscholz_26-09-2021_00:00_image3.jpeg,,,,,,Unknown
7255,c7821b4a-3cde-42d0-810a-7bcf76a4a5db,olafscholz,Unknown,olafscholz_26-09-2021_00:00_image3.jpeg,,,,,,Unknown
7256,5b66a330-913d-4ff3-a7f6-240e396012fc,olafscholz,Unknown,olafscholz_26-09-2021_00:00_image3.jpeg,,,,,,Unknown
7257,6b8a4a4f-71da-4017-a319-a1acfcc9b393,olafscholz,Unknown,olafscholz_26-09-2021_00:00_image3.jpeg,,,,,,Unknown
7258,35a07c3d-b6ef-46f8-a19f-1b82c6fb5539,olafscholz,Unknown,olafscholz_26-09-2021_00:00_image3.jpeg,,,,,,Unknown
7259,8c16e6a0-11a3-452b-898c-0d355bddf3a1,olafscholz,Unknown,olafscholz_26-09-2021_00:00_image3.jpeg,,,,,,Unknown
7260,7e3b7ad9-b316-4b70-b83b-e45fba3f028f,olafscholz,Unknown,olafscholz_26-09-2021_00:00_image3.jpeg,,,,,,Unknown
7261,f53e4b12-cddd-4bac-bc76-128e73b4cac5,olafscholz,Unknown,olafscholz_26-09-2021_00:00_image3.jpeg,,,,,,Unknown
7262,90eebb41-5491-4eef-ba21-a3bf0782e233,olafscholz,Unknown,olafscholz_26-09-2021_00:00_image3.jpeg,,,,,,Unknown
7263,19b6d482-102f-4a09-a046-b0644f81132a,olafscholz,Unknown,olafscholz_26-09-2021_00:00_image3.jpeg,,,,,,Unknown
7292,e6867ae3-59a5-4f63-9186-2f25184269dd,olafscholz,Unknown,olafscholz_18-09-2021_00:00_image0.jpeg,,,,,,Unknown
7293,ff9e9ebe-7a2f-4457-b9a5-6b819da26145,olafscholz,Olaf Scholz,olafscholz_18-09-2021_00:00_image0.jpeg,cf207ba3-2a6b-42b2-b0c6-b0fb9e7532f0.png,0.5416825266955364,Facenet512,euclidean_l2,20.0,Olaf Scholz
7294,29ecabd7-f058-4246-b5ab-a1ce95109b14,cdu,Armin Laschet,cdu_25-09-2021_00:00_video12.jpeg,,,,,,Unknown
7295,00fa0ea7-1d43-4841-992e-6b8db1f81493,cdu,Unknown,cdu_25-09-2021_00:00_video12.jpeg,,,,,,Unknown
7296,f3fcef11-787e-4fab-aa5a-08a029a050a1,armin_laschet,Armin Laschet,armin_laschet_17-09-2021_00:00_video0.jpeg,1e103923-022b-4d3f-a32e-e9c848a00e70.png,0.7219205470691838,Facenet512,euclidean_l2,20.0,Armin Laschet
7316,0a304488-3cc2-48e7-b711-109f7fa0d436,christlichsozialeunion,Unknown,christlichsozialeunion_20-09-2021_00:00_video6.jpeg,,,,,,Unknown
7317,f200c52e-232c-4f04-ac8c-45f06d304113,christlichsozialeunion,Markus Söder,christlichsozialeunion_20-09-2021_00:00_video6.jpeg,,,,,,Unknown
7318,c87ca592-3ae8-485b-91c3-456b6e827b28,christlichsozialeunion,Unknown,christlichsozialeunion_20-09-2021_00:00_video6.jpeg,,,,,,Unknown
7319,6e19d285-b15d-43ac-b44a-344ee9a3c66e,abaerbock,Annalena Baerbock,abaerbock_21-09-2021_00:00_video5.jpeg,,,,,,Unknown
7320,ca7ca816-dc5e-43b5-8738-02b6a4db159e,armin_laschet,Armin Laschet,armin_laschet_13-09-2021_00:00_video4.jpeg,,,,,,Unknown
7321,5cedc94c-3dfe-4974-82d3-8189f5db4846,armin_laschet,Armin Laschet,armin_laschet_19-09-2021_00:00_image7.jpeg,,,,,,Unknown
7322,32ba2261-db27-4f10-8b53-3a4c1299bdf5,armin_laschet,Unknown,armin_laschet_19-09-2021_00:00_image7.jpeg,c1a12a4c-30ca-47ec-b1c5-11409ded5262.png,1.0182809184813688,Facenet512,euclidean_l2,1.0,Armin Laschet
7323,2d4e5575-e8db-4412-ae10-8ef770949b6c,armin_laschet,Armin Laschet,armin_laschet_19-09-2021_00:00_image7.jpeg,5efa5b53-ada6-486e-8b66-4c6330a71ea7.png,0.653993886164833,Facenet512,euclidean_l2,17.0,Armin Laschet
7324,74b31ec2-a15e-458c-bf54-26c41a6a27ff,armin_laschet,Unknown,armin_laschet_19-09-2021_00:00_image7.jpeg,,,,,,Unknown
7325,0b3cd105-575b-4de5-bd80-b1d752643d2d,armin_laschet,Unknown,armin_laschet_19-09-2021_00:00_image7.jpeg,,,,,,Unknown
7326,32d85ba5-177b-45c1-b614-6217e265cea0,armin_laschet,Unknown,armin_laschet_17-09-2021_00:00_video10.jpeg,,,,,,Unknown
7333,b577075b-78c2-444a-a969-574d172c06b2,armin_laschet,Armin Laschet,armin_laschet_17-09-2021_00:00_video15.jpeg,1f347af9-a36f-4727-923b-4c1a1e934ab9.png,0.8539482485604816,Facenet512,euclidean_l2,12.0,Armin Laschet
7334,2f2c4009-d556-4063-84d1-08d57f0d3d0c,christlichsozialeunion,Markus Söder,christlichsozialeunion_21-09-2021_00:00_image4.jpeg,732bdb01-2da9-438e-9b36-04c89ad1eea4.png,0.3694969533479847,Facenet512,euclidean_l2,13.0,Markus Söder
7335,90b19f06-5add-4461-8f28-777c2d4d9e41,cdu,Armin Laschet,cdu_26-09-2021_00:00_video7.jpeg,,,,,,Unknown
7336,9c0b3010-479a-498e-9526-9a8e60e517c4,cdu,Unknown,cdu_26-09-2021_00:00_video7.jpeg,,,,,,Unknown
7337,d54005bc-2fcb-4325-a085-12a8163b986d,cdu,Unknown,cdu_26-09-2021_00:00_video7.jpeg,,,,,,Unknown
7338,2fdf22bf-7df5-4420-8405-65cdd9a581c8,cdu,Unknown,cdu_26-09-2021_00:00_video7.jpeg,,,,,,Unknown
7339,d01786f4-fb64-4b4b-80a7-adc7ca85b791,cdu,Unknown,cdu_26-09-2021_00:00_video7.jpeg,,,,,,Unknown
7340,d30a0355-a745-4c09-8ecf-0f9158a703d5,cdu,Unknown,cdu_20-09-2021_00:00_video22.jpeg,,,,,,Unknown
7341,95f1ff77-64ae-4df7-bd6a-5f9da9c49d68,cdu,Unknown,cdu_20-09-2021_00:00_video22.jpeg,,,,,,Unknown
7342,10e62ec6-2d88-4327-b521-e3e215195285,cdu,Unknown,cdu_20-09-2021_00:00_video22.jpeg,,,,,,Unknown
7357,ba7b0977-98dc-432d-bda5-7d902f9421e3,die_gruenen,Unknown,die_gruenen_25-09-2021_00:00_video31.jpeg,,,,,,Unknown
7358,3ffb78d8-98ea-483b-9cc8-f8d36c08a432,die_gruenen,Unknown,die_gruenen_25-09-2021_00:00_video31.jpeg,,,,,,Unknown
7359,d63f78f0-9991-446b-9fd5-e1434e507f95,die_gruenen,Unknown,die_gruenen_25-09-2021_00:00_video31.jpeg,,,,,,Unknown
7360,d31a95ab-cdc8-4a20-a484-c08fbdc3056e,die_gruenen,Annalena Baerbock,die_gruenen_25-09-2021_00:00_video31.jpeg,,,,,,Unknown
7361,610f421d-c961-44b6-8818-a291329151a3,die_gruenen,Unknown,die_gruenen_25-09-2021_00:00_video31.jpeg,,,,,,Unknown
7362,c808c8c4-c259-4dc3-b7da-ca84d75f4d7f,die_gruenen,Unknown,die_gruenen_25-09-2021_00:00_video31.jpeg,,,,,,Unknown
7363,2eaf3355-610a-41b2-9c1c-748451e04974,die_gruenen,Unknown,die_gruenen_25-09-2021_00:00_video31.jpeg,,,,,,Unknown
7364,e90bf996-5c6c-4b18-bf54-348c17534315,die_gruenen,Unknown,die_gruenen_25-09-2021_00:00_video31.jpeg,,,,,,Unknown
7365,553ae964-a0c2-46d0-9909-f82fec3e5000,die_gruenen,Unknown,die_gruenen_25-09-2021_00:00_video31.jpeg,,,,,,Unknown
7366,b14d7e14-3b54-4f52-b383-fc7356718635,die_gruenen,Unknown,die_gruenen_25-09-2021_00:00_video31.jpeg,,,,,,Unknown
7367,9999a52b-68cc-429a-af33-562d8917236d,die_gruenen,Unknown,die_gruenen_25-09-2021_00:00_video31.jpeg,,,,,,Unknown
7368,2463074b-d729-453d-b0f3-18cd55861055,die_gruenen,Unknown,die_gruenen_25-09-2021_00:00_video31.jpeg,,,,,,Unknown
7369,8fbf0560-af61-4c86-bd5b-3c812330b348,die_gruenen,Unknown,die_gruenen_25-09-2021_00:00_video31.jpeg,,,,,,Unknown
7370,ffaf091d-5462-42c1-ac50-a5ac0e564795,die_gruenen,Unknown,die_gruenen_25-09-2021_00:00_video31.jpeg,,,,,,Unknown
7371,9a89fc01-4508-40cc-b374-fb59f52a74dc,die_gruenen,Unknown,die_gruenen_25-09-2021_00:00_video31.jpeg,,,,,,Unknown
7372,86f93fc1-f290-44d7-ab0b-d6159f45914d,die_gruenen,Annalena Baerbock,die_gruenen_23-09-2021_00:00_video6.jpeg,7bd1824e-e163-4963-9f53-3063e9dcc721.png,0.7140527595053924,Facenet512,euclidean_l2,13.0,Annalena Baerbock
7374,7720c02a-441a-4e8c-be65-487520c69f25,fdp,Unknown,fdp_18-09-2021_00:00_video0.jpeg,,,,,,Unknown
7375,29c0c222-91b7-44b8-958a-dd5e2ef0b04d,cdu,Unknown,cdu_20-09-2021_00:00_video26.jpeg,5efa5b53-ada6-486e-8b66-4c6330a71ea7.png,0.954048637407426,Facenet512,euclidean_l2,2.0,Armin Laschet
7376,79684582-6940-4219-8833-a96d40d1f3a5,cdu,Unknown,cdu_20-09-2021_00:00_video26.jpeg,,,,,,Unknown
7377,6cc242c2-7fe0-452e-a0bf-b3c6185955db,cdu,Unknown,cdu_20-09-2021_00:00_video26.jpeg,,,,,,Unknown
7378,ff8c60f3-8b03-45e4-afe2-b30430c39576,cdu,Unknown,cdu_20-09-2021_00:00_video26.jpeg,,,,,,Unknown
7379,fb3b1f82-a38b-4283-9f4f-520511d4b9b6,cdu,Unknown,cdu_20-09-2021_00:00_video26.jpeg,,,,,,Unknown
7380,59c9c1c9-34a5-4492-8088-0eccfa3734a3,cdu,Unknown,cdu_20-09-2021_00:00_video26.jpeg,,,,,,Unknown
7381,ca676d95-aeef-401c-abba-257fc29fdf6d,cdu,Unknown,cdu_20-09-2021_00:00_video26.jpeg,,,,,,Unknown
7386,03373905-6792-441c-b177-2fb312ff29f4,cdu,Armin Laschet,cdu_13-09-2021_00:00_image1.jpeg,f891fb5e-737c-4bf0-9c55-824f2cdff348.png,0.6344469654014315,Facenet512,euclidean_l2,16.0,Armin Laschet
7387,ea2812ff-cc24-46a7-9b07-3bd7dfa0dc2d,cdu,Unknown,cdu_13-09-2021_00:00_image1.jpeg,,,,,,Unknown
7388,c628fbab-c927-4d67-91fd-7bdd837586f4,abaerbock,Annalena Baerbock,abaerbock_18-09-2021_00:00_image10.jpeg,,,,,,Unknown
7394,07b01b24-7d12-46be-8bc2-fee33d4a3328,abaerbock,Unknown,abaerbock_23-09-2021_00:00_image3.jpeg,,,,,,Unknown
7395,9dad135a-b945-4b24-8329-b7b8dac8c699,abaerbock,Unknown,abaerbock_23-09-2021_00:00_image3.jpeg,,,,,,Unknown
7396,402fdeb2-7544-4edf-94f7-b46c278106b1,abaerbock,Unknown,abaerbock_23-09-2021_00:00_image3.jpeg,,,,,,Unknown
7397,06072bd9-ff0c-4466-818f-acdbf85b6d04,olafscholz,Olaf Scholz,olafscholz_18-09-2021_00:00_video3.jpeg,baaa081f-7a38-4907-b92b-ba3d791c4012.png,0.8573119236142493,Facenet512,euclidean_l2,17.0,Olaf Scholz
7398,afebcc1d-7e39-4c12-9690-35ddef029989,olafscholz,Unknown,olafscholz_18-09-2021_00:00_video3.jpeg,,,,,,Unknown
7399,c73ae92a-70d0-4432-aa89-626e6b5eb1d5,armin_laschet,Armin Laschet,armin_laschet_22-09-2021_00:00_video11.jpeg,,,,,,Unknown
7400,f7de3b51-4754-47d8-a711-de79fe8582c5,armin_laschet,Unknown,armin_laschet_22-09-2021_00:00_video11.jpeg,,,,,,Unknown
7401,96079a80-db55-424c-a3f2-a34fbf341742,abaerbock,Annalena Baerbock,abaerbock_20-09-2021_00:00_image4.jpeg,b5ea8be6-69b9-4fdb-8813-88f307903fb4.png,0.7347148056840398,Facenet512,euclidean_l2,13.0,Annalena Baerbock
7402,4fdd1379-1841-40ce-a9e6-54232c2393fc,olafscholz,Olaf Scholz,olafscholz_23-09-2021_00:00_image0.jpeg,7283a49c-fba4-43e9-9a0b-a767ea44c1c0.png,0.446106034792277,Facenet512,euclidean_l2,20.0,Olaf Scholz
7403,ca9b3704-0e08-4a0e-ac66-9d9045cb80c9,olafscholz,Unknown,olafscholz_23-09-2021_00:00_image0.jpeg,,,,,,Unknown
7404,9e453120-641a-4cc7-b434-b68cadc8b48a,spdde,Unknown,spdde_18-09-2021_00:00_video2.jpeg,,,,,,Unknown
7405,b7d44b6f-0d0d-4687-b333-d6eb4404af56,cdu,Unknown,cdu_25-09-2021_00:00_video11.jpeg,,,,,,Unknown
7406,e3ae2046-e949-46a0-b08e-1100bb2160de,cdu,Unknown,cdu_25-09-2021_00:00_video11.jpeg,,,,,,Unknown
7407,50f8944f-8635-493c-a309-0f1afd36b980,cdu,Unknown,cdu_25-09-2021_00:00_video11.jpeg,,,,,,Unknown
7408,aab68f32-ad85-4ae2-85f6-d4c4afa67d1d,cdu,Unknown,cdu_25-09-2021_00:00_video11.jpeg,,,,,,Unknown
7409,8b7ca7d4-e700-4076-986c-040ba4977a5a,cdu,Armin Laschet,cdu_25-09-2021_00:00_video11.jpeg,,,,,,Unknown
7410,f056c8db-d80e-42e4-b443-e749d0fdf602,cdu,Unknown,cdu_25-09-2021_00:00_video11.jpeg,,,,,,Unknown
7411,916ed993-2abe-4264-bdec-6e510ca9b235,cdu,Unknown,cdu_25-09-2021_00:00_video11.jpeg,,,,,,Unknown
7412,56c10942-e2b3-4502-bf88-9f0309ab3903,cdu,Unknown,cdu_25-09-2021_00:00_video11.jpeg,,,,,,Unknown
7413,ee276e82-f4f1-4d92-a4fb-a10531f8cc14,cdu,Armin Laschet,cdu_23-09-2021_00:00_video0.jpeg,872af970-553e-4d30-abdc-252f937b8d70.png,0.7108377742113323,Facenet512,euclidean_l2,16.0,Armin Laschet
7414,a10e14aa-3859-4468-9704-e9187c355a0e,cdu,Armin Laschet,cdu_23-09-2021_00:00_video0.jpeg,,,,,,Unknown
7415,ed5db7e5-7c54-4b7c-bd35-eeccc255c97a,olafscholz,Olaf Scholz,olafscholz_20-09-2021_00:00_video3.jpeg,fb89d12e-d3a5-48c2-b506-eca8454e847b.png,0.5273707313071713,Facenet512,euclidean_l2,20.0,Olaf Scholz
7416,bc0d848d-164f-42d9-b1ca-dfd5491a722f,cdu,Unknown,cdu_24-09-2021_00:00_video7.jpeg,,,,,,Unknown
7438,ba6c5a71-d42e-4f41-987e-66650ce040f3,cdu,Unknown,cdu_21-09-2021_00:00_video1.jpeg,,,,,,Unknown
7439,9c36ecfd-ebd5-4a81-bf64-3eb0d32143f8,cdu,Unknown,cdu_21-09-2021_00:00_video1.jpeg,,,,,,Unknown
7440,773e7e45-6656-4c2e-bba3-253b67b05dee,christlichsozialeunion,Unknown,christlichsozialeunion_25-09-2021_00:00_video23.jpeg,,,,,,Unknown
7441,67390e2c-8071-4c9c-8afd-4d8977f7245d,christlichsozialeunion,Unknown,christlichsozialeunion_25-09-2021_00:00_video23.jpeg,,,,,,Unknown
7442,f65f6e9f-7283-469d-82c6-7367926abfbb,christlichsozialeunion,Unknown,christlichsozialeunion_25-09-2021_00:00_video23.jpeg,,,,,,Unknown
7443,d4e1738b-8354-49a9-b55a-caa625fe25d6,christlichsozialeunion,Unknown,christlichsozialeunion_25-09-2021_00:00_video23.jpeg,,,,,,Unknown
7444,f435e88f-76cd-4b0c-878d-2d6605b14ea9,christianlindner,Unknown,christianlindner_22-09-2021_00:00_video0.jpeg,,,,,,Unknown
7445,c5467615-4c56-4335-8a62-4f15341f8b27,christianlindner,Unknown,christianlindner_22-09-2021_00:00_video0.jpeg,,,,,,Unknown
7446,76230737-fa06-4457-98de-f18eecd98e45,christianlindner,Unknown,christianlindner_22-09-2021_00:00_video0.jpeg,,,,,,Unknown
7447,70d4c27e-155b-4704-8dd3-ff2a1d05b23f,christianlindner,Unknown,christianlindner_22-09-2021_00:00_video0.jpeg,,,,,,Unknown
7448,e4126d31-573f-45aa-af4b-7e42524ce54f,christianlindner,Unknown,christianlindner_22-09-2021_00:00_video0.jpeg,,,,,,Unknown
7449,29969d08-4f49-4ac2-882c-ab20c778a6dc,christianlindner,Unknown,christianlindner_22-09-2021_00:00_video0.jpeg,,,,,,Unknown
7450,c07d9569-c729-4278-929a-bb9bd7180929,christianlindner,Unknown,christianlindner_22-09-2021_00:00_video0.jpeg,,,,,,Unknown
7451,5e3d4bd2-f766-4f95-88b7-f9e692d8923d,christianlindner,Unknown,christianlindner_22-09-2021_00:00_video0.jpeg,,,,,,Unknown
7452,cff9774c-e9bd-4f60-96a3-9be6695b4b2d,christianlindner,Unknown,christianlindner_22-09-2021_00:00_video0.jpeg,,,,,,Unknown
7453,6d683042-61a3-4379-8b9d-49c82a1e9e41,christianlindner,Unknown,christianlindner_22-09-2021_00:00_video0.jpeg,,,,,,Unknown
7454,701f3af6-298e-4d3c-9760-2303b9de48c3,christianlindner,Unknown,christianlindner_22-09-2021_00:00_video0.jpeg,,,,,,Unknown
7455,514ffd24-5b30-4cd8-9727-050c3f8552d5,christianlindner,Unknown,christianlindner_22-09-2021_00:00_video0.jpeg,,,,,,Unknown
7456,03013145-5a5e-4d39-82e6-677ce9b851de,christianlindner,Unknown,christianlindner_22-09-2021_00:00_video0.jpeg,,,,,,Unknown
7457,718b30e0-55d7-452c-b860-66a36f46ac18,christianlindner,Unknown,christianlindner_22-09-2021_00:00_video0.jpeg,,,,,,Unknown
7458,cdb67f5f-1236-42fc-96dc-6a69189d59c6,christianlindner,Unknown,christianlindner_22-09-2021_00:00_video0.jpeg,,,,,,Unknown
7459,c63df69b-bd6e-4a2e-83b4-9fa879c394ee,christianlindner,Unknown,christianlindner_22-09-2021_00:00_video0.jpeg,,,,,,Unknown
7460,0b750622-150e-42d3-a8af-661b17df0c05,christianlindner,Unknown,christianlindner_22-09-2021_00:00_video0.jpeg,,,,,,Unknown
7461,33674756-c4e2-4c4b-a9ec-40e9b4b221cf,christianlindner,Unknown,christianlindner_22-09-2021_00:00_video0.jpeg,,,,,,Unknown
7462,b2129da1-a55c-4e16-b135-fa491c0bc93b,christianlindner,Unknown,christianlindner_22-09-2021_00:00_video0.jpeg,,,,,,Unknown
7463,8aa61713-9a02-4d7e-b64f-292be95f9b39,christianlindner,Unknown,christianlindner_22-09-2021_00:00_video0.jpeg,,,,,,Unknown
7464,eca5d5b3-9bb1-48e7-802f-27a307579a04,christianlindner,Unknown,christianlindner_22-09-2021_00:00_video0.jpeg,,,,,,Unknown
7465,c8da6c07-a9f6-4845-a708-c50abe10218d,christianlindner,Unknown,christianlindner_22-09-2021_00:00_video0.jpeg,,,,,,Unknown
7466,498d9ce0-e878-44a9-b441-d3e311629fed,christianlindner,Unknown,christianlindner_22-09-2021_00:00_video0.jpeg,,,,,,Unknown
7467,72c36920-74ad-4f60-93b5-c680ef50352b,christianlindner,Unknown,christianlindner_22-09-2021_00:00_video0.jpeg,,,,,,Unknown
7468,33392c40-5f81-4539-92c0-de3d5ed29a80,christianlindner,Unknown,christianlindner_22-09-2021_00:00_video0.jpeg,,,,,,Unknown
7469,97fa6b2c-5f02-46b2-89ce-d591e7451e9f,christianlindner,Unknown,christianlindner_22-09-2021_00:00_video0.jpeg,,,,,,Unknown
7470,0292e215-b12e-434f-9786-23ff58c6d006,christianlindner,Unknown,christianlindner_22-09-2021_00:00_video0.jpeg,,,,,,Unknown
7471,ab45c590-f94a-4a7a-95f9-6c3ea444537d,armin_laschet,Armin Laschet,armin_laschet_14-09-2021_00:00_video2.jpeg,80b6f539-47d0-408e-8a0b-aadcffe513a5.png,0.5273305104059129,Facenet512,euclidean_l2,19.0,Armin Laschet
7472,37a63711-7a27-43b5-b533-33e0844fe67c,christlichsozialeunion,Markus Söder,christlichsozialeunion_24-09-2021_00:00_image0.jpeg,49bdb61e-e0b0-4666-9cf0-5c7ab16b2516.png,0.3766457856748607,Facenet512,euclidean_l2,13.0,Markus Söder
7473,01aa8c8d-5db7-48df-b507-30a1925aca9e,christlichsozialeunion,Unknown,christlichsozialeunion_22-09-2021_00:00_video7.jpeg,,,,,,Unknown
7474,bef0dc56-7df1-4ced-b8cc-22729dc4d468,christlichsozialeunion,Unknown,christlichsozialeunion_22-09-2021_00:00_video7.jpeg,,,,,,Unknown
7476,e497ce67-0356-442d-a897-94fb8aec5291,abaerbock,Unknown,abaerbock_25-09-2021_00:00_image9.jpeg,,,,,,Unknown
7477,cfdb160f-ea6f-45b0-9296-3309d195fdc1,olafscholz,Unknown,olafscholz_22-09-2021_00:00_image5.jpeg,91d6fa25-3671-4110-8beb-1c3296cdf4d0.png,0.9847328974295028,Facenet512,euclidean_l2,2.0,Olaf Scholz
7478,c7517b62-980f-4043-a2a4-792611dd8577,olafscholz,Unknown,olafscholz_22-09-2021_00:00_image5.jpeg,,,,,,Unknown
7479,6013e10c-ef63-4a4d-922e-549286b65aaa,olafscholz,Unknown,olafscholz_22-09-2021_00:00_image5.jpeg,,,,,,Unknown
7480,d3d15042-9f8c-45c3-817f-1f799c44075b,olafscholz,Unknown,olafscholz_22-09-2021_00:00_image5.jpeg,,,,,,Unknown
7481,75e5b92e-d588-486b-89e2-a126a5cb9def,olafscholz,Unknown,olafscholz_22-09-2021_00:00_image5.jpeg,,,,,,Unknown
7482,3cc09014-7940-40ae-97f8-fa5b60859923,olafscholz,Unknown,olafscholz_22-09-2021_00:00_image5.jpeg,,,,,,Unknown
7483,9c037a1b-7907-44ab-83cd-b826c824c647,olafscholz,Unknown,olafscholz_22-09-2021_00:00_image5.jpeg,,,,,,Unknown
7484,1107a606-2302-4bb8-a016-b08325bc68b6,olafscholz,Olaf Scholz,olafscholz_18-09-2021_00:00_video2.jpeg,,,,,,Unknown
7493,16fc6d44-c6ec-48b5-b37b-32dd7c2a297d,markus.soeder,Markus Söder,markus.soeder_16-09-2021_00:00_video5.jpeg,aef8776f-6cb2-461e-aa5f-26798f3b263e.png,0.9118852749556589,Facenet512,euclidean_l2,5.0,Markus Söder
7494,85d653c5-4503-4d36-809b-c4e08ed2084d,markus.soeder,Unknown,markus.soeder_16-09-2021_00:00_video5.jpeg,,,,,,Unknown
7495,f72bcc5a-b706-44bb-8fd2-c93243b89d8a,markus.soeder,Unknown,markus.soeder_16-09-2021_00:00_video5.jpeg,,,,,,Unknown
7498,0f27ce9e-df15-48f4-aa0c-bf43d12b3f4c,spdde,Unknown,spdde_20-09-2021_00:00_image8.jpeg,,,,,,Unknown
7499,520592e2-430c-4980-ab72-1c88dc69d00a,spdde,Unknown,spdde_20-09-2021_00:00_image8.jpeg,,,,,,Unknown
7500,256348d0-8ce9-4746-9cde-b0c05b59b13f,spdde,Olaf Scholz,spdde_20-09-2021_00:00_image8.jpeg,04a53ef1-618b-4c9c-97a8-a1187a75c05c.png,0.3930254110395754,Facenet512,euclidean_l2,20.0,Olaf Scholz
7501,ba63877f-bd57-4d30-9d75-486001beb771,christianlindner,Unknown,christianlindner_17-09-2021_00:00_image1.jpeg,b2b81709-caad-45cc-b632-78901d5ab389.png,1.0201082908536592,Facenet512,euclidean_l2,1.0,Christian Lindner
7502,45e7033c-05bb-4a37-9cd6-fa807c08302e,christianlindner,Christian Lindner,christianlindner_17-09-2021_00:00_image1.jpeg,,,,,,Unknown
7504,edeaf1c0-9183-40a2-b3e2-5670dce35c53,christlichsozialeunion,Unknown,christlichsozialeunion_25-09-2021_00:00_video9.jpeg,,,,,,Unknown
7505,704d88d5-910a-411f-90ce-eaf8f7cd3f6c,christlichsozialeunion,Markus Söder,christlichsozialeunion_25-09-2021_00:00_video9.jpeg,,,,,,Unknown
7506,6553c3c7-4eb2-42b9-a3fa-8f319c9337f7,christlichsozialeunion,Unknown,christlichsozialeunion_25-09-2021_00:00_video9.jpeg,,,,,,Unknown
7507,7e7ec9e7-f014-4215-917f-1629babe9eec,christlichsozialeunion,Unknown,christlichsozialeunion_25-09-2021_00:00_video9.jpeg,,,,,,Unknown
7508,222ca924-f8eb-430c-9d2a-f3c3e6bd7598,christlichsozialeunion,Unknown,christlichsozialeunion_25-09-2021_00:00_video9.jpeg,,,,,,Unknown
7509,ed47c529-25f7-4baf-a888-869c6f5cc6af,christlichsozialeunion,Unknown,christlichsozialeunion_25-09-2021_00:00_video9.jpeg,,,,,,Unknown
7510,c29293b3-8980-4c00-80e7-480a797fef2d,christlichsozialeunion,Unknown,christlichsozialeunion_25-09-2021_00:00_video9.jpeg,,,,,,Unknown
7511,0692765a-dce7-497a-a16b-517639f315f4,christlichsozialeunion,Unknown,christlichsozialeunion_25-09-2021_00:00_video9.jpeg,,,,,,Unknown
7512,bf5a5f09-83ce-4137-9a1a-dc59b67befaa,christlichsozialeunion,Unknown,christlichsozialeunion_25-09-2021_00:00_video9.jpeg,,,,,,Unknown
7520,a94900f6-fa19-452d-ba5f-3c38b93be79c,abaerbock,Annalena Baerbock,abaerbock_25-09-2021_00:00_video0.jpeg,,,,,,Unknown
7521,b60487db-1d77-4731-80a6-aefecb788a3e,abaerbock,Unknown,abaerbock_25-09-2021_00:00_video0.jpeg,,,,,,Unknown
7522,808da495-e4c5-4114-bc3f-65570a914511,abaerbock,Unknown,abaerbock_25-09-2021_00:00_video0.jpeg,,,,,,Unknown
7523,93ea8048-7597-419e-9497-0136b44b1d9c,abaerbock,Unknown,abaerbock_25-09-2021_00:00_video0.jpeg,,,,,,Unknown
7524,d0b1ea56-0815-4c4c-9319-ba52d85bf35b,abaerbock,Unknown,abaerbock_25-09-2021_00:00_video0.jpeg,,,,,,Unknown
7525,f398e6b4-6553-4d25-80cb-ac3a9e1a04a3,abaerbock,Unknown,abaerbock_25-09-2021_00:00_video0.jpeg,,,,,,Unknown
7526,ae06aad5-905f-43f1-94c0-5cedf4619557,abaerbock,Unknown,abaerbock_25-09-2021_00:00_video0.jpeg,,,,,,Unknown
7527,c3cf9ffe-553a-44c9-9912-c5fd4056870e,abaerbock,Unknown,abaerbock_25-09-2021_00:00_video0.jpeg,,,,,,Unknown
7528,d7e03b16-710b-4d13-8ce9-7b0d0ed57cdc,abaerbock,Unknown,abaerbock_25-09-2021_00:00_video0.jpeg,,,,,,Unknown
7531,810d8cb7-cca3-494c-8de1-685302dca60d,cdu,Unknown,cdu_20-09-2021_00:00_video8.jpeg,,,,,,Unknown
7542,3cd39ee0-fc22-4c43-bdec-34c30fabb50f,abaerbock,Annalena Baerbock,abaerbock_24-09-2021_00:00_image7.jpeg,820608e2-840e-4850-b527-36c922284188.png,0.8691486960245451,Facenet512,euclidean_l2,11.0,Annalena Baerbock
7543,c04d4565-1f28-4002-b9cc-2bb8f967894a,abaerbock,Unknown,abaerbock_24-09-2021_00:00_image7.jpeg,,,,,,Unknown
7547,b2498cf0-e560-4ef3-8524-3fa4aa1815d1,christlichsozialeunion,Unknown,christlichsozialeunion_22-09-2021_00:00_video3.jpeg,,,,,,Unknown
7550,fd95590c-f7ef-43dc-8613-b83da19a6e45,spdde,Unknown,spdde_19-09-2021_00:00_image0.jpeg,,,,,,Unknown
7551,78009e70-e2a4-49d2-8def-4f927b00107c,spdde,Unknown,spdde_19-09-2021_00:00_image0.jpeg,,,,,,Unknown
7552,7391e562-af6e-4df2-8617-88f637830d0f,spdde,Unknown,spdde_19-09-2021_00:00_image0.jpeg,,,,,,Unknown
7553,396a81ed-bba5-423a-b9b3-3b8ef7914364,spdde,Unknown,spdde_19-09-2021_00:00_image0.jpeg,,,,,,Unknown
7554,24516628-87dc-4bed-a1d1-a53afed9d5e0,spdde,Unknown,spdde_19-09-2021_00:00_image0.jpeg,,,,,,Unknown
7555,b4dbc301-238f-483b-b773-db6d9fd13715,spdde,Unknown,spdde_19-09-2021_00:00_image0.jpeg,8c8b42f9-47e7-4df5-bffb-da674eab6953.png,0.9882849614020892,Facenet512,euclidean_l2,3.0,Olaf Scholz
7556,c7571346-b0e4-4592-b817-63b693973191,spdde,Unknown,spdde_19-09-2021_00:00_image0.jpeg,,,,,,Unknown
7557,b53adff3-f1d8-4ae0-843a-b631048de8b1,spdde,Unknown,spdde_19-09-2021_00:00_image0.jpeg,,,,,,Unknown
7558,bc0f90c8-57db-4134-9aa9-33b3015c34b9,spdde,Unknown,spdde_19-09-2021_00:00_image0.jpeg,,,,,,Unknown
7559,c1dac7ba-9015-4f3a-9844-2a62b4427278,spdde,Unknown,spdde_19-09-2021_00:00_image0.jpeg,,,,,,Unknown
7560,e2ff4c90-9bf7-4014-9e09-c50603b52895,spdde,Unknown,spdde_19-09-2021_00:00_image0.jpeg,,,,,,Unknown
7561,4f1a25e0-7a55-48d4-abbd-8e7d14609545,spdde,Unknown,spdde_19-09-2021_00:00_image0.jpeg,,,,,,Unknown
7562,49e862e5-ae3c-49ac-978d-cd0ca8a728e3,spdde,Unknown,spdde_19-09-2021_00:00_image0.jpeg,,,,,,Unknown
7563,5f56e502-6cf7-464d-a8b6-1ca22b93674c,spdde,Unknown,spdde_19-09-2021_00:00_image0.jpeg,,,,,,Unknown
7564,cf4a6661-9dbc-4d4a-a164-25a52d227c66,markus.soeder,Unknown,markus.soeder_25-09-2021_00:00_video3.jpeg,,,,,,Unknown
7565,fa3d268f-3b41-4593-af5e-885c227086c8,markus.soeder,Unknown,markus.soeder_25-09-2021_00:00_video3.jpeg,,,,,,Unknown
7570,745f3cb5-070c-43dd-bb39-4ab805c80df4,abaerbock,Unknown,abaerbock_24-09-2021_00:00_video0.jpeg,,,,,,Unknown
7571,393472de-c3c0-4f30-805a-45581097b5c7,abaerbock,Annalena Baerbock,abaerbock_24-09-2021_00:00_video0.jpeg,baerbock_annalena_gross.jpeg,0.8169755953693278,Facenet512,euclidean_l2,13.0,Annalena Baerbock
7572,ad0ddc49-f276-41e6-8e4d-2c1bae4689b1,abaerbock,Annalena Baerbock,abaerbock_24-09-2021_00:00_video0.jpeg,,,,,,Unknown
7573,be637a24-8887-42a3-9951-c40e22b1850c,abaerbock,Unknown,abaerbock_24-09-2021_00:00_video0.jpeg,,,,,,Unknown
7574,946980b0-f024-4f4a-8791-a4eec9fe9200,olafscholz,Olaf Scholz,olafscholz_17-09-2021_00:00_video8.jpeg,,,,,,Unknown
7575,2e41c8c4-2000-4cf9-89ea-38ec2f3c7bae,armin_laschet,Unknown,armin_laschet_25-09-2021_00:00_video8.jpeg,,,,,,Unknown
7576,e797f2ad-648e-4215-94ca-91d1708a0150,armin_laschet,Unknown,armin_laschet_25-09-2021_00:00_video8.jpeg,,,,,,Unknown
7577,1a0e7e27-3db6-4d73-8462-227a8f11d62e,abaerbock,Annalena Baerbock,abaerbock_14-09-2021_00:00_image11.jpeg,9a8aa257-6928-4d20-bb76-b003078f551d.png,0.5608351436046979,Facenet512,euclidean_l2,13.0,Annalena Baerbock
7578,7ca691b9-7854-4bfb-b693-16ce473d7fe0,die_gruenen,Annalena Baerbock,die_gruenen_20-09-2021_00:00_video0.jpeg,b5ea8be6-69b9-4fdb-8813-88f307903fb4.png,0.463017842718715,Facenet512,euclidean_l2,13.0,Annalena Baerbock
7579,c9552973-e749-46eb-8095-a68babeb49ee,olafscholz,Olaf Scholz,olafscholz_19-09-2021_00:00_video6.jpeg,82f4d29e-1d17-4672-b015-52009fda2a23.png,1.0370985176986989,Facenet512,euclidean_l2,1.0,Olaf Scholz
7580,9b705c1d-67c1-4a7e-b31d-40e5e0747a58,olafscholz,Unknown,olafscholz_19-09-2021_00:00_video6.jpeg,,,,,,Unknown
7581,5d8ade6f-1bba-4704-bdb1-6e07e009f304,olafscholz,Unknown,olafscholz_19-09-2021_00:00_video6.jpeg,,,,,,Unknown
7582,947d7d7c-dfd4-487f-b19c-0e5257d1cdb6,olafscholz,Unknown,olafscholz_19-09-2021_00:00_video6.jpeg,,,,,,Unknown
7595,3dd188c1-2a78-42d3-af0c-7f8140b36087,armin_laschet,Armin Laschet,armin_laschet_20-09-2021_00:00_image2.jpeg,laschet_armin.jpeg,0.5532410861659078,Facenet512,euclidean_l2,19.0,Armin Laschet
7596,6a49101d-c480-40b6-a586-d786de85dfb2,armin_laschet,Armin Laschet,armin_laschet_20-09-2021_00:00_image2.jpeg,1e103923-022b-4d3f-a32e-e9c848a00e70.png,0.7780937361463743,Facenet512,euclidean_l2,19.0,Armin Laschet
7611,a5fef203-b200-46b7-9725-b2dc9c00c430,christianlindner,Unknown,christianlindner_18-09-2021_00:00_image1.jpeg,,,,,,Unknown
7612,5c8fa140-f1e9-4277-80c2-5717191137d2,christianlindner,Unknown,christianlindner_18-09-2021_00:00_image1.jpeg,,,,,,Unknown
7613,c6ef234f-8de7-4960-a4d2-9eb160103e87,christianlindner,Unknown,christianlindner_18-09-2021_00:00_image1.jpeg,,,,,,Unknown
7614,22dc1a3b-bb19-4946-a702-27b39603d903,christianlindner,Unknown,christianlindner_18-09-2021_00:00_image1.jpeg,,,,,,Unknown
7615,13a18866-2a15-4a14-9495-33884635e3a8,christianlindner,Unknown,christianlindner_18-09-2021_00:00_image1.jpeg,,,,,,Unknown
7616,ec33d239-289c-4016-92cb-43c5ac74ea81,christianlindner,Unknown,christianlindner_18-09-2021_00:00_image1.jpeg,,,,,,Unknown
7617,6e88f83e-fcf0-40e5-9bde-617f079e3746,christianlindner,Unknown,christianlindner_18-09-2021_00:00_image1.jpeg,,,,,,Unknown
7618,32d28332-29d3-4c02-8fc5-2ed597f409c7,christianlindner,Unknown,christianlindner_18-09-2021_00:00_image1.jpeg,,,,,,Unknown
7619,61b15e86-0bc1-4bbb-bf7f-112aad3fe5ee,christianlindner,Unknown,christianlindner_18-09-2021_00:00_image1.jpeg,,,,,,Unknown
7620,4e51a01b-02ae-438d-b85d-6e3f7a1d3447,christianlindner,Unknown,christianlindner_18-09-2021_00:00_image1.jpeg,,,,,,Unknown
7621,f9693562-7b82-43b1-967f-f1d8ea3d399a,christianlindner,Unknown,christianlindner_18-09-2021_00:00_image1.jpeg,,,,,,Unknown
7622,b31bced4-9e8d-4e09-b398-49336cfe67fb,christianlindner,Unknown,christianlindner_18-09-2021_00:00_image1.jpeg,,,,,,Unknown
7623,82971b52-747d-44a9-a4e3-0d2cf7fd61f5,christianlindner,Unknown,christianlindner_18-09-2021_00:00_image1.jpeg,,,,,,Unknown
7624,cef07862-f17c-4ed8-9e9b-b4b8e62eaf70,christianlindner,Unknown,christianlindner_18-09-2021_00:00_image1.jpeg,,,,,,Unknown
7625,0417583f-4b0b-405c-b53f-9fe29a16ba75,christianlindner,Christian Lindner,christianlindner_18-09-2021_00:00_image1.jpeg,d9fbc863-1aed-44af-8419-b4d18c9b5d48.png,0.7536022188194553,Facenet512,euclidean_l2,7.0,Christian Lindner
7626,307a6336-ef3c-4197-a88a-c228f73691da,christianlindner,Unknown,christianlindner_18-09-2021_00:00_image1.jpeg,,,,,,Unknown
7627,1cacf999-4d85-4956-b058-1ddc6a34cf1f,christianlindner,Unknown,christianlindner_18-09-2021_00:00_image1.jpeg,,,,,,Unknown
7628,6550907e-53c3-402f-9560-67f31f4aaefb,christianlindner,Unknown,christianlindner_18-09-2021_00:00_image1.jpeg,,,,,,Unknown
7629,774bda81-9ac2-4102-9ad5-99ef687c64b7,christianlindner,Unknown,christianlindner_18-09-2021_00:00_image1.jpeg,,,,,,Unknown
7630,6cbb9604-7f27-4c2e-800a-338ddf6d35ab,christianlindner,Unknown,christianlindner_18-09-2021_00:00_image1.jpeg,,,,,,Unknown
7631,1c9b62df-a01d-40da-b2ea-950c5cb8c28f,christianlindner,Unknown,christianlindner_18-09-2021_00:00_image1.jpeg,,,,,,Unknown
7632,2536a1e0-8890-4905-8b84-c201dbf316f8,christianlindner,Unknown,christianlindner_18-09-2021_00:00_image1.jpeg,,,,,,Unknown
7633,9f67fe07-3fbf-4bdb-add2-2a74cbe98c7d,christianlindner,Unknown,christianlindner_18-09-2021_00:00_image1.jpeg,,,,,,Unknown
7634,3ec05d0e-f1a0-479e-9b96-422f97cdca6e,christianlindner,Unknown,christianlindner_18-09-2021_00:00_image1.jpeg,,,,,,Unknown
7635,81d88b02-60ef-4cdc-b829-f99beed0b194,christianlindner,Unknown,christianlindner_18-09-2021_00:00_image1.jpeg,,,,,,Unknown
7636,32e5cb6b-8498-42df-aca0-21299163a557,christianlindner,Unknown,christianlindner_18-09-2021_00:00_image1.jpeg,,,,,,Unknown
7637,b83f74e2-0262-4ebe-9f6f-693b9e233480,christianlindner,Unknown,christianlindner_18-09-2021_00:00_image1.jpeg,,,,,,Unknown
7638,396e60cc-8172-4986-a454-45ca439ccf32,christianlindner,Unknown,christianlindner_18-09-2021_00:00_image1.jpeg,,,,,,Unknown
7639,cc53c18f-76ce-43a5-ac1a-d133d2aad8b3,christianlindner,Unknown,christianlindner_18-09-2021_00:00_image1.jpeg,,,,,,Unknown
7640,3fec4319-ce7f-483d-90d3-c881e15cc110,christianlindner,Unknown,christianlindner_18-09-2021_00:00_image1.jpeg,,,,,,Unknown
7641,ce74834c-6f45-42f9-b0d2-2e4889645644,christianlindner,Unknown,christianlindner_18-09-2021_00:00_image1.jpeg,,,,,,Unknown
7642,e5685758-d8e0-442a-96a1-2bfc7bab038a,christianlindner,Unknown,christianlindner_18-09-2021_00:00_image1.jpeg,,,,,,Unknown
7643,b042fc77-d6fb-4210-9882-a3e6c8448c81,christianlindner,Unknown,christianlindner_18-09-2021_00:00_image1.jpeg,,,,,,Unknown
7644,a35403d7-3eb5-4b2f-9a69-c8942fdfe7ca,abaerbock,Unknown,abaerbock_22-09-2021_00:00_image0.jpeg,,,,,,Unknown
7646,f346c17c-ca08-43f4-ae0f-18ecb8ef5901,armin_laschet,Armin Laschet,armin_laschet_23-09-2021_00:00_video4.jpeg,6b5fba44-8fb8-4e07-98e3-960e82e765a9.png,0.4816571985440265,Facenet512,euclidean_l2,17.0,Armin Laschet
7647,c948e2a5-6cb0-4de7-891c-a0017be47fbb,olafscholz,Olaf Scholz,olafscholz_23-09-2021_00:00_image1.jpeg,cf207ba3-2a6b-42b2-b0c6-b0fb9e7532f0.png,0.5637929106959007,Facenet512,euclidean_l2,20.0,Olaf Scholz
7648,e9094df8-4ad5-46b1-b6a3-8afcec56c2ed,olafscholz,Unknown,olafscholz_23-09-2021_00:00_image1.jpeg,,,,,,Unknown
7649,8750434b-3bdc-4c3d-a54e-1840ba66132b,olafscholz,Unknown,olafscholz_23-09-2021_00:00_image1.jpeg,9bc42743-ba76-4b29-8ae3-88daa99f6988.png,1.0344933250818165,Facenet512,euclidean_l2,1.0,Olaf Scholz
7650,469d8c1f-84ff-44e9-a41b-35f8e998e830,olafscholz,Unknown,olafscholz_23-09-2021_00:00_image1.jpeg,,,,,,Unknown
7651,c1091d76-3efb-4be3-8ff9-97ae42928929,olafscholz,Unknown,olafscholz_23-09-2021_00:00_image1.jpeg,,,,,,Unknown
7652,0db47124-45b9-4365-854d-ab3891bee840,olafscholz,Unknown,olafscholz_23-09-2021_00:00_image1.jpeg,,,,,,Unknown
7653,f2a32ca8-6b77-4672-8b7c-6ac8d2060b57,olafscholz,Unknown,olafscholz_23-09-2021_00:00_image1.jpeg,,,,,,Unknown
7654,fa0ffa2d-9aca-4c4a-810e-983b981f8c72,olafscholz,Unknown,olafscholz_23-09-2021_00:00_image1.jpeg,,,,,,Unknown
7655,e695ff0f-8679-4b0d-9a18-efe20ddd8ad6,olafscholz,Unknown,olafscholz_23-09-2021_00:00_image1.jpeg,,,,,,Unknown
7656,f155ae6d-dd70-4a3f-a4cc-b6f6489568d1,olafscholz,Unknown,olafscholz_23-09-2021_00:00_image1.jpeg,,,,,,Unknown
7657,cc572375-fd71-495d-9481-154804d9232c,die_gruenen,Unknown,die_gruenen_18-09-2021_00:00_image0.jpeg,,,,,,Unknown
7658,45ab6f6f-4b19-4781-87be-85aaf9580707,die_gruenen,Unknown,die_gruenen_18-09-2021_00:00_image0.jpeg,,,,,,Unknown
7661,923df977-f1d1-40bb-b684-67bb270e3118,olafscholz,Olaf Scholz,olafscholz_17-09-2021_00:00_image0.jpeg,,,,,,Unknown
7662,cdc50a70-0623-40c5-9ddd-9b557e822a87,markus.soeder,Markus Söder,markus.soeder_21-09-2021_00:00_image0.jpeg,d58b66d8-f621-4c58-9284-a999f266986a.png,0.578158804658618,Facenet512,euclidean_l2,13.0,Markus Söder
7663,63514f6f-3cd3-4033-90c8-5cbeee3f625b,markus.soeder,Unknown,markus.soeder_21-09-2021_00:00_image0.jpeg,,,,,,Unknown
7664,e45afc5b-ab11-425e-88a4-4754657f9300,armin_laschet,Armin Laschet,armin_laschet_21-09-2021_00:00_video4.jpeg,cc6b3530-cd71-4500-a5fe-d868c449b8d1.png,0.6228994568607145,Facenet512,euclidean_l2,20.0,Armin Laschet
7666,f1f5cb3d-1b25-4ca9-9ec0-e78c29340abc,cdu,Unknown,cdu_24-09-2021_00:00_video5.jpeg,,,,,,Unknown
7667,7b949c39-840b-47ed-881e-c04ee7da4ca5,abaerbock,Unknown,abaerbock_20-09-2021_00:00_image6.jpeg,,,,,,Unknown
7668,c5dd757e-33dd-4ec9-a1ac-64b2573a583d,abaerbock,Unknown,abaerbock_20-09-2021_00:00_image6.jpeg,,,,,,Unknown
7669,36998bd8-b9dc-4e74-8386-ec7238b63ed4,abaerbock,Annalena Baerbock,abaerbock_20-09-2021_00:00_image6.jpeg,b5ea8be6-69b9-4fdb-8813-88f307903fb4.png,1.0191883016763552,Facenet512,euclidean_l2,1.0,Annalena Baerbock
7670,b9275858-b641-4f96-bbdc-d196ce2f2177,abaerbock,Unknown,abaerbock_20-09-2021_00:00_image6.jpeg,,,,,,Unknown
7671,6288c3f2-d5f6-40f4-b54c-a9d6fba3c3bb,abaerbock,Unknown,abaerbock_20-09-2021_00:00_image6.jpeg,,,,,,Unknown
7672,a42e00d9-8e18-4f2c-860f-9c2969bcf123,abaerbock,Unknown,abaerbock_20-09-2021_00:00_image6.jpeg,,,,,,Unknown
7673,4fac519f-8cab-4504-84b6-e11610e956ea,abaerbock,Unknown,abaerbock_20-09-2021_00:00_image6.jpeg,,,,,,Unknown
7674,48db4ea9-b05b-4290-9bc1-6663ad1eb881,abaerbock,Unknown,abaerbock_20-09-2021_00:00_image6.jpeg,,,,,,Unknown
7675,edb0210f-e756-4405-9201-524833366c73,abaerbock,Unknown,abaerbock_20-09-2021_00:00_image6.jpeg,,,,,,Unknown
7676,e92ddb3f-657e-411b-ad73-7f4b30d9d4c5,abaerbock,Unknown,abaerbock_16-09-2021_00:00_image2.jpeg,,,,,,Unknown
7677,0f691066-59ea-458b-a1c4-027223fc79d0,abaerbock,Unknown,abaerbock_16-09-2021_00:00_image2.jpeg,,,,,,Unknown
7678,e6abade4-75af-4ef5-985c-2a6fa14d38d8,abaerbock,Annalena Baerbock,abaerbock_16-09-2021_00:00_image2.jpeg,,,,,,Unknown
7683,bc8c186f-80b9-4ea3-ac77-bca8815bd859,armin_laschet,Armin Laschet,armin_laschet_23-09-2021_00:00_video16.jpeg,,,,,,Unknown
7684,3e7d4897-c21c-41ac-8f76-2d8632468fd6,armin_laschet,Unknown,armin_laschet_23-09-2021_00:00_video16.jpeg,,,,,,Unknown
7685,9b0b11ff-ac05-461e-b41c-0d252f9ed3b6,christlichsozialeunion,Unknown,christlichsozialeunion_23-09-2021_00:00_video5.jpeg,,,,,,Unknown
7686,f256e215-9121-4676-93bf-b848f7ee1ef9,cdu,Armin Laschet,cdu_19-09-2021_00:00_image6.jpeg,,,,,,Unknown
7687,b8340490-333b-486c-8b28-4aa7ab7b72dc,cdu,Unknown,cdu_19-09-2021_00:00_image6.jpeg,,,,,,Unknown
7688,79de9c37-5de6-4b49-afac-54f0c16dd9b1,cdu,Unknown,cdu_19-09-2021_00:00_image6.jpeg,,,,,,Unknown
7689,27485bfc-35f5-4338-b692-a74f0cd0bc47,cdu,Armin Laschet,cdu_19-09-2021_00:00_image6.jpeg,5efa5b53-ada6-486e-8b66-4c6330a71ea7.png,0.6974172279455593,Facenet512,euclidean_l2,18.0,Armin Laschet
7690,d8c18161-b3b5-4b79-9bbf-da3208bcc509,cdu,Unknown,cdu_19-09-2021_00:00_image6.jpeg,,,,,,Unknown
7691,a326eb05-ca95-4754-9392-7ca65674b70b,die_gruenen,Annalena Baerbock,die_gruenen_24-09-2021_00:00_image0.jpeg,7bd1824e-e163-4963-9f53-3063e9dcc721.png,0.3303094149091452,Facenet512,euclidean_l2,13.0,Annalena Baerbock
7692,e5c77372-293b-402f-aafb-b5cd1af4a542,olafscholz,Olaf Scholz,olafscholz_23-09-2021_00:00_video3.jpeg,9bc42743-ba76-4b29-8ae3-88daa99f6988.png,0.9064478280832808,Facenet512,euclidean_l2,3.0,Olaf Scholz
7693,1124c92d-85dd-447a-9902-ca3abcca1672,olafscholz,Unknown,olafscholz_23-09-2021_00:00_video3.jpeg,,,,,,Unknown
7694,17054cb0-389b-4bc9-80dc-4daf26bfb6d6,cdu,Armin Laschet,cdu_18-09-2021_00:00_video3.jpeg,5efa5b53-ada6-486e-8b66-4c6330a71ea7.png,0.746721897563204,Facenet512,euclidean_l2,20.0,Armin Laschet
7695,d166c9ae-2809-426d-82ea-0cebccb17b05,abaerbock,Annalena Baerbock,abaerbock_24-09-2021_00:00_image1.jpeg,3f3034b2-faf6-43ad-ae81-188498b8e10d.png,0.7543837374609925,Facenet512,euclidean_l2,13.0,Annalena Baerbock
7696,1c474126-b63a-4d1d-a95a-bcd7c073099b,christlichsozialeunion,Unknown,christlichsozialeunion_24-09-2021_00:00_video6.jpeg,,,,,,Unknown
7700,0e966221-87a7-4ce5-bf8e-a08482ba39a1,abaerbock,Unknown,abaerbock_24-09-2021_00:00_video4.jpeg,,,,,,Unknown
7701,461b96c2-6c42-431b-b7f9-f2fde1e16a8a,olafscholz,Unknown,olafscholz_22-09-2021_00:00_image0.jpeg,,,,,,Unknown
7702,9dd08140-efd1-4565-bc0e-2febec7649c0,olafscholz,Olaf Scholz,olafscholz_22-09-2021_00:00_image0.jpeg,c27ee252-e37c-4074-92b5-20e300431107.png,0.5001403330568764,Facenet512,euclidean_l2,20.0,Olaf Scholz
7703,6221066a-b482-44ae-8713-afa7c99656d8,markus.soeder,Unknown,markus.soeder_24-09-2021_00:00_video3.jpeg,,,,,,Unknown
7704,4f5bd888-e0c4-4a58-bb59-6c8b89f77b6d,abaerbock,Annalena Baerbock,abaerbock_14-09-2021_00:00_video0.jpeg,0faf3dc0-e2b6-4b3e-81d6-3c1474fbed58.png,0.981125966426355,Facenet512,euclidean_l2,9.0,Annalena Baerbock
7705,04f13930-5f8e-4213-ab91-fada3767623d,abaerbock,Unknown,abaerbock_14-09-2021_00:00_video0.jpeg,,,,,,Unknown
7706,d210a06e-4239-45c7-9129-f9a8f3ed0ce5,abaerbock,Unknown,abaerbock_14-09-2021_00:00_video0.jpeg,,,,,,Unknown
7707,fe49ce63-a946-448d-84e6-91b4f4547960,abaerbock,Unknown,abaerbock_14-09-2021_00:00_video0.jpeg,,,,,,Unknown
7708,34f3aaa9-3bce-4776-86f9-3c39b990559d,abaerbock,Unknown,abaerbock_14-09-2021_00:00_video0.jpeg,,,,,,Unknown
7709,94c6d3dc-5d05-442e-9293-77d76f9e9179,armin_laschet,Unknown,armin_laschet_18-09-2021_00:00_image4.jpeg,,,,,,Unknown
7710,8341202a-4511-4fba-9781-de7c8d013007,armin_laschet,Unknown,armin_laschet_18-09-2021_00:00_image4.jpeg,,,,,,Unknown
7711,57c2552a-4bc7-465e-af58-a8d14b039aed,armin_laschet,Unknown,armin_laschet_18-09-2021_00:00_image4.jpeg,,,,,,Unknown
7712,2788571a-f6f9-4c65-91b9-f16f13001a2d,armin_laschet,Unknown,armin_laschet_18-09-2021_00:00_image4.jpeg,,,,,,Unknown
7713,b38b8dbd-828f-4b1f-8e25-0bcc4fb542fb,armin_laschet,Unknown,armin_laschet_18-09-2021_00:00_image4.jpeg,,,,,,Unknown
7714,2648a685-ad9b-4005-8c52-ca7037f9e255,armin_laschet,Unknown,armin_laschet_18-09-2021_00:00_image4.jpeg,,,,,,Unknown
7715,ee8a1b92-3a37-48eb-8ba3-20f48d97def7,armin_laschet,Armin Laschet,armin_laschet_18-09-2021_00:00_image4.jpeg,,,,,,Unknown
7716,da5d12fb-6b06-4905-be82-c72c0a34423b,armin_laschet,Unknown,armin_laschet_18-09-2021_00:00_image4.jpeg,,,,,,Unknown
7717,451cef45-e203-4e91-a725-290207d7b363,armin_laschet,Unknown,armin_laschet_18-09-2021_00:00_image4.jpeg,,,,,,Unknown
7718,d31bf3a2-f78a-494b-9f15-1e74e03d9822,armin_laschet,Unknown,armin_laschet_18-09-2021_00:00_image4.jpeg,,,,,,Unknown
7719,d82b428a-98d7-4f31-ba1a-a45b70d4fbae,armin_laschet,Unknown,armin_laschet_18-09-2021_00:00_image4.jpeg,,,,,,Unknown
7720,a13a39c3-0b6b-494b-9a38-6ae7ac2b0556,armin_laschet,Unknown,armin_laschet_18-09-2021_00:00_image4.jpeg,,,,,,Unknown
7721,0796ebbe-9ce4-4ab9-b213-440d990e756c,armin_laschet,Unknown,armin_laschet_18-09-2021_00:00_image4.jpeg,,,,,,Unknown
7722,f562231e-fe51-418a-9c89-db7f7d4bda3b,armin_laschet,Unknown,armin_laschet_18-09-2021_00:00_image4.jpeg,,,,,,Unknown
7723,f69c18ad-4e27-421d-90c5-abae3ef500bc,armin_laschet,Unknown,armin_laschet_18-09-2021_00:00_image4.jpeg,,,,,,Unknown
7724,8079d39b-c616-4f5a-84ef-abcbf06fd060,armin_laschet,Unknown,armin_laschet_18-09-2021_00:00_image4.jpeg,,,,,,Unknown
7725,c732fcad-7a29-47db-90a7-cbbbfbdf0055,armin_laschet,Armin Laschet,armin_laschet_18-09-2021_00:00_image4.jpeg,80b6f539-47d0-408e-8a0b-aadcffe513a5.png,0.5425993695354997,Facenet512,euclidean_l2,20.0,Armin Laschet
7726,3e852455-4cb2-4c28-a1e0-bd6b9af606d8,armin_laschet,Unknown,armin_laschet_18-09-2021_00:00_image4.jpeg,,,,,,Unknown
7727,1c1d1468-e66e-421d-8a3b-12d547fdd7a3,armin_laschet,Unknown,armin_laschet_18-09-2021_00:00_image4.jpeg,,,,,,Unknown
7728,e3c9c602-f1db-4061-9cb0-0675b0977938,die_gruenen,Unknown,die_gruenen_25-09-2021_00:00_video11.jpeg,,,,,,Unknown
7732,eb892b3e-6ddc-4e43-b0fd-2e1a22ae06a2,spdde,Unknown,spdde_25-09-2021_00:00_image0.jpeg,,,,,,Unknown
7733,05af41e6-75a2-45e9-a788-b75795d3fc50,spdde,Unknown,spdde_25-09-2021_00:00_video8.jpeg,,,,,,Unknown
7734,c1ae8171-8e53-4ef5-97bf-3cba0b929d9d,spdde,Unknown,spdde_25-09-2021_00:00_video8.jpeg,,,,,,Unknown
7735,9541f909-9a81-4d65-989d-4da7bd2e4825,spdde,Unknown,spdde_25-09-2021_00:00_video8.jpeg,,,,,,Unknown
7736,d62a9be7-1b5b-4ede-af2f-c63fb370b9e6,spdde,Unknown,spdde_25-09-2021_00:00_video8.jpeg,,,,,,Unknown
7737,da5127d2-fac3-4af8-88d6-cb93d0150217,spdde,Unknown,spdde_25-09-2021_00:00_video8.jpeg,,,,,,Unknown
7738,34d379d2-3b06-47ed-b370-46e1b21beb1b,spdde,Unknown,spdde_25-09-2021_00:00_video8.jpeg,,,,,,Unknown
7739,be44a464-b78f-4b7e-a3d5-72c926cae7c0,spdde,Unknown,spdde_25-09-2021_00:00_video8.jpeg,,,,,,Unknown
7740,25980aac-035c-40a7-a071-fac85e3c99ff,spdde,Unknown,spdde_25-09-2021_00:00_video8.jpeg,,,,,,Unknown
7741,72e6fb09-42cc-4066-8165-a22d1b947a05,spdde,Unknown,spdde_25-09-2021_00:00_video8.jpeg,,,,,,Unknown
7742,34832efe-9634-4cdd-b8c0-486c9b49543d,spdde,Unknown,spdde_25-09-2021_00:00_video8.jpeg,,,,,,Unknown
7743,96c37272-6afd-4165-9e2d-220575791a52,spdde,Unknown,spdde_25-09-2021_00:00_video8.jpeg,,,,,,Unknown
7744,754dcab4-192e-4efb-be66-dcc952ed4aaa,spdde,Unknown,spdde_25-09-2021_00:00_video8.jpeg,,,,,,Unknown
7745,13d03d86-04b8-44eb-8bcd-8f943f9f07dc,cdu,Unknown,cdu_17-09-2021_00:00_video0.jpeg,,,,,,Unknown
7746,7bb940b1-d3b0-4406-a121-dc6fa7a35db1,cdu,Unknown,cdu_17-09-2021_00:00_video0.jpeg,,,,,,Unknown
7747,1e44a638-d245-460b-a6d2-c110c798a471,cdu,Unknown,cdu_17-09-2021_00:00_video0.jpeg,,,,,,Unknown
7748,8b2c849d-4176-437c-aec7-ffc0a76af8a1,cdu,Unknown,cdu_17-09-2021_00:00_video0.jpeg,,,,,,Unknown
7749,d6643395-82f5-47c2-b93e-6c6ae4cc6898,cdu,Armin Laschet,cdu_17-09-2021_00:00_video0.jpeg,6eea9eca-17f8-4cce-b3dd-7cf5cb345415.png,0.8428778758236869,Facenet512,euclidean_l2,15.0,Armin Laschet
7750,f85fce66-34f0-443f-9610-ccd5076b4cd7,cdu,Unknown,cdu_17-09-2021_00:00_video0.jpeg,,,,,,Unknown
7751,0c2b0ef8-a2ad-4949-85dc-5cf9d11e96d3,abaerbock,Unknown,abaerbock_24-09-2021_00:00_image9.jpeg,,,,,,Unknown
7752,18550952-a3e5-43c6-9a10-8205415a40d4,abaerbock,Unknown,abaerbock_24-09-2021_00:00_image9.jpeg,,,,,,Unknown
7753,a1c4884a-bfc2-42e0-bb27-d93755042cb3,abaerbock,Annalena Baerbock,abaerbock_24-09-2021_00:00_image9.jpeg,,,,,,Unknown
7754,aca0a075-6354-448d-9583-d2e3152fa569,abaerbock,Unknown,abaerbock_22-09-2021_00:00_image9.jpeg,,,,,,Unknown
7755,62982e1e-6894-4975-b1e8-0c05e93b0525,abaerbock,Unknown,abaerbock_22-09-2021_00:00_image9.jpeg,,,,,,Unknown
7763,73a009f7-c0d7-4853-8c9b-092beda960aa,die_gruenen,Unknown,die_gruenen_25-09-2021_00:00_video20.jpeg,,,,,,Unknown
7764,581c0891-06b7-4a05-b54f-6f16de1ef1cc,die_gruenen,Unknown,die_gruenen_25-09-2021_00:00_video20.jpeg,,,,,,Unknown
7765,86dbce57-dbb2-4573-9a84-97ead0fa2e93,die_gruenen,Unknown,die_gruenen_25-09-2021_00:00_video20.jpeg,,,,,,Unknown
7766,0ae59f5b-30fe-4b09-8bb1-cd008ed3825b,die_gruenen,Unknown,die_gruenen_25-09-2021_00:00_video20.jpeg,,,,,,Unknown
7767,5d2ed2eb-7d42-4fce-8e47-c4e32b8795cc,die_gruenen,Unknown,die_gruenen_25-09-2021_00:00_video20.jpeg,,,,,,Unknown
7768,f7031f73-e4bd-4553-b7c9-64c28237e4eb,die_gruenen,Unknown,die_gruenen_25-09-2021_00:00_video20.jpeg,,,,,,Unknown
7769,f4ff1d3f-dbda-48c6-9f63-b3833832dae0,abaerbock,Unknown,abaerbock_21-09-2021_00:00_image5.jpeg,,,,,,Unknown
7770,c0026eb3-60c8-4546-8d68-dab84767c607,abaerbock,Unknown,abaerbock_21-09-2021_00:00_image5.jpeg,,,,,,Unknown
7771,bf42f101-15b8-4a4b-9909-e7c686018360,abaerbock,Unknown,abaerbock_21-09-2021_00:00_image5.jpeg,,,,,,Unknown
7772,d75961ad-e5b6-4f64-8a0f-e73b16fc78a4,abaerbock,Unknown,abaerbock_21-09-2021_00:00_image5.jpeg,,,,,,Unknown
7773,36d472e3-b345-41e6-8de0-ca85f8eb924d,abaerbock,Unknown,abaerbock_21-09-2021_00:00_image5.jpeg,,,,,,Unknown
7774,1421cf61-5eb3-4ccd-bce3-18267b88d225,abaerbock,Unknown,abaerbock_21-09-2021_00:00_image5.jpeg,,,,,,Unknown
7775,dd21abfa-5dd1-4490-a546-65bbcb4258ed,abaerbock,Unknown,abaerbock_21-09-2021_00:00_image5.jpeg,,,,,,Unknown
7776,f6e3cd76-7e24-48f2-97bc-59911f73d2ab,abaerbock,Annalena Baerbock,abaerbock_21-09-2021_00:00_image5.jpeg,820608e2-840e-4850-b527-36c922284188.png,1.0271679494568138,Facenet512,euclidean_l2,1.0,Annalena Baerbock
7777,569d87f9-639a-465f-b8a3-0bf038165bb8,abaerbock,Unknown,abaerbock_21-09-2021_00:00_image5.jpeg,,,,,,Unknown
7778,f1bc7ba0-efb5-4c7f-aa0f-5a13351a08aa,abaerbock,Unknown,abaerbock_21-09-2021_00:00_image5.jpeg,,,,,,Unknown
7779,e66039d1-26b2-4fa3-b787-f8d437f0c72e,abaerbock,Unknown,abaerbock_21-09-2021_00:00_image5.jpeg,,,,,,Unknown
7780,114053f3-f9ef-47af-b768-e6176cc07279,armin_laschet,Unknown,armin_laschet_23-09-2021_00:00_image5.jpeg,,,,,,Unknown
7781,a373b9c3-842c-40cb-b242-8a21fca90e3e,cdu,Unknown,cdu_14-09-2021_00:00_video5.jpeg,,,,,,Unknown
7783,5bd5fb9b-330e-407d-935e-018b4b49f5e5,olafscholz,Olaf Scholz,olafscholz_20-09-2021_00:00_image2.jpeg,b4140b08-8bd8-4631-a580-a48195a9970a.png,0.2912527737156494,Facenet512,euclidean_l2,20.0,Olaf Scholz
7784,1c2a385d-3c74-418d-858f-5ef110228d73,abaerbock,Unknown,abaerbock_25-09-2021_00:00_image14.jpeg,,,,,,Unknown
7785,13e6c9d6-182b-45d8-a585-4030a0de145f,abaerbock,Annalena Baerbock,abaerbock_23-09-2021_00:00_video0.jpeg,d0023ba3-e826-4b9e-9f82-cd652ea335bd.png,0.7967373077694051,Facenet512,euclidean_l2,13.0,Annalena Baerbock
7786,e841e0fd-61ab-46b7-9ef4-1e475136ed6c,abaerbock,Unknown,abaerbock_23-09-2021_00:00_video0.jpeg,,,,,,Unknown
7787,1645bf35-be24-4b7a-8175-bd8b7de2209c,abaerbock,Unknown,abaerbock_23-09-2021_00:00_video0.jpeg,,,,,,Unknown
7788,db6dadf3-86a4-4923-a1f6-506206ebeb63,markus.soeder,Unknown,markus.soeder_25-09-2021_00:00_image1.jpeg,,,,,,Unknown
7789,bd9c791b-abd5-4f3c-9be2-3fbb306d43bb,markus.soeder,Markus Söder,markus.soeder_25-09-2021_00:00_image1.jpeg,aef8776f-6cb2-461e-aa5f-26798f3b263e.png,0.3216631416539574,Facenet512,euclidean_l2,13.0,Markus Söder
7790,685698d4-9004-411f-9082-5011dfcad072,markus.soeder,Unknown,markus.soeder_25-09-2021_00:00_image1.jpeg,,,,,,Unknown
7791,4279c867-240e-4a94-895a-af4a7499b299,markus.soeder,Unknown,markus.soeder_25-09-2021_00:00_image1.jpeg,,,,,,Unknown
7792,7d52c428-72c8-4b4c-9673-9e8e7c378a85,markus.soeder,Unknown,markus.soeder_25-09-2021_00:00_image1.jpeg,,,,,,Unknown
7793,c35dd5f0-194f-4f4e-9c21-d66598c80e17,markus.soeder,Unknown,markus.soeder_25-09-2021_00:00_image1.jpeg,8cc74ed4-1eaf-489c-8072-432287400d9b.png,0.723793508992558,Facenet512,euclidean_l2,12.0,Markus Söder
7794,df1d13e8-c1be-44d2-9068-37c14724cb42,markus.soeder,Unknown,markus.soeder_25-09-2021_00:00_image1.jpeg,,,,,,Unknown
7795,88a1bbee-4615-4b1e-a448-518f12dabd87,markus.soeder,Unknown,markus.soeder_25-09-2021_00:00_image1.jpeg,,,,,,Unknown
7796,7ead25ff-5f62-402e-a776-88d6480cf643,markus.soeder,Unknown,markus.soeder_25-09-2021_00:00_image1.jpeg,,,,,,Unknown
7797,87825d5f-4262-4ffc-af10-57dde03275d1,markus.soeder,Unknown,markus.soeder_25-09-2021_00:00_image1.jpeg,2e3825be-7e0c-4e62-b2c7-b9aea0bcb158.png,0.9801805927407696,Facenet512,euclidean_l2,3.0,Markus Söder
7798,ddb64bd5-4ea1-4c3e-b1b8-57e98f84256b,markus.soeder,Unknown,markus.soeder_25-09-2021_00:00_image1.jpeg,,,,,,Unknown
7799,ba605adc-5fe0-45e6-960d-c14d681ba9ee,markus.soeder,Unknown,markus.soeder_25-09-2021_00:00_image1.jpeg,,,,,,Unknown
7800,80bc8458-b87d-4400-8aa9-893a9d96abc3,markus.soeder,Unknown,markus.soeder_25-09-2021_00:00_image1.jpeg,,,,,,Unknown
7801,d62e9c72-f2fe-41c3-9d76-72ac36931663,markus.soeder,Unknown,markus.soeder_25-09-2021_00:00_image1.jpeg,,,,,,Unknown
7802,7e92692a-ea37-4e0f-a908-74ea83ef8143,markus.soeder,Unknown,markus.soeder_25-09-2021_00:00_image1.jpeg,,,,,,Unknown
7803,fba142ef-67a7-4f32-9997-53533f13291c,markus.soeder,Unknown,markus.soeder_25-09-2021_00:00_image1.jpeg,,,,,,Unknown
7804,822c03d7-9c9a-4c9d-a95c-79ad8b53c3a8,markus.soeder,Unknown,markus.soeder_25-09-2021_00:00_image1.jpeg,,,,,,Unknown
7805,78d806ec-f621-4f42-9daa-98c38c5b81c7,markus.soeder,Unknown,markus.soeder_25-09-2021_00:00_image1.jpeg,,,,,,Unknown
7806,ed95ba25-89d4-4c8b-b2f7-3fe7746b7f54,markus.soeder,Unknown,markus.soeder_25-09-2021_00:00_image1.jpeg,,,,,,Unknown
7807,87a97d70-934b-436d-9be5-aad1c63f6f0b,markus.soeder,Unknown,markus.soeder_25-09-2021_00:00_image1.jpeg,,,,,,Unknown
7808,7c2778c4-d19e-40ac-9f24-840713144c4f,markus.soeder,Unknown,markus.soeder_25-09-2021_00:00_image1.jpeg,,,,,,Unknown
7809,cff50f51-f493-40a5-a27a-4062000291fc,markus.soeder,Unknown,markus.soeder_25-09-2021_00:00_image1.jpeg,,,,,,Unknown
7815,1e6c1bd0-0496-4c76-bca7-b3fb02643370,christlichsozialeunion,Markus Söder,christlichsozialeunion_24-09-2021_00:00_video2.jpeg,49bdb61e-e0b0-4666-9cf0-5c7ab16b2516.png,0.8975469672121911,Facenet512,euclidean_l2,2.0,Markus Söder
7816,14f84c43-05fd-4e02-af30-9c3affcf11ef,christlichsozialeunion,Markus Söder,christlichsozialeunion_24-09-2021_00:00_video2.jpeg,,,,,,Unknown
7821,71755d26-8a1d-4b0f-a15e-4707b29cd298,abaerbock,Annalena Baerbock,abaerbock_14-09-2021_00:00_video1.jpeg,820608e2-840e-4850-b527-36c922284188.png,1.0349702230709728,Facenet512,euclidean_l2,2.0,Annalena Baerbock
7822,cf287203-497d-4d93-a10a-a0818b791c32,abaerbock,Unknown,abaerbock_14-09-2021_00:00_video1.jpeg,,,,,,Unknown
7823,06c506ee-700a-403a-881b-5c41e5e48716,abaerbock,Unknown,abaerbock_14-09-2021_00:00_video1.jpeg,dded1da1-82ba-453b-8736-9ef3e81ab387.png,1.0165500650333488,Facenet512,euclidean_l2,1.0,Annalena Baerbock
7824,491e21eb-fec5-4ab6-81fd-fffcfe1a1588,abaerbock,Unknown,abaerbock_14-09-2021_00:00_video1.jpeg,,,,,,Unknown
7825,9d28721a-7569-40c8-b510-7b95f226c37f,abaerbock,Unknown,abaerbock_14-09-2021_00:00_video1.jpeg,,,,,,Unknown
7826,09dd1b2c-5c33-4e22-9798-0eeea15ba9a6,die_gruenen,Unknown,die_gruenen_25-09-2021_00:00_video5.jpeg,,,,,,Unknown
7827,16aed1a0-63cc-40b8-8c5d-96cb15c3104c,die_gruenen,Unknown,die_gruenen_25-09-2021_00:00_video5.jpeg,,,,,,Unknown
7828,1fe8956c-21fb-4506-937b-217a55896d3d,die_gruenen,Unknown,die_gruenen_25-09-2021_00:00_video5.jpeg,,,,,,Unknown
7829,c0e396d3-20ab-43fa-9a36-e4900b32a22c,spdde,Unknown,spdde_26-09-2021_00:00_video17.jpeg,,,,,,Unknown
7830,6d73e5c0-3c9d-4d1a-bd47-765029b51355,spdde,Unknown,spdde_26-09-2021_00:00_video17.jpeg,,,,,,Unknown
7831,86e679d8-66ea-4e96-ae15-c10bde8df7e3,spdde,Unknown,spdde_26-09-2021_00:00_video17.jpeg,,,,,,Unknown
7832,3776922c-57be-493b-b440-99b11d8c009c,spdde,Unknown,spdde_26-09-2021_00:00_video17.jpeg,,,,,,Unknown
7833,eb2d35e1-7995-4219-94ad-dfbc4bbfc5b7,cdu,Unknown,cdu_23-09-2021_00:00_video12.jpeg,,,,,,Unknown
7834,60fca8e6-5885-40ea-bf92-9199c5d6354b,cdu,Unknown,cdu_23-09-2021_00:00_video12.jpeg,,,,,,Unknown
7835,94eff1ab-2548-4b98-adb0-2a7c85319b39,cdu,Unknown,cdu_23-09-2021_00:00_video12.jpeg,,,,,,Unknown
7836,6cb0eeaf-dd31-494a-bc92-c0f325f5825c,cdu,Unknown,cdu_23-09-2021_00:00_video12.jpeg,,,,,,Unknown
7837,4eb94905-93a2-4ea3-b25a-9207532d22d6,cdu,Armin Laschet,cdu_23-09-2021_00:00_video12.jpeg,,,,,,Unknown
7838,88239378-8685-42b4-9986-b21de70b179d,cdu,Unknown,cdu_23-09-2021_00:00_video12.jpeg,,,,,,Unknown
7839,56fb2dfc-dc5a-41ec-86f9-5a7af4193985,die_gruenen,Unknown,die_gruenen_25-09-2021_00:00_video34.jpeg,,,,,,Unknown
7840,cd481ece-6b98-4c32-b924-b102972c21e1,die_gruenen,Unknown,die_gruenen_20-09-2021_00:00_image2.jpeg,,,,,,Unknown
7841,fb06c64c-fad2-44bb-ac91-25ec1a5b9d7a,die_gruenen,Unknown,die_gruenen_20-09-2021_00:00_image2.jpeg,,,,,,Unknown
7842,7cba2e3a-f4bf-4691-a150-ef050b608e86,die_gruenen,Unknown,die_gruenen_20-09-2021_00:00_image2.jpeg,,,,,,Unknown
7843,8ac64fdf-4d71-4adb-b25e-b81399a06e5b,die_gruenen,Unknown,die_gruenen_20-09-2021_00:00_image2.jpeg,b5ea8be6-69b9-4fdb-8813-88f307903fb4.png,1.031038514795543,Facenet512,euclidean_l2,1.0,Annalena Baerbock
7844,b9cf7c43-41d8-486f-b320-a820d0fe814e,die_gruenen,Unknown,die_gruenen_20-09-2021_00:00_image2.jpeg,,,,,,Unknown
7845,c2152a19-1181-4094-b23d-ba5f1c854e7b,die_gruenen,Unknown,die_gruenen_20-09-2021_00:00_image2.jpeg,,,,,,Unknown
7846,634a9fd7-e7a2-4c47-bea6-5d034fedf788,die_gruenen,Unknown,die_gruenen_20-09-2021_00:00_image2.jpeg,,,,,,Unknown
7847,a2ab2eb8-60d2-486b-b1cc-7c81f96fd091,olafscholz,Unknown,olafscholz_24-09-2021_00:00_video5.jpeg,,,,,,Unknown
7848,0d63ffb2-5656-4f6c-adca-96bd75243188,olafscholz,Olaf Scholz,olafscholz_24-09-2021_00:00_video5.jpeg,,,,,,Unknown
7849,d4276fca-190f-4e06-abad-631c90f3cb05,olafscholz,Unknown,olafscholz_24-09-2021_00:00_video5.jpeg,,,,,,Unknown
7850,f545bdb8-27d8-4e5b-8859-48c019ae38de,olafscholz,Unknown,olafscholz_24-09-2021_00:00_video5.jpeg,,,,,,Unknown
7851,e9ed7bc9-ba16-42ec-a67e-408f6bac2358,olafscholz,Unknown,olafscholz_24-09-2021_00:00_video5.jpeg,,,,,,Unknown
7852,21344762-246f-4416-82c2-0e3b45e1e6d0,olafscholz,Unknown,olafscholz_24-09-2021_00:00_video5.jpeg,,,,,,Unknown
7853,a7830512-b4ca-413f-ab98-e804d37896af,olafscholz,Unknown,olafscholz_24-09-2021_00:00_video5.jpeg,,,,,,Unknown
7854,07958a22-3e58-4104-b2f1-ccc8479e75a6,olafscholz,Unknown,olafscholz_24-09-2021_00:00_video5.jpeg,,,,,,Unknown
7859,84edef50-1ad7-427a-9133-fa2d2867faff,armin_laschet,Unknown,armin_laschet_19-09-2021_00:00_image6.jpeg,,,,,,Unknown
7860,99c01a4a-78c7-4985-952d-fe7148b1130f,armin_laschet,Unknown,armin_laschet_19-09-2021_00:00_image6.jpeg,,,,,,Unknown
7861,b917885d-0b1a-4927-a796-84b5191a2425,armin_laschet,Unknown,armin_laschet_19-09-2021_00:00_image6.jpeg,,,,,,Unknown
7862,5cf60543-eba5-484e-b9c9-10423b39e38e,armin_laschet,Unknown,armin_laschet_19-09-2021_00:00_image6.jpeg,,,,,,Unknown
7863,d098a585-0ab5-4b8b-965e-328ae9203cee,armin_laschet,Unknown,armin_laschet_19-09-2021_00:00_image6.jpeg,,,,,,Unknown
7864,7cf44545-0dec-4be0-b7c8-cb839218462b,armin_laschet,Unknown,armin_laschet_19-09-2021_00:00_image6.jpeg,,,,,,Unknown
7871,fa2a0d58-c56f-4eaf-ba60-811defe7a091,christianlindner,Christian Lindner,christianlindner_23-09-2021_00:00_image0.jpeg,,,,,,Unknown
7872,916774bf-ea46-41d2-b567-c2a3f349a7bd,christianlindner,Unknown,christianlindner_23-09-2021_00:00_image0.jpeg,,,,,,Unknown
7873,57370dde-8e79-48ac-9d30-78e603a4e287,christianlindner,Unknown,christianlindner_23-09-2021_00:00_image0.jpeg,,,,,,Unknown
7874,fbcb3e01-2f5e-4d8d-8048-feb18c0b4236,christianlindner,Unknown,christianlindner_23-09-2021_00:00_image0.jpeg,,,,,,Unknown
7875,43c34ef8-d549-4e6f-81f6-0bc705c317df,christianlindner,Unknown,christianlindner_23-09-2021_00:00_image0.jpeg,,,,,,Unknown
7876,bfcc0c7e-4e45-4b73-92af-99709fb0b673,christianlindner,Unknown,christianlindner_23-09-2021_00:00_image0.jpeg,,,,,,Unknown
7877,6833e8d7-fc61-4b55-925c-e3f514077b85,christianlindner,Unknown,christianlindner_23-09-2021_00:00_image0.jpeg,,,,,,Unknown
7878,809fceb0-8d27-4b2d-8cc4-b783181bd969,christianlindner,Unknown,christianlindner_23-09-2021_00:00_image0.jpeg,,,,,,Unknown
7903,0fff0cf2-944b-481d-9986-d9bd3c53256a,christlichsozialeunion,Markus Söder,christlichsozialeunion_23-09-2021_00:00_image0.jpeg,732bdb01-2da9-438e-9b36-04c89ad1eea4.png,0.497156913842367,Facenet512,euclidean_l2,13.0,Markus Söder
7904,c0905203-5783-4947-bf72-79dc2109832e,abaerbock,Unknown,abaerbock_22-09-2021_00:00_image6.jpeg,,,,,,Unknown
7913,2e9efefa-8ebd-4956-ba31-132113090ca4,fdp,Unknown,fdp_22-09-2021_00:00_video2.jpeg,,,,,,Unknown
7935,a280fcda-8829-403a-8c93-ab4cb5ed9965,olafscholz,Unknown,olafscholz_13-09-2021_00:00_video3.jpeg,,,,,,Unknown
7957,87bc35ef-a8c6-4684-bbf9-7ac84ffe3db5,christianlindner,Unknown,christianlindner_25-09-2021_00:00_image4.jpeg,,,,,,Unknown
7958,de45617e-7d17-48cb-a741-fb0ba8388357,christianlindner,Christian Lindner,christianlindner_25-09-2021_00:00_image4.jpeg,cebfea5f-bce7-498c-9d1a-5b80c9e97361.png,0.3478077891694465,Facenet512,euclidean_l2,10.0,Christian Lindner
7959,97bd367f-f298-43fc-8ddd-b124e6007b9b,christianlindner,Unknown,christianlindner_25-09-2021_00:00_image4.jpeg,,,,,,Unknown
7964,705bac69-ce1b-49c9-ac1c-17f731826827,christlichsozialeunion,Unknown,christlichsozialeunion_20-09-2021_00:00_video8.jpeg,,,,,,Unknown
