image,11926,11478,11766,9368,11835,9754,11909,11802
armin_laschet_26-09-2021_00:00_video2.jpeg,,,,,,,,
armin_laschet_26-09-2021_00:00_video2.jpeg,Armin Laschet,Armin Laschet,,,,,,
armin_laschet_26-09-2021_00:00_video2.jpeg,,,,,,,,
armin_laschet_26-09-2021_00:00_video2.jpeg,,,,,,,,
armin_laschet_14-09-2021_00:00_video3.jpeg,,,,,,,,
spdde_26-09-2021_00:00_video1.jpeg,,,,,,,,
spdde_26-09-2021_00:00_video1.jpeg,Olaf Scholz,Olaf Scholz,,,,,,
spdde_26-09-2021_00:00_video1.jpeg,,,,,,,,
spdde_26-09-2021_00:00_video1.jpeg,,,,,,,,
armin_laschet_20-09-2021_00:00_video6.jpeg,,,,,,,,
armin_laschet_20-09-2021_00:00_video6.jpeg,Armin Laschet,Armin Laschet,,,,,,
afd.bund_25-09-2021_00:00_image11.jpeg,,,,,,,,
afd.bund_25-09-2021_00:00_image11.jpeg,,,,,,,,
afd.bund_25-09-2021_00:00_image11.jpeg,,,,,,,,
afd.bund_25-09-2021_00:00_image11.jpeg,,,,,,,,
afd.bund_25-09-2021_00:00_image11.jpeg,,,,,,,,
afd.bund_25-09-2021_00:00_image11.jpeg,,,,,,,,
afd.bund_23-09-2021_00:00_video15.jpeg,,,,,,,,
afd.bund_23-09-2021_00:00_video15.jpeg,,,,,,,,
afd.bund_23-09-2021_00:00_video15.jpeg,,,,,,,,
nicola_beer_20-09-2021_00:00_image1.jpeg,,,,,,,,
nicola_beer_20-09-2021_00:00_image1.jpeg,,,,,,,,
nicola_beer_20-09-2021_00:00_image1.jpeg,,,,,,,,
nicola_beer_20-09-2021_00:00_image1.jpeg,,,,,,,,
nicola_beer_20-09-2021_00:00_image1.jpeg,,,,,,,,
nicola_beer_20-09-2021_00:00_image1.jpeg,,,,,,,,
nicola_beer_20-09-2021_00:00_image1.jpeg,,,,,,,,
nicola_beer_20-09-2021_00:00_image1.jpeg,,,,,,,,
nicola_beer_20-09-2021_00:00_image1.jpeg,,,,,,,,
nicola_beer_20-09-2021_00:00_image1.jpeg,,,,,,,,
nicola_beer_20-09-2021_00:00_image1.jpeg,,,,,,,,
nicola_beer_20-09-2021_00:00_image1.jpeg,,,,,,,,
nicola_beer_20-09-2021_00:00_image1.jpeg,,,,,,,,
nicola_beer_20-09-2021_00:00_image1.jpeg,,,,,,,,
nicola_beer_20-09-2021_00:00_image1.jpeg,Nicola Beer,Nicola Beer,,,,,,
nicola_beer_20-09-2021_00:00_image1.jpeg,,,,,,,,
nicola_beer_20-09-2021_00:00_image1.jpeg,,,,,,,,
nicola_beer_20-09-2021_00:00_image1.jpeg,,,,,,,,
nicola_beer_20-09-2021_00:00_image1.jpeg,,,,,,,,
nicola_beer_20-09-2021_00:00_image1.jpeg,,,,,,,,
nicola_beer_20-09-2021_00:00_image1.jpeg,,,,,,,,
christianlindner_25-09-2021_00:00_video0.jpeg,,,,,,,,
christianlindner_25-09-2021_00:00_video0.jpeg,,,,,,,,
christianlindner_25-09-2021_00:00_video0.jpeg,,,,,,,,
christianlindner_25-09-2021_00:00_video0.jpeg,Christian Lindner,Christian Lindner,,,,,,
abaerbock_18-09-2021_00:00_image6.jpeg,,,,,,,,
abaerbock_18-09-2021_00:00_image6.jpeg,,,,,,,,
abaerbock_18-09-2021_00:00_image6.jpeg,Annalena Baerbock,Annalena Baerbock,,,,,,
cdu_21-09-2021_00:00_video0.jpeg,,,,,,,,
cdu_18-09-2021_00:00_video6.jpeg,,,,,,,,
cdu_18-09-2021_00:00_video6.jpeg,,,,,,,,
abaerbock_16-09-2021_00:00_image8.jpeg,,,,,,,,
abaerbock_16-09-2021_00:00_image8.jpeg,,,,,,,,
abaerbock_16-09-2021_00:00_image8.jpeg,,,,,,,,
abaerbock_16-09-2021_00:00_image8.jpeg,Annalena Baerbock,Annalena Baerbock,,,,,,
abaerbock_16-09-2021_00:00_image8.jpeg,,,,,,,,
nicola_beer_22-09-2021_00:00_image8.jpeg,,,,,,,,
nicola_beer_22-09-2021_00:00_image8.jpeg,Nicola Beer,Nicola Beer,,,,,,
nicola_beer_22-09-2021_00:00_image8.jpeg,,,,,,,,
nicola_beer_22-09-2021_00:00_image8.jpeg,,,,,,,,
nicola_beer_22-09-2021_00:00_image8.jpeg,,,,,,,,
nicola_beer_22-09-2021_00:00_image8.jpeg,,,,,,,,
robert.habeck_23-09-2021_00:00_image3.jpeg,,,,,,,,
robert.habeck_23-09-2021_00:00_image3.jpeg,,,,,,,,
robert.habeck_23-09-2021_00:00_image3.jpeg,,,,,,,,
robert.habeck_23-09-2021_00:00_image3.jpeg,,,,,,,,
robert.habeck_23-09-2021_00:00_image3.jpeg,,,,,,,,
robert.habeck_23-09-2021_00:00_image3.jpeg,,,,,,,,
olafscholz_19-09-2021_00:00_image3.jpeg,,,,,,,,
nicola_beer_26-09-2021_00:00_video0.jpeg,,,,,,,,
nicola_beer_26-09-2021_00:00_video0.jpeg,Nicola Beer,Nicola Beer,,,,,,
nicola_beer_26-09-2021_00:00_video0.jpeg,,,,,,,,
fw_bayern_21-09-2021_00:00_image2.jpeg,,,,,,,,
fw_bayern_21-09-2021_00:00_image2.jpeg,,,,,,,,
fw_bayern_21-09-2021_00:00_image2.jpeg,,,,,,,,
fw_bayern_21-09-2021_00:00_image2.jpeg,,,,,,,,
fw_bayern_21-09-2021_00:00_image2.jpeg,,,,,,,,
cdu_20-09-2021_00:00_video16.jpeg,,,,,,,,
cdu_20-09-2021_00:00_video16.jpeg,,,,,,,,
fw_bayern_20-09-2021_00:00_image2.jpeg,,,,,,,,
fw_bayern_20-09-2021_00:00_image2.jpeg,,,,,,,,
armin_laschet_16-09-2021_00:00_image0.jpeg,,,,,,,,
armin_laschet_16-09-2021_00:00_image0.jpeg,Armin Laschet,Armin Laschet,,,,,,
armin_laschet_16-09-2021_00:00_image0.jpeg,,,,,,,,
abaerbock_18-09-2021_00:00_image7.jpeg,,,,,,,,
abaerbock_18-09-2021_00:00_image7.jpeg,,,,,,,,
abaerbock_18-09-2021_00:00_image7.jpeg,Annalena Baerbock,Annalena Baerbock,,,,,,
armin_laschet_23-09-2021_00:00_video11.jpeg,,,,,,,,
armin_laschet_23-09-2021_00:00_video11.jpeg,Armin Laschet,Armin Laschet,,,,,,
armin_laschet_23-09-2021_00:00_video11.jpeg,,,,,,,,
armin_laschet_23-09-2021_00:00_video11.jpeg,,,,,,,,
cdu_13-09-2021_00:00_video10.jpeg,,,,,,,,
cdu_13-09-2021_00:00_video10.jpeg,Armin Laschet,Armin Laschet,,,,,,
cdu_13-09-2021_00:00_video10.jpeg,,,,,,,,
armin_laschet_13-09-2021_00:00_image1.jpeg,,,,,,,,
armin_laschet_13-09-2021_00:00_image1.jpeg,Armin Laschet,Armin Laschet,,,,,,
armin_laschet_13-09-2021_00:00_image1.jpeg,,,,,,,,
spdde_18-09-2021_00:00_image1.jpeg,,,,,,,,
spdde_18-09-2021_00:00_image1.jpeg,,,,,,,,
spdde_18-09-2021_00:00_image1.jpeg,,,,,,,,
spdde_18-09-2021_00:00_image1.jpeg,,,,,,,,
spdde_18-09-2021_00:00_image1.jpeg,,,,,,,,
spdde_18-09-2021_00:00_image1.jpeg,,,,,,,,
spdde_18-09-2021_00:00_image1.jpeg,,,,,,,,
spdde_18-09-2021_00:00_image1.jpeg,,,,,,,,
spdde_18-09-2021_00:00_image1.jpeg,Olaf Scholz,Olaf Scholz,,,,,,
spdde_18-09-2021_00:00_image1.jpeg,,,,,,,,
spdde_18-09-2021_00:00_image1.jpeg,,,,,,,,
spdde_18-09-2021_00:00_image1.jpeg,,,,,,,,
spdde_18-09-2021_00:00_image1.jpeg,,,,,,,,
spdde_18-09-2021_00:00_image1.jpeg,,,,,,,,
spdde_18-09-2021_00:00_image1.jpeg,,,,,,,,
spdde_18-09-2021_00:00_image1.jpeg,,,,,,,,
spdde_18-09-2021_00:00_image1.jpeg,,,,,,,,
spdde_18-09-2021_00:00_image1.jpeg,,,,,,,,
spdde_18-09-2021_00:00_image1.jpeg,,,,,,,,
spdde_18-09-2021_00:00_image1.jpeg,,,,,,,,
spdde_18-09-2021_00:00_image1.jpeg,,,,,,,,
spdde_18-09-2021_00:00_image1.jpeg,,,,,,,,
spdde_18-09-2021_00:00_image1.jpeg,,,,,,,,
olafscholz_24-09-2021_00:00_image1.jpeg,,,,,,,,
olafscholz_24-09-2021_00:00_image1.jpeg,,,,,,,,
olafscholz_24-09-2021_00:00_image1.jpeg,Olaf Scholz,Olaf Scholz,,,,,,
olafscholz_24-09-2021_00:00_image1.jpeg,,,,,,,,
die_gruenen_25-09-2021_00:00_video27.jpeg,,,,,,,,
die_gruenen_25-09-2021_00:00_video27.jpeg,Robert Habeck,Robert Habeck,,,,,,
die_gruenen_25-09-2021_00:00_video27.jpeg,,,,,,,,
die_gruenen_25-09-2021_00:00_video27.jpeg,,,,,,,,
die_gruenen_25-09-2021_00:00_video27.jpeg,,,,,,,,
die_gruenen_25-09-2021_00:00_video27.jpeg,,,,,,,,
die_gruenen_25-09-2021_00:00_video27.jpeg,,,,,,,,
die_gruenen_25-09-2021_00:00_video27.jpeg,Robert Habeck,Robert Habeck,,,,,,
die_gruenen_25-09-2021_00:00_video27.jpeg,,,,,,,,
christlichsozialeunion_23-09-2021_00:00_video7.jpeg,,,,,,,,
fdp_20-09-2021_00:00_image13.jpeg,,,,,,,,
fdp_20-09-2021_00:00_image13.jpeg,,,,,,,,
fdp_20-09-2021_00:00_image13.jpeg,,,,,,,,
fdp_20-09-2021_00:00_image13.jpeg,,,,,,,,
fdp_20-09-2021_00:00_image13.jpeg,,,,,,,,
fdp_20-09-2021_00:00_image13.jpeg,,,,,,,,
fdp_20-09-2021_00:00_image13.jpeg,,,,,,,,
fdp_20-09-2021_00:00_image13.jpeg,,,,,,,,
fdp_20-09-2021_00:00_image13.jpeg,,,,,,,,
fdp_20-09-2021_00:00_image13.jpeg,,,,,,,,
fdp_20-09-2021_00:00_image13.jpeg,,,,,,,,
fdp_20-09-2021_00:00_image13.jpeg,,,,,,,,
fdp_20-09-2021_00:00_image13.jpeg,,,,,,,,
olafscholz_25-09-2021_00:00_image1.jpeg,,,,,,,,
olafscholz_25-09-2021_00:00_image1.jpeg,Olaf Scholz,Olaf Scholz,,,,,,
spdde_18-09-2021_00:00_image0.jpeg,,,,,,,,
spdde_18-09-2021_00:00_image0.jpeg,,,,,,,,
spdde_18-09-2021_00:00_image0.jpeg,,,,,,,,
spdde_18-09-2021_00:00_image0.jpeg,,,,,,,,
christlichsozialeunion_16-09-2021_00:00_video6.jpeg,,,,,,,,
christlichsozialeunion_16-09-2021_00:00_video6.jpeg,,,,,,,,
olafscholz_20-09-2021_00:00_video1.jpeg,,,,,,,,
olafscholz_20-09-2021_00:00_video1.jpeg,,,,,,,,
nicola_beer_20-09-2021_00:00_video9.jpeg,,,,,,,,
nicola_beer_20-09-2021_00:00_video9.jpeg,,,,,,,,
nicola_beer_20-09-2021_00:00_video9.jpeg,,,,,,,,
nicola_beer_20-09-2021_00:00_video9.jpeg,Nicola Beer,Nicola Beer,,,,,,
die_gruenen_25-09-2021_00:00_image6.jpeg,,,,,,,,
die_gruenen_25-09-2021_00:00_image6.jpeg,,,,,,,,
die_gruenen_25-09-2021_00:00_image6.jpeg,,,,,,,,
die_gruenen_25-09-2021_00:00_image6.jpeg,,,,,,,,
die_gruenen_25-09-2021_00:00_image6.jpeg,,,,,,,,
die_gruenen_25-09-2021_00:00_image6.jpeg,,,,,,,,
die_gruenen_25-09-2021_00:00_image6.jpeg,,,,,,,,
die_gruenen_25-09-2021_00:00_image6.jpeg,,,,,,,,
die_gruenen_25-09-2021_00:00_image6.jpeg,,,,,,,,
die_gruenen_25-09-2021_00:00_image6.jpeg,,,,,,,,
die_gruenen_25-09-2021_00:00_image6.jpeg,,,,,,,,
die_gruenen_25-09-2021_00:00_image6.jpeg,,,,,,,,
die_gruenen_25-09-2021_00:00_image6.jpeg,,,,,,,,
die_gruenen_25-09-2021_00:00_image6.jpeg,,,,,,,,
die_gruenen_25-09-2021_00:00_image6.jpeg,,,,,,,,
afd.bund_14-09-2021_00:00_video0.jpeg,,,,,,,,
saskiaesken_24-09-2021_00:00_image1.jpeg,,,,,,,,
saskiaesken_24-09-2021_00:00_image1.jpeg,,,,,,,,
saskiaesken_24-09-2021_00:00_image1.jpeg,Saskia Esken,,,,,,,
saskiaesken_24-09-2021_00:00_image1.jpeg,,,,,,,,
saskiaesken_24-09-2021_00:00_image1.jpeg,,,,,,,,
saskiaesken_24-09-2021_00:00_image1.jpeg,,,,,,,,
saskiaesken_24-09-2021_00:00_image1.jpeg,,,,,,,,
saskiaesken_24-09-2021_00:00_image1.jpeg,,,,,,,,
saskiaesken_24-09-2021_00:00_image1.jpeg,,,,,,,,
saskiaesken_24-09-2021_00:00_image1.jpeg,,,,,,,,
fdp_18-09-2021_00:00_video2.jpeg,,,,,,,,
cdu_16-09-2021_00:00_video20.jpeg,,,,,,,,
susanne_hennig_wellsow_24-09-2021_00:00_image6.jpeg,,,,,,,,
susanne_hennig_wellsow_24-09-2021_00:00_image6.jpeg,Susanne Hennig-Wellsow,Susanne Hennig-Wellsow,,,,,,
susanne_hennig_wellsow_24-09-2021_00:00_image6.jpeg,,,,,,,,
susanne_hennig_wellsow_24-09-2021_00:00_image6.jpeg,,,,,,,,
susanne_hennig_wellsow_24-09-2021_00:00_image6.jpeg,,,,,,,,
robert.habeck_25-09-2021_00:00_image3.jpeg,,,,,,,,
robert.habeck_25-09-2021_00:00_image3.jpeg,,Robert Habeck,,,,,,
afd.bund_25-09-2021_00:00_image19.jpeg,,,,,,,,
nicola_beer_20-09-2021_00:00_image15.jpeg,,,,,,,,
nicola_beer_20-09-2021_00:00_image15.jpeg,,,,,,,,
fdp_17-09-2021_00:00_video2.jpeg,,,,,,,,
fdp_17-09-2021_00:00_video2.jpeg,,,,,,,,
fdp_17-09-2021_00:00_video2.jpeg,Christian Lindner,Christian Lindner,,,,,,
nicola_beer_20-09-2021_00:00_image12.jpeg,,,,,,,,
nicola_beer_20-09-2021_00:00_image12.jpeg,,,,,,,,
nicola_beer_20-09-2021_00:00_image12.jpeg,,,,,,,,
nicola_beer_20-09-2021_00:00_image12.jpeg,,,,,,,,
nicola_beer_20-09-2021_00:00_image12.jpeg,,,,,,,,
nicola_beer_20-09-2021_00:00_image12.jpeg,,,,,,,,
nicola_beer_20-09-2021_00:00_image12.jpeg,,,,,,,,
nicola_beer_20-09-2021_00:00_image12.jpeg,,,,,,,,
nicola_beer_20-09-2021_00:00_image12.jpeg,,,,,,,,
nicola_beer_20-09-2021_00:00_image12.jpeg,,,,,,,,
nicola_beer_20-09-2021_00:00_image12.jpeg,,,,,,,,
nicola_beer_20-09-2021_00:00_image12.jpeg,,,,,,,,
nicola_beer_20-09-2021_00:00_image12.jpeg,,,,,,,,
nicola_beer_20-09-2021_00:00_image12.jpeg,,,,,,,,
nicola_beer_20-09-2021_00:00_image12.jpeg,Christian Lindner,Christian Lindner,,,,,,
nicola_beer_20-09-2021_00:00_image12.jpeg,,,,,,,,
nicola_beer_20-09-2021_00:00_image12.jpeg,,,,,,,,
nicola_beer_20-09-2021_00:00_image12.jpeg,,,,,,,,
afd.bund_25-09-2021_00:00_image1.jpeg,,,,,,,,
afd.bund_25-09-2021_00:00_image1.jpeg,,,,,,,,
afd.bund_25-09-2021_00:00_image1.jpeg,Jörg Meuthen,,,,,,,
afd.bund_25-09-2021_00:00_image1.jpeg,,,,,,,,
cdu_26-09-2021_00:00_video5.jpeg,,,,,,,,
cdu_26-09-2021_00:00_video5.jpeg,Armin Laschet,Armin Laschet,,,,,,
robert.habeck_26-09-2021_00:00_video3.jpeg,,,,,,,,
robert.habeck_26-09-2021_00:00_video3.jpeg,,,,,,,,
robert.habeck_26-09-2021_00:00_video3.jpeg,,,,,,,,
robert.habeck_26-09-2021_00:00_video3.jpeg,,,,,,,,
robert.habeck_26-09-2021_00:00_video3.jpeg,Robert Habeck,,,,,,,
christlichsozialeunion_23-09-2021_00:00_video0.jpeg,,,,,,,,
atesgurpinar_24-09-2021_00:00_image0.jpeg,,,,,,,,
atesgurpinar_24-09-2021_00:00_image0.jpeg,Ates Gürpinar,Ates Gürpinar,,,,,,
olafscholz_22-09-2021_00:00_image4.jpeg,,,,,,,,
olafscholz_22-09-2021_00:00_image4.jpeg,,,,,,,,
olafscholz_22-09-2021_00:00_image4.jpeg,Olaf Scholz,Olaf Scholz,,,,,,
robert.habeck_17-09-2021_00:00_image8.jpeg,,,,,,,,
robert.habeck_17-09-2021_00:00_image8.jpeg,,,,,,,,
robert.habeck_17-09-2021_00:00_image8.jpeg,Robert Habeck,Robert Habeck,,,,,,
cdu_22-09-2021_00:00_video0.jpeg,,,,,,,,
fdp_18-09-2021_00:00_image1.jpeg,,,,,,,,
robert.habeck_15-09-2021_00:00_video2.jpeg,,,,,,,,
robert.habeck_15-09-2021_00:00_video2.jpeg,,,,,,,,
robert.habeck_15-09-2021_00:00_video2.jpeg,Robert Habeck,Robert Habeck,,,,,,
robert.habeck_15-09-2021_00:00_video2.jpeg,,,,,,,,
grey_gor_20-09-2021_00:00_video0.jpeg,,,,,,,,
grey_gor_20-09-2021_00:00_video0.jpeg,Gregor Voht,Gregor Voht,,,,,,
afd.bund_23-09-2021_00:00_video6.jpeg,,,,,,,,
afd.bund_23-09-2021_00:00_video6.jpeg,,,,,,,,
afd.bund_23-09-2021_00:00_video6.jpeg,,,,,,,,
robert.habeck_18-09-2021_00:00_video5.jpeg,,,,,,,,
robert.habeck_18-09-2021_00:00_video5.jpeg,Robert Habeck,Robert Habeck,,,,,,
robert.habeck_18-09-2021_00:00_video5.jpeg,,,,,,,,
robert.habeck_18-09-2021_00:00_video5.jpeg,,,,,,,,
robert.habeck_18-09-2021_00:00_video5.jpeg,,,,,,,,
robert.habeck_18-09-2021_00:00_video5.jpeg,,,,,,,,
robert.habeck_18-09-2021_00:00_video5.jpeg,,,,,,,,
robert.habeck_18-09-2021_00:00_video5.jpeg,,,,,,,,
robert.habeck_18-09-2021_00:00_video5.jpeg,,,,,,,,
armin_laschet_22-09-2021_00:00_video2.jpeg,,,,,,,,
armin_laschet_22-09-2021_00:00_video2.jpeg,Armin Laschet,Armin Laschet,,,,,,
olafscholz_25-09-2021_00:00_video7.jpeg,,,,,,,,
olafscholz_25-09-2021_00:00_video7.jpeg,,,,,,,,
olafscholz_25-09-2021_00:00_video7.jpeg,Saskia Esken,Saskia Esken,,,,,,
olafscholz_25-09-2021_00:00_video7.jpeg,,,,,,,,
cdu_26-09-2021_00:00_video3.jpeg,,,,,,,,
cdu_26-09-2021_00:00_video3.jpeg,,,,,,,,
cdu_26-09-2021_00:00_video3.jpeg,,,,,,,,
cdu_26-09-2021_00:00_video3.jpeg,,,,,,,,
cdu_26-09-2021_00:00_video3.jpeg,,,,,,,,
cdu_26-09-2021_00:00_video3.jpeg,,,,,,,,
cdu_26-09-2021_00:00_video3.jpeg,,,,,,,,
cdu_26-09-2021_00:00_video3.jpeg,,,,,,,,
cdu_26-09-2021_00:00_video3.jpeg,,,,,,,,
cdu_26-09-2021_00:00_video3.jpeg,,,,,,,,
olafscholz_22-09-2021_00:00_video8.jpeg,,,,,,,,
olafscholz_22-09-2021_00:00_video8.jpeg,Olaf Scholz,,,,,,,
christlichsozialeunion_20-09-2021_00:00_video7.jpeg,,,,,,,,
robert.habeck_17-09-2021_00:00_image4.jpeg,,,,,,,,
robert.habeck_17-09-2021_00:00_image4.jpeg,Robert Habeck,Robert Habeck,,,,,,
robert.habeck_17-09-2021_00:00_image4.jpeg,,,,,,,,
robert.habeck_17-09-2021_00:00_image4.jpeg,,,,,,,,
robert.habeck_17-09-2021_00:00_image4.jpeg,,,,,,,,
robert.habeck_17-09-2021_00:00_image4.jpeg,,,,,,,,
robert.habeck_17-09-2021_00:00_image4.jpeg,,,,,,,,
robert.habeck_17-09-2021_00:00_image4.jpeg,,,,,,,,
cdu_26-09-2021_00:00_video0.jpeg,,,,,,,,
cdu_26-09-2021_00:00_video0.jpeg,,,,,,,,
cdu_26-09-2021_00:00_video0.jpeg,,,,,,,,
fdp_23-09-2021_00:00_image0.jpeg,,,,,,,,
fdp_23-09-2021_00:00_image0.jpeg,,,,,,,,
fdp_23-09-2021_00:00_image0.jpeg,Christian Lindner,Christian Lindner,,,,,,
susanne_hennig_wellsow_18-09-2021_00:00_video1.jpeg,,,,,,,,
abaerbock_23-09-2021_00:00_image6.jpeg,,,,,,,,
abaerbock_23-09-2021_00:00_image6.jpeg,,,,,,,,
abaerbock_23-09-2021_00:00_image6.jpeg,,,,,,,,
die_gruenen_14-09-2021_00:00_image0.jpeg,,,,,,,,
die_gruenen_14-09-2021_00:00_image0.jpeg,,,,,,,,
die_gruenen_14-09-2021_00:00_image0.jpeg,,,,,,,,
cdu_26-09-2021_00:00_video13.jpeg,,,,,,,,
cdu_26-09-2021_00:00_video13.jpeg,,,,,,,,
cdu_26-09-2021_00:00_video13.jpeg,Armin Laschet,Armin Laschet,,,,,,
cdu_26-09-2021_00:00_video13.jpeg,,,,,,,,
cdu_17-09-2021_00:00_video8.jpeg,,,,,,,,
cdu_17-09-2021_00:00_video8.jpeg,Armin Laschet,Armin Laschet,,,,,,
fw_bayern_18-09-2021_00:00_video2.jpeg,,,,,,,,
fw_bayern_18-09-2021_00:00_video2.jpeg,,,,,,,,
christianlindner_21-09-2021_00:00_image0.jpeg,,,,,,,,
christianlindner_21-09-2021_00:00_image0.jpeg,Christian Lindner,Christian Lindner,,,,,,
christianlindner_21-09-2021_00:00_image0.jpeg,,,,,,,,
christianlindner_21-09-2021_00:00_image0.jpeg,,,,,,,,
christianlindner_21-09-2021_00:00_image0.jpeg,Annalena Baerbock,Annalena Baerbock,,,,,,
christianlindner_21-09-2021_00:00_image0.jpeg,,,,,,,,
christianlindner_21-09-2021_00:00_image0.jpeg,Robert Habeck,Robert Habeck,,,,,,
christianlindner_21-09-2021_00:00_image0.jpeg,,,,,,,,
christianlindner_21-09-2021_00:00_image0.jpeg,Olaf Scholz,Olaf Scholz,,,,,,
robert.habeck_25-09-2021_00:00_image1.jpeg,,,,,,,,
saskiaesken_25-09-2021_00:00_video7.jpeg,,,,,,,,
saskiaesken_25-09-2021_00:00_video7.jpeg,Olaf Scholz,Olaf Scholz,,,,,,
afd.bund_23-09-2021_00:00_video2.jpeg,,,,,,,,
afd.bund_23-09-2021_00:00_video2.jpeg,,,,,,,,
christlichsozialeunion_25-09-2021_00:00_video3.jpeg,,,,,,,,
spdde_19-09-2021_00:00_video6.jpeg,,,,,,,,
saskiaesken_17-09-2021_00:00_image0.jpeg,,,,,,,,
saskiaesken_17-09-2021_00:00_image0.jpeg,,,,,,,,
saskiaesken_17-09-2021_00:00_image0.jpeg,,,,,,,,
saskiaesken_17-09-2021_00:00_image0.jpeg,Saskia Esken,Saskia Esken,,,,,,
saskiaesken_17-09-2021_00:00_image0.jpeg,,,,,,,,
saskiaesken_17-09-2021_00:00_image0.jpeg,,,,,,,,
saskiaesken_17-09-2021_00:00_image0.jpeg,,,,,,,,
abaerbock_21-09-2021_00:00_video0.jpeg,,,,,,,,
abaerbock_21-09-2021_00:00_video0.jpeg,Annalena Baerbock,Annalena Baerbock,,,,,,
cdu_16-09-2021_00:00_video14.jpeg,,,,,,,,
spdde_21-09-2021_00:00_video0.jpeg,,,,,,,,
spdde_21-09-2021_00:00_video0.jpeg,Armin Laschet,Armin Laschet,,,,,,
spdde_21-09-2021_00:00_video0.jpeg,,,,,,,,
spdde_21-09-2021_00:00_video0.jpeg,Olaf Scholz,Olaf Scholz,,,,,,
christianlindner_25-09-2021_00:00_image2.jpeg,,,,,,,,
christianlindner_25-09-2021_00:00_image2.jpeg,Christian Lindner,Christian Lindner,,,,,,
armin_laschet_17-09-2021_00:00_video18.jpeg,,,,,,,,
armin_laschet_17-09-2021_00:00_video18.jpeg,,,,,,,,
armin_laschet_17-09-2021_00:00_video18.jpeg,,,,,,,,
armin_laschet_17-09-2021_00:00_video18.jpeg,,,,,,,,
abaerbock_25-09-2021_00:00_image10.jpeg,,,,,,,,
abaerbock_25-09-2021_00:00_image10.jpeg,,,,,,,,
markus.soeder_25-09-2021_00:00_video2.jpeg,,,,,,,,
markus.soeder_25-09-2021_00:00_video2.jpeg,,,,,,,,
markus.soeder_25-09-2021_00:00_video2.jpeg,Armin Laschet,Armin Laschet,,,,,,
olafscholz_22-09-2021_00:00_video9.jpeg,,,,,,,,
olafscholz_22-09-2021_00:00_video9.jpeg,,,,,,,,
olafscholz_22-09-2021_00:00_video9.jpeg,,,,,,,,
olafscholz_22-09-2021_00:00_video9.jpeg,Olaf Scholz,Olaf Scholz,,,,,,
spdde_26-09-2021_00:00_image0.jpeg,,,,,,,,
spdde_26-09-2021_00:00_image0.jpeg,,,,,,,,
spdde_26-09-2021_00:00_image0.jpeg,,,,,,,,
olafscholz_19-09-2021_00:00_image2.jpeg,,,,,,,,
olafscholz_19-09-2021_00:00_video12.jpeg,,,,,,,,
olafscholz_19-09-2021_00:00_video12.jpeg,,,,,,,,
olafscholz_19-09-2021_00:00_video12.jpeg,Olaf Scholz,Olaf Scholz,,,,,,
olafscholz_19-09-2021_00:00_video12.jpeg,,,,,,,,
christlichsozialeunion_18-09-2021_00:00_video12.jpeg,,,,,,,,
christlichsozialeunion_18-09-2021_00:00_video12.jpeg,,,,,,,,
christlichsozialeunion_18-09-2021_00:00_video12.jpeg,,,,,,,,
christlichsozialeunion_18-09-2021_00:00_video12.jpeg,,,,,,,,
dielinke_17-09-2021_00:00_video2.jpeg,,,,,,,,
dielinke_17-09-2021_00:00_video2.jpeg,,,,,,,,
dielinke_17-09-2021_00:00_video2.jpeg,Susanne Hennig-Wellsow,Susanne Hennig-Wellsow,,,,,,
nicola_beer_24-09-2021_00:00_image4.jpeg,,,,,,,,
nicola_beer_24-09-2021_00:00_image4.jpeg,Nicola Beer,Nicola Beer,,,,,,
nicola_beer_24-09-2021_00:00_image4.jpeg,,,,,,,,
nicola_beer_24-09-2021_00:00_image4.jpeg,Christian Lindner,Christian Lindner,,,,,,
robert.habeck_23-09-2021_00:00_image7.jpeg,,,,,,,,
robert.habeck_23-09-2021_00:00_image7.jpeg,Robert Habeck,Robert Habeck,,,,,,
abaerbock_26-09-2021_00:00_image7.jpeg,,,,,,,,
abaerbock_26-09-2021_00:00_image7.jpeg,,,,,,,,
abaerbock_26-09-2021_00:00_image7.jpeg,,,,,,,,
abaerbock_26-09-2021_00:00_image7.jpeg,,,,,,,,
abaerbock_26-09-2021_00:00_image7.jpeg,,,,,,,,
abaerbock_26-09-2021_00:00_image7.jpeg,,,,,,,,
abaerbock_26-09-2021_00:00_image7.jpeg,,,,,,,,
abaerbock_26-09-2021_00:00_image7.jpeg,,,,,,,,
abaerbock_26-09-2021_00:00_image7.jpeg,,,,,,,,
abaerbock_26-09-2021_00:00_image7.jpeg,,,,,,,,
cdu_25-09-2021_00:00_video2.jpeg,,,,,,,,
abaerbock_14-09-2021_00:00_video3.jpeg,,,,,,,,
abaerbock_14-09-2021_00:00_video3.jpeg,Annalena Baerbock,Annalena Baerbock,,,,,,
abaerbock_14-09-2021_00:00_video3.jpeg,,,,,,,,
abaerbock_14-09-2021_00:00_video3.jpeg,,,,,,,,
abaerbock_14-09-2021_00:00_video3.jpeg,,,,,,,,
olafscholz_22-09-2021_00:00_video7.jpeg,,,,,,,,
olafscholz_22-09-2021_00:00_video7.jpeg,Olaf Scholz,Olaf Scholz,,,,,,
olafscholz_22-09-2021_00:00_video7.jpeg,,,,,,,,
olafscholz_22-09-2021_00:00_video7.jpeg,,,,,,,,
olafscholz_22-09-2021_00:00_video7.jpeg,,,,,,,,
olafscholz_22-09-2021_00:00_video7.jpeg,,,,,,,,
afd.bund_19-09-2021_00:00_image0.jpeg,,,,,,,,
afd.bund_19-09-2021_00:00_image0.jpeg,,,,,,,,
afd.bund_19-09-2021_00:00_image0.jpeg,,,,,,,,
afd.bund_23-09-2021_00:00_video13.jpeg,,,,,,,,
afd.bund_23-09-2021_00:00_video13.jpeg,,,,,,,,
afd.bund_23-09-2021_00:00_video13.jpeg,,,,,,,,
olafscholz_17-09-2021_00:00_image6.jpeg,,,,,,,,
olafscholz_17-09-2021_00:00_image6.jpeg,,,,,,,,
olafscholz_17-09-2021_00:00_image6.jpeg,,,,,,,,
olafscholz_17-09-2021_00:00_image6.jpeg,,,,,,,,
olafscholz_17-09-2021_00:00_image6.jpeg,,,,,,,,
olafscholz_17-09-2021_00:00_image6.jpeg,,,,,,,,
olafscholz_17-09-2021_00:00_image6.jpeg,,,,,,,,
olafscholz_17-09-2021_00:00_image6.jpeg,,,,,,,,
olafscholz_17-09-2021_00:00_image6.jpeg,,,,,,,,
olafscholz_17-09-2021_00:00_image6.jpeg,,,,,,,,
olafscholz_17-09-2021_00:00_image6.jpeg,,,,,,,,
olafscholz_17-09-2021_00:00_image6.jpeg,,,,,,,,
olafscholz_17-09-2021_00:00_image6.jpeg,,,,,,,,
olafscholz_17-09-2021_00:00_image6.jpeg,,,,,,,,
olafscholz_17-09-2021_00:00_image6.jpeg,,,,,,,,
olafscholz_17-09-2021_00:00_image6.jpeg,,,,,,,,
olafscholz_17-09-2021_00:00_image6.jpeg,,,,,,,,
olafscholz_17-09-2021_00:00_image6.jpeg,,,,,,,,
olafscholz_17-09-2021_00:00_image6.jpeg,,,,,,,,
olafscholz_17-09-2021_00:00_image6.jpeg,,,,,,,,
olafscholz_17-09-2021_00:00_image6.jpeg,,,,,,,,
olafscholz_17-09-2021_00:00_image6.jpeg,,,,,,,,
olafscholz_17-09-2021_00:00_image6.jpeg,,,,,,,,
olafscholz_17-09-2021_00:00_image6.jpeg,,,,,,,,
olafscholz_17-09-2021_00:00_image6.jpeg,,,,,,,,
olafscholz_17-09-2021_00:00_image6.jpeg,,,,,,,,
olafscholz_17-09-2021_00:00_image6.jpeg,,,,,,,,
olafscholz_17-09-2021_00:00_image6.jpeg,,,,,,,,
olafscholz_17-09-2021_00:00_image6.jpeg,,,,,,,,
olafscholz_17-09-2021_00:00_image6.jpeg,,,,,,,,
olafscholz_17-09-2021_00:00_image6.jpeg,,,,,,,,
olafscholz_17-09-2021_00:00_image6.jpeg,,,,,,,,
olafscholz_17-09-2021_00:00_image6.jpeg,,,,,,,,
olafscholz_17-09-2021_00:00_image6.jpeg,Olaf Scholz,,,,,,,
olafscholz_17-09-2021_00:00_image6.jpeg,,,,,,,,
olafscholz_17-09-2021_00:00_image6.jpeg,,,,,,,,
christlichsozialeunion_16-09-2021_00:00_video13.jpeg,,,,,,,,
christlichsozialeunion_16-09-2021_00:00_video13.jpeg,Markus Söder,Markus Söder,,,,,,
christlichsozialeunion_16-09-2021_00:00_video13.jpeg,,,,,,,,
christlichsozialeunion_16-09-2021_00:00_video13.jpeg,,,,,,,,
armin_laschet_18-09-2021_00:00_image3.jpeg,,,,,,,,
armin_laschet_18-09-2021_00:00_image3.jpeg,,,,,,,,
armin_laschet_18-09-2021_00:00_image3.jpeg,,,,,,,,
armin_laschet_18-09-2021_00:00_image3.jpeg,Armin Laschet,Armin Laschet,,,,,,
armin_laschet_18-09-2021_00:00_image3.jpeg,,,,,,,,
armin_laschet_18-09-2021_00:00_image3.jpeg,,,,,,,,
spdde_25-09-2021_00:00_video10.jpeg,,,,,,,,
saskiaesken_25-09-2021_00:00_video6.jpeg,,,,,,,,
saskiaesken_25-09-2021_00:00_video6.jpeg,,,,,,,,
saskiaesken_25-09-2021_00:00_video6.jpeg,,,,,,,,
saskiaesken_25-09-2021_00:00_video6.jpeg,,,,,,,,
saskiaesken_25-09-2021_00:00_video6.jpeg,,,,,,,,
saskiaesken_25-09-2021_00:00_video6.jpeg,,,,,,,,
saskiaesken_25-09-2021_00:00_video6.jpeg,,,,,,,,
robert.habeck_17-09-2021_00:00_image6.jpeg,,,,,,,,
robert.habeck_17-09-2021_00:00_image6.jpeg,,,,,,,,
robert.habeck_17-09-2021_00:00_image6.jpeg,Robert Habeck,Robert Habeck,,,,,,
robert.habeck_17-09-2021_00:00_image6.jpeg,,,,,,,,
christlichsozialeunion_24-09-2021_00:00_image2.jpeg,,,,,,,,
robert.habeck_18-09-2021_00:00_video4.jpeg,,,,,,,,
robert.habeck_18-09-2021_00:00_video4.jpeg,,,,,,,,
robert.habeck_18-09-2021_00:00_video4.jpeg,,,,,,,,
robert.habeck_18-09-2021_00:00_video4.jpeg,,,,,,,,
robert.habeck_18-09-2021_00:00_video4.jpeg,Robert Habeck,,,,,,,
robert.habeck_18-09-2021_00:00_video4.jpeg,,,,,,,,
robert.habeck_25-09-2021_00:00_image0.jpeg,,,,,,,,
robert.habeck_25-09-2021_00:00_image0.jpeg,,,,,,,,
robert.habeck_25-09-2021_00:00_image0.jpeg,,,,,,,,
robert.habeck_25-09-2021_00:00_image0.jpeg,,,,,,,,
robert.habeck_25-09-2021_00:00_image0.jpeg,,,,,,,,
robert.habeck_25-09-2021_00:00_image0.jpeg,,,,,,,,
abaerbock_20-09-2021_00:00_video1.jpeg,,,,,,,,
abaerbock_20-09-2021_00:00_video1.jpeg,,,,,,,,
abaerbock_20-09-2021_00:00_video1.jpeg,,,,,,,,
abaerbock_20-09-2021_00:00_video1.jpeg,,,,,,,,
abaerbock_20-09-2021_00:00_video1.jpeg,,,,,,,,
nicola_beer_20-09-2021_00:00_image8.jpeg,,,,,,,,
nicola_beer_20-09-2021_00:00_image8.jpeg,Nicola Beer,Nicola Beer,,,,,,
fw_bayern_20-09-2021_00:00_video6.jpeg,,,,,,,,
nicola_beer_23-09-2021_00:00_image3.jpeg,,,,,,,,
nicola_beer_23-09-2021_00:00_image3.jpeg,Nicola Beer,Nicola Beer,,,,,,
nicola_beer_23-09-2021_00:00_image3.jpeg,,,,,,,,
nicola_beer_23-09-2021_00:00_image3.jpeg,,,,,,,,
nicola_beer_23-09-2021_00:00_image3.jpeg,,,,,,,,
nicola_beer_23-09-2021_00:00_image3.jpeg,,,,,,,,
armin_laschet_23-09-2021_00:00_video3.jpeg,,,,,,,,
armin_laschet_23-09-2021_00:00_video3.jpeg,Armin Laschet,Armin Laschet,,,,,,
christianlindner_23-09-2021_00:00_image2.jpeg,,,,,,,,
christianlindner_23-09-2021_00:00_image2.jpeg,,,,,,,,
christianlindner_23-09-2021_00:00_image2.jpeg,,,,,,,,
christianlindner_23-09-2021_00:00_image2.jpeg,,,,,,,,
christianlindner_23-09-2021_00:00_image2.jpeg,,,,,,,,
christianlindner_23-09-2021_00:00_image2.jpeg,,,,,,,,
christianlindner_23-09-2021_00:00_image2.jpeg,,,,,,,,
christianlindner_23-09-2021_00:00_image2.jpeg,,,,,,,,
christianlindner_23-09-2021_00:00_image2.jpeg,,,,,,,,
christianlindner_23-09-2021_00:00_image2.jpeg,,,,,,,,
christianlindner_23-09-2021_00:00_image2.jpeg,,,,,,,,
christianlindner_23-09-2021_00:00_image2.jpeg,,,,,,,,
christianlindner_23-09-2021_00:00_image2.jpeg,,,,,,,,
christianlindner_23-09-2021_00:00_image2.jpeg,,,,,,,,
christianlindner_23-09-2021_00:00_image2.jpeg,,,,,,,,
christianlindner_23-09-2021_00:00_image2.jpeg,,,,,,,,
christianlindner_23-09-2021_00:00_image2.jpeg,,,,,,,,
christianlindner_23-09-2021_00:00_image2.jpeg,,,,,,,,
christianlindner_23-09-2021_00:00_image2.jpeg,,,,,,,,
christianlindner_23-09-2021_00:00_image2.jpeg,,,,,,,,
christianlindner_23-09-2021_00:00_image2.jpeg,,,,,,,,
christianlindner_23-09-2021_00:00_image2.jpeg,,,,,,,,
christianlindner_23-09-2021_00:00_image2.jpeg,,,,,,,,
christianlindner_23-09-2021_00:00_image2.jpeg,,,,,,,,
christianlindner_23-09-2021_00:00_image2.jpeg,,,,,,,,
christianlindner_23-09-2021_00:00_image2.jpeg,,,,,,,,
christianlindner_23-09-2021_00:00_image2.jpeg,,,,,,,,
christianlindner_23-09-2021_00:00_image2.jpeg,,,,,,,,
christianlindner_23-09-2021_00:00_image2.jpeg,,,,,,,,
christianlindner_23-09-2021_00:00_image2.jpeg,,,,,,,,
christianlindner_23-09-2021_00:00_image2.jpeg,,,,,,,,
christianlindner_23-09-2021_00:00_image2.jpeg,,,,,,,,
christianlindner_23-09-2021_00:00_image2.jpeg,,,,,,,,
christianlindner_23-09-2021_00:00_image2.jpeg,,,,,,,,
christianlindner_23-09-2021_00:00_image2.jpeg,,,,,,,,
christianlindner_23-09-2021_00:00_image2.jpeg,,,,,,,,
christianlindner_23-09-2021_00:00_image2.jpeg,,,,,,,,
christianlindner_23-09-2021_00:00_image2.jpeg,,,,,,,,
christianlindner_23-09-2021_00:00_image2.jpeg,,,,,,,,
christianlindner_23-09-2021_00:00_image2.jpeg,,,,,,,,
christianlindner_23-09-2021_00:00_image2.jpeg,,,,,,,,
christianlindner_23-09-2021_00:00_image2.jpeg,,,,,,,,
christianlindner_23-09-2021_00:00_image2.jpeg,,,,,,,,
christianlindner_23-09-2021_00:00_image2.jpeg,,,,,,,,
christianlindner_23-09-2021_00:00_image2.jpeg,,,,,,,,
christianlindner_23-09-2021_00:00_image2.jpeg,,,,,,,,
christianlindner_23-09-2021_00:00_image2.jpeg,,,,,,,,
christianlindner_23-09-2021_00:00_image2.jpeg,,,,,,,,
christianlindner_23-09-2021_00:00_image2.jpeg,,,,,,,,
christianlindner_23-09-2021_00:00_image2.jpeg,,,,,,,,
christianlindner_23-09-2021_00:00_image2.jpeg,,,,,,,,
christianlindner_23-09-2021_00:00_image2.jpeg,,,,,,,,
christianlindner_23-09-2021_00:00_image2.jpeg,,,,,,,,
christianlindner_23-09-2021_00:00_image2.jpeg,,,,,,,,
christianlindner_23-09-2021_00:00_image2.jpeg,,,,,,,,
christianlindner_23-09-2021_00:00_image2.jpeg,,,,,,,,
christianlindner_23-09-2021_00:00_image2.jpeg,,,,,,,,
christianlindner_23-09-2021_00:00_image2.jpeg,,,,,,,,
christianlindner_23-09-2021_00:00_image2.jpeg,,,,,,,,
christianlindner_23-09-2021_00:00_image2.jpeg,,,,,,,,
christianlindner_23-09-2021_00:00_image2.jpeg,,,,,,,,
christianlindner_23-09-2021_00:00_image2.jpeg,,,,,,,,
christianlindner_23-09-2021_00:00_image2.jpeg,,,,,,,,
christianlindner_23-09-2021_00:00_image2.jpeg,,,,,,,,
afd.bund_25-09-2021_00:00_image15.jpeg,,,,,,,,
afd.bund_25-09-2021_00:00_image15.jpeg,,,,,,,,
afd.bund_25-09-2021_00:00_image15.jpeg,,,,,,,,
afd.bund_25-09-2021_00:00_image15.jpeg,,,,,,,,
christlichsozialeunion_24-09-2021_00:00_image5.jpeg,,,,,,,,
christlichsozialeunion_24-09-2021_00:00_image5.jpeg,Markus Söder,Markus Söder,,,,,,
christianlindner_20-09-2021_00:00_video1.jpeg,,,,,,,,
christianlindner_20-09-2021_00:00_video1.jpeg,,,,,,,,
christianlindner_20-09-2021_00:00_video1.jpeg,,,,,,,,
armin_laschet_17-09-2021_00:00_image2.jpeg,,,,,,,,
armin_laschet_17-09-2021_00:00_image2.jpeg,Armin Laschet,Armin Laschet,,,,,,
saskiaesken_25-09-2021_00:00_video3.jpeg,,,,,,,,
saskiaesken_25-09-2021_00:00_video3.jpeg,Saskia Esken,Saskia Esken,,,,,,
nicola_beer_22-09-2021_00:00_video9.jpeg,,,,,,,,
nicola_beer_22-09-2021_00:00_video9.jpeg,Nicola Beer,Nicola Beer,,,,,,
abaerbock_14-09-2021_00:00_video7.jpeg,,,,,,,,
abaerbock_14-09-2021_00:00_video7.jpeg,,,,,,,,
abaerbock_14-09-2021_00:00_video7.jpeg,,,,,,,,
abaerbock_14-09-2021_00:00_video7.jpeg,,,,,,,,
abaerbock_14-09-2021_00:00_video7.jpeg,,,,,,,,
abaerbock_14-09-2021_00:00_video7.jpeg,,,,,,,,
abaerbock_14-09-2021_00:00_video7.jpeg,,,,,,,,
abaerbock_14-09-2021_00:00_video7.jpeg,,,,,,,,
abaerbock_14-09-2021_00:00_video7.jpeg,,,,,,,,
abaerbock_14-09-2021_00:00_video7.jpeg,,,,,,,,
abaerbock_14-09-2021_00:00_video7.jpeg,,,,,,,,
abaerbock_14-09-2021_00:00_video7.jpeg,,,,,,,,
abaerbock_14-09-2021_00:00_video7.jpeg,,,,,,,,
abaerbock_14-09-2021_00:00_video7.jpeg,,,,,,,,
abaerbock_14-09-2021_00:00_video7.jpeg,,,,,,,,
abaerbock_14-09-2021_00:00_video7.jpeg,,,,,,,,
abaerbock_14-09-2021_00:00_video7.jpeg,,,,,,,,
abaerbock_14-09-2021_00:00_video7.jpeg,,,,,,,,
abaerbock_14-09-2021_00:00_video7.jpeg,,,,,,,,
abaerbock_14-09-2021_00:00_video7.jpeg,,,,,,,,
abaerbock_14-09-2021_00:00_video7.jpeg,,,,,,,,
abaerbock_14-09-2021_00:00_video7.jpeg,,,,,,,,
abaerbock_14-09-2021_00:00_video7.jpeg,,,,,,,,
abaerbock_14-09-2021_00:00_video7.jpeg,,,,,,,,
abaerbock_14-09-2021_00:00_video7.jpeg,,,,,,,,
cdu_21-09-2021_00:00_video4.jpeg,,,,,,,,
saskiaesken_17-09-2021_00:00_image1.jpeg,,,,,,,,
saskiaesken_17-09-2021_00:00_image1.jpeg,Saskia Esken,Saskia Esken,,,,,,
saskiaesken_17-09-2021_00:00_image1.jpeg,,,,,,,,
saskiaesken_17-09-2021_00:00_image1.jpeg,,,,,,,,
abaerbock_21-09-2021_00:00_image12.jpeg,,,,,,,,
abaerbock_21-09-2021_00:00_image12.jpeg,,,,,,,,
abaerbock_21-09-2021_00:00_image12.jpeg,,,,,,,,
abaerbock_21-09-2021_00:00_image12.jpeg,,,,,,,,
abaerbock_21-09-2021_00:00_image12.jpeg,,,,,,,,
abaerbock_21-09-2021_00:00_image12.jpeg,,,,,,,,
abaerbock_21-09-2021_00:00_image12.jpeg,,,,,,,,
abaerbock_21-09-2021_00:00_image12.jpeg,,,,,,,,
abaerbock_21-09-2021_00:00_image12.jpeg,,,,,,,,
abaerbock_21-09-2021_00:00_image12.jpeg,,,,,,,,
abaerbock_21-09-2021_00:00_image12.jpeg,,,,,,,,
abaerbock_21-09-2021_00:00_image12.jpeg,,,,,,,,
abaerbock_21-09-2021_00:00_image12.jpeg,,,,,,,,
abaerbock_21-09-2021_00:00_image12.jpeg,,,,,,,,
die_gruenen_20-09-2021_00:00_image4.jpeg,,,,,,,,
die_gruenen_20-09-2021_00:00_image4.jpeg,Armin Laschet,Armin Laschet,,,,,,
die_gruenen_20-09-2021_00:00_image4.jpeg,,,,,,,,
die_gruenen_20-09-2021_00:00_image4.jpeg,Olaf Scholz,Olaf Scholz,,,,,,
die_gruenen_20-09-2021_00:00_image4.jpeg,,,,,,,,
die_gruenen_20-09-2021_00:00_image4.jpeg,Annalena Baerbock,Annalena Baerbock,,,,,,
cdu_16-09-2021_00:00_video17.jpeg,,,,,,,,
robert.habeck_23-09-2021_00:00_image10.jpeg,,,,,,,,
robert.habeck_23-09-2021_00:00_image10.jpeg,,,,,,,,
robert.habeck_23-09-2021_00:00_image10.jpeg,,,,,,,,
robert.habeck_23-09-2021_00:00_image10.jpeg,,,,,,,,
robert.habeck_23-09-2021_00:00_image10.jpeg,,,,,,,,
cdu_17-09-2021_00:00_image5.jpeg,,,,,,,,
cdu_17-09-2021_00:00_image5.jpeg,Armin Laschet,Armin Laschet,,,,,,
cdu_17-09-2021_00:00_image5.jpeg,,,,,,,,
cdu_17-09-2021_00:00_image5.jpeg,,,,,,,,
cdu_17-09-2021_00:00_image5.jpeg,,,,,,,,
cdu_17-09-2021_00:00_image5.jpeg,,,,,,,,
cdu_17-09-2021_00:00_image5.jpeg,,,,,,,,
cdu_17-09-2021_00:00_image5.jpeg,,,,,,,,
cdu_17-09-2021_00:00_image5.jpeg,,,,,,,,
cdu_17-09-2021_00:00_image5.jpeg,,,,,,,,
cdu_17-09-2021_00:00_image5.jpeg,,,,,,,,
cdu_17-09-2021_00:00_image5.jpeg,,,,,,,,
cdu_17-09-2021_00:00_image5.jpeg,,,,,,,,
cdu_17-09-2021_00:00_image5.jpeg,,,,,,,,
cdu_17-09-2021_00:00_image5.jpeg,,,,,,,,
cdu_17-09-2021_00:00_image5.jpeg,,,,,,,,
cdu_17-09-2021_00:00_image5.jpeg,,,,,,,,
cdu_17-09-2021_00:00_image5.jpeg,,,,,,,,
cdu_17-09-2021_00:00_image5.jpeg,,,,,,,,
cdu_17-09-2021_00:00_image5.jpeg,,,,,,,,
cdu_17-09-2021_00:00_image5.jpeg,,,,,,,,
cdu_17-09-2021_00:00_image5.jpeg,,,,,,,,
cdu_17-09-2021_00:00_image5.jpeg,,,,,,,,
cdu_17-09-2021_00:00_image5.jpeg,,,,,,,,
afd.bund_25-09-2021_00:00_video12.jpeg,,,,,,,,
afd.bund_25-09-2021_00:00_video12.jpeg,Alice Weidel,Alice Weidel,,,,,,
nicola_beer_20-09-2021_00:00_image3.jpeg,,,,,,,,
nicola_beer_20-09-2021_00:00_image3.jpeg,Nicola Beer,Nicola Beer,,,,,,
nicola_beer_20-09-2021_00:00_image3.jpeg,,,,,,,,
nicola_beer_20-09-2021_00:00_image3.jpeg,,,,,,,,
nicola_beer_20-09-2021_00:00_image3.jpeg,,,,,,,,
nicola_beer_20-09-2021_00:00_video2.jpeg,,,,,,,,
nicola_beer_20-09-2021_00:00_video2.jpeg,Nicola Beer,Nicola Beer,,,,,,
die_gruenen_25-09-2021_00:00_video4.jpeg,,,,,,,,
die_gruenen_25-09-2021_00:00_video4.jpeg,,,,,,,,
die_gruenen_25-09-2021_00:00_video4.jpeg,,,,,,,,
die_gruenen_25-09-2021_00:00_video4.jpeg,,,,,,,,
die_gruenen_25-09-2021_00:00_video4.jpeg,,,,,,,,
die_gruenen_25-09-2021_00:00_video4.jpeg,,,,,,,,
die_gruenen_25-09-2021_00:00_video4.jpeg,,,,,,,,
die_gruenen_25-09-2021_00:00_video4.jpeg,,,,,,,,
die_gruenen_25-09-2021_00:00_video4.jpeg,,,,,,,,
die_gruenen_25-09-2021_00:00_video4.jpeg,,,,,,,,
die_gruenen_25-09-2021_00:00_video4.jpeg,,,,,,,,
die_gruenen_25-09-2021_00:00_video4.jpeg,,,,,,,,
die_gruenen_25-09-2021_00:00_video4.jpeg,,,,,,,,
armin_laschet_13-09-2021_00:00_video5.jpeg,,,,,,,,
armin_laschet_13-09-2021_00:00_video5.jpeg,Armin Laschet,Armin Laschet,,,,,,
dielinke_21-09-2021_00:00_image0.jpeg,,,,,,,,
dielinke_21-09-2021_00:00_image0.jpeg,,,,,,,,
dielinke_21-09-2021_00:00_image0.jpeg,,,,,,,,
dielinke_21-09-2021_00:00_image0.jpeg,,,,,,,,
dielinke_21-09-2021_00:00_image0.jpeg,,,,,,,,
dielinke_21-09-2021_00:00_image0.jpeg,,,,,,,,
dielinke_21-09-2021_00:00_image0.jpeg,,,,,,,,
dielinke_21-09-2021_00:00_image0.jpeg,,,,,,,,
dielinke_21-09-2021_00:00_image0.jpeg,,,,,,,,
dielinke_21-09-2021_00:00_image0.jpeg,,,,,,,,
dielinke_21-09-2021_00:00_image0.jpeg,,,,,,,,
dielinke_21-09-2021_00:00_image0.jpeg,,,,,,,,
dielinke_21-09-2021_00:00_image0.jpeg,,,,,,,,
christianlindner_20-09-2021_00:00_image1.jpeg,,,,,,,,
christianlindner_20-09-2021_00:00_image1.jpeg,Christian Lindner,Christian Lindner,,,,,,
robert.habeck_13-09-2021_00:00_video1.jpeg,,,,,,,,
robert.habeck_13-09-2021_00:00_video1.jpeg,Robert Habeck,Robert Habeck,,,,,,
robert.habeck_13-09-2021_00:00_video1.jpeg,,,,,,,,
christlichsozialeunion_24-09-2021_00:00_image7.jpeg,,,,,,,,
christlichsozialeunion_24-09-2021_00:00_image7.jpeg,,,,,,,,
christlichsozialeunion_24-09-2021_00:00_image7.jpeg,,,,,,,,
christlichsozialeunion_24-09-2021_00:00_image7.jpeg,,,,,,,,
olafscholz_23-09-2021_00:00_image4.jpeg,,,,,,,,
olafscholz_23-09-2021_00:00_image4.jpeg,Olaf Scholz,,,,,,,
fw_bayern_13-09-2021_00:00_video3.jpeg,,,,,,,,
fw_bayern_13-09-2021_00:00_video3.jpeg,,,,,,,,
atesgurpinar_15-09-2021_00:00_image0.jpeg,,,,,,,,
atesgurpinar_15-09-2021_00:00_image0.jpeg,Ates Gürpinar,Ates Gürpinar,,,,,,
die_gruenen_17-09-2021_00:00_video8.jpeg,,,,,,,,
nicola_beer_23-09-2021_00:00_image1.jpeg,,,,,,,,
nicola_beer_23-09-2021_00:00_image1.jpeg,Nicola Beer,Nicola Beer,,,,,,
nicola_beer_23-09-2021_00:00_image1.jpeg,,,,,,,,
nicola_beer_23-09-2021_00:00_image1.jpeg,,,,,,,,
nicola_beer_23-09-2021_00:00_image1.jpeg,,,,,,,,
nicola_beer_23-09-2021_00:00_image1.jpeg,,,,,,,,
christlichsozialeunion_18-09-2021_00:00_image1.jpeg,,,,,,,,
christlichsozialeunion_18-09-2021_00:00_image1.jpeg,Markus Söder,Markus Söder,,,,,,
christlichsozialeunion_18-09-2021_00:00_image1.jpeg,,,,,,,,
christlichsozialeunion_18-09-2021_00:00_image1.jpeg,,,,,,,,
robert.habeck_23-09-2021_00:00_image2.jpeg,,,,,,,,
robert.habeck_23-09-2021_00:00_image2.jpeg,,,,,,,,
robert.habeck_23-09-2021_00:00_image2.jpeg,,,,,,,,
robert.habeck_23-09-2021_00:00_image2.jpeg,,,,,,,,
robert.habeck_23-09-2021_00:00_image2.jpeg,,,,,,,,
robert.habeck_23-09-2021_00:00_image2.jpeg,,,,,,,,
robert.habeck_23-09-2021_00:00_image2.jpeg,,,,,,,,
cdu_22-09-2021_00:00_video4.jpeg,,,,,,,,
cdu_22-09-2021_00:00_video4.jpeg,,,,,,,,
cdu_22-09-2021_00:00_video4.jpeg,,,,,,,,
cdu_22-09-2021_00:00_video4.jpeg,,,,,,,,
cdu_22-09-2021_00:00_video4.jpeg,,,,,,,,
cdu_22-09-2021_00:00_video4.jpeg,,,,,,,,
robert.habeck_22-09-2021_00:00_image14.jpeg,,,,,,,,
robert.habeck_22-09-2021_00:00_image14.jpeg,,,,,,,,
robert.habeck_22-09-2021_00:00_image14.jpeg,,,,,,,,
robert.habeck_22-09-2021_00:00_image14.jpeg,,,,,,,,
robert.habeck_22-09-2021_00:00_image14.jpeg,,,,,,,,
robert.habeck_22-09-2021_00:00_image14.jpeg,,,,,,,,
robert.habeck_22-09-2021_00:00_image14.jpeg,,,,,,,,
robert.habeck_22-09-2021_00:00_image14.jpeg,,,,,,,,
robert.habeck_22-09-2021_00:00_image14.jpeg,,,,,,,,
robert.habeck_22-09-2021_00:00_image14.jpeg,,,,,,,,
spdde_20-09-2021_00:00_image0.jpeg,,,,,,,,
spdde_20-09-2021_00:00_image0.jpeg,Olaf Scholz,Olaf Scholz,,,,,,
fw_bayern_22-09-2021_00:00_image1.jpeg,,,,,,,,
fw_bayern_22-09-2021_00:00_image1.jpeg,,,,,,,,
abaerbock_23-09-2021_00:00_image11.jpeg,,,,,,,,
abaerbock_23-09-2021_00:00_image11.jpeg,,,,,,,,
cdu_20-09-2021_00:00_video18.jpeg,,,,,,,,
cdu_20-09-2021_00:00_video18.jpeg,,,,,,,,
cdu_20-09-2021_00:00_video17.jpeg,,,,,,,,
cdu_20-09-2021_00:00_video17.jpeg,,,,,,,,
spdde_13-09-2021_00:00_video2.jpeg,,,,,,,,
robert.habeck_22-09-2021_00:00_image2.jpeg,,,,,,,,
robert.habeck_22-09-2021_00:00_image2.jpeg,,,,,,,,
robert.habeck_22-09-2021_00:00_image2.jpeg,,,,,,,,
robert.habeck_22-09-2021_00:00_image2.jpeg,,,,,,,,
robert.habeck_22-09-2021_00:00_image2.jpeg,,,,,,,,
robert.habeck_18-09-2021_00:00_image15.jpeg,,,,,,,,
nicola_beer_20-09-2021_00:00_image9.jpeg,,,,,,,,
nicola_beer_20-09-2021_00:00_image9.jpeg,Nicola Beer,Nicola Beer,,,,,,
nicola_beer_20-09-2021_00:00_image9.jpeg,,,,,,,,
abaerbock_25-09-2021_00:00_image11.jpeg,,,,,,,,
abaerbock_25-09-2021_00:00_image11.jpeg,Annalena Baerbock,Annalena Baerbock,,,,,,
abaerbock_25-09-2021_00:00_image11.jpeg,,,,,,,,
abaerbock_25-09-2021_00:00_image11.jpeg,,,,,,,,
abaerbock_25-09-2021_00:00_image11.jpeg,,,,,,,,
abaerbock_25-09-2021_00:00_image11.jpeg,Robert Habeck,Robert Habeck,,,,,,
abaerbock_25-09-2021_00:00_image11.jpeg,,,,,,,,
abaerbock_25-09-2021_00:00_image11.jpeg,,,,,,,,
abaerbock_25-09-2021_00:00_image11.jpeg,,,,,,,,
abaerbock_25-09-2021_00:00_image11.jpeg,,,,,,,,
fw_bayern_14-09-2021_00:00_video3.jpeg,,,,,,,,
fw_bayern_14-09-2021_00:00_video3.jpeg,,,,,,,,
robert.habeck_22-09-2021_00:00_image3.jpeg,,,,,,,,
robert.habeck_22-09-2021_00:00_image3.jpeg,,,,,,,,
robert.habeck_22-09-2021_00:00_image3.jpeg,,,,,,,,
robert.habeck_22-09-2021_00:00_image3.jpeg,,,,,,,,
robert.habeck_22-09-2021_00:00_image3.jpeg,,,,,,,,
robert.habeck_22-09-2021_00:00_image3.jpeg,,,,,,,,
robert.habeck_22-09-2021_00:00_image3.jpeg,,,,,,,,
robert.habeck_23-09-2021_00:00_video1.jpeg,,,,,,,,
robert.habeck_23-09-2021_00:00_video1.jpeg,Robert Habeck,Robert Habeck,,,,,,
robert.habeck_23-09-2021_00:00_video1.jpeg,,,,,,,,
robert.habeck_23-09-2021_00:00_video1.jpeg,,,,,,,,
robert.habeck_23-09-2021_00:00_video1.jpeg,,,,,,,,
robert.habeck_23-09-2021_00:00_video1.jpeg,,,,,,,,
robert.habeck_23-09-2021_00:00_video1.jpeg,,,,,,,,
robert.habeck_23-09-2021_00:00_video1.jpeg,,,,,,,,
robert.habeck_23-09-2021_00:00_video1.jpeg,,,,,,,,
robert.habeck_23-09-2021_00:00_video1.jpeg,,,,,,,,
robert.habeck_23-09-2021_00:00_video1.jpeg,,,,,,,,
robert.habeck_23-09-2021_00:00_video1.jpeg,,,,,,,,
fw_bayern_21-09-2021_00:00_image5.jpeg,,,,,,,,
fw_bayern_21-09-2021_00:00_image5.jpeg,,,,,,,,
fw_bayern_21-09-2021_00:00_image5.jpeg,,,,,,,,
fw_bayern_21-09-2021_00:00_image5.jpeg,,,,,,,,
fw_bayern_21-09-2021_00:00_image5.jpeg,,,,,,,,
fw_bayern_21-09-2021_00:00_image5.jpeg,,,,,,,,
christianlindner_20-09-2021_00:00_image5.jpeg,,,,,,,,
christianlindner_20-09-2021_00:00_image5.jpeg,,,,,,,,
christianlindner_20-09-2021_00:00_image5.jpeg,Christian Lindner,Christian Lindner,,,,,,
christianlindner_20-09-2021_00:00_image5.jpeg,,,,,,,,
christianlindner_20-09-2021_00:00_image5.jpeg,Robert Habeck,Robert Habeck,,,,,,
christianlindner_20-09-2021_00:00_image5.jpeg,,,,,,,,
christianlindner_20-09-2021_00:00_image5.jpeg,,,,,,,,
christianlindner_20-09-2021_00:00_image5.jpeg,,,,,,,,
christianlindner_20-09-2021_00:00_image5.jpeg,Saskia Esken,Saskia Esken,,,,,,
armin_laschet_22-09-2021_00:00_video10.jpeg,,,,,,,,
armin_laschet_22-09-2021_00:00_video10.jpeg,Armin Laschet,Armin Laschet,,,,,,
armin_laschet_22-09-2021_00:00_video10.jpeg,,,,,,,,
grey_gor_25-09-2021_00:00_video1.jpeg,,,,,,,,
grey_gor_25-09-2021_00:00_video1.jpeg,,,,,,,,
grey_gor_25-09-2021_00:00_video1.jpeg,Gregor Voht,Gregor Voht,,,,,,
grey_gor_25-09-2021_00:00_video1.jpeg,,,,,,,,
abaerbock_21-09-2021_00:00_image6.jpeg,,,,,,,,
abaerbock_21-09-2021_00:00_image6.jpeg,,,,,,,,
abaerbock_21-09-2021_00:00_image6.jpeg,,,,,,,,
abaerbock_21-09-2021_00:00_image6.jpeg,Annalena Baerbock,Annalena Baerbock,,,,,,
armin_laschet_24-09-2021_00:00_video10.jpeg,,,,,,,,
armin_laschet_24-09-2021_00:00_video10.jpeg,Armin Laschet,Armin Laschet,,,,,,
christlichsozialeunion_13-09-2021_00:00_image1.jpeg,,,,,,,,
christlichsozialeunion_13-09-2021_00:00_image1.jpeg,Saskia Esken,Saskia Esken,,,,,,
christlichsozialeunion_13-09-2021_00:00_image1.jpeg,,,,,,,,
christlichsozialeunion_13-09-2021_00:00_image1.jpeg,Olaf Scholz,Olaf Scholz,,,,,,
saskiaesken_23-09-2021_00:00_video0.jpeg,,,,,,,,
saskiaesken_23-09-2021_00:00_video0.jpeg,,,,,,,,
saskiaesken_23-09-2021_00:00_video0.jpeg,,,,,,,,
saskiaesken_23-09-2021_00:00_video0.jpeg,Saskia Esken,Saskia Esken,,,,,,
cdu_20-09-2021_00:00_video28.jpeg,,,,,,,,
cdu_20-09-2021_00:00_video28.jpeg,,,,,,,,
cdu_20-09-2021_00:00_video28.jpeg,,,,,,,,
cdu_20-09-2021_00:00_video28.jpeg,,,,,,,,
cdu_20-09-2021_00:00_video28.jpeg,,,,,,,,
cdu_13-09-2021_00:00_video3.jpeg,,,,,,,,
cdu_13-09-2021_00:00_video3.jpeg,,,,,,,,
spdde_19-09-2021_00:00_video1.jpeg,,,,,,,,
cdu_13-09-2021_00:00_video12.jpeg,,,,,,,,
cdu_13-09-2021_00:00_video12.jpeg,,,,,,,,
cdu_13-09-2021_00:00_video12.jpeg,,,,,,,,
cdu_13-09-2021_00:00_video12.jpeg,,,,,,,,
cdu_13-09-2021_00:00_video12.jpeg,,,,,,,,
cdu_13-09-2021_00:00_video12.jpeg,,,,,,,,
cdu_13-09-2021_00:00_video18.jpeg,,,,,,,,
cdu_13-09-2021_00:00_video18.jpeg,,,,,,,,
christianlindner_22-09-2021_00:00_image4.jpeg,,,,,,,,
christianlindner_22-09-2021_00:00_image4.jpeg,Christian Lindner,Christian Lindner,,,,,,
fw_bayern_20-09-2021_00:00_image0.jpeg,,,,,,,,
olafscholz_24-09-2021_00:00_image3.jpeg,,,,,,,,
olafscholz_24-09-2021_00:00_image3.jpeg,Olaf Scholz,Olaf Scholz,,,,,,
olafscholz_24-09-2021_00:00_image3.jpeg,,,,,,,,
olafscholz_24-09-2021_00:00_image3.jpeg,,,,,,,,
afd.bund_26-09-2021_00:00_video0.jpeg,,,,,,,,
fw_bayern_24-09-2021_00:00_image4.jpeg,,,,,,,,
fw_bayern_24-09-2021_00:00_image4.jpeg,,,,,,,,
fw_bayern_24-09-2021_00:00_image4.jpeg,,,,,,,,
cdu_25-09-2021_00:00_video1.jpeg,,,,,,,,
cdu_25-09-2021_00:00_video1.jpeg,,,,,,,,
cdu_25-09-2021_00:00_video1.jpeg,Markus Söder,Markus Söder,,,,,,
cdu_25-09-2021_00:00_video1.jpeg,,,,,,,,
cdu_25-09-2021_00:00_video1.jpeg,,,,,,,,
cdu_25-09-2021_00:00_video1.jpeg,,,,,,,,
nicola_beer_26-09-2021_00:00_video1.jpeg,,,,,,,,
nicola_beer_26-09-2021_00:00_video1.jpeg,Nicola Beer,Nicola Beer,,,,,,
nicola_beer_26-09-2021_00:00_video1.jpeg,,,,,,,,
susanne_hennig_wellsow_16-09-2021_00:00_video4.jpeg,,,,,,,,
susanne_hennig_wellsow_16-09-2021_00:00_video4.jpeg,Susanne Hennig-Wellsow,Susanne Hennig-Wellsow,,,,,,
susanne_hennig_wellsow_16-09-2021_00:00_video4.jpeg,,,,,,,,
die_gruenen_13-09-2021_00:00_video8.jpeg,,,,,,,,
die_gruenen_13-09-2021_00:00_video8.jpeg,,,,,,,,
die_gruenen_13-09-2021_00:00_video8.jpeg,,,,,,,,
markus.soeder_16-09-2021_00:00_video3.jpeg,,,,,,,,
markus.soeder_16-09-2021_00:00_video3.jpeg,Markus Söder,Markus Söder,,,,,,
markus.soeder_16-09-2021_00:00_video3.jpeg,,,,,,,,
markus.soeder_16-09-2021_00:00_video3.jpeg,,Markus Söder,,,,,,
nicola_beer_24-09-2021_00:00_image2.jpeg,,,,,,,,
nicola_beer_24-09-2021_00:00_image2.jpeg,,,,,,,,
nicola_beer_24-09-2021_00:00_image2.jpeg,,,,,,,,
nicola_beer_24-09-2021_00:00_image2.jpeg,,,,,,,,
nicola_beer_24-09-2021_00:00_image2.jpeg,Nicola Beer,Nicola Beer,,,,,,
nicola_beer_24-09-2021_00:00_image2.jpeg,,,,,,,,
nicola_beer_24-09-2021_00:00_image2.jpeg,,,,,,,,
nicola_beer_24-09-2021_00:00_image2.jpeg,,,,,,,,
nicola_beer_24-09-2021_00:00_image2.jpeg,,,,,,,,
nicola_beer_24-09-2021_00:00_image2.jpeg,,,,,,,,
nicola_beer_24-09-2021_00:00_image2.jpeg,,,,,,,,
spdde_26-09-2021_00:00_video14.jpeg,,,,,,,,
spdde_26-09-2021_00:00_video14.jpeg,Saskia Esken,Saskia Esken,,,,,,
olafscholz_13-09-2021_00:00_video0.jpeg,,,,,,,,
olafscholz_13-09-2021_00:00_video0.jpeg,,,,,,,,
olafscholz_13-09-2021_00:00_video0.jpeg,,,,,,,,
olafscholz_13-09-2021_00:00_video0.jpeg,,,,,,,,
olafscholz_13-09-2021_00:00_video0.jpeg,,,,,,,,
nicola_beer_20-09-2021_00:00_video12.jpeg,,,,,,,,
nicola_beer_20-09-2021_00:00_video12.jpeg,,,,,,,,
nicola_beer_20-09-2021_00:00_video12.jpeg,,,,,,,,
nicola_beer_20-09-2021_00:00_video12.jpeg,,,,,,,,
nicola_beer_20-09-2021_00:00_video12.jpeg,,Nicola Beer,,,,,,
nicola_beer_20-09-2021_00:00_video12.jpeg,Christian Lindner,,,,,,,
nicola_beer_20-09-2021_00:00_video12.jpeg,,Christian Lindner,,,,,,
nicola_beer_20-09-2021_00:00_video12.jpeg,,,,,,,,
nicola_beer_20-09-2021_00:00_video12.jpeg,,,,,,,,
nicola_beer_20-09-2021_00:00_video12.jpeg,,,,,,,,
nicola_beer_20-09-2021_00:00_video12.jpeg,,,,,,,,
nicola_beer_20-09-2021_00:00_video12.jpeg,,,,,,,,
nicola_beer_20-09-2021_00:00_video12.jpeg,,,,,,,,
abaerbock_18-09-2021_00:00_video1.jpeg,,,,,,,,
abaerbock_18-09-2021_00:00_video1.jpeg,,,,,,,,
abaerbock_18-09-2021_00:00_video1.jpeg,,,,,,,,
abaerbock_18-09-2021_00:00_video1.jpeg,,,,,,,,
robert.habeck_24-09-2021_00:00_video1.jpeg,,,,,,,,
robert.habeck_24-09-2021_00:00_video1.jpeg,Robert Habeck,Robert Habeck,,,,,,
robert.habeck_24-09-2021_00:00_video1.jpeg,,,,,,,,
robert.habeck_24-09-2021_00:00_video1.jpeg,,,,,,,,
robert.habeck_24-09-2021_00:00_video1.jpeg,,,,,,,,
robert.habeck_24-09-2021_00:00_video1.jpeg,,,,,,,,
robert.habeck_24-09-2021_00:00_video1.jpeg,,,,,,,,
robert.habeck_24-09-2021_00:00_video1.jpeg,,,,,,,,
robert.habeck_24-09-2021_00:00_video1.jpeg,,,,,,,,
robert.habeck_24-09-2021_00:00_video1.jpeg,,,,,,,,
robert.habeck_24-09-2021_00:00_video1.jpeg,,,,,,,,
robert.habeck_24-09-2021_00:00_video1.jpeg,,,,,,,,
robert.habeck_24-09-2021_00:00_video1.jpeg,,,,,,,,
susanne_hennig_wellsow_24-09-2021_00:00_video0.jpeg,,,,,,,,
fw_bayern_25-09-2021_00:00_image2.jpeg,,,,,,,,
fw_bayern_25-09-2021_00:00_image2.jpeg,,,,,,,,
fw_bayern_25-09-2021_00:00_image2.jpeg,,,,,,,,
fw_bayern_25-09-2021_00:00_image2.jpeg,,,,,,,,
fdp_20-09-2021_00:00_image4.jpeg,,,,,,,,
fdp_20-09-2021_00:00_image4.jpeg,Nicola Beer,Nicola Beer,,,,,,
fdp_20-09-2021_00:00_image4.jpeg,,,,,,,,
fdp_20-09-2021_00:00_image4.jpeg,Nicola Beer,Nicola Beer,,,,,,
olafscholz_24-09-2021_00:00_video1.jpeg,,,,,,,,
olafscholz_24-09-2021_00:00_video1.jpeg,,,,,,,,
olafscholz_24-09-2021_00:00_video1.jpeg,Olaf Scholz,Olaf Scholz,,,,,,
nicola_beer_21-09-2021_00:00_image0.jpeg,,,,,,,,
nicola_beer_21-09-2021_00:00_image0.jpeg,Nicola Beer,Nicola Beer,,,,,,
nicola_beer_21-09-2021_00:00_image0.jpeg,,,,,,,,
nicola_beer_21-09-2021_00:00_image0.jpeg,,,,,,,,
nicola_beer_21-09-2021_00:00_image0.jpeg,,,,,,,,
nicola_beer_21-09-2021_00:00_image0.jpeg,,,,,,,,
nicola_beer_21-09-2021_00:00_image0.jpeg,,,,,,,,
armin_laschet_25-09-2021_00:00_video14.jpeg,,,,,,,,
armin_laschet_25-09-2021_00:00_video14.jpeg,Armin Laschet,Armin Laschet,,,,,,
spdde_18-09-2021_00:00_video1.jpeg,,,,,,,,
armin_laschet_22-09-2021_00:00_video0.jpeg,,,,,,,,
armin_laschet_22-09-2021_00:00_video0.jpeg,Armin Laschet,Armin Laschet,,,,,,
armin_laschet_20-09-2021_00:00_video2.jpeg,,,,,,,,
armin_laschet_20-09-2021_00:00_video2.jpeg,Armin Laschet,Armin Laschet,,,,,,
armin_laschet_17-09-2021_00:00_video16.jpeg,,,,,,,,
armin_laschet_17-09-2021_00:00_video16.jpeg,Armin Laschet,,,,,,,
robert.habeck_21-09-2021_00:00_video1.jpeg,,,,,,,,
robert.habeck_21-09-2021_00:00_video1.jpeg,,,,,,,,
olafscholz_21-09-2021_00:00_image2.jpeg,,,,,,,,
olafscholz_21-09-2021_00:00_image2.jpeg,Olaf Scholz,Olaf Scholz,,,,,,
abaerbock_22-09-2021_00:00_video2.jpeg,,,,,,,,
abaerbock_22-09-2021_00:00_video2.jpeg,,,,,,,,
saskiaesken_13-09-2021_00:00_image1.jpeg,,,,,,,,
saskiaesken_13-09-2021_00:00_image1.jpeg,Olaf Scholz,Olaf Scholz,,,,,,
saskiaesken_13-09-2021_00:00_image1.jpeg,,,,,,,,
saskiaesken_13-09-2021_00:00_image1.jpeg,Armin Laschet,Armin Laschet,,,,,,
saskiaesken_13-09-2021_00:00_image1.jpeg,,,,,,,,
saskiaesken_13-09-2021_00:00_image1.jpeg,Annalena Baerbock,Annalena Baerbock,,,,,,
christlichsozialeunion_23-09-2021_00:00_image1.jpeg,,,,,,,,
christlichsozialeunion_23-09-2021_00:00_image1.jpeg,,,,,,,,
christlichsozialeunion_23-09-2021_00:00_image1.jpeg,Olaf Scholz,Olaf Scholz,,,,,,
armin_laschet_21-09-2021_00:00_video2.jpeg,,,,,,,,
armin_laschet_21-09-2021_00:00_video2.jpeg,Armin Laschet,Armin Laschet,,,,,,
robert.habeck_15-09-2021_00:00_image3.jpeg,,,,,,,,
robert.habeck_15-09-2021_00:00_image3.jpeg,,,,,,,,
robert.habeck_15-09-2021_00:00_image3.jpeg,,,,,,,,
robert.habeck_15-09-2021_00:00_image3.jpeg,,,,,,,,
robert.habeck_15-09-2021_00:00_image3.jpeg,,,,,,,,
robert.habeck_15-09-2021_00:00_image3.jpeg,,,,,,,,
robert.habeck_15-09-2021_00:00_image3.jpeg,,,,,,,,
robert.habeck_15-09-2021_00:00_image3.jpeg,,,,,,,,
robert.habeck_15-09-2021_00:00_image3.jpeg,,,,,,,,
robert.habeck_15-09-2021_00:00_image3.jpeg,,,,,,,,
robert.habeck_15-09-2021_00:00_image3.jpeg,,,,,,,,
robert.habeck_15-09-2021_00:00_image3.jpeg,,,,,,,,
robert.habeck_15-09-2021_00:00_image3.jpeg,,,,,,,,
robert.habeck_15-09-2021_00:00_image3.jpeg,,,,,,,,
spdde_23-09-2021_00:00_video3.jpeg,,,,,,,,
cdu_19-09-2021_00:00_image4.jpeg,,,,,,,,
cdu_19-09-2021_00:00_image4.jpeg,,,,,,,,
cdu_19-09-2021_00:00_image4.jpeg,,,,,,,,
cdu_19-09-2021_00:00_image4.jpeg,Armin Laschet,Armin Laschet,,,,,,
cdu_19-09-2021_00:00_image4.jpeg,,,,,,,,
cdu_19-09-2021_00:00_image4.jpeg,,,,,,,,
cdu_19-09-2021_00:00_image4.jpeg,,,,,,,,
cdu_19-09-2021_00:00_image4.jpeg,,,,,,,,
cdu_19-09-2021_00:00_image4.jpeg,,,,,,,,
cdu_19-09-2021_00:00_image4.jpeg,,,,,,,,
cdu_19-09-2021_00:00_image4.jpeg,,,,,,,,
cdu_19-09-2021_00:00_image4.jpeg,,,,,,,,
cdu_19-09-2021_00:00_image4.jpeg,,,,,,,,
cdu_19-09-2021_00:00_image4.jpeg,,,,,,,,
cdu_19-09-2021_00:00_image4.jpeg,,,,,,,,
cdu_19-09-2021_00:00_image4.jpeg,,,,,,,,
cdu_19-09-2021_00:00_image4.jpeg,,,,,,,,
cdu_19-09-2021_00:00_image4.jpeg,,,,,,,,
cdu_19-09-2021_00:00_image4.jpeg,,,,,,,,
cdu_19-09-2021_00:00_image4.jpeg,,,,,,,,
cdu_19-09-2021_00:00_image4.jpeg,,,,,,,,
cdu_19-09-2021_00:00_image4.jpeg,,,,,,,,
cdu_19-09-2021_00:00_image4.jpeg,,,,,,,,
fw_bayern_20-09-2021_00:00_video1.jpeg,,,,,,,,
markus.soeder_17-09-2021_00:00_image1.jpeg,,,,,,,,
markus.soeder_17-09-2021_00:00_image1.jpeg,Markus Söder,Markus Söder,,,,,,
markus.soeder_17-09-2021_00:00_image1.jpeg,,,,,,,,
markus.soeder_17-09-2021_00:00_image1.jpeg,Markus Söder,Markus Söder,,,,,,
armin_laschet_22-09-2021_00:00_video13.jpeg,,,,,,,,
spdde_26-09-2021_00:00_video9.jpeg,,,,,,,,
spdde_26-09-2021_00:00_video9.jpeg,,,,,,,,
spdde_26-09-2021_00:00_video9.jpeg,,,,,,,,
spdde_26-09-2021_00:00_video9.jpeg,,,,,,,,
spdde_26-09-2021_00:00_video9.jpeg,,,,,,,,
spdde_26-09-2021_00:00_video9.jpeg,,,,,,,,
spdde_26-09-2021_00:00_video9.jpeg,,,,,,,,
spdde_26-09-2021_00:00_video9.jpeg,Olaf Scholz,,,,,,,
armin_laschet_22-09-2021_00:00_image5.jpeg,,,,,,,,
armin_laschet_22-09-2021_00:00_image5.jpeg,,,,,,,,
armin_laschet_22-09-2021_00:00_image5.jpeg,,,,,,,,
armin_laschet_22-09-2021_00:00_image5.jpeg,,,,,,,,
armin_laschet_22-09-2021_00:00_image5.jpeg,,,,,,,,
armin_laschet_22-09-2021_00:00_image5.jpeg,,,,,,,,
afd.bund_24-09-2021_00:00_image0.jpeg,,,,,,,,
afd.bund_24-09-2021_00:00_image0.jpeg,,,,,,,,
afd.bund_24-09-2021_00:00_image0.jpeg,Jörg Meuthen,Jörg Meuthen,,,,,,
afd.bund_24-09-2021_00:00_image0.jpeg,,,,,,,,
afd.bund_24-09-2021_00:00_image0.jpeg,,,,,,,,
afd.bund_24-09-2021_00:00_image0.jpeg,,,,,,,,
afd.bund_24-09-2021_00:00_image0.jpeg,,,,,,,,
afd.bund_24-09-2021_00:00_image0.jpeg,,,,,,,,
afd.bund_24-09-2021_00:00_image0.jpeg,,,,,,,,
afd.bund_24-09-2021_00:00_image0.jpeg,,,,,,,,
afd.bund_24-09-2021_00:00_image0.jpeg,,,,,,,,
afd.bund_24-09-2021_00:00_image0.jpeg,,,,,,,,
afd.bund_24-09-2021_00:00_image0.jpeg,,,,,,,,
abaerbock_22-09-2021_00:00_image4.jpeg,,,,,,,,
abaerbock_22-09-2021_00:00_image4.jpeg,,,,,,,,
abaerbock_22-09-2021_00:00_image4.jpeg,,,,,,,,
abaerbock_22-09-2021_00:00_image4.jpeg,,,,,,,,
abaerbock_22-09-2021_00:00_image4.jpeg,,,,,,,,
abaerbock_22-09-2021_00:00_image4.jpeg,,,,,,,,
joerg.meuthen_26-09-2021_00:00_image0.jpeg,,,,,,,,
joerg.meuthen_26-09-2021_00:00_image0.jpeg,Jörg Meuthen,Jörg Meuthen,,,,,,
joerg.meuthen_26-09-2021_00:00_image0.jpeg,,,,,,,,
joerg.meuthen_26-09-2021_00:00_image0.jpeg,,,,,,,,
joerg.meuthen_26-09-2021_00:00_image0.jpeg,,,,,,,,
joerg.meuthen_26-09-2021_00:00_image0.jpeg,,,,,,,,
joerg.meuthen_26-09-2021_00:00_image0.jpeg,,,,,,,,
joerg.meuthen_26-09-2021_00:00_image0.jpeg,,,,,,,,
armin_laschet_22-09-2021_00:00_video1.jpeg,,,,,,,,
armin_laschet_22-09-2021_00:00_video1.jpeg,Armin Laschet,Armin Laschet,,,,,,
cdu_17-09-2021_00:00_video2.jpeg,,,,,,,,
dielinke_21-09-2021_00:00_video0.jpeg,,,,,,,,
dielinke_21-09-2021_00:00_video0.jpeg,,,,,,,,
abaerbock_18-09-2021_00:00_image3.jpeg,,,,,,,,
abaerbock_18-09-2021_00:00_image3.jpeg,,,,,,,,
abaerbock_18-09-2021_00:00_image3.jpeg,,,,,,,,
cdu_16-09-2021_00:00_video25.jpeg,,,,,,,,
armin_laschet_22-09-2021_00:00_image1.jpeg,,,,,,,,
armin_laschet_22-09-2021_00:00_image1.jpeg,Armin Laschet,Armin Laschet,,,,,,
armin_laschet_22-09-2021_00:00_image1.jpeg,,,,,,,,
armin_laschet_14-09-2021_00:00_video1.jpeg,,,,,,,,
armin_laschet_14-09-2021_00:00_video1.jpeg,Armin Laschet,Armin Laschet,,,,,,
abaerbock_18-09-2021_00:00_image15.jpeg,,,,,,,,
abaerbock_18-09-2021_00:00_image15.jpeg,Annalena Baerbock,Annalena Baerbock,,,,,,
abaerbock_18-09-2021_00:00_image15.jpeg,,,,,,,,
abaerbock_18-09-2021_00:00_image15.jpeg,,,,,,,,
abaerbock_18-09-2021_00:00_image15.jpeg,,,,,,,,
abaerbock_18-09-2021_00:00_image15.jpeg,,,,,,,,
abaerbock_18-09-2021_00:00_image15.jpeg,,,,,,,,
abaerbock_18-09-2021_00:00_image15.jpeg,,,,,,,,
abaerbock_18-09-2021_00:00_image15.jpeg,,,,,,,,
abaerbock_18-09-2021_00:00_image15.jpeg,,,,,,,,
nicola_beer_22-09-2021_00:00_video6.jpeg,,,,,,,,
markus.soeder_25-09-2021_00:00_video0.jpeg,,,,,,,,
markus.soeder_25-09-2021_00:00_video0.jpeg,Armin Laschet,Markus Söder,,,,,,
armin_laschet_17-09-2021_00:00_image0.jpeg,,,,,,,,
armin_laschet_17-09-2021_00:00_image0.jpeg,Armin Laschet,Armin Laschet,,,,,,
cdu_18-09-2021_00:00_image2.jpeg,,,,,,,,
cdu_18-09-2021_00:00_image2.jpeg,,,,,,,,
cdu_18-09-2021_00:00_image2.jpeg,,,,,,,,
cdu_18-09-2021_00:00_image2.jpeg,Armin Laschet,Armin Laschet,,,,,,
cdu_18-09-2021_00:00_image2.jpeg,,,,,,,,
cdu_18-09-2021_00:00_image2.jpeg,Armin Laschet,Armin Laschet,,,,,,
christlichsozialeunion_16-09-2021_00:00_video16.jpeg,,,,,,,,
christlichsozialeunion_16-09-2021_00:00_video16.jpeg,,,,,,,,
christlichsozialeunion_16-09-2021_00:00_video16.jpeg,,,,,,,,
christlichsozialeunion_16-09-2021_00:00_video16.jpeg,,,,,,,,
christlichsozialeunion_16-09-2021_00:00_video16.jpeg,,,,,,,,
christlichsozialeunion_16-09-2021_00:00_video16.jpeg,Markus Söder,Markus Söder,,,,,,
christlichsozialeunion_16-09-2021_00:00_video16.jpeg,,,,,,,,
christlichsozialeunion_16-09-2021_00:00_video16.jpeg,,,,,,,,
grey_gor_26-09-2021_00:00_video1.jpeg,,,,,,,,
grey_gor_26-09-2021_00:00_video1.jpeg,,,,,,,,
grey_gor_26-09-2021_00:00_video1.jpeg,,,,,,,,
grey_gor_26-09-2021_00:00_video1.jpeg,Gregor Voht,Gregor Voht,,,,,,
grey_gor_26-09-2021_00:00_video1.jpeg,,,,,,,,
grey_gor_26-09-2021_00:00_video1.jpeg,,,,,,,,
fw_bayern_17-09-2021_00:00_video4.jpeg,,,,,,,,
fw_bayern_17-09-2021_00:00_video4.jpeg,,,,,,,,
fw_bayern_17-09-2021_00:00_video4.jpeg,,,,,,,,
abaerbock_18-09-2021_00:00_image1.jpeg,,,,,,,,
abaerbock_18-09-2021_00:00_image1.jpeg,,,,,,,,
abaerbock_18-09-2021_00:00_image1.jpeg,,,,,,,,
abaerbock_18-09-2021_00:00_image1.jpeg,,,,,,,,
abaerbock_18-09-2021_00:00_image1.jpeg,,,,,,,,
abaerbock_18-09-2021_00:00_image1.jpeg,,,,,,,,
abaerbock_18-09-2021_00:00_image1.jpeg,,,,,,,,
abaerbock_18-09-2021_00:00_image1.jpeg,,,,,,,,
abaerbock_18-09-2021_00:00_image1.jpeg,,,,,,,,
abaerbock_18-09-2021_00:00_image1.jpeg,,,,,,,,
abaerbock_18-09-2021_00:00_image1.jpeg,,,,,,,,
abaerbock_18-09-2021_00:00_image1.jpeg,,,,,,,,
abaerbock_18-09-2021_00:00_image1.jpeg,,,,,,,,
abaerbock_18-09-2021_00:00_image1.jpeg,,,,,,,,
abaerbock_18-09-2021_00:00_image1.jpeg,,,,,,,,
abaerbock_18-09-2021_00:00_image1.jpeg,,,,,,,,
abaerbock_13-09-2021_00:00_image5.jpeg,,,,,,,,
abaerbock_13-09-2021_00:00_image5.jpeg,Annalena Baerbock,Annalena Baerbock,,,,,,
abaerbock_13-09-2021_00:00_image5.jpeg,,,,,,,,
fdp_20-09-2021_00:00_image8.jpeg,,,,,,,,
fdp_20-09-2021_00:00_image8.jpeg,,,,,,,,
fdp_20-09-2021_00:00_image8.jpeg,,,,,,,,
die_gruenen_20-09-2021_00:00_image5.jpeg,,,,,,,,
die_gruenen_20-09-2021_00:00_image5.jpeg,Annalena Baerbock,Annalena Baerbock,,,,,,
afd.bund_25-09-2021_00:00_video6.jpeg,,,,,,,,
afd.bund_25-09-2021_00:00_video6.jpeg,,,,,,,,
abaerbock_17-09-2021_00:00_video7.jpeg,,,,,,,,
abaerbock_17-09-2021_00:00_video7.jpeg,Annalena Baerbock,Annalena Baerbock,,,,,,
abaerbock_17-09-2021_00:00_video7.jpeg,,,,,,,,
abaerbock_17-09-2021_00:00_video7.jpeg,,,,,,,,
abaerbock_17-09-2021_00:00_video7.jpeg,,,,,,,,
abaerbock_21-09-2021_00:00_image1.jpeg,,,,,,,,
abaerbock_14-09-2021_00:00_image8.jpeg,,,,,,,,
afd.bund_26-09-2021_00:00_image0.jpeg,,,,,,,,
afd.bund_26-09-2021_00:00_image0.jpeg,,,,,,,,
afd.bund_26-09-2021_00:00_image0.jpeg,,,,,,,,
afd.bund_26-09-2021_00:00_image0.jpeg,,,,,,,,
afd.bund_26-09-2021_00:00_image0.jpeg,Alice Weidel,Alice Weidel,,,,,,
afd.bund_26-09-2021_00:00_image0.jpeg,,,,,,,,
afd.bund_26-09-2021_00:00_image0.jpeg,,,,,,,,
afd.bund_26-09-2021_00:00_image0.jpeg,,,,,,,,
afd.bund_26-09-2021_00:00_image0.jpeg,Jörg Meuthen,,,,,,,
nicola_beer_22-09-2021_00:00_video7.jpeg,,,,,,,,
nicola_beer_22-09-2021_00:00_video7.jpeg,Nicola Beer,Nicola Beer,,,,,,
nicola_beer_22-09-2021_00:00_video7.jpeg,,,,,,,,
fw_bayern_24-09-2021_00:00_image1.jpeg,,,,,,,,
fw_bayern_24-09-2021_00:00_image1.jpeg,,,,,,,,
fw_bayern_24-09-2021_00:00_image1.jpeg,,,,,,,,
fw_bayern_24-09-2021_00:00_image1.jpeg,,,,,,,,
fw_bayern_24-09-2021_00:00_image1.jpeg,,,,,,,,
fw_bayern_24-09-2021_00:00_image1.jpeg,,,,,,,,
fw_bayern_24-09-2021_00:00_image1.jpeg,,,,,,,,
fw_bayern_24-09-2021_00:00_image1.jpeg,,,,,,,,
nicola_beer_22-09-2021_00:00_image6.jpeg,,,,,,,,
nicola_beer_22-09-2021_00:00_image6.jpeg,Saskia Esken,Nicola Beer,,,,,,
nicola_beer_22-09-2021_00:00_image6.jpeg,,,,,,,,
nicola_beer_22-09-2021_00:00_image6.jpeg,,,,,,,,
olafscholz_17-09-2021_00:00_video3.jpeg,,,,,,,,
olafscholz_17-09-2021_00:00_video3.jpeg,,,,,,,,
olafscholz_17-09-2021_00:00_video3.jpeg,,,,,,,,
christianlindner_20-09-2021_00:00_image3.jpeg,,,,,,,,
christianlindner_20-09-2021_00:00_image3.jpeg,,,,,,,,
christianlindner_20-09-2021_00:00_image3.jpeg,Christian Lindner,Christian Lindner,,,,,,
christianlindner_20-09-2021_00:00_image3.jpeg,,,,,,,,
christianlindner_20-09-2021_00:00_image3.jpeg,,,,,,,,
christianlindner_20-09-2021_00:00_image3.jpeg,,,,,,,,
christianlindner_20-09-2021_00:00_image3.jpeg,,,,,,,,
robert.habeck_16-09-2021_00:00_image0.jpeg,,,,,,,,
robert.habeck_16-09-2021_00:00_image0.jpeg,Robert Habeck,Robert Habeck,,,,,,
robert.habeck_16-09-2021_00:00_image0.jpeg,,,,,,,,
robert.habeck_16-09-2021_00:00_image0.jpeg,,,,,,,,
die_gruenen_25-09-2021_00:00_video37.jpeg,,,,,,,,
die_gruenen_25-09-2021_00:00_video37.jpeg,,,,,,,,
die_gruenen_25-09-2021_00:00_video37.jpeg,,,,,,,,
die_gruenen_25-09-2021_00:00_video37.jpeg,,,,,,,,
olafscholz_18-09-2021_00:00_video4.jpeg,,,,,,,,
olafscholz_18-09-2021_00:00_video4.jpeg,,,,,,,,
cdu_20-09-2021_00:00_video24.jpeg,,,,,,,,
cdu_20-09-2021_00:00_video24.jpeg,,,,,,,,
cdu_20-09-2021_00:00_video24.jpeg,,,,,,,,
cdu_17-09-2021_00:00_video3.jpeg,,,,,,,,
cdu_17-09-2021_00:00_video3.jpeg,,,,,,,,
cdu_17-09-2021_00:00_video3.jpeg,,,,,,,,
cdu_17-09-2021_00:00_video3.jpeg,,,,,,,,
cdu_17-09-2021_00:00_video3.jpeg,,,,,,,,
christlichsozialeunion_18-09-2021_00:00_image0.jpeg,,,,,,,,
christlichsozialeunion_18-09-2021_00:00_image0.jpeg,Markus Söder,Markus Söder,,,,,,
christlichsozialeunion_18-09-2021_00:00_image0.jpeg,,,,,,,,
christlichsozialeunion_18-09-2021_00:00_image0.jpeg,,,,,,,,
die_gruenen_13-09-2021_00:00_video10.jpeg,,,,,,,,
die_gruenen_13-09-2021_00:00_video10.jpeg,,,,,,,,
die_gruenen_13-09-2021_00:00_video10.jpeg,,,,,,,,
christlichsozialeunion_25-09-2021_00:00_video0.jpeg,,,,,,,,
christlichsozialeunion_25-09-2021_00:00_video0.jpeg,,,,,,,,
christlichsozialeunion_25-09-2021_00:00_video0.jpeg,Markus Söder,Markus Söder,,,,,,
christlichsozialeunion_25-09-2021_00:00_video0.jpeg,,,,,,,,
christlichsozialeunion_25-09-2021_00:00_video0.jpeg,Armin Laschet,Armin Laschet,,,,,,
afd.bund_18-09-2021_00:00_image2.jpeg,,,,,,,,
afd.bund_18-09-2021_00:00_image2.jpeg,,,,,,,,
afd.bund_18-09-2021_00:00_image2.jpeg,,,,,,,,
abaerbock_23-09-2021_00:00_image5.jpeg,,,,,,,,
abaerbock_23-09-2021_00:00_image5.jpeg,,,,,,,,
abaerbock_23-09-2021_00:00_image5.jpeg,,,,,,,,
abaerbock_23-09-2021_00:00_image5.jpeg,,,,,,,,
abaerbock_23-09-2021_00:00_image5.jpeg,,,,,,,,
abaerbock_23-09-2021_00:00_image5.jpeg,,,,,,,,
abaerbock_23-09-2021_00:00_image5.jpeg,,,,,,,,
abaerbock_23-09-2021_00:00_image5.jpeg,,,,,,,,
abaerbock_23-09-2021_00:00_image5.jpeg,,,,,,,,
abaerbock_23-09-2021_00:00_image5.jpeg,,,,,,,,
abaerbock_23-09-2021_00:00_image5.jpeg,,,,,,,,
abaerbock_23-09-2021_00:00_image5.jpeg,,,,,,,,
abaerbock_23-09-2021_00:00_image5.jpeg,,,,,,,,
abaerbock_23-09-2021_00:00_image5.jpeg,,,,,,,,
abaerbock_23-09-2021_00:00_image5.jpeg,,,,,,,,
abaerbock_23-09-2021_00:00_image5.jpeg,,,,,,,,
abaerbock_23-09-2021_00:00_image5.jpeg,,,,,,,,
abaerbock_23-09-2021_00:00_image5.jpeg,,,,,,,,
abaerbock_23-09-2021_00:00_image5.jpeg,,,,,,,,
abaerbock_23-09-2021_00:00_image5.jpeg,,,,,,,,
abaerbock_23-09-2021_00:00_image5.jpeg,,,,,,,,
abaerbock_23-09-2021_00:00_image5.jpeg,,,,,,,,
abaerbock_23-09-2021_00:00_image5.jpeg,,,,,,,,
abaerbock_23-09-2021_00:00_image5.jpeg,,,,,,,,
abaerbock_23-09-2021_00:00_image5.jpeg,,,,,,,,
abaerbock_23-09-2021_00:00_image5.jpeg,,,,,,,,
abaerbock_23-09-2021_00:00_image5.jpeg,,,,,,,,
abaerbock_23-09-2021_00:00_image5.jpeg,,,,,,,,
abaerbock_23-09-2021_00:00_image5.jpeg,,,,,,,,
abaerbock_23-09-2021_00:00_image5.jpeg,,,,,,,,
fw_bayern_22-09-2021_00:00_video2.jpeg,,,,,,,,
fw_bayern_22-09-2021_00:00_video2.jpeg,,,,,,,,
cdu_17-09-2021_00:00_image0.jpeg,,,,,,,,
cdu_17-09-2021_00:00_image0.jpeg,,,,,,,,
cdu_17-09-2021_00:00_image0.jpeg,,,,,,,,
cdu_17-09-2021_00:00_image0.jpeg,Armin Laschet,Armin Laschet,,,,,,
cdu_17-09-2021_00:00_image0.jpeg,,,,,,,,
armin_laschet_26-09-2021_00:00_video5.jpeg,,,,,,,,
armin_laschet_26-09-2021_00:00_video5.jpeg,,,,,,,,
armin_laschet_26-09-2021_00:00_video5.jpeg,,,,,,,,
armin_laschet_26-09-2021_00:00_video5.jpeg,,,,,,,,
armin_laschet_26-09-2021_00:00_video5.jpeg,,,,,,,,
armin_laschet_26-09-2021_00:00_video5.jpeg,,,,,,,,
armin_laschet_26-09-2021_00:00_video5.jpeg,,,,,,,,
armin_laschet_26-09-2021_00:00_video5.jpeg,,,,,,,,
armin_laschet_26-09-2021_00:00_video5.jpeg,,,,,,,,
armin_laschet_26-09-2021_00:00_video5.jpeg,,,,,,,,
armin_laschet_26-09-2021_00:00_video5.jpeg,Armin Laschet,,,,,,,
armin_laschet_26-09-2021_00:00_video5.jpeg,,,,,,,,
armin_laschet_26-09-2021_00:00_video5.jpeg,,,,,,,,
armin_laschet_26-09-2021_00:00_video5.jpeg,,,,,,,,
armin_laschet_26-09-2021_00:00_video5.jpeg,,,,,,,,
armin_laschet_26-09-2021_00:00_video5.jpeg,,,,,,,,
armin_laschet_26-09-2021_00:00_video5.jpeg,,,,,,,,
armin_laschet_26-09-2021_00:00_video5.jpeg,,,,,,,,
armin_laschet_26-09-2021_00:00_video5.jpeg,,,,,,,,
die_gruenen_25-09-2021_00:00_video29.jpeg,,,,,,,,
die_gruenen_25-09-2021_00:00_video29.jpeg,Annalena Baerbock,Annalena Baerbock,,,,,,
die_gruenen_25-09-2021_00:00_video29.jpeg,,,,,,,,
die_gruenen_25-09-2021_00:00_video29.jpeg,,,,,,,,
die_gruenen_25-09-2021_00:00_video29.jpeg,,,,,,,,
die_gruenen_25-09-2021_00:00_video29.jpeg,,,,,,,,
die_gruenen_25-09-2021_00:00_video29.jpeg,,,,,,,,
die_gruenen_25-09-2021_00:00_video29.jpeg,,,,,,,,
die_gruenen_25-09-2021_00:00_video29.jpeg,,,,,,,,
die_gruenen_25-09-2021_00:00_video29.jpeg,,,,,,,,
die_gruenen_25-09-2021_00:00_video29.jpeg,,,,,,,,
cdu_14-09-2021_00:00_video3.jpeg,,,,,,,,
spdde_14-09-2021_00:00_image1.jpeg,,,,,,,,
spdde_14-09-2021_00:00_image1.jpeg,Olaf Scholz,Olaf Scholz,,,,,,
susanne_hennig_wellsow_21-09-2021_00:00_video3.jpeg,,,,,,,,
susanne_hennig_wellsow_21-09-2021_00:00_video3.jpeg,,,,,,,,
susanne_hennig_wellsow_21-09-2021_00:00_video3.jpeg,,,,,,,,
susanne_hennig_wellsow_21-09-2021_00:00_video3.jpeg,Susanne Hennig-Wellsow,Susanne Hennig-Wellsow,,,,,,
susanne_hennig_wellsow_21-09-2021_00:00_video3.jpeg,,,,,,,,
susanne_hennig_wellsow_21-09-2021_00:00_video3.jpeg,,,,,,,,
abaerbock_26-09-2021_00:00_image2.jpeg,,,,,,,,
abaerbock_26-09-2021_00:00_image2.jpeg,,,,,,,,
abaerbock_26-09-2021_00:00_image2.jpeg,,,,,,,,
saskiaesken_25-09-2021_00:00_image3.jpeg,,,,,,,,
saskiaesken_25-09-2021_00:00_image3.jpeg,,,,,,,,
saskiaesken_25-09-2021_00:00_image3.jpeg,Saskia Esken,Saskia Esken,,,,,,
saskiaesken_25-09-2021_00:00_image3.jpeg,,,,,,,,
fw_bayern_24-09-2021_00:00_video0.jpeg,,,,,,,,
fw_bayern_24-09-2021_00:00_video0.jpeg,,,,,,,,
fw_bayern_24-09-2021_00:00_video0.jpeg,,,,,,,,
robert.habeck_18-09-2021_00:00_image12.jpeg,,,,,,,,
robert.habeck_18-09-2021_00:00_image12.jpeg,,,,,,,,
robert.habeck_18-09-2021_00:00_image12.jpeg,,,,,,,,
cdu_25-09-2021_00:00_video0.jpeg,,,,,,,,
cdu_25-09-2021_00:00_video0.jpeg,,,,,,,,
robert.habeck_17-09-2021_00:00_video8.jpeg,,,,,,,,
robert.habeck_17-09-2021_00:00_video8.jpeg,,,,,,,,
olafscholz_25-09-2021_00:00_video4.jpeg,,,,,,,,
olafscholz_25-09-2021_00:00_video4.jpeg,Olaf Scholz,Olaf Scholz,,,,,,
olafscholz_25-09-2021_00:00_video4.jpeg,,,,,,,,
olafscholz_20-09-2021_00:00_video8.jpeg,,,,,,,,
olafscholz_20-09-2021_00:00_video8.jpeg,,,,,,,,
olafscholz_20-09-2021_00:00_video8.jpeg,Olaf Scholz,Olaf Scholz,,,,,,
olafscholz_20-09-2021_00:00_video8.jpeg,,,,,,,,
olafscholz_25-09-2021_00:00_video3.jpeg,,,,,,,,
olafscholz_25-09-2021_00:00_video3.jpeg,Olaf Scholz,Olaf Scholz,,,,,,
nicola_beer_22-09-2021_00:00_image0.jpeg,,,,,,,,
nicola_beer_22-09-2021_00:00_image0.jpeg,,,,,,,,
nicola_beer_22-09-2021_00:00_image0.jpeg,Nicola Beer,Nicola Beer,,,,,,
nicola_beer_22-09-2021_00:00_image0.jpeg,,,,,,,,
nicola_beer_22-09-2021_00:00_image0.jpeg,,,,,,,,
nicola_beer_22-09-2021_00:00_image0.jpeg,,,,,,,,
cdu_22-09-2021_00:00_video9.jpeg,,,,,,,,
cdu_22-09-2021_00:00_video9.jpeg,Armin Laschet,Armin Laschet,,,,,,
cdu_22-09-2021_00:00_video9.jpeg,,,,,,,,
olafscholz_22-09-2021_00:00_video10.jpeg,,,,,,,,
olafscholz_22-09-2021_00:00_video10.jpeg,Olaf Scholz,Olaf Scholz,,,,,,
olafscholz_22-09-2021_00:00_video10.jpeg,,,,,,,,
cdu_20-09-2021_00:00_video27.jpeg,,,,,,,,
cdu_20-09-2021_00:00_video27.jpeg,,,,,,,,
cdu_20-09-2021_00:00_video27.jpeg,,,,,,,,
christianlindner_25-09-2021_00:00_image0.jpeg,,,,,,,,
christianlindner_25-09-2021_00:00_image0.jpeg,Christian Lindner,Christian Lindner,,,,,,
abaerbock_26-09-2021_00:00_image3.jpeg,,,,,,,,
abaerbock_26-09-2021_00:00_image3.jpeg,,,,,,,,
abaerbock_26-09-2021_00:00_image3.jpeg,Annalena Baerbock,Annalena Baerbock,,,,,,
abaerbock_26-09-2021_00:00_image3.jpeg,,,,,,,,
abaerbock_26-09-2021_00:00_image3.jpeg,,,,,,,,
abaerbock_26-09-2021_00:00_image3.jpeg,,,,,,,,
abaerbock_26-09-2021_00:00_image3.jpeg,,,,,,,,
abaerbock_26-09-2021_00:00_image3.jpeg,,,,,,,,
abaerbock_26-09-2021_00:00_image3.jpeg,,,,,,,,
abaerbock_26-09-2021_00:00_image3.jpeg,,,,,,,,
nicola_beer_20-09-2021_00:00_video10.jpeg,,,,,,,,
nicola_beer_20-09-2021_00:00_video10.jpeg,,,,,,,,
nicola_beer_20-09-2021_00:00_video10.jpeg,,,,,,,,
nicola_beer_20-09-2021_00:00_video10.jpeg,,,,,,,,
die_gruenen_25-09-2021_00:00_video43.jpeg,,,,,,,,
die_gruenen_25-09-2021_00:00_video43.jpeg,Robert Habeck,Robert Habeck,,,,,,
olafscholz_25-09-2021_00:00_image2.jpeg,,,,,,,,
olafscholz_25-09-2021_00:00_image2.jpeg,Olaf Scholz,Olaf Scholz,,,,,,
olafscholz_25-09-2021_00:00_image2.jpeg,,,,,,,,
christlichsozialeunion_25-09-2021_00:00_video5.jpeg,,,,,,,,
cdu_22-09-2021_00:00_video3.jpeg,,,,,,,,
cdu_22-09-2021_00:00_video3.jpeg,,,,,,,,
cdu_22-09-2021_00:00_video3.jpeg,Armin Laschet,Armin Laschet,,,,,,
cdu_22-09-2021_00:00_video3.jpeg,,,,,,,,
cdu_22-09-2021_00:00_video3.jpeg,,,,,,,,
robert.habeck_25-09-2021_00:00_video4.jpeg,,,,,,,,
robert.habeck_25-09-2021_00:00_video4.jpeg,Robert Habeck,Robert Habeck,,,,,,
cdu_20-09-2021_00:00_video2.jpeg,,,,,,,,
nicola_beer_20-09-2021_00:00_video7.jpeg,,,,,,,,
nicola_beer_20-09-2021_00:00_video7.jpeg,Nicola Beer,Nicola Beer,,,,,,
nicola_beer_20-09-2021_00:00_video7.jpeg,,,,,,,,
nicola_beer_20-09-2021_00:00_video7.jpeg,,,,,,,,
nicola_beer_20-09-2021_00:00_video7.jpeg,,,,,,,,
nicola_beer_24-09-2021_00:00_video2.jpeg,,,,,,,,
nicola_beer_24-09-2021_00:00_video2.jpeg,Nicola Beer,Nicola Beer,,,,,,
nicola_beer_24-09-2021_00:00_video2.jpeg,,,,,,,,
nicola_beer_24-09-2021_00:00_video2.jpeg,,,,,,,,
nicola_beer_24-09-2021_00:00_video2.jpeg,,,,,,,,
nicola_beer_24-09-2021_00:00_video2.jpeg,,,,,,,,
die_gruenen_17-09-2021_00:00_video3.jpeg,,,,,,,,
cdu_18-09-2021_00:00_video2.jpeg,,,,,,,,
cdu_18-09-2021_00:00_video2.jpeg,,,,,,,,
cdu_18-09-2021_00:00_video2.jpeg,,,,,,,,
cdu_18-09-2021_00:00_video2.jpeg,Armin Laschet,Armin Laschet,,,,,,
cdu_18-09-2021_00:00_video2.jpeg,,,,,,,,
cdu_18-09-2021_00:00_video2.jpeg,,,,,,,,
spdde_13-09-2021_00:00_video0.jpeg,,,,,,,,
spdde_13-09-2021_00:00_video0.jpeg,Saskia Esken,Saskia Esken,,,,,,
spdde_13-09-2021_00:00_video0.jpeg,,,,,,,,
spdde_13-09-2021_00:00_video0.jpeg,,,,,,,,
spdde_13-09-2021_00:00_video0.jpeg,,,,,,,,
cdu_22-09-2021_00:00_video10.jpeg,,,,,,,,
cdu_22-09-2021_00:00_video10.jpeg,Armin Laschet,Armin Laschet,,,,,,
cdu_22-09-2021_00:00_video10.jpeg,,,,,,,,
abaerbock_22-09-2021_00:00_image5.jpeg,,,,,,,,
abaerbock_22-09-2021_00:00_image5.jpeg,Annalena Baerbock,Annalena Baerbock,,,,,,
abaerbock_22-09-2021_00:00_image5.jpeg,,,,,,,,
abaerbock_22-09-2021_00:00_image5.jpeg,,,,,,,,
abaerbock_22-09-2021_00:00_image5.jpeg,,,,,,,,
robert.habeck_21-09-2021_00:00_image9.jpeg,,,,,,,,
robert.habeck_21-09-2021_00:00_image9.jpeg,,,,,,,,
robert.habeck_21-09-2021_00:00_image9.jpeg,,,,,,,,
robert.habeck_21-09-2021_00:00_image9.jpeg,,,,,,,,
robert.habeck_21-09-2021_00:00_image9.jpeg,,,,,,,,
robert.habeck_21-09-2021_00:00_image9.jpeg,,,,,,,,
robert.habeck_21-09-2021_00:00_image9.jpeg,,,,,,,,
robert.habeck_21-09-2021_00:00_image9.jpeg,,,,,,,,
robert.habeck_21-09-2021_00:00_image9.jpeg,,,,,,,,
robert.habeck_21-09-2021_00:00_image9.jpeg,,,,,,,,
robert.habeck_21-09-2021_00:00_image9.jpeg,,,,,,,,
robert.habeck_21-09-2021_00:00_image9.jpeg,,,,,,,,
robert.habeck_21-09-2021_00:00_image9.jpeg,,,,,,,,
robert.habeck_21-09-2021_00:00_image9.jpeg,,,,,,,,
robert.habeck_21-09-2021_00:00_image9.jpeg,,,,,,,,
robert.habeck_21-09-2021_00:00_image9.jpeg,,,,,,,,
robert.habeck_21-09-2021_00:00_image9.jpeg,,,,,,,,
robert.habeck_21-09-2021_00:00_image9.jpeg,,,,,,,,
robert.habeck_21-09-2021_00:00_image9.jpeg,,,,,,,,
robert.habeck_21-09-2021_00:00_image9.jpeg,,,,,,,,
robert.habeck_21-09-2021_00:00_image9.jpeg,,,,,,,,
robert.habeck_21-09-2021_00:00_image9.jpeg,,,,,,,,
robert.habeck_21-09-2021_00:00_image9.jpeg,,,,,,,,
robert.habeck_21-09-2021_00:00_image9.jpeg,,,,,,,,
robert.habeck_21-09-2021_00:00_image9.jpeg,,,,,,,,
robert.habeck_21-09-2021_00:00_image9.jpeg,,,,,,,,
robert.habeck_21-09-2021_00:00_image9.jpeg,,,,,,,,
robert.habeck_21-09-2021_00:00_image9.jpeg,,,,,,,,
robert.habeck_21-09-2021_00:00_image9.jpeg,,,,,,,,
robert.habeck_21-09-2021_00:00_image9.jpeg,,,,,,,,
robert.habeck_21-09-2021_00:00_image9.jpeg,,,,,,,,
robert.habeck_21-09-2021_00:00_image9.jpeg,,,,,,,,
robert.habeck_21-09-2021_00:00_image9.jpeg,,,,,,,,
robert.habeck_21-09-2021_00:00_image9.jpeg,,,,,,,,
christlichsozialeunion_24-09-2021_00:00_video1.jpeg,,,,,,,,
christlichsozialeunion_24-09-2021_00:00_video1.jpeg,Olaf Scholz,Olaf Scholz,,,,,,
christlichsozialeunion_26-09-2021_00:00_video0.jpeg,,,,,,,,
afd.bund_23-09-2021_00:00_video10.jpeg,,,,,,,,
afd.bund_23-09-2021_00:00_video10.jpeg,,,,,,,,
afd.bund_23-09-2021_00:00_video10.jpeg,,,,,,,,
afd.bund_23-09-2021_00:00_video10.jpeg,,,,,,,,
afd.bund_23-09-2021_00:00_video10.jpeg,,,,,,,,
robert.habeck_25-09-2021_00:00_image6.jpeg,,,,,,,,
robert.habeck_25-09-2021_00:00_image6.jpeg,Robert Habeck,Robert Habeck,,,,,,
robert.habeck_25-09-2021_00:00_image6.jpeg,,,,,,,,
spdde_25-09-2021_00:00_video3.jpeg,,,,,,,,
spdde_25-09-2021_00:00_video3.jpeg,Olaf Scholz,Olaf Scholz,,,,,,
spdde_25-09-2021_00:00_video3.jpeg,,,,,,,,
markus.soeder_21-09-2021_00:00_video0.jpeg,,,,,,,,
markus.soeder_21-09-2021_00:00_video0.jpeg,Markus Söder,,,,,,,
markus.soeder_21-09-2021_00:00_video0.jpeg,,,,,,,,
abaerbock_14-09-2021_00:00_image16.jpeg,,,,,,,,
fdp_20-09-2021_00:00_video5.jpeg,,,,,,,,
armin_laschet_24-09-2021_00:00_video8.jpeg,,,,,,,,
armin_laschet_24-09-2021_00:00_video8.jpeg,,,,,,,,
armin_laschet_24-09-2021_00:00_video8.jpeg,,,,,,,,
armin_laschet_24-09-2021_00:00_video8.jpeg,,,,,,,,
armin_laschet_24-09-2021_00:00_video8.jpeg,,,,,,,,
armin_laschet_24-09-2021_00:00_video8.jpeg,Armin Laschet,Armin Laschet,,,,,,
armin_laschet_24-09-2021_00:00_video8.jpeg,,,,,,,,
armin_laschet_24-09-2021_00:00_video8.jpeg,,,,,,,,
grey_gor_19-09-2021_00:00_video1.jpeg,,,,,,,,
markus.soeder_20-09-2021_00:00_video0.jpeg,,,,,,,,
olafscholz_22-09-2021_00:00_video5.jpeg,,,,,,,,
olafscholz_22-09-2021_00:00_video5.jpeg,,,,,,,,
olafscholz_22-09-2021_00:00_video5.jpeg,,,,,,,,
olafscholz_22-09-2021_00:00_video5.jpeg,Olaf Scholz,Olaf Scholz,,,,,,
olafscholz_22-09-2021_00:00_video5.jpeg,,,,,,,,
robert.habeck_24-09-2021_00:00_image1.jpeg,,,,,,,,
robert.habeck_24-09-2021_00:00_image1.jpeg,,,,,,,,
robert.habeck_24-09-2021_00:00_image1.jpeg,Robert Habeck,Robert Habeck,,,,,,
robert.habeck_24-09-2021_00:00_image1.jpeg,,,,,,,,
robert.habeck_16-09-2021_00:00_image2.jpeg,,,,,,,,
robert.habeck_16-09-2021_00:00_image2.jpeg,Robert Habeck,Robert Habeck,,,,,,
robert.habeck_16-09-2021_00:00_image2.jpeg,,,,,,,,
susanne_hennig_wellsow_16-09-2021_00:00_image0.jpeg,,,,,,,,
susanne_hennig_wellsow_16-09-2021_00:00_image0.jpeg,Susanne Hennig-Wellsow,Susanne Hennig-Wellsow,,,,,,
fdp_20-09-2021_00:00_video1.jpeg,,,,,,,,
fdp_20-09-2021_00:00_video1.jpeg,,,,,,,,
fdp_20-09-2021_00:00_video1.jpeg,,,,,,,,
robert.habeck_17-09-2021_00:00_image16.jpeg,,,,,,,,
robert.habeck_17-09-2021_00:00_image16.jpeg,,,,,,,,
robert.habeck_17-09-2021_00:00_image16.jpeg,,,,,,,,
spdde_25-09-2021_00:00_video13.jpeg,,,,,,,,
spdde_25-09-2021_00:00_video13.jpeg,,,,,,,,
spdde_25-09-2021_00:00_video13.jpeg,,,,,,,,
nicola_beer_20-09-2021_00:00_image7.jpeg,,,,,,,,
nicola_beer_20-09-2021_00:00_image7.jpeg,Nicola Beer,Nicola Beer,,,,,,
nicola_beer_20-09-2021_00:00_image7.jpeg,,,,,,,,
nicola_beer_20-09-2021_00:00_image7.jpeg,Nicola Beer,Nicola Beer,,,,,,
nicola_beer_20-09-2021_00:00_image7.jpeg,,,,,,,,
nicola_beer_20-09-2021_00:00_image7.jpeg,,,,,,,,
nicola_beer_20-09-2021_00:00_image7.jpeg,,,,,,,,
robert.habeck_21-09-2021_00:00_video7.jpeg,,,,,,,,
robert.habeck_21-09-2021_00:00_video7.jpeg,Robert Habeck,Robert Habeck,,,,,,
robert.habeck_23-09-2021_00:00_image8.jpeg,,,,,,,,
robert.habeck_23-09-2021_00:00_image8.jpeg,,,,,,,,
robert.habeck_23-09-2021_00:00_image8.jpeg,,,,,,,,
robert.habeck_23-09-2021_00:00_image8.jpeg,,,,,,,,
robert.habeck_23-09-2021_00:00_image8.jpeg,,,,,,,,
robert.habeck_23-09-2021_00:00_image8.jpeg,,,,,,,,
robert.habeck_23-09-2021_00:00_image8.jpeg,,,,,,,,
robert.habeck_23-09-2021_00:00_image8.jpeg,,,,,,,,
robert.habeck_23-09-2021_00:00_image8.jpeg,,,,,,,,
olafscholz_25-09-2021_00:00_image3.jpeg,,,,,,,,
olafscholz_25-09-2021_00:00_image3.jpeg,,,,,,,,
olafscholz_25-09-2021_00:00_image3.jpeg,Olaf Scholz,Olaf Scholz,,,,,,
olafscholz_25-09-2021_00:00_image3.jpeg,,,,,,,,
olafscholz_25-09-2021_00:00_image3.jpeg,Olaf Scholz,Olaf Scholz,,,,,,
olafscholz_25-09-2021_00:00_image3.jpeg,,,,,,,,
christianlindner_18-09-2021_00:00_video3.jpeg,,,,,,,,
christianlindner_18-09-2021_00:00_video3.jpeg,,,,,,,,
olafscholz_19-09-2021_00:00_video2.jpeg,,,,,,,,
olafscholz_19-09-2021_00:00_video2.jpeg,,,,,,,,
olafscholz_19-09-2021_00:00_video2.jpeg,,,,,,,,
fw_bayern_26-09-2021_00:00_video1.jpeg,,,,,,,,
christlichsozialeunion_25-09-2021_00:00_video17.jpeg,,,,,,,,
christlichsozialeunion_25-09-2021_00:00_video17.jpeg,,,,,,,,
christlichsozialeunion_25-09-2021_00:00_video17.jpeg,Armin Laschet,Armin Laschet,,,,,,
christlichsozialeunion_25-09-2021_00:00_video17.jpeg,,,,,,,,
cdu_20-09-2021_00:00_video13.jpeg,,,,,,,,
cdu_20-09-2021_00:00_video13.jpeg,,,,,,,,
robert.habeck_17-09-2021_00:00_video12.jpeg,,,,,,,,
robert.habeck_17-09-2021_00:00_video12.jpeg,Robert Habeck,Robert Habeck,,,,,,
cdu_20-09-2021_00:00_video7.jpeg,,,,,,,,
abaerbock_21-09-2021_00:00_image8.jpeg,,,,,,,,
armin_laschet_24-09-2021_00:00_video17.jpeg,,,,,,,,
armin_laschet_24-09-2021_00:00_video17.jpeg,Armin Laschet,Armin Laschet,,,,,,
die_gruenen_25-09-2021_00:00_video9.jpeg,,,,,,,,
die_gruenen_25-09-2021_00:00_video9.jpeg,,,,,,,,
die_gruenen_25-09-2021_00:00_video9.jpeg,,,,,,,,
afd.bund_25-09-2021_00:00_video11.jpeg,,,,,,,,
afd.bund_25-09-2021_00:00_video11.jpeg,,,,,,,,
christlichsozialeunion_25-09-2021_00:00_video18.jpeg,,,,,,,,
christlichsozialeunion_25-09-2021_00:00_video18.jpeg,,,,,,,,
christlichsozialeunion_25-09-2021_00:00_video18.jpeg,,,,,,,,
christlichsozialeunion_25-09-2021_00:00_video18.jpeg,,,,,,,,
christlichsozialeunion_25-09-2021_00:00_video18.jpeg,Armin Laschet,Armin Laschet,,,,,,
spdde_13-09-2021_00:00_video3.jpeg,,,,,,,,
spdde_13-09-2021_00:00_video3.jpeg,,,,,,,,
spdde_13-09-2021_00:00_video3.jpeg,,,,,,,,
robert.habeck_24-09-2021_00:00_image7.jpeg,,,,,,,,
robert.habeck_24-09-2021_00:00_image7.jpeg,,,,,,,,
robert.habeck_24-09-2021_00:00_image7.jpeg,,,,,,,,
robert.habeck_24-09-2021_00:00_image7.jpeg,,,,,,,,
robert.habeck_24-09-2021_00:00_image7.jpeg,,,,,,,,
robert.habeck_24-09-2021_00:00_image7.jpeg,,,,,,,,
robert.habeck_24-09-2021_00:00_image7.jpeg,,,,,,,,
robert.habeck_24-09-2021_00:00_image7.jpeg,,,,,,,,
robert.habeck_24-09-2021_00:00_image7.jpeg,,,,,,,,
robert.habeck_24-09-2021_00:00_image7.jpeg,,,,,,,,
robert.habeck_24-09-2021_00:00_image7.jpeg,,,,,,,,
robert.habeck_24-09-2021_00:00_image7.jpeg,,,,,,,,
robert.habeck_24-09-2021_00:00_image7.jpeg,,,,,,,,
robert.habeck_24-09-2021_00:00_image7.jpeg,,,,,,,,
robert.habeck_24-09-2021_00:00_image7.jpeg,,,,,,,,
robert.habeck_24-09-2021_00:00_image7.jpeg,,,,,,,,
robert.habeck_24-09-2021_00:00_image7.jpeg,,,,,,,,
robert.habeck_24-09-2021_00:00_image7.jpeg,,,,,,,,
robert.habeck_24-09-2021_00:00_image7.jpeg,,,,,,,,
robert.habeck_24-09-2021_00:00_image7.jpeg,,,,,,,,
robert.habeck_24-09-2021_00:00_image7.jpeg,,,,,,,,
robert.habeck_24-09-2021_00:00_image7.jpeg,,,,,,,,
robert.habeck_24-09-2021_00:00_image7.jpeg,,,,,,,,
robert.habeck_24-09-2021_00:00_image7.jpeg,,,,,,,,
robert.habeck_24-09-2021_00:00_image7.jpeg,,,,,,,,
robert.habeck_24-09-2021_00:00_image7.jpeg,,,,,,,,
fw_bayern_24-09-2021_00:00_video4.jpeg,,,,,,,,
fw_bayern_24-09-2021_00:00_video4.jpeg,,,,,,,,
fw_bayern_24-09-2021_00:00_video4.jpeg,,,,,,,,
fw_bayern_24-09-2021_00:00_video4.jpeg,,,,,,,,
fw_bayern_24-09-2021_00:00_video4.jpeg,,,,,,,,
fw_bayern_24-09-2021_00:00_video4.jpeg,,,,,,,,
christlichsozialeunion_24-09-2021_00:00_image9.jpeg,,,,,,,,
die_gruenen_25-09-2021_00:00_video35.jpeg,,,,,,,,
afd.bund_17-09-2021_00:00_image2.jpeg,,,,,,,,
robert.habeck_15-09-2021_00:00_image1.jpeg,,,,,,,,
robert.habeck_15-09-2021_00:00_image1.jpeg,Robert Habeck,Robert Habeck,,,,,,
christlichsozialeunion_22-09-2021_00:00_image1.jpeg,,,,,,,,
christlichsozialeunion_22-09-2021_00:00_image1.jpeg,,,,,,,,
christlichsozialeunion_22-09-2021_00:00_image1.jpeg,Olaf Scholz,Olaf Scholz,,,,,,
nicola_beer_24-09-2021_00:00_video10.jpeg,,,,,,,,
nicola_beer_24-09-2021_00:00_video10.jpeg,Nicola Beer,Nicola Beer,,,,,,
nicola_beer_24-09-2021_00:00_video10.jpeg,,,,,,,,
die_gruenen_13-09-2021_00:00_video2.jpeg,,,,,,,,
markus.soeder_13-09-2021_00:00_video0.jpeg,,,,,,,,
markus.soeder_13-09-2021_00:00_video0.jpeg,Markus Söder,Markus Söder,,,,,,
die_gruenen_25-09-2021_00:00_video25.jpeg,,,,,,,,
die_gruenen_25-09-2021_00:00_video25.jpeg,Robert Habeck,Robert Habeck,,,,,,
die_gruenen_25-09-2021_00:00_video25.jpeg,,,,,,,,
fdp_16-09-2021_00:00_image2.jpeg,,,,,,,,
fdp_16-09-2021_00:00_image2.jpeg,Nicola Beer,Nicola Beer,,,,,,
fdp_16-09-2021_00:00_image2.jpeg,,,,,,,,
fdp_16-09-2021_00:00_image2.jpeg,,Nicola Beer,,,,,,
nicola_beer_26-09-2021_00:00_image0.jpeg,,,,,,,,
nicola_beer_26-09-2021_00:00_image0.jpeg,Nicola Beer,Nicola Beer,,,,,,
nicola_beer_26-09-2021_00:00_image0.jpeg,,,,,,,,
abaerbock_14-09-2021_00:00_image1.jpeg,,,,,,,,
abaerbock_14-09-2021_00:00_image1.jpeg,,,,,,,,
abaerbock_14-09-2021_00:00_image1.jpeg,,,,,,,,
abaerbock_14-09-2021_00:00_image1.jpeg,,,,,,,,
fw_bayern_22-09-2021_00:00_image0.jpeg,,,,,,,,
olafscholz_23-09-2021_00:00_video4.jpeg,,,,,,,,
olafscholz_23-09-2021_00:00_video4.jpeg,,,,,,,,
olafscholz_23-09-2021_00:00_video4.jpeg,Armin Laschet,Olaf Scholz,,,,,,
olafscholz_23-09-2021_00:00_video4.jpeg,,,,,,,,
olafscholz_23-09-2021_00:00_video4.jpeg,,,,,,,,
olafscholz_23-09-2021_00:00_video4.jpeg,,,,,,,,
cdu_19-09-2021_00:00_image0.jpeg,,,,,,,,
cdu_19-09-2021_00:00_image0.jpeg,,,,,,,,
cdu_19-09-2021_00:00_image0.jpeg,,,,,,,,
cdu_19-09-2021_00:00_image0.jpeg,Armin Laschet,Armin Laschet,,,,,,
cdu_19-09-2021_00:00_image0.jpeg,,,,,,,,
cdu_19-09-2021_00:00_image0.jpeg,,,,,,,,
cdu_19-09-2021_00:00_image0.jpeg,,,,,,,,
cdu_19-09-2021_00:00_image0.jpeg,,,,,,,,
armin_laschet_18-09-2021_00:00_video4.jpeg,,,,,,,,
armin_laschet_18-09-2021_00:00_video4.jpeg,,,,,,,,
armin_laschet_18-09-2021_00:00_video4.jpeg,Markus Söder,Markus Söder,,,,,,
armin_laschet_18-09-2021_00:00_video4.jpeg,,,,,,,,
armin_laschet_18-09-2021_00:00_video4.jpeg,,,,,,,,
armin_laschet_18-09-2021_00:00_video4.jpeg,,Markus Söder,,,,,,
armin_laschet_18-09-2021_00:00_video4.jpeg,,,,,,,,
saskiaesken_24-09-2021_00:00_image0.jpeg,,,,,,,,
saskiaesken_24-09-2021_00:00_image0.jpeg,,,,,,,,
saskiaesken_24-09-2021_00:00_image0.jpeg,Saskia Esken,Saskia Esken,,,,,,
saskiaesken_24-09-2021_00:00_image0.jpeg,,,,,,,,
saskiaesken_24-09-2021_00:00_image0.jpeg,,,,,,,,
saskiaesken_24-09-2021_00:00_image0.jpeg,,,,,,,,
saskiaesken_24-09-2021_00:00_image0.jpeg,,,,,,,,
saskiaesken_24-09-2021_00:00_image0.jpeg,,,,,,,,
christianlindner_22-09-2021_00:00_image6.jpeg,,,,,,,,
christianlindner_22-09-2021_00:00_image6.jpeg,Christian Lindner,Christian Lindner,,,,,,
olafscholz_17-09-2021_00:00_video9.jpeg,,,,,,,,
olafscholz_17-09-2021_00:00_video9.jpeg,Olaf Scholz,Olaf Scholz,,,,,,
olafscholz_17-09-2021_00:00_video9.jpeg,,,,,,,,
olafscholz_17-09-2021_00:00_video9.jpeg,,,,,,,,
olafscholz_17-09-2021_00:00_video9.jpeg,,,,,,,,
olafscholz_17-09-2021_00:00_video9.jpeg,,,,,,,,
olafscholz_17-09-2021_00:00_video9.jpeg,,,,,,,,
afd.bund_25-09-2021_00:00_image21.jpeg,,,,,,,,
cdu_24-09-2021_00:00_video9.jpeg,,,,,,,,
robert.habeck_23-09-2021_00:00_image1.jpeg,,,,,,,,
robert.habeck_23-09-2021_00:00_image1.jpeg,,,,,,,,
robert.habeck_23-09-2021_00:00_image1.jpeg,,,,,,,,
robert.habeck_23-09-2021_00:00_image1.jpeg,,,,,,,,
robert.habeck_23-09-2021_00:00_image1.jpeg,,,,,,,,
armin_laschet_24-09-2021_00:00_video3.jpeg,,,,,,,,
armin_laschet_24-09-2021_00:00_video3.jpeg,Armin Laschet,Armin Laschet,,,,,,
olafscholz_13-09-2021_00:00_video4.jpeg,,,,,,,,
olafscholz_13-09-2021_00:00_video4.jpeg,Olaf Scholz,Olaf Scholz,,,,,,
olafscholz_13-09-2021_00:00_video4.jpeg,,,,,,,,
olafscholz_13-09-2021_00:00_video4.jpeg,,,,,,,,
olafscholz_13-09-2021_00:00_video4.jpeg,,,,,,,,
abaerbock_14-09-2021_00:00_image3.jpeg,,,,,,,,
abaerbock_14-09-2021_00:00_image3.jpeg,Annalena Baerbock,Annalena Baerbock,,,,,,
abaerbock_14-09-2021_00:00_image3.jpeg,,,,,,,,
fw_bayern_21-09-2021_00:00_video1.jpeg,,,,,,,,
fw_bayern_21-09-2021_00:00_video1.jpeg,,,,,,,,
robert.habeck_25-09-2021_00:00_video2.jpeg,,,,,,,,
robert.habeck_25-09-2021_00:00_video2.jpeg,Robert Habeck,Robert Habeck,,,,,,
robert.habeck_25-09-2021_00:00_video2.jpeg,,,,,,,,
robert.habeck_25-09-2021_00:00_video2.jpeg,,,,,,,,
robert.habeck_25-09-2021_00:00_video2.jpeg,,Robert Habeck,,,,,,
robert.habeck_25-09-2021_00:00_video2.jpeg,,,,,,,,
robert.habeck_25-09-2021_00:00_video2.jpeg,,,,,,,,
armin_laschet_24-09-2021_00:00_image1.jpeg,,,,,,,,
armin_laschet_24-09-2021_00:00_image1.jpeg,,,,,,,,
armin_laschet_24-09-2021_00:00_image1.jpeg,Armin Laschet,Armin Laschet,,,,,,
armin_laschet_24-09-2021_00:00_image1.jpeg,,,,,,,,
armin_laschet_24-09-2021_00:00_image1.jpeg,,,,,,,,
spdde_25-09-2021_00:00_video16.jpeg,,,,,,,,
spdde_25-09-2021_00:00_video16.jpeg,,,,,,,,
spdde_25-09-2021_00:00_video16.jpeg,,,,,,,,
spdde_25-09-2021_00:00_video16.jpeg,,,,,,,,
susanne_hennig_wellsow_18-09-2021_00:00_image1.jpeg,,,,,,,,
susanne_hennig_wellsow_18-09-2021_00:00_image1.jpeg,,,,,,,,
die_gruenen_13-09-2021_00:00_video1.jpeg,,,,,,,,
die_gruenen_13-09-2021_00:00_video1.jpeg,,,,,,,,
die_gruenen_13-09-2021_00:00_video1.jpeg,Robert Habeck,Robert Habeck,,,,,,
die_gruenen_13-09-2021_00:00_video1.jpeg,,,,,,,,
die_gruenen_13-09-2021_00:00_video1.jpeg,Robert Habeck,Robert Habeck,,,,,,
armin_laschet_22-09-2021_00:00_video3.jpeg,,,,,,,,
armin_laschet_22-09-2021_00:00_video3.jpeg,Armin Laschet,Armin Laschet,,,,,,
afd.bund_17-09-2021_00:00_image0.jpeg,,,,,,,,
afd.bund_17-09-2021_00:00_image0.jpeg,,,,,,,,
afd.bund_17-09-2021_00:00_image0.jpeg,,,,,,,,
spdde_26-09-2021_00:00_video10.jpeg,,,,,,,,
spdde_26-09-2021_00:00_video10.jpeg,Olaf Scholz,Olaf Scholz,,,,,,
spdde_26-09-2021_00:00_video10.jpeg,,,,,,,,
spdde_26-09-2021_00:00_video10.jpeg,,,,,,,,
spdde_26-09-2021_00:00_video10.jpeg,,,,,,,,
armin_laschet_17-09-2021_00:00_video13.jpeg,,,,,,,,
armin_laschet_17-09-2021_00:00_video13.jpeg,,,,,,,,
armin_laschet_17-09-2021_00:00_video13.jpeg,Armin Laschet,Armin Laschet,,,,,,
armin_laschet_17-09-2021_00:00_video13.jpeg,,,,,,,,
armin_laschet_17-09-2021_00:00_video13.jpeg,,,,,,,,
armin_laschet_17-09-2021_00:00_video13.jpeg,,,,,,,,
armin_laschet_17-09-2021_00:00_video13.jpeg,,,,,,,,
armin_laschet_17-09-2021_00:00_video13.jpeg,,,,,,,,
cdu_22-09-2021_00:00_video7.jpeg,,,,,,,,
olafscholz_16-09-2021_00:00_image0.jpeg,,,,,,,,
olafscholz_16-09-2021_00:00_image0.jpeg,Olaf Scholz,Olaf Scholz,,,,,,
olafscholz_16-09-2021_00:00_image0.jpeg,,,,,,,,
cdu_22-09-2021_00:00_video6.jpeg,,,,,,,,
cdu_22-09-2021_00:00_video6.jpeg,,,,,,,,
cdu_22-09-2021_00:00_video6.jpeg,,,,,,,,
cdu_22-09-2021_00:00_video6.jpeg,,,,,,,,
cdu_22-09-2021_00:00_video6.jpeg,,,,,,,,
cdu_22-09-2021_00:00_video6.jpeg,,,,,,,,
christianlindner_18-09-2021_00:00_video0.jpeg,,,,,,,,
christianlindner_18-09-2021_00:00_video0.jpeg,Christian Lindner,Christian Lindner,,,,,,
armin_laschet_24-09-2021_00:00_video5.jpeg,,,,,,,,
cdu_25-09-2021_00:00_video7.jpeg,,,,,,,,
cdu_25-09-2021_00:00_video7.jpeg,,,,,,,,
abaerbock_23-09-2021_00:00_video1.jpeg,,,,,,,,
abaerbock_23-09-2021_00:00_video1.jpeg,Annalena Baerbock,Annalena Baerbock,,,,,,
abaerbock_23-09-2021_00:00_video1.jpeg,,,,,,,,
markus.soeder_25-09-2021_00:00_video5.jpeg,,,,,,,,
markus.soeder_25-09-2021_00:00_video5.jpeg,Armin Laschet,Armin Laschet,,,,,,
markus.soeder_25-09-2021_00:00_video5.jpeg,,,,,,,,
markus.soeder_25-09-2021_00:00_video5.jpeg,,,,,,,,
armin_laschet_17-09-2021_00:00_image8.jpeg,,,,,,,,
cdu_23-09-2021_00:00_video9.jpeg,,,,,,,,
cdu_23-09-2021_00:00_video9.jpeg,,,,,,,,
cdu_23-09-2021_00:00_video9.jpeg,,Armin Laschet,,,,,,
cdu_23-09-2021_00:00_video9.jpeg,,,,,,,,
cdu_23-09-2021_00:00_video9.jpeg,,,,,,,,
nicola_beer_20-09-2021_00:00_image4.jpeg,,,,,,,,
nicola_beer_20-09-2021_00:00_image4.jpeg,Nicola Beer,Nicola Beer,,,,,,
nicola_beer_20-09-2021_00:00_image4.jpeg,,,,,,,,
nicola_beer_20-09-2021_00:00_image4.jpeg,Nicola Beer,Nicola Beer,,,,,,
nicola_beer_20-09-2021_00:00_image4.jpeg,,,,,,,,
christlichsozialeunion_16-09-2021_00:00_video0.jpeg,,,,,,,,
christlichsozialeunion_16-09-2021_00:00_video0.jpeg,Markus Söder,Markus Söder,,,,,,
christlichsozialeunion_23-09-2021_00:00_video6.jpeg,,,,,,,,
afd.bund_20-09-2021_00:00_image0.jpeg,,,,,,,,
afd.bund_20-09-2021_00:00_image0.jpeg,,,,,,,,
afd.bund_20-09-2021_00:00_image0.jpeg,,,,,,,,
robert.habeck_19-09-2021_00:00_video0.jpeg,,,,,,,,
robert.habeck_19-09-2021_00:00_video0.jpeg,Robert Habeck,Robert Habeck,,,,,,
robert.habeck_19-09-2021_00:00_video0.jpeg,,,,,,,,
armin_laschet_17-09-2021_00:00_video1.jpeg,,,,,,,,
armin_laschet_17-09-2021_00:00_video1.jpeg,Armin Laschet,Armin Laschet,,,,,,
abaerbock_22-09-2021_00:00_image2.jpeg,,,,,,,,
abaerbock_22-09-2021_00:00_image2.jpeg,,,,,,,,
die_gruenen_25-09-2021_00:00_video10.jpeg,,,,,,,,
die_gruenen_25-09-2021_00:00_video10.jpeg,,,,,,,,
die_gruenen_25-09-2021_00:00_video10.jpeg,,,,,,,,
armin_laschet_13-09-2021_00:00_image0.jpeg,,,,,,,,
armin_laschet_13-09-2021_00:00_image0.jpeg,Armin Laschet,Armin Laschet,,,,,,
olafscholz_17-09-2021_00:00_video10.jpeg,,,,,,,,
olafscholz_17-09-2021_00:00_video10.jpeg,Olaf Scholz,Olaf Scholz,,,,,,
olafscholz_17-09-2021_00:00_video10.jpeg,,,,,,,,
olafscholz_17-09-2021_00:00_video10.jpeg,,,,,,,,
olafscholz_17-09-2021_00:00_video10.jpeg,,,,,,,,
armin_laschet_22-09-2021_00:00_image2.jpeg,,,,,,,,
armin_laschet_22-09-2021_00:00_image2.jpeg,,,,,,,,
armin_laschet_22-09-2021_00:00_image2.jpeg,,,,,,,,
armin_laschet_22-09-2021_00:00_image2.jpeg,,,,,,,,
armin_laschet_22-09-2021_00:00_image2.jpeg,,,,,,,,
olafscholz_26-09-2021_00:00_video1.jpeg,,,,,,,,
olafscholz_26-09-2021_00:00_video1.jpeg,,,,,,,,
olafscholz_26-09-2021_00:00_video1.jpeg,,,,,,,,
olafscholz_26-09-2021_00:00_video1.jpeg,,,,,,,,
olafscholz_26-09-2021_00:00_video1.jpeg,,,,,,,,
olafscholz_26-09-2021_00:00_video1.jpeg,,,,,,,,
olafscholz_26-09-2021_00:00_video1.jpeg,,,,,,,,
armin_laschet_22-09-2021_00:00_image3.jpeg,,,,,,,,
armin_laschet_22-09-2021_00:00_image3.jpeg,Armin Laschet,Armin Laschet,,,,,,
armin_laschet_22-09-2021_00:00_image3.jpeg,,,,,,,,
armin_laschet_22-09-2021_00:00_image3.jpeg,,,,,,,,
armin_laschet_22-09-2021_00:00_image3.jpeg,Armin Laschet,Armin Laschet,,,,,,
armin_laschet_26-09-2021_00:00_image0.jpeg,,,,,,,,
armin_laschet_26-09-2021_00:00_image0.jpeg,,,,,,,,
armin_laschet_26-09-2021_00:00_image0.jpeg,Armin Laschet,Armin Laschet,,,,,,
armin_laschet_26-09-2021_00:00_image0.jpeg,,,,,,,,
armin_laschet_26-09-2021_00:00_image0.jpeg,,Armin Laschet,,,,,,
armin_laschet_26-09-2021_00:00_image0.jpeg,,,,,,,,
armin_laschet_26-09-2021_00:00_image0.jpeg,,,,,,,,
armin_laschet_26-09-2021_00:00_image0.jpeg,,,,,,,,
armin_laschet_26-09-2021_00:00_image0.jpeg,,,,,,,,
armin_laschet_26-09-2021_00:00_image0.jpeg,,,,,,,,
armin_laschet_26-09-2021_00:00_image0.jpeg,,,,,,,,
spdde_26-09-2021_00:00_video7.jpeg,,,,,,,,
spdde_26-09-2021_00:00_video7.jpeg,,,,,,,,
abaerbock_21-09-2021_00:00_image10.jpeg,,,,,,,,
abaerbock_21-09-2021_00:00_image10.jpeg,Annalena Baerbock,Annalena Baerbock,,,,,,
abaerbock_17-09-2021_00:00_image6.jpeg,,,,,,,,
abaerbock_17-09-2021_00:00_image6.jpeg,,,,,,,,
nicola_beer_24-09-2021_00:00_video4.jpeg,,,,,,,,
nicola_beer_24-09-2021_00:00_video4.jpeg,Nicola Beer,Nicola Beer,,,,,,
abaerbock_22-09-2021_00:00_image13.jpeg,,,,,,,,
abaerbock_22-09-2021_00:00_image13.jpeg,Annalena Baerbock,Annalena Baerbock,,,,,,
abaerbock_22-09-2021_00:00_image13.jpeg,,,,,,,,
christianlindner_26-09-2021_00:00_image3.jpeg,,,,,,,,
christianlindner_26-09-2021_00:00_image3.jpeg,Christian Lindner,Christian Lindner,,,,,,
christianlindner_26-09-2021_00:00_image3.jpeg,,,,,,,,
christianlindner_26-09-2021_00:00_image3.jpeg,,,,,,,,
christianlindner_26-09-2021_00:00_image3.jpeg,,,,,,,,
christianlindner_26-09-2021_00:00_image3.jpeg,,,,,,,,
christianlindner_26-09-2021_00:00_image3.jpeg,,,,,,,,
christianlindner_26-09-2021_00:00_image3.jpeg,,,,,,,,
christianlindner_26-09-2021_00:00_image3.jpeg,,,,,,,,
armin_laschet_16-09-2021_00:00_image3.jpeg,,,,,,,,
armin_laschet_16-09-2021_00:00_image3.jpeg,,,,,,,,
armin_laschet_16-09-2021_00:00_image3.jpeg,,,,,,,,
armin_laschet_16-09-2021_00:00_image3.jpeg,,,,,,,,
armin_laschet_16-09-2021_00:00_image3.jpeg,,,,,,,,
armin_laschet_16-09-2021_00:00_image3.jpeg,,,,,,,,
armin_laschet_16-09-2021_00:00_image3.jpeg,,,,,,,,
armin_laschet_16-09-2021_00:00_image3.jpeg,Armin Laschet,Armin Laschet,,,,,,
armin_laschet_16-09-2021_00:00_image3.jpeg,,,,,,,,
armin_laschet_16-09-2021_00:00_image3.jpeg,,,,,,,,
armin_laschet_16-09-2021_00:00_image3.jpeg,,,,,,,,
armin_laschet_16-09-2021_00:00_image3.jpeg,,,,,,,,
armin_laschet_16-09-2021_00:00_image3.jpeg,,,,,,,,
armin_laschet_16-09-2021_00:00_image3.jpeg,Armin Laschet,Armin Laschet,,,,,,
saskiaesken_17-09-2021_00:00_image3.jpeg,,,,,,,,
saskiaesken_17-09-2021_00:00_image3.jpeg,Saskia Esken,Saskia Esken,,,,,,
saskiaesken_17-09-2021_00:00_image3.jpeg,,,,,,,,
saskiaesken_17-09-2021_00:00_image3.jpeg,,,,,,,,
saskiaesken_17-09-2021_00:00_image3.jpeg,,,,,,,,
olafscholz_19-09-2021_00:00_image8.jpeg,,,,,,,,
olafscholz_19-09-2021_00:00_image8.jpeg,Olaf Scholz,Olaf Scholz,,,,,,
abaerbock_24-09-2021_00:00_image4.jpeg,,,,,,,,
abaerbock_24-09-2021_00:00_image4.jpeg,,,,,,,,
abaerbock_24-09-2021_00:00_image4.jpeg,,,,,,,,
abaerbock_24-09-2021_00:00_image4.jpeg,,,,,,,,
abaerbock_24-09-2021_00:00_image4.jpeg,,,,,,,,
abaerbock_24-09-2021_00:00_image4.jpeg,,,,,,,,
abaerbock_24-09-2021_00:00_image4.jpeg,,,,,,,,
abaerbock_24-09-2021_00:00_image4.jpeg,,,,,,,,
abaerbock_24-09-2021_00:00_image4.jpeg,,,,,,,,
abaerbock_24-09-2021_00:00_image4.jpeg,,,,,,,,
abaerbock_24-09-2021_00:00_image4.jpeg,,,,,,,,
abaerbock_24-09-2021_00:00_image4.jpeg,,,,,,,,
abaerbock_24-09-2021_00:00_image4.jpeg,,,,,,,,
afd.bund_25-09-2021_00:00_video2.jpeg,,,,,,,,
olafscholz_26-09-2021_00:00_video7.jpeg,,,,,,,,
olafscholz_26-09-2021_00:00_video7.jpeg,Olaf Scholz,Olaf Scholz,,,,,,
olafscholz_26-09-2021_00:00_video7.jpeg,,,,,,,,
olafscholz_26-09-2021_00:00_video7.jpeg,,,,,,,,
olafscholz_26-09-2021_00:00_video7.jpeg,,,,,,,,
olafscholz_26-09-2021_00:00_video7.jpeg,Olaf Scholz,Olaf Scholz,,,,,,
olafscholz_26-09-2021_00:00_video7.jpeg,,,,,,,,
spdde_23-09-2021_00:00_video4.jpeg,,,,,,,,
spdde_23-09-2021_00:00_video4.jpeg,Olaf Scholz,Olaf Scholz,,,,,,
engin_eroglu__16-09-2021_00:00_video2.jpeg,,,,,,,,
die_gruenen_26-09-2021_00:00_video11.jpeg,,,,,,,,
afd.bund_13-09-2021_00:00_image1.jpeg,,,,,,,,
afd.bund_13-09-2021_00:00_image1.jpeg,,,,,,,,
afd.bund_13-09-2021_00:00_image1.jpeg,,,,,,,,
armin_laschet_25-09-2021_00:00_video4.jpeg,,,,,,,,
armin_laschet_25-09-2021_00:00_video4.jpeg,Armin Laschet,Armin Laschet,,,,,,
christianlindner_18-09-2021_00:00_image3.jpeg,,,,,,,,
christianlindner_18-09-2021_00:00_image3.jpeg,,,,,,,,
christianlindner_18-09-2021_00:00_image3.jpeg,,,,,,,,
christianlindner_18-09-2021_00:00_image3.jpeg,,,,,,,,
christianlindner_18-09-2021_00:00_image3.jpeg,,,,,,,,
christianlindner_18-09-2021_00:00_image3.jpeg,,,,,,,,
christianlindner_18-09-2021_00:00_image3.jpeg,,,,,,,,
christianlindner_18-09-2021_00:00_image3.jpeg,,,,,,,,
christianlindner_18-09-2021_00:00_image3.jpeg,,,,,,,,
christianlindner_18-09-2021_00:00_image3.jpeg,,,,,,,,
christianlindner_18-09-2021_00:00_image3.jpeg,,,,,,,,
christianlindner_18-09-2021_00:00_image3.jpeg,,,,,,,,
christianlindner_18-09-2021_00:00_image3.jpeg,,,,,,,,
christianlindner_18-09-2021_00:00_image3.jpeg,,,,,,,,
christianlindner_18-09-2021_00:00_image3.jpeg,,,,,,,,
christianlindner_18-09-2021_00:00_image3.jpeg,,,,,,,,
christianlindner_18-09-2021_00:00_image3.jpeg,,,,,,,,
christianlindner_18-09-2021_00:00_image3.jpeg,,,,,,,,
christianlindner_18-09-2021_00:00_image3.jpeg,,,,,,,,
christianlindner_18-09-2021_00:00_image3.jpeg,,,,,,,,
abaerbock_26-09-2021_00:00_image0.jpeg,,,,,,,,
abaerbock_26-09-2021_00:00_image0.jpeg,Annalena Baerbock,Annalena Baerbock,,,,,,
cdu_23-09-2021_00:00_video7.jpeg,,,,,,,,
cdu_23-09-2021_00:00_video7.jpeg,,,,,,,,
cdu_23-09-2021_00:00_video7.jpeg,,,,,,,,
cdu_23-09-2021_00:00_video7.jpeg,,,,,,,,
cdu_23-09-2021_00:00_video7.jpeg,,,,,,,,
abaerbock_17-09-2021_00:00_video4.jpeg,,,,,,,,
abaerbock_17-09-2021_00:00_video4.jpeg,Annalena Baerbock,Annalena Baerbock,,,,,,
abaerbock_17-09-2021_00:00_video4.jpeg,,,,,,,,
armin_laschet_26-09-2021_00:00_video1.jpeg,,,,,,,,
armin_laschet_26-09-2021_00:00_video1.jpeg,Armin Laschet,Armin Laschet,,,,,,
olafscholz_17-09-2021_00:00_image4.jpeg,,,,,,,,
olafscholz_17-09-2021_00:00_image4.jpeg,Olaf Scholz,Olaf Scholz,,,,,,
susanne_hennig_wellsow_24-09-2021_00:00_image5.jpeg,,,,,,,,
susanne_hennig_wellsow_24-09-2021_00:00_image5.jpeg,Susanne Hennig-Wellsow,Susanne Hennig-Wellsow,,,,,,
susanne_hennig_wellsow_24-09-2021_00:00_image5.jpeg,,,,,,,,
susanne_hennig_wellsow_24-09-2021_00:00_image5.jpeg,,,,,,,,
susanne_hennig_wellsow_24-09-2021_00:00_image5.jpeg,,,,,,,,
susanne_hennig_wellsow_24-09-2021_00:00_image5.jpeg,,,,,,,,
susanne_hennig_wellsow_24-09-2021_00:00_image5.jpeg,,,,,,,,
susanne_hennig_wellsow_24-09-2021_00:00_image5.jpeg,,,,,,,,
susanne_hennig_wellsow_24-09-2021_00:00_image5.jpeg,,,,,,,,
susanne_hennig_wellsow_24-09-2021_00:00_image5.jpeg,,,,,,,,
abaerbock_21-09-2021_00:00_image4.jpeg,,,,,,,,
nicola_beer_16-09-2021_00:00_image0.jpeg,,,,,,,,
nicola_beer_16-09-2021_00:00_image0.jpeg,Nicola Beer,Nicola Beer,,,,,,
christlichsozialeunion_25-09-2021_00:00_video20.jpeg,,,,,,,,
christlichsozialeunion_25-09-2021_00:00_video20.jpeg,,,,,,,,
christlichsozialeunion_25-09-2021_00:00_video20.jpeg,,,,,,,,
christlichsozialeunion_25-09-2021_00:00_video20.jpeg,,,,,,,,
christlichsozialeunion_25-09-2021_00:00_video20.jpeg,Markus Söder,Markus Söder,,,,,,
christlichsozialeunion_25-09-2021_00:00_video20.jpeg,,,,,,,,
christlichsozialeunion_25-09-2021_00:00_video20.jpeg,,,,,,,,
christlichsozialeunion_16-09-2021_00:00_video9.jpeg,,,,,,,,
robert.habeck_17-09-2021_00:00_video0.jpeg,,,,,,,,
robert.habeck_17-09-2021_00:00_video0.jpeg,,,,,,,,
robert.habeck_17-09-2021_00:00_video0.jpeg,,,,,,,,
robert.habeck_17-09-2021_00:00_video0.jpeg,,,,,,,,
robert.habeck_17-09-2021_00:00_video0.jpeg,,,,,,,,
robert.habeck_17-09-2021_00:00_video0.jpeg,,,,,,,,
robert.habeck_17-09-2021_00:00_video0.jpeg,,,,,,,,
olafscholz_19-09-2021_00:00_image1.jpeg,,,,,,,,
olafscholz_19-09-2021_00:00_image1.jpeg,Olaf Scholz,Olaf Scholz,,,,,,
olafscholz_19-09-2021_00:00_image1.jpeg,,,,,,,,
olafscholz_19-09-2021_00:00_image1.jpeg,,,,,,,,
olafscholz_19-09-2021_00:00_image1.jpeg,,,,,,,,
olafscholz_19-09-2021_00:00_image1.jpeg,,,,,,,,
olafscholz_19-09-2021_00:00_image1.jpeg,,,,,,,,
olafscholz_19-09-2021_00:00_image1.jpeg,,,,,,,,
olafscholz_19-09-2021_00:00_image1.jpeg,,,,,,,,
olafscholz_19-09-2021_00:00_image1.jpeg,,,,,,,,
olafscholz_19-09-2021_00:00_image1.jpeg,,,,,,,,
spdde_26-09-2021_00:00_image3.jpeg,,,,,,,,
spdde_26-09-2021_00:00_image3.jpeg,,,,,,,,
spdde_26-09-2021_00:00_image3.jpeg,,,,,,,,
robert.habeck_21-09-2021_00:00_image12.jpeg,,,,,,,,
christlichsozialeunion_14-09-2021_00:00_video4.jpeg,,,,,,,,
armin_laschet_26-09-2021_00:00_video3.jpeg,,,,,,,,
armin_laschet_26-09-2021_00:00_video3.jpeg,Armin Laschet,Armin Laschet,,,,,,
markus.soeder_16-09-2021_00:00_video2.jpeg,,,,,,,,
markus.soeder_16-09-2021_00:00_video2.jpeg,Markus Söder,Markus Söder,,,,,,
markus.soeder_16-09-2021_00:00_video2.jpeg,,,,,,,,
markus.soeder_16-09-2021_00:00_video2.jpeg,Markus Söder,Markus Söder,,,,,,
dielinke_26-09-2021_00:00_image1.jpeg,,,,,,,,
robert.habeck_18-09-2021_00:00_image17.jpeg,,,,,,,,
robert.habeck_18-09-2021_00:00_image17.jpeg,,,,,,,,
fdp_20-09-2021_00:00_image2.jpeg,,,,,,,,
christlichsozialeunion_26-09-2021_00:00_image3.jpeg,,,,,,,,
christlichsozialeunion_26-09-2021_00:00_image3.jpeg,Markus Söder,Markus Söder,,,,,,
robert.habeck_21-09-2021_00:00_image6.jpeg,,,,,,,,
robert.habeck_21-09-2021_00:00_image6.jpeg,Robert Habeck,Robert Habeck,,,,,,
die_gruenen_17-09-2021_00:00_video6.jpeg,,,,,,,,
cdu_16-09-2021_00:00_video18.jpeg,,,,,,,,
abaerbock_25-09-2021_00:00_image6.jpeg,,,,,,,,
abaerbock_25-09-2021_00:00_image6.jpeg,,,,,,,,
abaerbock_25-09-2021_00:00_image6.jpeg,,,,,,,,
abaerbock_25-09-2021_00:00_image6.jpeg,,,,,,,,
abaerbock_25-09-2021_00:00_image6.jpeg,Annalena Baerbock,Annalena Baerbock,,,,,,
abaerbock_25-09-2021_00:00_image6.jpeg,,,,,,,,
abaerbock_25-09-2021_00:00_image6.jpeg,,,,,,,,
abaerbock_25-09-2021_00:00_image6.jpeg,,,,,,,,
armin_laschet_21-09-2021_00:00_image2.jpeg,,,,,,,,
armin_laschet_21-09-2021_00:00_image2.jpeg,Armin Laschet,Armin Laschet,,,,,,
armin_laschet_21-09-2021_00:00_image2.jpeg,,,,,,,,
armin_laschet_21-09-2021_00:00_image2.jpeg,Armin Laschet,Armin Laschet,,,,,,
robert.habeck_18-09-2021_00:00_video9.jpeg,,,,,,,,
robert.habeck_18-09-2021_00:00_video9.jpeg,Annalena Baerbock,Annalena Baerbock,,,,,,
robert.habeck_18-09-2021_00:00_video9.jpeg,,,,,,,,
robert.habeck_18-09-2021_00:00_video9.jpeg,,,,,,,,
robert.habeck_18-09-2021_00:00_video9.jpeg,Robert Habeck,Robert Habeck,,,,,,
robert.habeck_18-09-2021_00:00_video9.jpeg,,,,,,,,
robert.habeck_18-09-2021_00:00_video9.jpeg,,,,,,,,
robert.habeck_18-09-2021_00:00_video9.jpeg,Robert Habeck,Robert Habeck,,,,,,
saskiaesken_24-09-2021_00:00_video1.jpeg,,,,,,,,
saskiaesken_24-09-2021_00:00_video1.jpeg,,,,,,,,
saskiaesken_24-09-2021_00:00_video1.jpeg,,,,,,,,
saskiaesken_24-09-2021_00:00_video1.jpeg,,,,,,,,
saskiaesken_24-09-2021_00:00_video1.jpeg,,,,,,,,
saskiaesken_24-09-2021_00:00_video1.jpeg,,,,,,,,
saskiaesken_24-09-2021_00:00_video1.jpeg,,,,,,,,
saskiaesken_24-09-2021_00:00_video1.jpeg,,,,,,,,
cdu_19-09-2021_00:00_image2.jpeg,,,,,,,,
cdu_19-09-2021_00:00_image2.jpeg,,,,,,,,
cdu_19-09-2021_00:00_image2.jpeg,,,,,,,,
cdu_19-09-2021_00:00_image2.jpeg,,,,,,,,
cdu_19-09-2021_00:00_image2.jpeg,,,,,,,,
cdu_19-09-2021_00:00_image2.jpeg,,,,,,,,
cdu_19-09-2021_00:00_image2.jpeg,,,,,,,,
cdu_19-09-2021_00:00_image2.jpeg,,,,,,,,
cdu_19-09-2021_00:00_image2.jpeg,,,,,,,,
cdu_19-09-2021_00:00_image2.jpeg,,,,,,,,
cdu_19-09-2021_00:00_image2.jpeg,,,,,,,,
cdu_19-09-2021_00:00_image2.jpeg,,,,,,,,
cdu_19-09-2021_00:00_image2.jpeg,,,,,,,,
cdu_19-09-2021_00:00_image2.jpeg,,,,,,,,
cdu_19-09-2021_00:00_image2.jpeg,,,,,,,,
cdu_19-09-2021_00:00_image2.jpeg,,,,,,,,
cdu_19-09-2021_00:00_image2.jpeg,,,,,,,,
cdu_19-09-2021_00:00_image2.jpeg,,,,,,,,
cdu_19-09-2021_00:00_image2.jpeg,,,,,,,,
cdu_19-09-2021_00:00_image2.jpeg,,,,,,,,
cdu_19-09-2021_00:00_image2.jpeg,,,,,,,,
cdu_19-09-2021_00:00_image2.jpeg,,,,,,,,
cdu_19-09-2021_00:00_image2.jpeg,,,,,,,,
cdu_19-09-2021_00:00_image2.jpeg,,,,,,,,
cdu_19-09-2021_00:00_image2.jpeg,,,,,,,,
cdu_19-09-2021_00:00_image2.jpeg,,,,,,,,
cdu_19-09-2021_00:00_image2.jpeg,,,,,,,,
cdu_19-09-2021_00:00_image2.jpeg,,,,,,,,
cdu_19-09-2021_00:00_image2.jpeg,,,,,,,,
cdu_19-09-2021_00:00_image2.jpeg,,,,,,,,
cdu_19-09-2021_00:00_image2.jpeg,,,,,,,,
cdu_19-09-2021_00:00_image2.jpeg,,,,,,,,
cdu_19-09-2021_00:00_image2.jpeg,,,,,,,,
cdu_19-09-2021_00:00_image2.jpeg,,,,,,,,
cdu_19-09-2021_00:00_image2.jpeg,,,,,,,,
cdu_19-09-2021_00:00_image2.jpeg,,,,,,,,
cdu_19-09-2021_00:00_image2.jpeg,,,,,,,,
cdu_19-09-2021_00:00_image2.jpeg,,,,,,,,
cdu_19-09-2021_00:00_image2.jpeg,,,,,,,,
cdu_19-09-2021_00:00_image2.jpeg,,,,,,,,
cdu_19-09-2021_00:00_image2.jpeg,,,,,,,,
cdu_19-09-2021_00:00_image2.jpeg,,,,,,,,
cdu_19-09-2021_00:00_image2.jpeg,,,,,,,,
cdu_19-09-2021_00:00_image2.jpeg,,,,,,,,
cdu_19-09-2021_00:00_image2.jpeg,,,,,,,,
cdu_19-09-2021_00:00_image2.jpeg,,,,,,,,
cdu_19-09-2021_00:00_image2.jpeg,,,,,,,,
cdu_19-09-2021_00:00_image2.jpeg,,,,,,,,
cdu_19-09-2021_00:00_image2.jpeg,,,,,,,,
cdu_19-09-2021_00:00_image2.jpeg,,,,,,,,
cdu_19-09-2021_00:00_image2.jpeg,,,,,,,,
cdu_19-09-2021_00:00_image2.jpeg,,,,,,,,
cdu_19-09-2021_00:00_image2.jpeg,,,,,,,,
robert.habeck_18-09-2021_00:00_image4.jpeg,,,,,,,,
robert.habeck_18-09-2021_00:00_image4.jpeg,Robert Habeck,Robert Habeck,,,,,,
robert.habeck_18-09-2021_00:00_image4.jpeg,,,,,,,,
robert.habeck_18-09-2021_00:00_image4.jpeg,,,,,,,,
robert.habeck_18-09-2021_00:00_image4.jpeg,,,,,,,,
robert.habeck_18-09-2021_00:00_image4.jpeg,,,,,,,,
abaerbock_23-09-2021_00:00_image15.jpeg,,,,,,,,
abaerbock_23-09-2021_00:00_image15.jpeg,Annalena Baerbock,Annalena Baerbock,,,,,,
abaerbock_23-09-2021_00:00_image15.jpeg,,,,,,,,
abaerbock_23-09-2021_00:00_image15.jpeg,,,,,,,,
abaerbock_23-09-2021_00:00_image15.jpeg,,,,,,,,
abaerbock_23-09-2021_00:00_image15.jpeg,,,,,,,,
abaerbock_23-09-2021_00:00_image15.jpeg,,,,,,,,
abaerbock_23-09-2021_00:00_image15.jpeg,,,,,,,,
abaerbock_23-09-2021_00:00_image15.jpeg,,,,,,,,
abaerbock_21-09-2021_00:00_image15.jpeg,,,,,,,,
abaerbock_21-09-2021_00:00_image15.jpeg,,,,,,,,
abaerbock_21-09-2021_00:00_image15.jpeg,,,,,,,,
olafscholz_26-09-2021_00:00_image2.jpeg,,,,,,,,
olafscholz_26-09-2021_00:00_image2.jpeg,,,,,,,,
olafscholz_26-09-2021_00:00_image2.jpeg,,,,,,,,
olafscholz_26-09-2021_00:00_image2.jpeg,,,,,,,,
olafscholz_26-09-2021_00:00_image2.jpeg,,,,,,,,
olafscholz_26-09-2021_00:00_image2.jpeg,,,,,,,,
olafscholz_26-09-2021_00:00_image2.jpeg,,,,,,,,
olafscholz_26-09-2021_00:00_image2.jpeg,Olaf Scholz,Olaf Scholz,,,,,,
olafscholz_26-09-2021_00:00_image2.jpeg,,,,,,,,
olafscholz_26-09-2021_00:00_image2.jpeg,Olaf Scholz,Olaf Scholz,,,,,,
robert.habeck_13-09-2021_00:00_image14.jpeg,,,,,,,,
robert.habeck_13-09-2021_00:00_image14.jpeg,Robert Habeck,Robert Habeck,,,,,,
robert.habeck_13-09-2021_00:00_image14.jpeg,,,,,,,,
robert.habeck_13-09-2021_00:00_image14.jpeg,,Robert Habeck,,,,,,
olafscholz_21-09-2021_00:00_image4.jpeg,,,,,,,,
olafscholz_21-09-2021_00:00_image4.jpeg,Olaf Scholz,Olaf Scholz,,,,,,
olafscholz_21-09-2021_00:00_image4.jpeg,,,,,,,,
afd.bund_17-09-2021_00:00_video12.jpeg,,,,,,,,
afd.bund_17-09-2021_00:00_video12.jpeg,,,,,,,,
afd.bund_17-09-2021_00:00_video12.jpeg,,,,,,,,
fw_bayern_23-09-2021_00:00_image0.jpeg,,,,,,,,
fw_bayern_23-09-2021_00:00_image0.jpeg,,,,,,,,
fw_bayern_23-09-2021_00:00_image0.jpeg,,,,,,,,
fw_bayern_23-09-2021_00:00_image0.jpeg,,,,,,,,
fw_bayern_23-09-2021_00:00_image0.jpeg,,,,,,,,
afd.bund_23-09-2021_00:00_video1.jpeg,,,,,,,,
afd.bund_23-09-2021_00:00_video1.jpeg,,,,,,,,
afd.bund_23-09-2021_00:00_video1.jpeg,,,,,,,,
afd.bund_23-09-2021_00:00_video1.jpeg,,,,,,,,
afd.bund_23-09-2021_00:00_video1.jpeg,,,,,,,,
afd.bund_23-09-2021_00:00_video1.jpeg,,,,,,,,
afd.bund_23-09-2021_00:00_video1.jpeg,,,,,,,,
afd.bund_23-09-2021_00:00_video1.jpeg,,,,,,,,
afd.bund_23-09-2021_00:00_video1.jpeg,,,,,,,,
afd.bund_23-09-2021_00:00_video1.jpeg,,,,,,,,
afd.bund_23-09-2021_00:00_video1.jpeg,,,,,,,,
afd.bund_23-09-2021_00:00_video1.jpeg,,,,,,,,
afd.bund_23-09-2021_00:00_video1.jpeg,,,,,,,,
afd.bund_23-09-2021_00:00_video1.jpeg,,,,,,,,
afd.bund_23-09-2021_00:00_video1.jpeg,,,,,,,,
afd.bund_23-09-2021_00:00_video1.jpeg,,,,,,,,
afd.bund_23-09-2021_00:00_video1.jpeg,,,,,,,,
afd.bund_23-09-2021_00:00_video1.jpeg,,,,,,,,
afd.bund_23-09-2021_00:00_video1.jpeg,,,,,,,,
afd.bund_23-09-2021_00:00_video1.jpeg,,,,,,,,
afd.bund_23-09-2021_00:00_video1.jpeg,,,,,,,,
afd.bund_23-09-2021_00:00_video1.jpeg,,,,,,,,
afd.bund_23-09-2021_00:00_video1.jpeg,,,,,,,,
afd.bund_23-09-2021_00:00_video1.jpeg,,,,,,,,
afd.bund_23-09-2021_00:00_video1.jpeg,,,,,,,,
robert.habeck_18-09-2021_00:00_video7.jpeg,,,,,,,,
armin_laschet_18-09-2021_00:00_video2.jpeg,,,,,,,,
armin_laschet_18-09-2021_00:00_video2.jpeg,Armin Laschet,Armin Laschet,,,,,,
nicola_beer_20-09-2021_00:00_video8.jpeg,,,,,,,,
nicola_beer_20-09-2021_00:00_video8.jpeg,,,,,,,,
christianlindner_26-09-2021_00:00_image0.jpeg,,,,,,,,
christianlindner_26-09-2021_00:00_image0.jpeg,,,Christian Lindner,Christian Lindner,,,,
christianlindner_26-09-2021_00:00_image0.jpeg,,,,,,,,
christianlindner_26-09-2021_00:00_image0.jpeg,,,,,,,,
christianlindner_26-09-2021_00:00_image0.jpeg,,,,,,,,
christianlindner_26-09-2021_00:00_image0.jpeg,,,,,,,,
christianlindner_26-09-2021_00:00_image0.jpeg,,,,,,,,
christianlindner_26-09-2021_00:00_image0.jpeg,,,,,,,,
christianlindner_26-09-2021_00:00_image0.jpeg,,,,,,,,
christianlindner_26-09-2021_00:00_image0.jpeg,,,,,,,,
christianlindner_26-09-2021_00:00_image0.jpeg,,,,,,,,
christianlindner_26-09-2021_00:00_image0.jpeg,,,,,,,,
christianlindner_26-09-2021_00:00_image0.jpeg,,,,,,,,
christianlindner_26-09-2021_00:00_image0.jpeg,,,,,,,,
christianlindner_26-09-2021_00:00_image0.jpeg,,,,,,,,
christianlindner_26-09-2021_00:00_image0.jpeg,,,,,,,,
christianlindner_26-09-2021_00:00_image0.jpeg,,,,,,,,
christianlindner_26-09-2021_00:00_image0.jpeg,,,,,,,,
cdu_20-09-2021_00:00_video29.jpeg,,,,,,,,
cdu_13-09-2021_00:00_video8.jpeg,,,,,,,,
cdu_13-09-2021_00:00_video8.jpeg,,,,,,,,
cdu_13-09-2021_00:00_video8.jpeg,,,,,,,,
abaerbock_18-09-2021_00:00_image14.jpeg,,,,,,,,
abaerbock_17-09-2021_00:00_image2.jpeg,,,,,,,,
abaerbock_17-09-2021_00:00_image2.jpeg,,,,,,,,
abaerbock_17-09-2021_00:00_image2.jpeg,,,,,,,,
abaerbock_17-09-2021_00:00_image2.jpeg,,,,,,,,
grey_gor_25-09-2021_00:00_video0.jpeg,,,,,,,,
grey_gor_25-09-2021_00:00_video0.jpeg,,,Gregor Voht,Gregor Voht,,,,
armin_laschet_17-09-2021_00:00_video17.jpeg,,,,,,,,
armin_laschet_17-09-2021_00:00_video17.jpeg,,,Armin Laschet,Armin Laschet,,,,
markus.soeder_23-09-2021_00:00_image1.jpeg,,,,,,,,
markus.soeder_23-09-2021_00:00_image1.jpeg,,,Markus Söder,Markus Söder,,,,
markus.soeder_23-09-2021_00:00_image1.jpeg,,,,,,,,
markus.soeder_23-09-2021_00:00_image1.jpeg,,,Markus Söder,,,,,
robert.habeck_23-09-2021_00:00_video4.jpeg,,,,,,,,
robert.habeck_23-09-2021_00:00_video4.jpeg,,,,,,,,
robert.habeck_23-09-2021_00:00_video4.jpeg,,,,,,,,
robert.habeck_23-09-2021_00:00_video4.jpeg,,,,,,,,
robert.habeck_23-09-2021_00:00_video4.jpeg,,,,,,,,
robert.habeck_23-09-2021_00:00_video4.jpeg,,,,,,,,
robert.habeck_23-09-2021_00:00_video4.jpeg,,,,,,,,
robert.habeck_23-09-2021_00:00_video4.jpeg,,,,,,,,
robert.habeck_23-09-2021_00:00_video4.jpeg,,,,,,,,
robert.habeck_23-09-2021_00:00_video4.jpeg,,,,,,,,
robert.habeck_23-09-2021_00:00_video4.jpeg,,,,,,,,
robert.habeck_23-09-2021_00:00_video4.jpeg,,,,,,,,
robert.habeck_23-09-2021_00:00_video4.jpeg,,,,,,,,
robert.habeck_23-09-2021_00:00_video4.jpeg,,,,,,,,
robert.habeck_17-09-2021_00:00_video7.jpeg,,,,,,,,
robert.habeck_17-09-2021_00:00_video7.jpeg,,,,,,,,
robert.habeck_17-09-2021_00:00_video7.jpeg,,,,,,,,
christianlindner_26-09-2021_00:00_video0.jpeg,,,,,,,,
christianlindner_26-09-2021_00:00_video0.jpeg,,,,,,,,
christianlindner_26-09-2021_00:00_video0.jpeg,,,,,,,,
saskiaesken_24-09-2021_00:00_video0.jpeg,,,,,,,,
saskiaesken_24-09-2021_00:00_video0.jpeg,,,,,,,,
christlichsozialeunion_18-09-2021_00:00_video17.jpeg,,,,,,,,
christlichsozialeunion_18-09-2021_00:00_video17.jpeg,,,Markus Söder,Markus Söder,,,,
christlichsozialeunion_18-09-2021_00:00_video17.jpeg,,,,,,,,
christlichsozialeunion_18-09-2021_00:00_video17.jpeg,,,,,,,,
christlichsozialeunion_18-09-2021_00:00_video17.jpeg,,,,,,,,
christlichsozialeunion_18-09-2021_00:00_video17.jpeg,,,,,,,,
christlichsozialeunion_18-09-2021_00:00_video17.jpeg,,,,,,,,
christlichsozialeunion_18-09-2021_00:00_video17.jpeg,,,,,,,,
robert.habeck_25-09-2021_00:00_image9.jpeg,,,,,,,,
robert.habeck_25-09-2021_00:00_image9.jpeg,,,,,,,,
robert.habeck_25-09-2021_00:00_image9.jpeg,,,,,,,,
robert.habeck_25-09-2021_00:00_image9.jpeg,,,,,,,,
robert.habeck_25-09-2021_00:00_image9.jpeg,,,,,,,,
robert.habeck_25-09-2021_00:00_image9.jpeg,,,,,,,,
robert.habeck_25-09-2021_00:00_image9.jpeg,,,,,,,,
robert.habeck_25-09-2021_00:00_image9.jpeg,,,,,,,,
markus.soeder_17-09-2021_00:00_image0.jpeg,,,,,,,,
markus.soeder_17-09-2021_00:00_image0.jpeg,,,Markus Söder,,,,,
markus.soeder_17-09-2021_00:00_image0.jpeg,,,,Markus Söder,,,,
markus.soeder_17-09-2021_00:00_image0.jpeg,,,Markus Söder,,,,,
robert.habeck_13-09-2021_00:00_image11.jpeg,,,,,,,,
robert.habeck_13-09-2021_00:00_image11.jpeg,,,,,,,,
robert.habeck_13-09-2021_00:00_image11.jpeg,,,,,,,,
armin_laschet_17-09-2021_00:00_image5.jpeg,,,,,,,,
armin_laschet_17-09-2021_00:00_image5.jpeg,,,,,,,,
armin_laschet_17-09-2021_00:00_image5.jpeg,,,,,,,,
armin_laschet_17-09-2021_00:00_image5.jpeg,,,,,,,,
armin_laschet_17-09-2021_00:00_image5.jpeg,,,,,,,,
armin_laschet_17-09-2021_00:00_image5.jpeg,,,,,,,,
armin_laschet_17-09-2021_00:00_image5.jpeg,,,,,,,,
armin_laschet_17-09-2021_00:00_image5.jpeg,,,,,,,,
fw_bayern_17-09-2021_00:00_image1.jpeg,,,,,,,,
fw_bayern_17-09-2021_00:00_image1.jpeg,,,,,,,,
fw_bayern_17-09-2021_00:00_image1.jpeg,,,,,,,,
fw_bayern_17-09-2021_00:00_image1.jpeg,,,,,,,,
spdde_26-09-2021_00:00_image5.jpeg,,,,,,,,
spdde_26-09-2021_00:00_image5.jpeg,,,,,,,,
spdde_26-09-2021_00:00_image5.jpeg,,,,,,,,
olafscholz_19-09-2021_00:00_image4.jpeg,,,,,,,,
olafscholz_19-09-2021_00:00_image4.jpeg,,,Olaf Scholz,Olaf Scholz,,,,
christlichsozialeunion_25-09-2021_00:00_video15.jpeg,,,,,,,,
christlichsozialeunion_25-09-2021_00:00_video15.jpeg,,,,,,,,
christlichsozialeunion_21-09-2021_00:00_image2.jpeg,,,,,,,,
christlichsozialeunion_21-09-2021_00:00_image2.jpeg,,,,,,,,
christlichsozialeunion_21-09-2021_00:00_image2.jpeg,,,,,,,,
christlichsozialeunion_21-09-2021_00:00_image2.jpeg,,,Markus Söder,Markus Söder,,,,
christlichsozialeunion_21-09-2021_00:00_image2.jpeg,,,,,,,,
christlichsozialeunion_21-09-2021_00:00_image2.jpeg,,,,,,,,
christlichsozialeunion_21-09-2021_00:00_image2.jpeg,,,,,,,,
christlichsozialeunion_21-09-2021_00:00_image2.jpeg,,,,,,,,
abaerbock_14-09-2021_00:00_image10.jpeg,,,,,,,,
abaerbock_14-09-2021_00:00_image10.jpeg,,,Annalena Baerbock,Annalena Baerbock,,,,
abaerbock_14-09-2021_00:00_image10.jpeg,,,,,,,,
fw_bayern_13-09-2021_00:00_video5.jpeg,,,,,,,,
abaerbock_26-09-2021_00:00_image6.jpeg,,,,,,,,
abaerbock_26-09-2021_00:00_image6.jpeg,,,,,,,,
abaerbock_26-09-2021_00:00_image6.jpeg,,,Annalena Baerbock,Annalena Baerbock,,,,
abaerbock_26-09-2021_00:00_image6.jpeg,,,,,,,,
abaerbock_26-09-2021_00:00_image6.jpeg,,,,,,,,
abaerbock_26-09-2021_00:00_image6.jpeg,,,,,,,,
abaerbock_26-09-2021_00:00_image6.jpeg,,,,,,,,
olafscholz_25-09-2021_00:00_image0.jpeg,,,,,,,,
olafscholz_25-09-2021_00:00_image0.jpeg,,,,,,,,
olafscholz_25-09-2021_00:00_image0.jpeg,,,,,,,,
olafscholz_25-09-2021_00:00_image0.jpeg,,,,,,,,
olafscholz_25-09-2021_00:00_image0.jpeg,,,,,,,,
olafscholz_25-09-2021_00:00_image0.jpeg,,,,,,,,
olafscholz_25-09-2021_00:00_image0.jpeg,,,,,,,,
olafscholz_25-09-2021_00:00_image0.jpeg,,,,,,,,
olafscholz_25-09-2021_00:00_image0.jpeg,,,,,,,,
olafscholz_25-09-2021_00:00_image0.jpeg,,,,,,,,
olafscholz_25-09-2021_00:00_image0.jpeg,,,,,,,,
olafscholz_25-09-2021_00:00_image0.jpeg,,,,,,,,
olafscholz_25-09-2021_00:00_image0.jpeg,,,,,,,,
olafscholz_25-09-2021_00:00_image0.jpeg,,,,,,,,
olafscholz_25-09-2021_00:00_image0.jpeg,,,,,,,,
olafscholz_25-09-2021_00:00_image0.jpeg,,,,,,,,
olafscholz_25-09-2021_00:00_image0.jpeg,,,,,,,,
olafscholz_25-09-2021_00:00_image0.jpeg,,,,,,,,
cdu_19-09-2021_00:00_image8.jpeg,,,,,,,,
cdu_19-09-2021_00:00_image8.jpeg,,,,,,,,
cdu_19-09-2021_00:00_image8.jpeg,,,,,,,,
cdu_19-09-2021_00:00_image8.jpeg,,,,,,,,
cdu_19-09-2021_00:00_image8.jpeg,,,,,,,,
cdu_19-09-2021_00:00_image8.jpeg,,,,,,,,
cdu_19-09-2021_00:00_image8.jpeg,,,,,,,,
cdu_19-09-2021_00:00_image8.jpeg,,,,,,,,
cdu_19-09-2021_00:00_image8.jpeg,,,,,,,,
cdu_19-09-2021_00:00_image8.jpeg,,,,,,,,
cdu_19-09-2021_00:00_image8.jpeg,,,,,,,,
cdu_19-09-2021_00:00_image8.jpeg,,,,,,,,
cdu_19-09-2021_00:00_image8.jpeg,,,,,,,,
cdu_19-09-2021_00:00_image8.jpeg,,,,,,,,
cdu_19-09-2021_00:00_image8.jpeg,,,,,,,,
cdu_19-09-2021_00:00_image8.jpeg,,,,,,,,
cdu_19-09-2021_00:00_image8.jpeg,,,,,,,,
cdu_19-09-2021_00:00_image8.jpeg,,,,,,,,
cdu_19-09-2021_00:00_image8.jpeg,,,,,,,,
cdu_19-09-2021_00:00_image8.jpeg,,,,,,,,
cdu_19-09-2021_00:00_image8.jpeg,,,,,,,,
cdu_19-09-2021_00:00_image8.jpeg,,,,,,,,
cdu_19-09-2021_00:00_image8.jpeg,,,,,,,,
cdu_19-09-2021_00:00_image8.jpeg,,,,,,,,
cdu_19-09-2021_00:00_image8.jpeg,,,,,,,,
cdu_19-09-2021_00:00_image8.jpeg,,,,,,,,
cdu_19-09-2021_00:00_image8.jpeg,,,,,,,,
cdu_19-09-2021_00:00_image8.jpeg,,,,,,,,
cdu_19-09-2021_00:00_image8.jpeg,,,,,,,,
cdu_19-09-2021_00:00_image8.jpeg,,,,,,,,
cdu_19-09-2021_00:00_image8.jpeg,,,,,,,,
cdu_19-09-2021_00:00_image8.jpeg,,,,,,,,
robert.habeck_26-09-2021_00:00_video4.jpeg,,,,,,,,
robert.habeck_26-09-2021_00:00_video4.jpeg,,,,,,,,
robert.habeck_26-09-2021_00:00_video4.jpeg,,,,Robert Habeck,,,,
robert.habeck_26-09-2021_00:00_video4.jpeg,,,,,,,,
robert.habeck_26-09-2021_00:00_video4.jpeg,,,,,,,,
robert.habeck_26-09-2021_00:00_video4.jpeg,,,,,,,,
olafscholz_25-09-2021_00:00_video0.jpeg,,,,,,,,
olafscholz_25-09-2021_00:00_video0.jpeg,,,,,,,,
fw_bayern_24-09-2021_00:00_video6.jpeg,,,,,,,,
fdp_22-09-2021_00:00_video0.jpeg,,,,,,,,
fdp_22-09-2021_00:00_video0.jpeg,,,,,,,,
afd.bund_19-09-2021_00:00_video0.jpeg,,,,,,,,
afd.bund_19-09-2021_00:00_video0.jpeg,,,Alice Weidel,Alice Weidel,,,,
robert.habeck_22-09-2021_00:00_image7.jpeg,,,,,,,,
robert.habeck_22-09-2021_00:00_image7.jpeg,,,Robert Habeck,Robert Habeck,,,,
armin_laschet_23-09-2021_00:00_video14.jpeg,,,,,,,,
armin_laschet_23-09-2021_00:00_video14.jpeg,,,,,,,,
armin_laschet_23-09-2021_00:00_video14.jpeg,,,Armin Laschet,Armin Laschet,,,,
armin_laschet_23-09-2021_00:00_video14.jpeg,,,,,,,,
afd.bund_23-09-2021_00:00_video7.jpeg,,,,,,,,
afd.bund_23-09-2021_00:00_video7.jpeg,,,,,,,,
afd.bund_23-09-2021_00:00_video7.jpeg,,,,,,,,
abaerbock_14-09-2021_00:00_video2.jpeg,,,,,,,,
abaerbock_14-09-2021_00:00_video2.jpeg,,,Annalena Baerbock,Annalena Baerbock,,,,
abaerbock_14-09-2021_00:00_video2.jpeg,,,,,,,,
abaerbock_14-09-2021_00:00_video2.jpeg,,,,,,,,
abaerbock_14-09-2021_00:00_video2.jpeg,,,,,,,,
abaerbock_14-09-2021_00:00_video2.jpeg,,,,,,,,
abaerbock_14-09-2021_00:00_video2.jpeg,,,,,,,,
die_gruenen_17-09-2021_00:00_image7.jpeg,,,,,,,,
die_gruenen_17-09-2021_00:00_image7.jpeg,,,Annalena Baerbock,Annalena Baerbock,,,,
cdu_25-09-2021_00:00_video8.jpeg,,,,,,,,
cdu_25-09-2021_00:00_video8.jpeg,,,Armin Laschet,Armin Laschet,,,,
cdu_25-09-2021_00:00_video8.jpeg,,,,,,,,
cdu_25-09-2021_00:00_video8.jpeg,,,Armin Laschet,Armin Laschet,,,,
christlichsozialeunion_17-09-2021_00:00_video4.jpeg,,,,,,,,
spdde_25-09-2021_00:00_video7.jpeg,,,,,,,,
spdde_25-09-2021_00:00_video7.jpeg,,,,,,,,
spdde_25-09-2021_00:00_video7.jpeg,,,Olaf Scholz,Olaf Scholz,,,,
spdde_25-09-2021_00:00_video7.jpeg,,,,,,,,
spdde_25-09-2021_00:00_video7.jpeg,,,,,,,,
spdde_25-09-2021_00:00_video7.jpeg,,,Olaf Scholz,Olaf Scholz,,,,
spdde_25-09-2021_00:00_video7.jpeg,,,,,,,,
spdde_25-09-2021_00:00_video7.jpeg,,,Olaf Scholz,,,,,
die_gruenen_25-09-2021_00:00_video22.jpeg,,,,,,,,
die_gruenen_25-09-2021_00:00_video22.jpeg,,,,,,,,
die_gruenen_25-09-2021_00:00_video22.jpeg,,,,,,,,
die_gruenen_25-09-2021_00:00_video22.jpeg,,,,,,,,
die_gruenen_25-09-2021_00:00_video22.jpeg,,,,,,,,
abaerbock_24-09-2021_00:00_image2.jpeg,,,,,,,,
abaerbock_24-09-2021_00:00_image2.jpeg,,,Annalena Baerbock,Annalena Baerbock,,,,
abaerbock_24-09-2021_00:00_image2.jpeg,,,,,,,,
abaerbock_24-09-2021_00:00_image2.jpeg,,,,,,,,
cdu_20-09-2021_00:00_video1.jpeg,,,,,,,,
cdu_20-09-2021_00:00_video1.jpeg,,,,,,,,
abaerbock_24-09-2021_00:00_image3.jpeg,,,,,,,,
abaerbock_24-09-2021_00:00_image3.jpeg,,,,,,,,
abaerbock_24-09-2021_00:00_image3.jpeg,,,,,,,,
abaerbock_24-09-2021_00:00_image3.jpeg,,,,,,,,
abaerbock_24-09-2021_00:00_image3.jpeg,,,,,,,,
abaerbock_24-09-2021_00:00_image3.jpeg,,,,,,,,
abaerbock_24-09-2021_00:00_image3.jpeg,,,,,,,,
abaerbock_24-09-2021_00:00_image3.jpeg,,,,,,,,
abaerbock_24-09-2021_00:00_image3.jpeg,,,,,,,,
abaerbock_24-09-2021_00:00_image3.jpeg,,,,,,,,
abaerbock_24-09-2021_00:00_image3.jpeg,,,,,,,,
abaerbock_24-09-2021_00:00_image3.jpeg,,,,,,,,
abaerbock_24-09-2021_00:00_image3.jpeg,,,,,,,,
olafscholz_22-09-2021_00:00_image2.jpeg,,,,,,,,
olafscholz_22-09-2021_00:00_image2.jpeg,,,,,,,,
olafscholz_22-09-2021_00:00_image2.jpeg,,,Olaf Scholz,Olaf Scholz,,,,
christlichsozialeunion_21-09-2021_00:00_image6.jpeg,,,,,,,,
armin_laschet_17-09-2021_00:00_video6.jpeg,,,,,,,,
armin_laschet_17-09-2021_00:00_video6.jpeg,,,Armin Laschet,Armin Laschet,,,,
armin_laschet_17-09-2021_00:00_video6.jpeg,,,,,,,,
armin_laschet_17-09-2021_00:00_video6.jpeg,,,,,,,,
armin_laschet_17-09-2021_00:00_video6.jpeg,,,,,,,,
armin_laschet_17-09-2021_00:00_video6.jpeg,,,,,,,,
armin_laschet_17-09-2021_00:00_video6.jpeg,,,,,,,,
fdp_18-09-2021_00:00_video4.jpeg,,,,,,,,
spdde_14-09-2021_00:00_image2.jpeg,,,,,,,,
spdde_14-09-2021_00:00_image2.jpeg,,,,,,,,
spdde_14-09-2021_00:00_image2.jpeg,,,Armin Laschet,Armin Laschet,,,,
spdde_14-09-2021_00:00_image2.jpeg,,,,,,,,
spdde_14-09-2021_00:00_image2.jpeg,,,Annalena Baerbock,Annalena Baerbock,,,,
spdde_14-09-2021_00:00_image2.jpeg,,,,,,,,
spdde_14-09-2021_00:00_image2.jpeg,,,Olaf Scholz,Olaf Scholz,,,,
spdde_14-09-2021_00:00_image2.jpeg,,,,,,,,
fw_bayern_24-09-2021_00:00_image5.jpeg,,,,,,,,
fw_bayern_24-09-2021_00:00_image5.jpeg,,,,,,,,
fw_bayern_24-09-2021_00:00_image5.jpeg,,,,,,,,
fw_bayern_24-09-2021_00:00_image5.jpeg,,,,,,,,
fw_bayern_24-09-2021_00:00_image5.jpeg,,,,,,,,
fw_bayern_24-09-2021_00:00_image5.jpeg,,,,,,,,
fw_bayern_24-09-2021_00:00_image5.jpeg,,,,,,,,
fw_bayern_24-09-2021_00:00_image5.jpeg,,,,,,,,
spdde_18-09-2021_00:00_video6.jpeg,,,,,,,,
spdde_18-09-2021_00:00_video6.jpeg,,,,,,,,
spdde_18-09-2021_00:00_video6.jpeg,,,,,,,,
spdde_18-09-2021_00:00_video6.jpeg,,,,,,,,
spdde_18-09-2021_00:00_video6.jpeg,,,,,,,,
robert.habeck_17-09-2021_00:00_image0.jpeg,,,,,,,,
robert.habeck_17-09-2021_00:00_image0.jpeg,,,,,,,,
robert.habeck_17-09-2021_00:00_image0.jpeg,,,,,,,,
robert.habeck_17-09-2021_00:00_image0.jpeg,,,,,,,,
robert.habeck_17-09-2021_00:00_image0.jpeg,,,,,,,,
christianlindner_20-09-2021_00:00_video0.jpeg,,,,,,,,
afd.bund_17-09-2021_00:00_video11.jpeg,,,,,,,,
olafscholz_22-09-2021_00:00_video4.jpeg,,,,,,,,
olafscholz_22-09-2021_00:00_video4.jpeg,,,,,,,,
olafscholz_22-09-2021_00:00_video4.jpeg,,,,,,,,
olafscholz_22-09-2021_00:00_video4.jpeg,,,,,,,,
olafscholz_22-09-2021_00:00_video4.jpeg,,,,,,,,
abaerbock_25-09-2021_00:00_image5.jpeg,,,,,,,,
abaerbock_25-09-2021_00:00_image5.jpeg,,,,,,,,
nicola_beer_21-09-2021_00:00_image1.jpeg,,,,,,,,
nicola_beer_21-09-2021_00:00_image1.jpeg,,,,,,,,
nicola_beer_21-09-2021_00:00_image1.jpeg,,,Nicola Beer,Nicola Beer,,,,
nicola_beer_21-09-2021_00:00_image1.jpeg,,,,,,,,
afd.bund_13-09-2021_00:00_image6.jpeg,,,,,,,,
afd.bund_13-09-2021_00:00_image6.jpeg,,,,,,,,
afd.bund_13-09-2021_00:00_image6.jpeg,,,Alice Weidel,Alice Weidel,,,,
fw_bayern_14-09-2021_00:00_video0.jpeg,,,,,,,,
christlichsozialeunion_23-09-2021_00:00_image4.jpeg,,,,,,,,
cdu_13-09-2021_00:00_image3.jpeg,,,,,,,,
cdu_13-09-2021_00:00_image3.jpeg,,,,,,,,
cdu_13-09-2021_00:00_image3.jpeg,,,,,,,,
cdu_13-09-2021_00:00_image3.jpeg,,,,,,,,
cdu_13-09-2021_00:00_image3.jpeg,,,,,,,,
cdu_13-09-2021_00:00_image3.jpeg,,,,,,,,
cdu_13-09-2021_00:00_image3.jpeg,,,,,,,,
cdu_13-09-2021_00:00_image3.jpeg,,,,,,,,
cdu_13-09-2021_00:00_image3.jpeg,,,,,,,,
cdu_13-09-2021_00:00_image3.jpeg,,,,,,,,
cdu_13-09-2021_00:00_image3.jpeg,,,,,,,,
cdu_13-09-2021_00:00_image3.jpeg,,,,,,,,
armin_laschet_19-09-2021_00:00_image0.jpeg,,,,,,,,
armin_laschet_19-09-2021_00:00_image0.jpeg,,,Armin Laschet,Armin Laschet,,,,
armin_laschet_19-09-2021_00:00_image2.jpeg,,,,,,,,
armin_laschet_19-09-2021_00:00_image2.jpeg,,,,,,,,
armin_laschet_19-09-2021_00:00_image2.jpeg,,,,,,,,
armin_laschet_19-09-2021_00:00_image2.jpeg,,,,,,,,
armin_laschet_19-09-2021_00:00_image2.jpeg,,,,,,,,
armin_laschet_19-09-2021_00:00_image2.jpeg,,,,,,,,
armin_laschet_19-09-2021_00:00_image2.jpeg,,,,,,,,
armin_laschet_19-09-2021_00:00_image2.jpeg,,,,,,,,
armin_laschet_19-09-2021_00:00_image2.jpeg,,,,,,,,
armin_laschet_19-09-2021_00:00_image2.jpeg,,,,,,,,
armin_laschet_19-09-2021_00:00_image2.jpeg,,,,,,,,
armin_laschet_19-09-2021_00:00_image2.jpeg,,,,,,,,
armin_laschet_19-09-2021_00:00_image2.jpeg,,,,,,,,
armin_laschet_19-09-2021_00:00_image2.jpeg,,,,,,,,
armin_laschet_19-09-2021_00:00_image2.jpeg,,,,,,,,
armin_laschet_19-09-2021_00:00_image2.jpeg,,,,,,,,
armin_laschet_19-09-2021_00:00_image2.jpeg,,,,,,,,
armin_laschet_19-09-2021_00:00_image2.jpeg,,,,,,,,
armin_laschet_19-09-2021_00:00_image2.jpeg,,,,,,,,
armin_laschet_19-09-2021_00:00_image2.jpeg,,,,,,,,
armin_laschet_19-09-2021_00:00_image2.jpeg,,,,,,,,
armin_laschet_19-09-2021_00:00_image2.jpeg,,,,,,,,
armin_laschet_19-09-2021_00:00_image2.jpeg,,,,,,,,
armin_laschet_19-09-2021_00:00_image2.jpeg,,,,,,,,
armin_laschet_19-09-2021_00:00_image2.jpeg,,,,,,,,
robert.habeck_23-09-2021_00:00_image4.jpeg,,,,,,,,
robert.habeck_23-09-2021_00:00_image4.jpeg,,,,,,,,
robert.habeck_23-09-2021_00:00_image4.jpeg,,,,,,,,
robert.habeck_23-09-2021_00:00_image4.jpeg,,,,,,,,
robert.habeck_23-09-2021_00:00_image4.jpeg,,,,,,,,
robert.habeck_23-09-2021_00:00_image4.jpeg,,,,,,,,
robert.habeck_23-09-2021_00:00_image4.jpeg,,,,,,,,
robert.habeck_23-09-2021_00:00_image4.jpeg,,,,,,,,
robert.habeck_23-09-2021_00:00_image4.jpeg,,,,,,,,
christlichsozialeunion_17-09-2021_00:00_video1.jpeg,,,,,,,,
cdu_23-09-2021_00:00_video4.jpeg,,,,,,,,
cdu_23-09-2021_00:00_video4.jpeg,,,Armin Laschet,,,,,
cdu_23-09-2021_00:00_video4.jpeg,,,,,,,,
cdu_23-09-2021_00:00_video4.jpeg,,,,,,,,
cdu_23-09-2021_00:00_video4.jpeg,,,,,,,,
die_gruenen_13-09-2021_00:00_image5.jpeg,,,,,,,,
die_gruenen_13-09-2021_00:00_image5.jpeg,,,Annalena Baerbock,Annalena Baerbock,,,,
die_gruenen_13-09-2021_00:00_image5.jpeg,,,,,,,,
die_gruenen_13-09-2021_00:00_image5.jpeg,,,Armin Laschet,Armin Laschet,,,,
die_gruenen_13-09-2021_00:00_image5.jpeg,,,,,,,,
die_gruenen_13-09-2021_00:00_image5.jpeg,,,Olaf Scholz,Olaf Scholz,,,,
nicola_beer_20-09-2021_00:00_image6.jpeg,,,,,,,,
nicola_beer_20-09-2021_00:00_image6.jpeg,,,Nicola Beer,Nicola Beer,,,,
nicola_beer_20-09-2021_00:00_image6.jpeg,,,,,,,,
nicola_beer_20-09-2021_00:00_image6.jpeg,,,Nicola Beer,Nicola Beer,,,,
abaerbock_21-09-2021_00:00_image13.jpeg,,,,,,,,
abaerbock_21-09-2021_00:00_image13.jpeg,,,,,,,,
abaerbock_21-09-2021_00:00_image13.jpeg,,,,,,,,
abaerbock_21-09-2021_00:00_image13.jpeg,,,,,,,,
abaerbock_21-09-2021_00:00_image13.jpeg,,,,,,,,
fw_bayern_19-09-2021_00:00_video7.jpeg,,,,,,,,
fw_bayern_19-09-2021_00:00_video7.jpeg,,,,,,,,
fw_bayern_19-09-2021_00:00_video7.jpeg,,,,,,,,
fw_bayern_19-09-2021_00:00_video7.jpeg,,,,,,,,
fw_bayern_19-09-2021_00:00_video7.jpeg,,,,,,,,
fw_bayern_19-09-2021_00:00_video7.jpeg,,,,,,,,
fw_bayern_19-09-2021_00:00_video7.jpeg,,,,,,,,
armin_laschet_23-09-2021_00:00_video1.jpeg,,,,,,,,
armin_laschet_23-09-2021_00:00_video1.jpeg,,,,,,,,
armin_laschet_20-09-2021_00:00_image3.jpeg,,,,,,,,
armin_laschet_20-09-2021_00:00_image3.jpeg,,,Armin Laschet,Armin Laschet,,,,
armin_laschet_20-09-2021_00:00_image3.jpeg,,,,,,,,
armin_laschet_20-09-2021_00:00_image3.jpeg,,,Armin Laschet,Armin Laschet,,,,
armin_laschet_21-09-2021_00:00_video0.jpeg,,,,,,,,
armin_laschet_21-09-2021_00:00_video0.jpeg,,,Armin Laschet,Armin Laschet,,,,
armin_laschet_22-09-2021_00:00_video12.jpeg,,,,,,,,
armin_laschet_22-09-2021_00:00_video12.jpeg,,,,,,,,
armin_laschet_22-09-2021_00:00_video12.jpeg,,,,,,,,
armin_laschet_22-09-2021_00:00_video12.jpeg,,,,,,,,
armin_laschet_22-09-2021_00:00_video12.jpeg,,,,,,,,
armin_laschet_22-09-2021_00:00_video12.jpeg,,,,,,,,
armin_laschet_22-09-2021_00:00_video12.jpeg,,,Armin Laschet,,,,,
cdu_13-09-2021_00:00_video0.jpeg,,,,,,,,
cdu_13-09-2021_00:00_video0.jpeg,,,Armin Laschet,Armin Laschet,,,,
cdu_13-09-2021_00:00_video0.jpeg,,,,,,,,
cdu_13-09-2021_00:00_video0.jpeg,,,Armin Laschet,Armin Laschet,,,,
spdde_20-09-2021_00:00_image10.jpeg,,,,,,,,
cdu_13-09-2021_00:00_image2.jpeg,,,,,,,,
christlichsozialeunion_17-09-2021_00:00_video5.jpeg,,,,,,,,
afd.bund_24-09-2021_00:00_video1.jpeg,,,,,,,,
cdu_13-09-2021_00:00_video7.jpeg,,,,,,,,
die_gruenen_25-09-2021_00:00_image4.jpeg,,,,,,,,
die_gruenen_25-09-2021_00:00_image4.jpeg,,,,,,,,
die_gruenen_25-09-2021_00:00_image4.jpeg,,,,,,,,
die_gruenen_25-09-2021_00:00_image4.jpeg,,,,,,,,
susanne_hennig_wellsow_25-09-2021_00:00_image1.jpeg,,,,,,,,
susanne_hennig_wellsow_25-09-2021_00:00_image1.jpeg,,,Susanne Hennig-Wellsow,Susanne Hennig-Wellsow,,,,
susanne_hennig_wellsow_25-09-2021_00:00_image1.jpeg,,,,,,,,
cdu_23-09-2021_00:00_image2.jpeg,,,,,,,,
cdu_23-09-2021_00:00_image2.jpeg,,,,,,,,
cdu_23-09-2021_00:00_image2.jpeg,,,,,,,,
cdu_23-09-2021_00:00_image2.jpeg,,,,,,,,
olafscholz_19-09-2021_00:00_video5.jpeg,,,,,,,,
olafscholz_19-09-2021_00:00_video5.jpeg,,,,,,,,
olafscholz_19-09-2021_00:00_video5.jpeg,,,,,,,,
olafscholz_19-09-2021_00:00_video5.jpeg,,,,,,,,
olafscholz_19-09-2021_00:00_video5.jpeg,,,,,,,,
olafscholz_19-09-2021_00:00_video5.jpeg,,,,,,,,
olafscholz_19-09-2021_00:00_video5.jpeg,,,Olaf Scholz,Olaf Scholz,,,,
olafscholz_19-09-2021_00:00_video5.jpeg,,,,,,,,
christlichsozialeunion_22-09-2021_00:00_video2.jpeg,,,,,,,,
fw_bayern_20-09-2021_00:00_image1.jpeg,,,,,,,,
fw_bayern_20-09-2021_00:00_image1.jpeg,,,,,,,,
fw_bayern_20-09-2021_00:00_image1.jpeg,,,,,,,,
nicola_beer_22-09-2021_00:00_image4.jpeg,,,,,,,,
nicola_beer_22-09-2021_00:00_image4.jpeg,,,Nicola Beer,Nicola Beer,,,,
robert.habeck_18-09-2021_00:00_video8.jpeg,,,,,,,,
robert.habeck_18-09-2021_00:00_video8.jpeg,,,,,,,,
robert.habeck_18-09-2021_00:00_video8.jpeg,,,,,,,,
christlichsozialeunion_16-09-2021_00:00_video15.jpeg,,,,,,,,
christlichsozialeunion_16-09-2021_00:00_video15.jpeg,,,Markus Söder,Markus Söder,,,,
engin_eroglu__16-09-2021_00:00_video3.jpeg,,,,,,,,
die_gruenen_25-09-2021_00:00_video16.jpeg,,,,,,,,
die_gruenen_25-09-2021_00:00_video16.jpeg,,,,,,,,
die_gruenen_25-09-2021_00:00_video16.jpeg,,,,,,,,
die_gruenen_25-09-2021_00:00_video16.jpeg,,,,,,,,
die_gruenen_25-09-2021_00:00_video16.jpeg,,,,,,,,
die_gruenen_25-09-2021_00:00_video16.jpeg,,,,,,,,
cdu_13-09-2021_00:00_video6.jpeg,,,,,,,,
cdu_13-09-2021_00:00_video6.jpeg,,,Armin Laschet,Armin Laschet,,,,
robert.habeck_13-09-2021_00:00_image6.jpeg,,,,,,,,
robert.habeck_13-09-2021_00:00_image6.jpeg,,,,,,,,
robert.habeck_13-09-2021_00:00_image6.jpeg,,,,,,,,
robert.habeck_13-09-2021_00:00_image6.jpeg,,,,,,,,
robert.habeck_13-09-2021_00:00_image6.jpeg,,,,,,,,
robert.habeck_13-09-2021_00:00_image6.jpeg,,,,,,,,
robert.habeck_13-09-2021_00:00_image6.jpeg,,,,,,,,
robert.habeck_13-09-2021_00:00_image6.jpeg,,,,,,,,
robert.habeck_13-09-2021_00:00_image6.jpeg,,,,,,,,
robert.habeck_13-09-2021_00:00_image6.jpeg,,,,,,,,
robert.habeck_13-09-2021_00:00_image6.jpeg,,,,,,,,
robert.habeck_13-09-2021_00:00_image6.jpeg,,,,,,,,
robert.habeck_13-09-2021_00:00_image6.jpeg,,,,,,,,
robert.habeck_13-09-2021_00:00_image6.jpeg,,,,,,,,
robert.habeck_13-09-2021_00:00_image6.jpeg,,,,,,,,
robert.habeck_13-09-2021_00:00_image6.jpeg,,,,,,,,
robert.habeck_13-09-2021_00:00_image6.jpeg,,,,,,,,
robert.habeck_13-09-2021_00:00_image6.jpeg,,,,,,,,
robert.habeck_13-09-2021_00:00_image6.jpeg,,,,,,,,
robert.habeck_13-09-2021_00:00_image6.jpeg,,,,,,,,
robert.habeck_13-09-2021_00:00_image6.jpeg,,,,,,,,
robert.habeck_13-09-2021_00:00_image6.jpeg,,,,,,,,
robert.habeck_13-09-2021_00:00_image6.jpeg,,,,,,,,
robert.habeck_13-09-2021_00:00_image6.jpeg,,,,,,,,
robert.habeck_13-09-2021_00:00_image6.jpeg,,,,,,,,
robert.habeck_13-09-2021_00:00_image6.jpeg,,,,,,,,
robert.habeck_13-09-2021_00:00_image6.jpeg,,,,,,,,
robert.habeck_13-09-2021_00:00_image6.jpeg,,,,,,,,
robert.habeck_13-09-2021_00:00_image6.jpeg,,,,,,,,
robert.habeck_13-09-2021_00:00_image6.jpeg,,,,,,,,
robert.habeck_13-09-2021_00:00_image6.jpeg,,,,,,,,
robert.habeck_13-09-2021_00:00_image6.jpeg,,,,,,,,
robert.habeck_13-09-2021_00:00_image6.jpeg,,,,,,,,
robert.habeck_13-09-2021_00:00_image6.jpeg,,,,,,,,
robert.habeck_13-09-2021_00:00_image6.jpeg,,,,,,,,
robert.habeck_13-09-2021_00:00_image6.jpeg,,,,,,,,
robert.habeck_13-09-2021_00:00_image6.jpeg,,,,,,,,
robert.habeck_13-09-2021_00:00_image6.jpeg,,,,,,,,
robert.habeck_13-09-2021_00:00_image6.jpeg,,,,,,,,
robert.habeck_13-09-2021_00:00_image6.jpeg,,,,,,,,
robert.habeck_13-09-2021_00:00_image6.jpeg,,,,,,,,
robert.habeck_13-09-2021_00:00_image6.jpeg,,,,,,,,
robert.habeck_13-09-2021_00:00_image6.jpeg,,,,,,,,
robert.habeck_13-09-2021_00:00_image6.jpeg,,,,,,,,
robert.habeck_13-09-2021_00:00_image6.jpeg,,,,,,,,
robert.habeck_13-09-2021_00:00_image6.jpeg,,,,,,,,
robert.habeck_13-09-2021_00:00_image6.jpeg,,,,,,,,
robert.habeck_13-09-2021_00:00_image6.jpeg,,,,,,,,
robert.habeck_13-09-2021_00:00_image6.jpeg,,,,,,,,
robert.habeck_13-09-2021_00:00_image6.jpeg,,,,,,,,
robert.habeck_13-09-2021_00:00_image6.jpeg,,,,,,,,
robert.habeck_13-09-2021_00:00_image6.jpeg,,,,,,,,
robert.habeck_13-09-2021_00:00_image6.jpeg,,,,,,,,
robert.habeck_13-09-2021_00:00_image6.jpeg,,,,,,,,
robert.habeck_13-09-2021_00:00_image6.jpeg,,,,,,,,
robert.habeck_22-09-2021_00:00_video0.jpeg,,,,,,,,
robert.habeck_22-09-2021_00:00_video0.jpeg,,,Robert Habeck,Robert Habeck,,,,
cdu_13-09-2021_00:00_video1.jpeg,,,,,,,,
cdu_13-09-2021_00:00_video1.jpeg,,,,,,,,
cdu_13-09-2021_00:00_video1.jpeg,,,Armin Laschet,,,,,
cdu_13-09-2021_00:00_video1.jpeg,,,,,,,,
cdu_25-09-2021_00:00_video4.jpeg,,,,,,,,
cdu_25-09-2021_00:00_video4.jpeg,,,,,,,,
cdu_25-09-2021_00:00_video4.jpeg,,,,,,,,
cdu_25-09-2021_00:00_video4.jpeg,,,,,,,,
cdu_25-09-2021_00:00_video4.jpeg,,,,,,,,
christlichsozialeunion_13-09-2021_00:00_video3.jpeg,,,,,,,,
christlichsozialeunion_13-09-2021_00:00_video3.jpeg,,,Markus Söder,Markus Söder,,,,
christlichsozialeunion_13-09-2021_00:00_video3.jpeg,,,,,,,,
christlichsozialeunion_13-09-2021_00:00_video3.jpeg,,,,Markus Söder,,,,
nicola_beer_16-09-2021_00:00_image2.jpeg,,,,,,,,
nicola_beer_16-09-2021_00:00_image2.jpeg,,,Nicola Beer,Nicola Beer,,,,
armin_laschet_22-09-2021_00:00_video5.jpeg,,,,,,,,
armin_laschet_22-09-2021_00:00_video5.jpeg,,,,,,,,
spdde_26-09-2021_00:00_image1.jpeg,,,,,,,,
spdde_26-09-2021_00:00_image1.jpeg,,,Olaf Scholz,Olaf Scholz,,,,
spdde_26-09-2021_00:00_image1.jpeg,,,,,,,,
spdde_26-09-2021_00:00_image1.jpeg,,,,,,,,
spdde_26-09-2021_00:00_image1.jpeg,,,,,,,,
armin_laschet_23-09-2021_00:00_image4.jpeg,,,,,,,,
armin_laschet_23-09-2021_00:00_image4.jpeg,,,Armin Laschet,Armin Laschet,,,,
armin_laschet_23-09-2021_00:00_image4.jpeg,,,,,,,,
armin_laschet_23-09-2021_00:00_image4.jpeg,,,,,,,,
armin_laschet_23-09-2021_00:00_image4.jpeg,,,,,,,,
armin_laschet_23-09-2021_00:00_image3.jpeg,,,,,,,,
armin_laschet_23-09-2021_00:00_image3.jpeg,,,,,,,,
armin_laschet_23-09-2021_00:00_image3.jpeg,,,,,,,,
armin_laschet_23-09-2021_00:00_image3.jpeg,,,Armin Laschet,Armin Laschet,,,,
armin_laschet_23-09-2021_00:00_image3.jpeg,,,,,,,,
armin_laschet_23-09-2021_00:00_image3.jpeg,,,,,,,,
olafscholz_20-09-2021_00:00_video5.jpeg,,,,,,,,
olafscholz_20-09-2021_00:00_video5.jpeg,,,Olaf Scholz,Olaf Scholz,,,,
spdde_25-09-2021_00:00_image2.jpeg,,,,,,,,
robert.habeck_18-09-2021_00:00_video3.jpeg,,,,,,,,
robert.habeck_18-09-2021_00:00_video3.jpeg,,,,,,,,
robert.habeck_18-09-2021_00:00_video3.jpeg,,,Robert Habeck,Robert Habeck,,,,
robert.habeck_18-09-2021_00:00_video3.jpeg,,,,,,,,
robert.habeck_18-09-2021_00:00_video3.jpeg,,,,,,,,
afd.bund_21-09-2021_00:00_image3.jpeg,,,,,,,,
afd.bund_21-09-2021_00:00_image3.jpeg,,,Annalena Baerbock,Annalena Baerbock,,,,
afd.bund_21-09-2021_00:00_image3.jpeg,,,,,,,,
afd.bund_21-09-2021_00:00_image3.jpeg,,,Olaf Scholz,Olaf Scholz,,,,
afd.bund_21-09-2021_00:00_image3.jpeg,,,,,,,,
afd.bund_21-09-2021_00:00_image3.jpeg,,,Armin Laschet,Armin Laschet,,,,
spdde_14-09-2021_00:00_image3.jpeg,,,,,,,,
spdde_14-09-2021_00:00_image3.jpeg,,,Olaf Scholz,Olaf Scholz,,,,
spdde_14-09-2021_00:00_image3.jpeg,,,,,,,,
robert.habeck_13-09-2021_00:00_video2.jpeg,,,,,,,,
robert.habeck_13-09-2021_00:00_video2.jpeg,,,,,,,,
susanne_hennig_wellsow_24-09-2021_00:00_image0.jpeg,,,,,,,,
susanne_hennig_wellsow_24-09-2021_00:00_image0.jpeg,,,Susanne Hennig-Wellsow,,,,,
susanne_hennig_wellsow_24-09-2021_00:00_image0.jpeg,,,,,,,,
susanne_hennig_wellsow_24-09-2021_00:00_image0.jpeg,,,,,,,,
susanne_hennig_wellsow_24-09-2021_00:00_image0.jpeg,,,,,,,,
susanne_hennig_wellsow_24-09-2021_00:00_image0.jpeg,,,,,,,,
susanne_hennig_wellsow_24-09-2021_00:00_image0.jpeg,,,,,,,,
susanne_hennig_wellsow_24-09-2021_00:00_image0.jpeg,,,,,,,,
christlichsozialeunion_18-09-2021_00:00_video18.jpeg,,,,,,,,
christlichsozialeunion_18-09-2021_00:00_video18.jpeg,,,,,,,,
christlichsozialeunion_18-09-2021_00:00_video18.jpeg,,,,,,,,
christlichsozialeunion_18-09-2021_00:00_video18.jpeg,,,,,,,,
nicola_beer_20-09-2021_00:00_video6.jpeg,,,,,,,,
abaerbock_17-09-2021_00:00_image4.jpeg,,,,,,,,
abaerbock_17-09-2021_00:00_image4.jpeg,,,,,,,,
abaerbock_17-09-2021_00:00_image4.jpeg,,,,,,,,
abaerbock_17-09-2021_00:00_image4.jpeg,,,Annalena Baerbock,Annalena Baerbock,,,,
spdde_25-09-2021_00:00_image3.jpeg,,,,,,,,
spdde_25-09-2021_00:00_image3.jpeg,,,,,,,,
spdde_25-09-2021_00:00_image3.jpeg,,,,,,,,
spdde_25-09-2021_00:00_image3.jpeg,,,Olaf Scholz,,,,,
spdde_25-09-2021_00:00_image3.jpeg,,,,,,,,
spdde_25-09-2021_00:00_image3.jpeg,,,,,,,,
spdde_25-09-2021_00:00_image3.jpeg,,,Olaf Scholz,,,,,
spdde_25-09-2021_00:00_image3.jpeg,,,,,,,,
spdde_25-09-2021_00:00_image3.jpeg,,,Olaf Scholz,,,,,
spdde_25-09-2021_00:00_image3.jpeg,,,,,,,,
cdu_17-09-2021_00:00_image1.jpeg,,,,,,,,
cdu_17-09-2021_00:00_image1.jpeg,,,Armin Laschet,Armin Laschet,,,,
cdu_17-09-2021_00:00_image1.jpeg,,,,,,,,
cdu_17-09-2021_00:00_image1.jpeg,,,,,,,,
cdu_17-09-2021_00:00_image1.jpeg,,,,,,,,
cdu_17-09-2021_00:00_image1.jpeg,,,,,,,,
cdu_17-09-2021_00:00_image1.jpeg,,,,,,,,
christianlindner_25-09-2021_00:00_image3.jpeg,,,,,,,,
christianlindner_25-09-2021_00:00_image3.jpeg,,,Christian Lindner,Christian Lindner,,,,
fw_bayern_17-09-2021_00:00_video0.jpeg,,,,,,,,
fw_bayern_17-09-2021_00:00_video0.jpeg,,,,,,,,
fw_bayern_17-09-2021_00:00_video0.jpeg,,,,,,,,
olafscholz_20-09-2021_00:00_video7.jpeg,,,,,,,,
olafscholz_20-09-2021_00:00_video7.jpeg,,,,Olaf Scholz,,,,
olafscholz_20-09-2021_00:00_video7.jpeg,,,,,,,,
olafscholz_20-09-2021_00:00_video7.jpeg,,,,,,,,
susanne_hennig_wellsow_18-09-2021_00:00_video0.jpeg,,,,,,,,
susanne_hennig_wellsow_18-09-2021_00:00_video0.jpeg,,,,,,,,
susanne_hennig_wellsow_18-09-2021_00:00_video0.jpeg,,,,Susanne Hennig-Wellsow,,,,
susanne_hennig_wellsow_18-09-2021_00:00_video0.jpeg,,,,,,,,
christlichsozialeunion_25-09-2021_00:00_video16.jpeg,,,,,,,,
christlichsozialeunion_25-09-2021_00:00_video16.jpeg,,,,,,,,
christlichsozialeunion_25-09-2021_00:00_video16.jpeg,,,,,,,,
christlichsozialeunion_25-09-2021_00:00_video16.jpeg,,,Armin Laschet,Armin Laschet,,,,
spdde_25-09-2021_00:00_video17.jpeg,,,,,,,,
spdde_25-09-2021_00:00_video17.jpeg,,,,,,,,
spdde_25-09-2021_00:00_video17.jpeg,,,,,,,,
spdde_25-09-2021_00:00_video17.jpeg,,,,,,,,
spdde_25-09-2021_00:00_video17.jpeg,,,,,,,,
cdu_22-09-2021_00:00_video11.jpeg,,,,,,,,
cdu_22-09-2021_00:00_video11.jpeg,,,,,,,,
cdu_22-09-2021_00:00_video11.jpeg,,,,,,,,
cdu_22-09-2021_00:00_video11.jpeg,,,,,,,,
cdu_22-09-2021_00:00_video11.jpeg,,,,,,,,
cdu_22-09-2021_00:00_video11.jpeg,,,,,,,,
cdu_22-09-2021_00:00_video11.jpeg,,,,,,,,
cdu_22-09-2021_00:00_video11.jpeg,,,,,,,,
cdu_22-09-2021_00:00_video11.jpeg,,,,,,,,
cdu_22-09-2021_00:00_video11.jpeg,,,,,,,,
cdu_22-09-2021_00:00_video11.jpeg,,,,,,,,
cdu_22-09-2021_00:00_video11.jpeg,,,Armin Laschet,Armin Laschet,,,,
nicola_beer_20-09-2021_00:00_image14.jpeg,,,,,,,,
robert.habeck_18-09-2021_00:00_image14.jpeg,,,,,,,,
robert.habeck_18-09-2021_00:00_image14.jpeg,,,,,,,,
dielinke_25-09-2021_00:00_video10.jpeg,,,,,,,,
nicola_beer_16-09-2021_00:00_video0.jpeg,,,,,,,,
nicola_beer_16-09-2021_00:00_video0.jpeg,,,Nicola Beer,Nicola Beer,,,,
fdp_20-09-2021_00:00_image14.jpeg,,,,,,,,
susanne_hennig_wellsow_23-09-2021_00:00_image0.jpeg,,,,,,,,
susanne_hennig_wellsow_23-09-2021_00:00_image0.jpeg,,,,,,,,
susanne_hennig_wellsow_23-09-2021_00:00_image0.jpeg,,,,,,,,
susanne_hennig_wellsow_23-09-2021_00:00_image0.jpeg,,,,,,,,
cdu_13-09-2021_00:00_video14.jpeg,,,,,,,,
cdu_13-09-2021_00:00_video14.jpeg,,,,,,,,
olafscholz_21-09-2021_00:00_image3.jpeg,,,,,,,,
olafscholz_21-09-2021_00:00_image3.jpeg,,,Olaf Scholz,Olaf Scholz,,,,
robert.habeck_21-09-2021_00:00_video6.jpeg,,,,,,,,
markus.soeder_24-09-2021_00:00_image3.jpeg,,,,,,,,
markus.soeder_24-09-2021_00:00_image3.jpeg,,,Markus Söder,Markus Söder,,,,
markus.soeder_24-09-2021_00:00_image3.jpeg,,,,,,,,
markus.soeder_24-09-2021_00:00_image3.jpeg,,,Markus Söder,Markus Söder,,,,
olafscholz_25-09-2021_00:00_video6.jpeg,,,,,,,,
olafscholz_25-09-2021_00:00_video6.jpeg,,,,,,,,
olafscholz_25-09-2021_00:00_video6.jpeg,,,,,,,,
olafscholz_25-09-2021_00:00_video6.jpeg,,,,,,,,
olafscholz_25-09-2021_00:00_video6.jpeg,,,,,,,,
olafscholz_25-09-2021_00:00_video6.jpeg,,,,,,,,
christlichsozialeunion_25-09-2021_00:00_video12.jpeg,,,,,,,,
christlichsozialeunion_25-09-2021_00:00_video12.jpeg,,,,,,,,
christlichsozialeunion_25-09-2021_00:00_video12.jpeg,,,,Markus Söder,,,,
cdu_22-09-2021_00:00_image2.jpeg,,,,,,,,
cdu_22-09-2021_00:00_image2.jpeg,,,,,,,,
cdu_22-09-2021_00:00_image2.jpeg,,,,,,,,
cdu_22-09-2021_00:00_image2.jpeg,,,,,,,,
robert.habeck_16-09-2021_00:00_image13.jpeg,,,,,,,,
robert.habeck_16-09-2021_00:00_image13.jpeg,,,Robert Habeck,Robert Habeck,,,,
nicola_beer_24-09-2021_00:00_video3.jpeg,,,,,,,,
nicola_beer_24-09-2021_00:00_video3.jpeg,,,Nicola Beer,Nicola Beer,,,,
nicola_beer_24-09-2021_00:00_video3.jpeg,,,,,,,,
cdu_16-09-2021_00:00_video12.jpeg,,,,,,,,
nicola_beer_23-09-2021_00:00_video0.jpeg,,,,,,,,
nicola_beer_23-09-2021_00:00_video0.jpeg,,,,,,,,
nicola_beer_23-09-2021_00:00_video0.jpeg,,,,,,,,
armin_laschet_14-09-2021_00:00_video4.jpeg,,,,,,,,
armin_laschet_14-09-2021_00:00_video4.jpeg,,,,,,,,
armin_laschet_14-09-2021_00:00_video4.jpeg,,,,,,,,
armin_laschet_14-09-2021_00:00_video4.jpeg,,,,,,,,
christlichsozialeunion_13-09-2021_00:00_video2.jpeg,,,,,,,,
christlichsozialeunion_13-09-2021_00:00_video2.jpeg,,,,,,,,
christlichsozialeunion_13-09-2021_00:00_video2.jpeg,,,Olaf Scholz,Olaf Scholz,,,,
armin_laschet_23-09-2021_00:00_video0.jpeg,,,,,,,,
armin_laschet_23-09-2021_00:00_video0.jpeg,,,Armin Laschet,Armin Laschet,,,,
armin_laschet_23-09-2021_00:00_video0.jpeg,,,,,,,,
armin_laschet_23-09-2021_00:00_video0.jpeg,,,,,,,,
die_gruenen_13-09-2021_00:00_video7.jpeg,,,,,,,,
die_gruenen_13-09-2021_00:00_video7.jpeg,,,,,,,,
nicola_beer_22-09-2021_00:00_image2.jpeg,,,,,,,,
nicola_beer_22-09-2021_00:00_image2.jpeg,,,Nicola Beer,Nicola Beer,,,,
nicola_beer_22-09-2021_00:00_image2.jpeg,,,,,,,,
nicola_beer_22-09-2021_00:00_image2.jpeg,,,,,,,,
cdu_14-09-2021_00:00_video2.jpeg,,,,,,,,
saskiaesken_22-09-2021_00:00_image0.jpeg,,,,,,,,
saskiaesken_22-09-2021_00:00_image0.jpeg,,,Saskia Esken,Saskia Esken,,,,
cdu_18-09-2021_00:00_video1.jpeg,,,,,,,,
cdu_18-09-2021_00:00_video1.jpeg,,,Armin Laschet,Armin Laschet,,,,
cdu_18-09-2021_00:00_video1.jpeg,,,,,,,,
fdp_17-09-2021_00:00_image1.jpeg,,,,,,,,
fdp_17-09-2021_00:00_image1.jpeg,,,Christian Lindner,Christian Lindner,,,,
die_gruenen_26-09-2021_00:00_video2.jpeg,,,,,,,,
die_gruenen_26-09-2021_00:00_video2.jpeg,,,Robert Habeck,Robert Habeck,,,,
die_gruenen_26-09-2021_00:00_video2.jpeg,,,,,,,,
die_gruenen_26-09-2021_00:00_video2.jpeg,,,Annalena Baerbock,Annalena Baerbock,,,,
abaerbock_18-09-2021_00:00_image12.jpeg,,,,,,,,
abaerbock_18-09-2021_00:00_image12.jpeg,,,,,,,,
abaerbock_18-09-2021_00:00_image12.jpeg,,,Robert Habeck,Robert Habeck,,,,
abaerbock_18-09-2021_00:00_image12.jpeg,,,,,,,,
abaerbock_18-09-2021_00:00_image12.jpeg,,,Christian Lindner,Annalena Baerbock,,,,
abaerbock_18-09-2021_00:00_image12.jpeg,,,,,,,,
die_gruenen_25-09-2021_00:00_video39.jpeg,,,,,,,,
die_gruenen_25-09-2021_00:00_video39.jpeg,,,Robert Habeck,Robert Habeck,,,,
armin_laschet_16-09-2021_00:00_video1.jpeg,,,,,,,,
armin_laschet_16-09-2021_00:00_video1.jpeg,,,Armin Laschet,Armin Laschet,,,,
saskiaesken_13-09-2021_00:00_video2.jpeg,,,,,,,,
saskiaesken_13-09-2021_00:00_video2.jpeg,,,Olaf Scholz,,,,,
cdu_26-09-2021_00:00_video4.jpeg,,,,,,,,
cdu_26-09-2021_00:00_video4.jpeg,,,,,,,,
cdu_26-09-2021_00:00_video4.jpeg,,,Armin Laschet,Armin Laschet,,,,
cdu_26-09-2021_00:00_video4.jpeg,,,,,,,,
cdu_26-09-2021_00:00_video4.jpeg,,,,,,,,
cdu_26-09-2021_00:00_video4.jpeg,,,,,,,,
cdu_26-09-2021_00:00_video4.jpeg,,,,,,,,
cdu_26-09-2021_00:00_video4.jpeg,,,,,,,,
cdu_26-09-2021_00:00_video4.jpeg,,,,,,,,
cdu_26-09-2021_00:00_video4.jpeg,,,,,,,,
cdu_26-09-2021_00:00_video4.jpeg,,,,,,,,
robert.habeck_25-09-2021_00:00_image4.jpeg,,,,,,,,
robert.habeck_25-09-2021_00:00_image4.jpeg,,,,,,,,
robert.habeck_25-09-2021_00:00_image4.jpeg,,,,,,,,
robert.habeck_25-09-2021_00:00_image4.jpeg,,,,,,,,
robert.habeck_25-09-2021_00:00_image4.jpeg,,,,,,,,
robert.habeck_25-09-2021_00:00_image4.jpeg,,,,,,,,
robert.habeck_25-09-2021_00:00_image4.jpeg,,,,,,,,
robert.habeck_25-09-2021_00:00_image4.jpeg,,,,,,,,
robert.habeck_25-09-2021_00:00_image4.jpeg,,,,,,,,
robert.habeck_25-09-2021_00:00_image4.jpeg,,,,,,,,
robert.habeck_25-09-2021_00:00_image4.jpeg,,,,,,,,
robert.habeck_25-09-2021_00:00_image4.jpeg,,,,,,,,
robert.habeck_25-09-2021_00:00_image4.jpeg,,,,,,,,
robert.habeck_25-09-2021_00:00_image4.jpeg,,,,,,,,
robert.habeck_25-09-2021_00:00_image4.jpeg,,,,,,,,
robert.habeck_25-09-2021_00:00_image4.jpeg,,,,,,,,
robert.habeck_25-09-2021_00:00_image4.jpeg,,,,,,,,
robert.habeck_25-09-2021_00:00_image4.jpeg,,,,,,,,
robert.habeck_25-09-2021_00:00_image4.jpeg,,,,,,,,
robert.habeck_25-09-2021_00:00_image4.jpeg,,,,,,,,
robert.habeck_25-09-2021_00:00_image4.jpeg,,,,,,,,
robert.habeck_25-09-2021_00:00_image4.jpeg,,,,,,,,
robert.habeck_25-09-2021_00:00_image4.jpeg,,,,,,,,
robert.habeck_25-09-2021_00:00_image4.jpeg,,,,,,,,
robert.habeck_25-09-2021_00:00_image4.jpeg,,,,,,,,
robert.habeck_25-09-2021_00:00_image4.jpeg,,,,,,,,
robert.habeck_25-09-2021_00:00_image4.jpeg,,,,,,,,
robert.habeck_25-09-2021_00:00_image4.jpeg,,,,,,,,
robert.habeck_25-09-2021_00:00_image4.jpeg,,,,,,,,
robert.habeck_25-09-2021_00:00_image4.jpeg,,,,,,,,
robert.habeck_25-09-2021_00:00_image4.jpeg,,,,,,,,
robert.habeck_25-09-2021_00:00_image4.jpeg,,,,,,,,
robert.habeck_25-09-2021_00:00_image4.jpeg,,,,,,,,
robert.habeck_25-09-2021_00:00_image4.jpeg,,,,,,,,
robert.habeck_25-09-2021_00:00_image4.jpeg,,,,,,,,
robert.habeck_25-09-2021_00:00_image4.jpeg,,,,,,,,
robert.habeck_25-09-2021_00:00_image4.jpeg,,,,,,,,
robert.habeck_25-09-2021_00:00_image4.jpeg,,,,,,,,
robert.habeck_25-09-2021_00:00_image4.jpeg,,,,,,,,
robert.habeck_25-09-2021_00:00_image4.jpeg,,,,,,,,
robert.habeck_25-09-2021_00:00_image4.jpeg,,,,,,,,
robert.habeck_25-09-2021_00:00_image4.jpeg,,,,,,,,
robert.habeck_25-09-2021_00:00_image4.jpeg,,,,,,,,
robert.habeck_25-09-2021_00:00_image4.jpeg,,,,,,,,
robert.habeck_25-09-2021_00:00_image4.jpeg,,,,,,,,
robert.habeck_25-09-2021_00:00_image4.jpeg,,,,,,,,
robert.habeck_25-09-2021_00:00_image4.jpeg,,,,,,,,
robert.habeck_25-09-2021_00:00_image4.jpeg,,,,,,,,
robert.habeck_25-09-2021_00:00_image4.jpeg,,,,,,,,
robert.habeck_25-09-2021_00:00_image4.jpeg,,,,,,,,
robert.habeck_25-09-2021_00:00_image4.jpeg,,,,,,,,
robert.habeck_25-09-2021_00:00_image4.jpeg,,,,,,,,
robert.habeck_25-09-2021_00:00_image4.jpeg,,,,,,,,
robert.habeck_25-09-2021_00:00_image4.jpeg,,,,,,,,
robert.habeck_25-09-2021_00:00_image4.jpeg,,,,,,,,
robert.habeck_25-09-2021_00:00_image4.jpeg,,,,,,,,
robert.habeck_25-09-2021_00:00_image4.jpeg,,,,,,,,
robert.habeck_25-09-2021_00:00_image4.jpeg,,,,,,,,
robert.habeck_25-09-2021_00:00_image4.jpeg,,,,,,,,
robert.habeck_25-09-2021_00:00_image4.jpeg,,,,,,,,
robert.habeck_25-09-2021_00:00_image4.jpeg,,,,,,,,
robert.habeck_25-09-2021_00:00_image4.jpeg,,,,,,,,
robert.habeck_25-09-2021_00:00_image4.jpeg,,,,,,,,
robert.habeck_25-09-2021_00:00_image4.jpeg,,,,,,,,
robert.habeck_25-09-2021_00:00_image4.jpeg,,,,,,,,
robert.habeck_25-09-2021_00:00_image4.jpeg,,,,,,,,
robert.habeck_25-09-2021_00:00_image4.jpeg,,,,,,,,
robert.habeck_25-09-2021_00:00_image4.jpeg,,,,,,,,
robert.habeck_25-09-2021_00:00_image4.jpeg,,,,,,,,
robert.habeck_25-09-2021_00:00_image4.jpeg,,,,,,,,
robert.habeck_25-09-2021_00:00_image4.jpeg,,,,,,,,
robert.habeck_25-09-2021_00:00_image4.jpeg,,,,,,,,
robert.habeck_25-09-2021_00:00_image4.jpeg,,,,,,,,
robert.habeck_25-09-2021_00:00_image4.jpeg,,,,,,,,
robert.habeck_25-09-2021_00:00_image4.jpeg,,,,,,,,
robert.habeck_25-09-2021_00:00_image4.jpeg,,,,,,,,
robert.habeck_25-09-2021_00:00_image4.jpeg,,,,,,,,
robert.habeck_25-09-2021_00:00_image4.jpeg,,,,,,,,
robert.habeck_25-09-2021_00:00_image4.jpeg,,,,,,,,
robert.habeck_25-09-2021_00:00_image4.jpeg,,,,,,,,
robert.habeck_25-09-2021_00:00_image4.jpeg,,,,,,,,
robert.habeck_25-09-2021_00:00_image4.jpeg,,,,,,,,
robert.habeck_25-09-2021_00:00_image4.jpeg,,,,,,,,
robert.habeck_25-09-2021_00:00_image4.jpeg,,,,,,,,
robert.habeck_25-09-2021_00:00_image4.jpeg,,,,,,,,
robert.habeck_25-09-2021_00:00_image4.jpeg,,,,,,,,
robert.habeck_25-09-2021_00:00_image4.jpeg,,,,,,,,
robert.habeck_25-09-2021_00:00_image4.jpeg,,,,,,,,
robert.habeck_25-09-2021_00:00_image4.jpeg,,,,,,,,
robert.habeck_25-09-2021_00:00_image4.jpeg,,,,,,,,
robert.habeck_25-09-2021_00:00_image4.jpeg,,,,,,,,
robert.habeck_25-09-2021_00:00_image4.jpeg,,,,,,,,
robert.habeck_25-09-2021_00:00_image4.jpeg,,,,,,,,
robert.habeck_25-09-2021_00:00_image4.jpeg,,,,,,,,
robert.habeck_25-09-2021_00:00_image4.jpeg,,,,,,,,
robert.habeck_25-09-2021_00:00_image4.jpeg,,,,,,,,
robert.habeck_25-09-2021_00:00_image4.jpeg,,,,,,,,
robert.habeck_25-09-2021_00:00_image4.jpeg,,,,,,,,
robert.habeck_25-09-2021_00:00_image4.jpeg,,,,,,,,
robert.habeck_25-09-2021_00:00_image4.jpeg,,,,,,,,
robert.habeck_25-09-2021_00:00_image4.jpeg,,,,,,,,
robert.habeck_25-09-2021_00:00_image4.jpeg,,,,,,,,
robert.habeck_25-09-2021_00:00_image4.jpeg,,,,,,,,
robert.habeck_25-09-2021_00:00_image4.jpeg,,,,,,,,
robert.habeck_25-09-2021_00:00_image4.jpeg,,,,,,,,
robert.habeck_25-09-2021_00:00_image4.jpeg,,,,,,,,
robert.habeck_25-09-2021_00:00_image4.jpeg,,,,,,,,
robert.habeck_25-09-2021_00:00_image4.jpeg,,,,,,,,
robert.habeck_25-09-2021_00:00_image4.jpeg,,,,,,,,
robert.habeck_25-09-2021_00:00_image4.jpeg,,,,,,,,
robert.habeck_25-09-2021_00:00_image4.jpeg,,,,,,,,
robert.habeck_25-09-2021_00:00_image4.jpeg,,,,,,,,
robert.habeck_25-09-2021_00:00_image4.jpeg,,,,,,,,
robert.habeck_25-09-2021_00:00_image4.jpeg,,,,,,,,
robert.habeck_25-09-2021_00:00_image4.jpeg,,,,,,,,
robert.habeck_25-09-2021_00:00_image4.jpeg,,,,,,,,
robert.habeck_25-09-2021_00:00_image4.jpeg,,,,,,,,
robert.habeck_25-09-2021_00:00_image4.jpeg,,,,,,,,
robert.habeck_25-09-2021_00:00_image4.jpeg,,,,,,,,
robert.habeck_25-09-2021_00:00_image4.jpeg,,,,,,,,
robert.habeck_25-09-2021_00:00_image4.jpeg,,,,,,,,
robert.habeck_25-09-2021_00:00_image4.jpeg,,,,,,,,
robert.habeck_25-09-2021_00:00_image4.jpeg,,,,,,,,
robert.habeck_25-09-2021_00:00_image4.jpeg,,,,,,,,
robert.habeck_25-09-2021_00:00_image4.jpeg,,,,,,,,
robert.habeck_25-09-2021_00:00_image4.jpeg,,,,,,,,
robert.habeck_25-09-2021_00:00_image4.jpeg,,,,,,,,
robert.habeck_25-09-2021_00:00_image4.jpeg,,,,,,,,
robert.habeck_25-09-2021_00:00_image4.jpeg,,,,,,,,
robert.habeck_25-09-2021_00:00_image4.jpeg,,,,,,,,
robert.habeck_25-09-2021_00:00_image4.jpeg,,,,,,,,
robert.habeck_25-09-2021_00:00_image4.jpeg,,,,,,,,
robert.habeck_25-09-2021_00:00_image4.jpeg,,,,,,,,
robert.habeck_25-09-2021_00:00_image4.jpeg,,,,,,,,
robert.habeck_25-09-2021_00:00_image4.jpeg,,,,,,,,
robert.habeck_25-09-2021_00:00_image4.jpeg,,,,,,,,
robert.habeck_25-09-2021_00:00_image4.jpeg,,,,,,,,
robert.habeck_25-09-2021_00:00_image4.jpeg,,,,,,,,
robert.habeck_25-09-2021_00:00_image4.jpeg,,,,,,,,
robert.habeck_25-09-2021_00:00_image4.jpeg,,,,,,,,
robert.habeck_25-09-2021_00:00_image4.jpeg,,,,,,,,
robert.habeck_25-09-2021_00:00_image4.jpeg,,,,,,,,
robert.habeck_25-09-2021_00:00_image4.jpeg,,,,,,,,
robert.habeck_25-09-2021_00:00_image4.jpeg,,,,,,,,
robert.habeck_25-09-2021_00:00_image4.jpeg,,,,,,,,
robert.habeck_25-09-2021_00:00_image4.jpeg,,,,,,,,
robert.habeck_25-09-2021_00:00_image4.jpeg,,,,,,,,
robert.habeck_25-09-2021_00:00_image4.jpeg,,,,,,,,
robert.habeck_25-09-2021_00:00_image4.jpeg,,,,,,,,
robert.habeck_25-09-2021_00:00_image4.jpeg,,,,,,,,
robert.habeck_25-09-2021_00:00_image4.jpeg,,,,,,,,
robert.habeck_25-09-2021_00:00_image4.jpeg,,,,,,,,
robert.habeck_25-09-2021_00:00_image4.jpeg,,,,,,,,
robert.habeck_25-09-2021_00:00_image4.jpeg,,,,,,,,
robert.habeck_25-09-2021_00:00_image4.jpeg,,,,,,,,
robert.habeck_25-09-2021_00:00_image4.jpeg,,,,,,,,
olafscholz_25-09-2021_00:00_video2.jpeg,,,,,,,,
olafscholz_25-09-2021_00:00_video2.jpeg,,,,,,,,
olafscholz_25-09-2021_00:00_video2.jpeg,,,,,,,,
olafscholz_25-09-2021_00:00_video2.jpeg,,,,,,,,
olafscholz_25-09-2021_00:00_video2.jpeg,,,,,,,,
olafscholz_25-09-2021_00:00_video2.jpeg,,,,,,,,
olafscholz_25-09-2021_00:00_video2.jpeg,,,,,,,,
olafscholz_25-09-2021_00:00_video2.jpeg,,,,,,,,
olafscholz_25-09-2021_00:00_video2.jpeg,,,,,,,,
olafscholz_25-09-2021_00:00_video2.jpeg,,,,,,,,
christlichsozialeunion_18-09-2021_00:00_video8.jpeg,,,,,,,,
fw_bayern_23-09-2021_00:00_image3.jpeg,,,,,,,,
fw_bayern_23-09-2021_00:00_image3.jpeg,,,,,,,,
christlichsozialeunion_21-09-2021_00:00_video7.jpeg,,,,,,,,
die_gruenen_26-09-2021_00:00_video1.jpeg,,,,,,,,
die_gruenen_26-09-2021_00:00_video1.jpeg,,,Annalena Baerbock,Annalena Baerbock,,,,
spdde_13-09-2021_00:00_video7.jpeg,,,,,,,,
spdde_13-09-2021_00:00_video7.jpeg,,,,Saskia Esken,,,,
die_gruenen_24-09-2021_00:00_video1.jpeg,,,,,,,,
die_gruenen_24-09-2021_00:00_video1.jpeg,,,Markus Söder,Markus Söder,,,,
robert.habeck_18-09-2021_00:00_image6.jpeg,,,,,,,,
robert.habeck_18-09-2021_00:00_image6.jpeg,,,,,,,,
armin_laschet_17-09-2021_00:00_video5.jpeg,,,,,,,,
abaerbock_21-09-2021_00:00_video8.jpeg,,,,,,,,
abaerbock_21-09-2021_00:00_video8.jpeg,,,Annalena Baerbock,Annalena Baerbock,,,,
olafscholz_22-09-2021_00:00_video3.jpeg,,,,,,,,
afd.bund_17-09-2021_00:00_image6.jpeg,,,,,,,,
olafscholz_20-09-2021_00:00_image3.jpeg,,,,,,,,
olafscholz_20-09-2021_00:00_image3.jpeg,,,,,,,,
olafscholz_20-09-2021_00:00_image3.jpeg,,,Olaf Scholz,Olaf Scholz,,,,
christlichsozialeunion_18-09-2021_00:00_video16.jpeg,,,,,,,,
christlichsozialeunion_18-09-2021_00:00_video16.jpeg,,,Markus Söder,Markus Söder,,,,
olafscholz_19-09-2021_00:00_video3.jpeg,,,,,,,,
olafscholz_19-09-2021_00:00_video3.jpeg,,,Olaf Scholz,Olaf Scholz,,,,
cdu_20-09-2021_00:00_video14.jpeg,,,,,,,,
cdu_20-09-2021_00:00_video14.jpeg,,,,,,,,
christlichsozialeunion_23-09-2021_00:00_video9.jpeg,,,,,,,,
olafscholz_17-09-2021_00:00_video1.jpeg,,,,,,,,
olafscholz_17-09-2021_00:00_video1.jpeg,,,Olaf Scholz,Olaf Scholz,,,,
olafscholz_17-09-2021_00:00_video1.jpeg,,,,,,,,
olafscholz_17-09-2021_00:00_video1.jpeg,,,,,,,,
olafscholz_17-09-2021_00:00_video1.jpeg,,,,,,,,
olafscholz_17-09-2021_00:00_video1.jpeg,,,,,,,,
olafscholz_17-09-2021_00:00_video1.jpeg,,,,,,,,
olafscholz_17-09-2021_00:00_video1.jpeg,,,,,,,,
olafscholz_17-09-2021_00:00_video1.jpeg,,,,,,,,
cdu_19-09-2021_00:00_image3.jpeg,,,,,,,,
cdu_19-09-2021_00:00_image3.jpeg,,,,,,,,
cdu_19-09-2021_00:00_image3.jpeg,,,,,,,,
cdu_19-09-2021_00:00_image3.jpeg,,,,,,,,
cdu_19-09-2021_00:00_image3.jpeg,,,Armin Laschet,Armin Laschet,,,,
cdu_19-09-2021_00:00_image3.jpeg,,,,,,,,
cdu_19-09-2021_00:00_image3.jpeg,,,,,,,,
cdu_19-09-2021_00:00_image3.jpeg,,,,,,,,
cdu_19-09-2021_00:00_image3.jpeg,,,Armin Laschet,Armin Laschet,,,,
cdu_19-09-2021_00:00_image3.jpeg,,,,,,,,
cdu_19-09-2021_00:00_image3.jpeg,,,,,,,,
cdu_19-09-2021_00:00_image3.jpeg,,,,,,,,
cdu_19-09-2021_00:00_image3.jpeg,,,,,,,,
cdu_19-09-2021_00:00_image3.jpeg,,,Armin Laschet,Armin Laschet,,,,
cdu_19-09-2021_00:00_image3.jpeg,,,,,,,,
cdu_19-09-2021_00:00_image3.jpeg,,,Armin Laschet,Armin Laschet,,,,
cdu_19-09-2021_00:00_image3.jpeg,,,,,,,,
cdu_19-09-2021_00:00_image3.jpeg,,,,,,,,
armin_laschet_22-09-2021_00:00_image0.jpeg,,,,,,,,
armin_laschet_22-09-2021_00:00_image0.jpeg,,,Armin Laschet,Armin Laschet,,,,
die_gruenen_25-09-2021_00:00_image5.jpeg,,,,,,,,
die_gruenen_25-09-2021_00:00_image5.jpeg,,,,,,,,
die_gruenen_25-09-2021_00:00_image5.jpeg,,,,,,,,
die_gruenen_25-09-2021_00:00_image5.jpeg,,,,,,,,
die_gruenen_25-09-2021_00:00_image5.jpeg,,,,,,,,
die_gruenen_25-09-2021_00:00_image5.jpeg,,,,,,,,
armin_laschet_13-09-2021_00:00_video0.jpeg,,,,,,,,
armin_laschet_13-09-2021_00:00_video0.jpeg,,,Armin Laschet,Armin Laschet,,,,
susanne_hennig_wellsow_18-09-2021_00:00_image2.jpeg,,,,,,,,
susanne_hennig_wellsow_18-09-2021_00:00_image2.jpeg,,,,,,,,
christianlindner_26-09-2021_00:00_image1.jpeg,,,,,,,,
christianlindner_26-09-2021_00:00_image1.jpeg,,,,,,,,
christianlindner_26-09-2021_00:00_image1.jpeg,,,,,,,,
christianlindner_26-09-2021_00:00_image1.jpeg,,,,,,,,
christianlindner_26-09-2021_00:00_image1.jpeg,,,,,,,,
christianlindner_26-09-2021_00:00_image1.jpeg,,,,,,,,
christianlindner_26-09-2021_00:00_image1.jpeg,,,,,,,,
christianlindner_26-09-2021_00:00_image1.jpeg,,,,,,,,
christianlindner_26-09-2021_00:00_image1.jpeg,,,,,,,,
christianlindner_26-09-2021_00:00_image1.jpeg,,,,,,,,
christianlindner_26-09-2021_00:00_image1.jpeg,,,,,,,,
christianlindner_26-09-2021_00:00_image1.jpeg,,,,,,,,
christianlindner_26-09-2021_00:00_image1.jpeg,,,,,,,,
christianlindner_26-09-2021_00:00_image1.jpeg,,,,,,,,
christianlindner_26-09-2021_00:00_image1.jpeg,,,,,,,,
christianlindner_26-09-2021_00:00_image1.jpeg,,,,,,,,
christianlindner_26-09-2021_00:00_image1.jpeg,,,,,,,,
christianlindner_26-09-2021_00:00_image1.jpeg,,,,,,,,
christianlindner_26-09-2021_00:00_image1.jpeg,,,,,,,,
christianlindner_26-09-2021_00:00_image1.jpeg,,,,,,,,
christianlindner_26-09-2021_00:00_image1.jpeg,,,,,,,,
christianlindner_26-09-2021_00:00_image1.jpeg,,,,,,,,
christianlindner_26-09-2021_00:00_image1.jpeg,,,,,,,,
christianlindner_26-09-2021_00:00_image1.jpeg,,,,,,,,
christianlindner_26-09-2021_00:00_image1.jpeg,,,,,,,,
christianlindner_26-09-2021_00:00_image1.jpeg,,,,,,,,
christianlindner_26-09-2021_00:00_image1.jpeg,,,,,,,,
christianlindner_26-09-2021_00:00_image1.jpeg,,,,,,,,
christianlindner_26-09-2021_00:00_image1.jpeg,,,,,,,,
christianlindner_26-09-2021_00:00_image1.jpeg,,,,,,,,
christianlindner_26-09-2021_00:00_image1.jpeg,,,,,,,,
christianlindner_26-09-2021_00:00_image1.jpeg,,,,,,,,
christianlindner_26-09-2021_00:00_image1.jpeg,,,,,,,,
christianlindner_26-09-2021_00:00_image1.jpeg,,,,,,,,
christianlindner_26-09-2021_00:00_image1.jpeg,,,,,,,,
christianlindner_26-09-2021_00:00_image1.jpeg,,,,,,,,
christianlindner_26-09-2021_00:00_image1.jpeg,,,,,,,,
christianlindner_26-09-2021_00:00_image1.jpeg,,,,,,,,
christianlindner_26-09-2021_00:00_image1.jpeg,,,,,,,,
christianlindner_26-09-2021_00:00_image1.jpeg,,,,,,,,
christianlindner_26-09-2021_00:00_image1.jpeg,,,,,,,,
christianlindner_26-09-2021_00:00_image1.jpeg,,,,,,,,
christianlindner_26-09-2021_00:00_image1.jpeg,,,,,,,,
christianlindner_26-09-2021_00:00_image1.jpeg,,,,,,,,
christianlindner_26-09-2021_00:00_image1.jpeg,,,,,,,,
cdu_21-09-2021_00:00_video3.jpeg,,,,,,,,
cdu_21-09-2021_00:00_video3.jpeg,,,Armin Laschet,Armin Laschet,,,,
cdu_21-09-2021_00:00_video3.jpeg,,,,,,,,
cdu_21-09-2021_00:00_video3.jpeg,,,Armin Laschet,,,,,
spdde_19-09-2021_00:00_video9.jpeg,,,,,,,,
spdde_19-09-2021_00:00_video9.jpeg,,,,,,,,
spdde_19-09-2021_00:00_video9.jpeg,,,,,,,,
spdde_19-09-2021_00:00_video9.jpeg,,,,,,,,
dielinke_17-09-2021_00:00_image0.jpeg,,,,,,,,
dielinke_17-09-2021_00:00_image0.jpeg,,,,,,,,
dielinke_17-09-2021_00:00_image0.jpeg,,,,,,,,
dielinke_17-09-2021_00:00_image0.jpeg,,,,,,,,
dielinke_17-09-2021_00:00_image0.jpeg,,,,,,,,
dielinke_17-09-2021_00:00_image0.jpeg,,,,,,,,
dielinke_17-09-2021_00:00_image0.jpeg,,,,,,,,
dielinke_17-09-2021_00:00_image0.jpeg,,,,,,,,
dielinke_17-09-2021_00:00_image0.jpeg,,,,,,,,
dielinke_17-09-2021_00:00_image0.jpeg,,,,,,,,
dielinke_17-09-2021_00:00_image0.jpeg,,,,,,,,
dielinke_17-09-2021_00:00_image0.jpeg,,,,,,,,
dielinke_17-09-2021_00:00_image0.jpeg,,,,,,,,
dielinke_17-09-2021_00:00_image0.jpeg,,,,,,,,
nicola_beer_26-09-2021_00:00_video3.jpeg,,,,,,,,
nicola_beer_26-09-2021_00:00_video3.jpeg,,,Nicola Beer,Nicola Beer,,,,
nicola_beer_26-09-2021_00:00_video3.jpeg,,,,,,,,
robert.habeck_26-09-2021_00:00_video0.jpeg,,,,,,,,
robert.habeck_26-09-2021_00:00_video0.jpeg,,,Robert Habeck,Robert Habeck,,,,
fw_bayern_20-09-2021_00:00_video5.jpeg,,,,,,,,
fw_bayern_20-09-2021_00:00_video5.jpeg,,,,,,,,
fw_bayern_20-09-2021_00:00_video5.jpeg,,,,,,,,
fw_bayern_26-09-2021_00:00_image2.jpeg,,,,,,,,
fw_bayern_26-09-2021_00:00_image2.jpeg,,,,,,,,
fw_bayern_26-09-2021_00:00_image2.jpeg,,,,,,,,
fw_bayern_26-09-2021_00:00_image2.jpeg,,,,,,,,
fw_bayern_26-09-2021_00:00_image2.jpeg,,,,,,,,
fw_bayern_26-09-2021_00:00_image2.jpeg,,,,,,,,
fw_bayern_26-09-2021_00:00_image2.jpeg,,,,,,,,
fw_bayern_26-09-2021_00:00_image2.jpeg,,,,,,,,
fw_bayern_26-09-2021_00:00_image2.jpeg,,,,,,,,
fw_bayern_26-09-2021_00:00_image2.jpeg,,,,,,,,
abaerbock_14-09-2021_00:00_image7.jpeg,,,,,,,,
abaerbock_14-09-2021_00:00_image7.jpeg,,,Annalena Baerbock,,,,,
armin_laschet_19-09-2021_00:00_image8.jpeg,,,,,,,,
armin_laschet_19-09-2021_00:00_image8.jpeg,,,,,,,,
armin_laschet_19-09-2021_00:00_image8.jpeg,,,,,,,,
armin_laschet_19-09-2021_00:00_image8.jpeg,,,Armin Laschet,Armin Laschet,,,,
christlichsozialeunion_14-09-2021_00:00_image1.jpeg,,,,,,,,
markus.soeder_23-09-2021_00:00_video0.jpeg,,,,,,,,
markus.soeder_23-09-2021_00:00_video0.jpeg,,,,,,,,
markus.soeder_23-09-2021_00:00_video0.jpeg,,,Markus Söder,Markus Söder,,,,
markus.soeder_23-09-2021_00:00_video0.jpeg,,,,,,,,
markus.soeder_23-09-2021_00:00_video0.jpeg,,,Markus Söder,Markus Söder,,,,
markus.soeder_23-09-2021_00:00_video0.jpeg,,,,,,,,
fw_bayern_18-09-2021_00:00_video4.jpeg,,,,,,,,
fw_bayern_18-09-2021_00:00_video4.jpeg,,,,,,,,
armin_laschet_24-09-2021_00:00_video2.jpeg,,,,,,,,
armin_laschet_24-09-2021_00:00_video2.jpeg,,,Armin Laschet,Armin Laschet,,,,
cdu_17-09-2021_00:00_image3.jpeg,,,,,,,,
cdu_17-09-2021_00:00_image3.jpeg,,,,,,,,
cdu_17-09-2021_00:00_image3.jpeg,,,,,,,,
cdu_17-09-2021_00:00_image3.jpeg,,,,,,,,
cdu_17-09-2021_00:00_image3.jpeg,,,Armin Laschet,Armin Laschet,,,,
cdu_17-09-2021_00:00_image3.jpeg,,,,,,,,
cdu_17-09-2021_00:00_image3.jpeg,,,,,,,,
cdu_17-09-2021_00:00_image3.jpeg,,,,,,,,
cdu_17-09-2021_00:00_image3.jpeg,,,,,,,,
cdu_17-09-2021_00:00_image3.jpeg,,,,,,,,
cdu_17-09-2021_00:00_image3.jpeg,,,,,,,,
cdu_17-09-2021_00:00_image3.jpeg,,,,,,,,
cdu_17-09-2021_00:00_image3.jpeg,,,,,,,,
cdu_17-09-2021_00:00_image3.jpeg,,,,,,,,
cdu_17-09-2021_00:00_image3.jpeg,,,,,,,,
fdp_24-09-2021_00:00_video1.jpeg,,,,,,,,
fdp_24-09-2021_00:00_video1.jpeg,,,,,,,,
fdp_24-09-2021_00:00_video1.jpeg,,,Christian Lindner,Christian Lindner,,,,
fdp_24-09-2021_00:00_video1.jpeg,,,,,,,,
die_gruenen_25-09-2021_00:00_video38.jpeg,,,,,,,,
die_gruenen_25-09-2021_00:00_video38.jpeg,,,,,,,,
afd.bund_23-09-2021_00:00_video14.jpeg,,,,,,,,
afd.bund_23-09-2021_00:00_video14.jpeg,,,,,,,,
afd.bund_23-09-2021_00:00_video14.jpeg,,,,,,,,
afd.bund_23-09-2021_00:00_video14.jpeg,,,,,,,,
afd.bund_23-09-2021_00:00_video14.jpeg,,,,,,,,
afd.bund_25-09-2021_00:00_image7.jpeg,,,,,,,,
afd.bund_25-09-2021_00:00_image7.jpeg,,,Jörg Meuthen,Jörg Meuthen,,,,
robert.habeck_23-09-2021_00:00_video3.jpeg,,,,,,,,
robert.habeck_23-09-2021_00:00_video3.jpeg,,,,,,,,
robert.habeck_23-09-2021_00:00_video3.jpeg,,,Robert Habeck,,,,,
olafscholz_22-09-2021_00:00_image1.jpeg,,,,,,,,
olafscholz_22-09-2021_00:00_image1.jpeg,,,Olaf Scholz,Olaf Scholz,,,,
afd.bund_26-09-2021_00:00_video1.jpeg,,,,,,,,
olafscholz_20-09-2021_00:00_video6.jpeg,,,,,,,,
olafscholz_20-09-2021_00:00_video6.jpeg,,,,,,,,
armin_laschet_17-09-2021_00:00_image11.jpeg,,,,,,,,
armin_laschet_17-09-2021_00:00_image11.jpeg,,,,,,,,
armin_laschet_17-09-2021_00:00_image11.jpeg,,,,,,,,
armin_laschet_17-09-2021_00:00_image11.jpeg,,,Armin Laschet,Armin Laschet,,,,
armin_laschet_17-09-2021_00:00_image11.jpeg,,,,,,,,
armin_laschet_17-09-2021_00:00_image11.jpeg,,,,,,,,
armin_laschet_17-09-2021_00:00_image11.jpeg,,,,,,,,
armin_laschet_17-09-2021_00:00_image11.jpeg,,,,,,,,
armin_laschet_17-09-2021_00:00_image11.jpeg,,,,,,,,
armin_laschet_17-09-2021_00:00_image11.jpeg,,,,,,,,
armin_laschet_17-09-2021_00:00_image11.jpeg,,,,,,,,
armin_laschet_17-09-2021_00:00_image11.jpeg,,,,,,,,
armin_laschet_17-09-2021_00:00_image11.jpeg,,,,,,,,
armin_laschet_17-09-2021_00:00_image11.jpeg,,,,,,,,
nicola_beer_22-09-2021_00:00_video2.jpeg,,,,,,,,
nicola_beer_22-09-2021_00:00_video2.jpeg,,,Nicola Beer,Nicola Beer,,,,
nicola_beer_22-09-2021_00:00_video2.jpeg,,,,,,,,
cdu_13-09-2021_00:00_video15.jpeg,,,,,,,,
cdu_13-09-2021_00:00_video15.jpeg,,,,,,,,
christlichsozialeunion_20-09-2021_00:00_video0.jpeg,,,,,,,,
afd.bund_25-09-2021_00:00_video9.jpeg,,,,,,,,
afd.bund_25-09-2021_00:00_video9.jpeg,,,,,,,,
afd.bund_25-09-2021_00:00_video9.jpeg,,,,,,,,
afd.bund_25-09-2021_00:00_video9.jpeg,,,,,,,,
armin_laschet_17-09-2021_00:00_video14.jpeg,,,,,,,,
olafscholz_19-09-2021_00:00_video11.jpeg,,,,,,,,
olafscholz_19-09-2021_00:00_video11.jpeg,,,Olaf Scholz,Olaf Scholz,,,,
olafscholz_19-09-2021_00:00_video11.jpeg,,,,,,,,
olafscholz_19-09-2021_00:00_video11.jpeg,,,,,,,,
olafscholz_19-09-2021_00:00_video11.jpeg,,,,,,,,
olafscholz_19-09-2021_00:00_video11.jpeg,,,,,,,,
christlichsozialeunion_26-09-2021_00:00_video1.jpeg,,,,,,,,
saskiaesken_25-09-2021_00:00_image4.jpeg,,,,,,,,
saskiaesken_25-09-2021_00:00_image4.jpeg,,,Olaf Scholz,Olaf Scholz,,,,
markus.soeder_24-09-2021_00:00_image1.jpeg,,,,,,,,
markus.soeder_24-09-2021_00:00_image1.jpeg,,,Markus Söder,Markus Söder,,,,
cdu_17-09-2021_00:00_video7.jpeg,,,,,,,,
cdu_17-09-2021_00:00_video7.jpeg,,,Armin Laschet,Armin Laschet,,,,
afd.bund_25-09-2021_00:00_image23.jpeg,,,,,,,,
cdu_23-09-2021_00:00_video3.jpeg,,,,,,,,
cdu_23-09-2021_00:00_video3.jpeg,,,,,,,,
cdu_23-09-2021_00:00_video3.jpeg,,,,,,,,
cdu_23-09-2021_00:00_video3.jpeg,,,,,,,,
robert.habeck_18-09-2021_00:00_image11.jpeg,,,,,,,,
robert.habeck_18-09-2021_00:00_image11.jpeg,,,,,,,,
robert.habeck_18-09-2021_00:00_image11.jpeg,,,,,,,,
robert.habeck_18-09-2021_00:00_image11.jpeg,,,,,,,,
robert.habeck_18-09-2021_00:00_image11.jpeg,,,,,,,,
robert.habeck_18-09-2021_00:00_image11.jpeg,,,,,,,,
robert.habeck_18-09-2021_00:00_image11.jpeg,,,,,,,,
robert.habeck_18-09-2021_00:00_image11.jpeg,,,,,,,,
robert.habeck_18-09-2021_00:00_image11.jpeg,,,,,,,,
robert.habeck_18-09-2021_00:00_image11.jpeg,,,,,,,,
robert.habeck_18-09-2021_00:00_image11.jpeg,,,,,,,,
robert.habeck_18-09-2021_00:00_image11.jpeg,,,,,,,,
robert.habeck_18-09-2021_00:00_image11.jpeg,,,,,,,,
robert.habeck_18-09-2021_00:00_image11.jpeg,,,,,,,,
die_gruenen_25-09-2021_00:00_video0.jpeg,,,,,,,,
die_gruenen_25-09-2021_00:00_video0.jpeg,,,Robert Habeck,Robert Habeck,,,,
die_gruenen_25-09-2021_00:00_video0.jpeg,,,,,,,,
die_gruenen_25-09-2021_00:00_video0.jpeg,,,Annalena Baerbock,Annalena Baerbock,,,,
die_gruenen_25-09-2021_00:00_video0.jpeg,,,,,,,,
die_gruenen_25-09-2021_00:00_video0.jpeg,,,,,,,,
fw_bayern_16-09-2021_00:00_image1.jpeg,,,,,,,,
fw_bayern_16-09-2021_00:00_image1.jpeg,,,,,,,,
olafscholz_25-09-2021_00:00_video5.jpeg,,,,,,,,
olafscholz_25-09-2021_00:00_video5.jpeg,,,,,,,,
olafscholz_25-09-2021_00:00_video5.jpeg,,,,,,,,
olafscholz_25-09-2021_00:00_video5.jpeg,,,,,,,,
olafscholz_25-09-2021_00:00_video5.jpeg,,,,,,,,
olafscholz_25-09-2021_00:00_video5.jpeg,,,,,,,,
olafscholz_25-09-2021_00:00_video5.jpeg,,,,,,,,
olafscholz_25-09-2021_00:00_video5.jpeg,,,,,,,,
olafscholz_25-09-2021_00:00_video5.jpeg,,,,,,,,
olafscholz_25-09-2021_00:00_video5.jpeg,,,,,,,,
olafscholz_25-09-2021_00:00_video5.jpeg,,,,,,,,
olafscholz_25-09-2021_00:00_video5.jpeg,,,,,,,,
olafscholz_25-09-2021_00:00_video5.jpeg,,,,,,,,
olafscholz_25-09-2021_00:00_video5.jpeg,,,,,,,,
olafscholz_25-09-2021_00:00_video5.jpeg,,,,,,,,
olafscholz_25-09-2021_00:00_video5.jpeg,,,,,,,,
olafscholz_25-09-2021_00:00_video5.jpeg,,,,,,,,
olafscholz_25-09-2021_00:00_video5.jpeg,,,,,,,,
olafscholz_25-09-2021_00:00_video5.jpeg,,,,,,,,
olafscholz_25-09-2021_00:00_video5.jpeg,,,,,,,,
olafscholz_25-09-2021_00:00_video5.jpeg,,,,,,,,
olafscholz_25-09-2021_00:00_video5.jpeg,,,,,,,,
olafscholz_25-09-2021_00:00_video5.jpeg,,,,,,,,
olafscholz_25-09-2021_00:00_video5.jpeg,,,,,,,,
robert.habeck_24-09-2021_00:00_image2.jpeg,,,,,,,,
robert.habeck_24-09-2021_00:00_image2.jpeg,,,Robert Habeck,Robert Habeck,,,,
robert.habeck_24-09-2021_00:00_image2.jpeg,,,,,,,,
robert.habeck_24-09-2021_00:00_image2.jpeg,,,Robert Habeck,,,,,
die_gruenen_25-09-2021_00:00_video40.jpeg,,,,,,,,
die_gruenen_25-09-2021_00:00_video40.jpeg,,,Annalena Baerbock,Annalena Baerbock,,,,
fw_bayern_24-09-2021_00:00_image2.jpeg,,,,,,,,
robert.habeck_22-09-2021_00:00_image4.jpeg,,,,,,,,
robert.habeck_22-09-2021_00:00_image4.jpeg,,,,,,,,
robert.habeck_22-09-2021_00:00_image4.jpeg,,,,,,,,
robert.habeck_22-09-2021_00:00_image4.jpeg,,,,,,,,
robert.habeck_22-09-2021_00:00_image4.jpeg,,,,,,,,
robert.habeck_22-09-2021_00:00_image4.jpeg,,,,,,,,
robert.habeck_22-09-2021_00:00_image4.jpeg,,,,,,,,
robert.habeck_22-09-2021_00:00_image4.jpeg,,,,,,,,
robert.habeck_22-09-2021_00:00_image4.jpeg,,,,,,,,
robert.habeck_22-09-2021_00:00_image4.jpeg,,,,,,,,
armin_laschet_25-09-2021_00:00_video13.jpeg,,,,,,,,
armin_laschet_25-09-2021_00:00_video13.jpeg,,,,,,,,
armin_laschet_25-09-2021_00:00_video13.jpeg,,,,,,,,
armin_laschet_25-09-2021_00:00_video13.jpeg,,,Armin Laschet,Armin Laschet,,,,
spdde_25-09-2021_00:00_video18.jpeg,,,,,,,,
spdde_25-09-2021_00:00_video18.jpeg,,,,,,,,
spdde_26-09-2021_00:00_image2.jpeg,,,,,,,,
spdde_26-09-2021_00:00_image2.jpeg,,,,,,,,
spdde_26-09-2021_00:00_image2.jpeg,,,,,,,,
olafscholz_18-09-2021_00:00_video6.jpeg,,,,,,,,
olafscholz_18-09-2021_00:00_video6.jpeg,,,,,,,,
olafscholz_18-09-2021_00:00_video6.jpeg,,,,,,,,
olafscholz_18-09-2021_00:00_video6.jpeg,,,,,,,,
olafscholz_18-09-2021_00:00_video6.jpeg,,,,,,,,
christlichsozialeunion_23-09-2021_00:00_video8.jpeg,,,,,,,,
robert.habeck_17-09-2021_00:00_video1.jpeg,,,,,,,,
robert.habeck_17-09-2021_00:00_video1.jpeg,,,Robert Habeck,Robert Habeck,,,,
spdde_26-09-2021_00:00_video4.jpeg,,,,,,,,
spdde_26-09-2021_00:00_video4.jpeg,,,,,,,,
spdde_26-09-2021_00:00_video4.jpeg,,,,,,,,
spdde_26-09-2021_00:00_video4.jpeg,,,,,,,,
spdde_26-09-2021_00:00_video4.jpeg,,,,,,,,
spdde_26-09-2021_00:00_video4.jpeg,,,,,,,,
spdde_26-09-2021_00:00_video4.jpeg,,,Olaf Scholz,Olaf Scholz,,,,
fw_bayern_24-09-2021_00:00_video1.jpeg,,,,,,,,
christianlindner_16-09-2021_00:00_image0.jpeg,,,,,,,,
christianlindner_16-09-2021_00:00_image0.jpeg,,,,,,,,
christianlindner_16-09-2021_00:00_image0.jpeg,,,,,,,,
cdu_18-09-2021_00:00_video5.jpeg,,,,,,,,
cdu_18-09-2021_00:00_video5.jpeg,,,Armin Laschet,Armin Laschet,,,,
cdu_18-09-2021_00:00_video5.jpeg,,,,,,,,
cdu_18-09-2021_00:00_video5.jpeg,,,,,,,,
cdu_18-09-2021_00:00_video5.jpeg,,,Markus Söder,,,,,
cdu_18-09-2021_00:00_video5.jpeg,,,,,,,,
cdu_23-09-2021_00:00_image3.jpeg,,,,,,,,
cdu_23-09-2021_00:00_image3.jpeg,,,,,,,,
cdu_23-09-2021_00:00_image3.jpeg,,,,,,,,
cdu_23-09-2021_00:00_image3.jpeg,,,,,,,,
cdu_23-09-2021_00:00_image3.jpeg,,,,,,,,
cdu_23-09-2021_00:00_image3.jpeg,,,,,,,,
cdu_23-09-2021_00:00_image3.jpeg,,,,,,,,
cdu_23-09-2021_00:00_image3.jpeg,,,,,,,,
cdu_23-09-2021_00:00_image3.jpeg,,,,,,,,
cdu_23-09-2021_00:00_image3.jpeg,,,,,,,,
cdu_23-09-2021_00:00_image3.jpeg,,,,,,,,
cdu_23-09-2021_00:00_image3.jpeg,,,,,,,,
cdu_23-09-2021_00:00_image3.jpeg,,,Armin Laschet,Armin Laschet,,,,
cdu_23-09-2021_00:00_image3.jpeg,,,,,,,,
cdu_23-09-2021_00:00_image3.jpeg,,,,,,,,
cdu_23-09-2021_00:00_image3.jpeg,,,,,,,,
cdu_23-09-2021_00:00_image3.jpeg,,,,,,,,
cdu_23-09-2021_00:00_image3.jpeg,,,,,,,,
cdu_23-09-2021_00:00_image3.jpeg,,,,,,,,
cdu_23-09-2021_00:00_image3.jpeg,,,,,,,,
cdu_23-09-2021_00:00_image3.jpeg,,,,,,,,
cdu_23-09-2021_00:00_image3.jpeg,,,,,,,,
cdu_23-09-2021_00:00_image3.jpeg,,,,,,,,
cdu_23-09-2021_00:00_image3.jpeg,,,,,,,,
cdu_23-09-2021_00:00_image3.jpeg,,,,,,,,
cdu_23-09-2021_00:00_image3.jpeg,,,,,,,,
cdu_23-09-2021_00:00_image3.jpeg,,,,,,,,
olafscholz_26-09-2021_00:00_image0.jpeg,,,,,,,,
olafscholz_26-09-2021_00:00_image0.jpeg,,,Olaf Scholz,Olaf Scholz,,,,
olafscholz_26-09-2021_00:00_image0.jpeg,,,,,,,,
olafscholz_26-09-2021_00:00_image0.jpeg,,,Olaf Scholz,Olaf Scholz,,,,
olafscholz_26-09-2021_00:00_image0.jpeg,,,,,,,,
olafscholz_26-09-2021_00:00_image0.jpeg,,,,,,,,
olafscholz_26-09-2021_00:00_image0.jpeg,,,,,,,,
olafscholz_26-09-2021_00:00_image0.jpeg,,,,,,,,
olafscholz_26-09-2021_00:00_image0.jpeg,,,,,,,,
olafscholz_26-09-2021_00:00_image0.jpeg,,,,,,,,
olafscholz_26-09-2021_00:00_image0.jpeg,,,,,,,,
olafscholz_26-09-2021_00:00_image0.jpeg,,,,Olaf Scholz,,,,
olafscholz_26-09-2021_00:00_image0.jpeg,,,,,,,,
abaerbock_21-09-2021_00:00_video4.jpeg,,,,,,,,
abaerbock_21-09-2021_00:00_video4.jpeg,,,Annalena Baerbock,Annalena Baerbock,,,,
markus.soeder_18-09-2021_00:00_video0.jpeg,,,,,,,,
markus.soeder_18-09-2021_00:00_video0.jpeg,,,Markus Söder,,,,,
markus.soeder_18-09-2021_00:00_video0.jpeg,,,,,,,,
markus.soeder_18-09-2021_00:00_video0.jpeg,,,,,,,,
markus.soeder_18-09-2021_00:00_video0.jpeg,,,,,,,,
markus.soeder_18-09-2021_00:00_video0.jpeg,,,,,,,,
abaerbock_23-09-2021_00:00_image9.jpeg,,,,,,,,
abaerbock_23-09-2021_00:00_image9.jpeg,,,,,,,,
abaerbock_23-09-2021_00:00_image9.jpeg,,,,,,,,
afd.bund_20-09-2021_00:00_video0.jpeg,,,,,,,,
christianlindner_20-09-2021_00:00_video2.jpeg,,,,,,,,
robert.habeck_22-09-2021_00:00_image19.jpeg,,,,,,,,
robert.habeck_22-09-2021_00:00_image19.jpeg,,,,,,,,
robert.habeck_22-09-2021_00:00_image19.jpeg,,,,,,,,
robert.habeck_22-09-2021_00:00_image19.jpeg,,,,,,,,
robert.habeck_22-09-2021_00:00_image19.jpeg,,,,,,,,
robert.habeck_22-09-2021_00:00_image19.jpeg,,,,,,,,
robert.habeck_22-09-2021_00:00_image19.jpeg,,,,,,,,
robert.habeck_22-09-2021_00:00_image19.jpeg,,,,,,,,
robert.habeck_22-09-2021_00:00_image19.jpeg,,,,,,,,
christlichsozialeunion_20-09-2021_00:00_image0.jpeg,,,,,,,,
nicola_beer_20-09-2021_00:00_image11.jpeg,,,,,,,,
nicola_beer_20-09-2021_00:00_image11.jpeg,,,,,,,,
nicola_beer_20-09-2021_00:00_image11.jpeg,,,,,,,,
nicola_beer_20-09-2021_00:00_image11.jpeg,,,,,,,,
nicola_beer_20-09-2021_00:00_image11.jpeg,,,,,,,,
nicola_beer_20-09-2021_00:00_image11.jpeg,,,,,,,,
nicola_beer_20-09-2021_00:00_image11.jpeg,,,,,,,,
nicola_beer_20-09-2021_00:00_image11.jpeg,,,,,,,,
nicola_beer_20-09-2021_00:00_image11.jpeg,,,,,,,,
nicola_beer_20-09-2021_00:00_image11.jpeg,,,,,,,,
nicola_beer_20-09-2021_00:00_image11.jpeg,,,,,,,,
nicola_beer_20-09-2021_00:00_image11.jpeg,,,,,,,,
nicola_beer_20-09-2021_00:00_image11.jpeg,,,,,,,,
nicola_beer_20-09-2021_00:00_image11.jpeg,,,,,,,,
nicola_beer_20-09-2021_00:00_image11.jpeg,,,,,,,,
armin_laschet_13-09-2021_00:00_video6.jpeg,,,,,,,,
armin_laschet_13-09-2021_00:00_video6.jpeg,,,Armin Laschet,Armin Laschet,,,,
robert.habeck_26-09-2021_00:00_image5.jpeg,,,,,,,,
robert.habeck_26-09-2021_00:00_image5.jpeg,,,,,,,,
robert.habeck_26-09-2021_00:00_image5.jpeg,,,,,,,,
cdu_26-09-2021_00:00_video14.jpeg,,,,,,,,
cdu_26-09-2021_00:00_video14.jpeg,,,,,,,,
cdu_26-09-2021_00:00_video14.jpeg,,,,,,,,
cdu_26-09-2021_00:00_video14.jpeg,,,,,,,,
cdu_26-09-2021_00:00_video14.jpeg,,,,,,,,
cdu_26-09-2021_00:00_video14.jpeg,,,,,,,,
cdu_26-09-2021_00:00_video14.jpeg,,,,,,,,
cdu_26-09-2021_00:00_video14.jpeg,,,,,,,,
cdu_26-09-2021_00:00_video14.jpeg,,,,,,,,
cdu_26-09-2021_00:00_video14.jpeg,,,,,,,,
cdu_26-09-2021_00:00_video14.jpeg,,,,,,,,
cdu_26-09-2021_00:00_video14.jpeg,,,,,,,,
cdu_26-09-2021_00:00_video14.jpeg,,,,,,,,
cdu_26-09-2021_00:00_video14.jpeg,,,,,,,,
cdu_26-09-2021_00:00_video14.jpeg,,,,,,,,
cdu_26-09-2021_00:00_video14.jpeg,,,,,,,,
cdu_13-09-2021_00:00_video4.jpeg,,,,,,,,
cdu_13-09-2021_00:00_video4.jpeg,,,,,,,,
cdu_13-09-2021_00:00_video4.jpeg,,,,,,,,
cdu_13-09-2021_00:00_video4.jpeg,,,,,,,,
cdu_13-09-2021_00:00_video4.jpeg,,,,,,,,
christlichsozialeunion_17-09-2021_00:00_image1.jpeg,,,,,,,,
armin_laschet_25-09-2021_00:00_image1.jpeg,,,,,,,,
armin_laschet_25-09-2021_00:00_image1.jpeg,,,Armin Laschet,Armin Laschet,,,,
armin_laschet_23-09-2021_00:00_image2.jpeg,,,,,,,,
armin_laschet_23-09-2021_00:00_image2.jpeg,,,,,,,,
armin_laschet_23-09-2021_00:00_image2.jpeg,,,Armin Laschet,Armin Laschet,,,,
armin_laschet_23-09-2021_00:00_image2.jpeg,,,,,,,,
abaerbock_25-09-2021_00:00_image1.jpeg,,,,,,,,
abaerbock_25-09-2021_00:00_image1.jpeg,,,,,,,,
abaerbock_25-09-2021_00:00_image1.jpeg,,,,,,,,
abaerbock_25-09-2021_00:00_image1.jpeg,,,,,,,,
abaerbock_25-09-2021_00:00_image1.jpeg,,,,,,,,
abaerbock_25-09-2021_00:00_image2.jpeg,,,,,,,,
abaerbock_25-09-2021_00:00_image2.jpeg,,,,,,,,
abaerbock_25-09-2021_00:00_image2.jpeg,,,,,,,,
abaerbock_25-09-2021_00:00_image2.jpeg,,,,,,,,
abaerbock_25-09-2021_00:00_image2.jpeg,,,,,,,,
abaerbock_25-09-2021_00:00_image2.jpeg,,,,,,,,
abaerbock_25-09-2021_00:00_image2.jpeg,,,,,,,,
abaerbock_25-09-2021_00:00_image2.jpeg,,,,,,,,
abaerbock_25-09-2021_00:00_image2.jpeg,,,,,,,,
abaerbock_25-09-2021_00:00_image2.jpeg,,,,,,,,
abaerbock_25-09-2021_00:00_image2.jpeg,,,,,,,,
abaerbock_25-09-2021_00:00_image2.jpeg,,,,,,,,
nicola_beer_22-09-2021_00:00_video11.jpeg,,,,,,,,
nicola_beer_22-09-2021_00:00_video11.jpeg,,,Nicola Beer,Nicola Beer,,,,
nicola_beer_22-09-2021_00:00_video11.jpeg,,,,,,,,
christianlindner_20-09-2021_00:00_video3.jpeg,,,,,,,,
robert.habeck_21-09-2021_00:00_image4.jpeg,,,,,,,,
robert.habeck_21-09-2021_00:00_image4.jpeg,,,,,,,,
robert.habeck_21-09-2021_00:00_image4.jpeg,,,,,,,,
robert.habeck_21-09-2021_00:00_image4.jpeg,,,,,,,,
robert.habeck_21-09-2021_00:00_image4.jpeg,,,,,,,,
robert.habeck_21-09-2021_00:00_image4.jpeg,,,,,,,,
robert.habeck_21-09-2021_00:00_image4.jpeg,,,,,,,,
robert.habeck_21-09-2021_00:00_image4.jpeg,,,,,,,,
robert.habeck_18-09-2021_00:00_image5.jpeg,,,,,,,,
robert.habeck_18-09-2021_00:00_image5.jpeg,,,,,,,,
robert.habeck_18-09-2021_00:00_image5.jpeg,,,,,,,,
robert.habeck_18-09-2021_00:00_image5.jpeg,,,,,,,,
robert.habeck_18-09-2021_00:00_image5.jpeg,,,,,,,,
robert.habeck_18-09-2021_00:00_image5.jpeg,,,,,,,,
robert.habeck_18-09-2021_00:00_image5.jpeg,,,,,,,,
christianlindner_26-09-2021_00:00_video2.jpeg,,,,,,,,
christianlindner_26-09-2021_00:00_video2.jpeg,,,,Christian Lindner,,,,
christianlindner_26-09-2021_00:00_video2.jpeg,,,,,,,,
cdu_13-09-2021_00:00_video9.jpeg,,,,,,,,
cdu_13-09-2021_00:00_video9.jpeg,,,,,,,,
susanne_hennig_wellsow_26-09-2021_00:00_video0.jpeg,,,,,,,,
susanne_hennig_wellsow_26-09-2021_00:00_video0.jpeg,,,,,,,,
robert.habeck_22-09-2021_00:00_image15.jpeg,,,,,,,,
robert.habeck_22-09-2021_00:00_image15.jpeg,,,Robert Habeck,Robert Habeck,,,,
robert.habeck_22-09-2021_00:00_image15.jpeg,,,,,,,,
robert.habeck_22-09-2021_00:00_image15.jpeg,,,Robert Habeck,Robert Habeck,,,,
robert.habeck_22-09-2021_00:00_image15.jpeg,,,,,,,,
fdp_22-09-2021_00:00_video1.jpeg,,,,,,,,
fdp_22-09-2021_00:00_video1.jpeg,,,,,,,,
fdp_22-09-2021_00:00_video1.jpeg,,,,,,,,
fdp_22-09-2021_00:00_video1.jpeg,,,,,,,,
fdp_22-09-2021_00:00_video1.jpeg,,,,,,,,
fdp_22-09-2021_00:00_video1.jpeg,,,,,,,,
fdp_22-09-2021_00:00_video1.jpeg,,,,,,,,
fw_bayern_20-09-2021_00:00_video0.jpeg,,,,,,,,
abaerbock_26-09-2021_00:00_image5.jpeg,,,,,,,,
abaerbock_26-09-2021_00:00_image5.jpeg,,,,,,,,
abaerbock_26-09-2021_00:00_image5.jpeg,,,,,,,,
abaerbock_26-09-2021_00:00_image5.jpeg,,,,,,,,
abaerbock_26-09-2021_00:00_image5.jpeg,,,Annalena Baerbock,,,,,
abaerbock_26-09-2021_00:00_image5.jpeg,,,,,,,,
armin_laschet_18-09-2021_00:00_video3.jpeg,,,,,,,,
armin_laschet_18-09-2021_00:00_video3.jpeg,,,,,,,,
armin_laschet_18-09-2021_00:00_video3.jpeg,,,Armin Laschet,Armin Laschet,,,,
armin_laschet_18-09-2021_00:00_video3.jpeg,,,,,,,,
armin_laschet_18-09-2021_00:00_video3.jpeg,,,,,,,,
olafscholz_17-09-2021_00:00_image5.jpeg,,,,,,,,
olafscholz_17-09-2021_00:00_image5.jpeg,,,Olaf Scholz,Olaf Scholz,,,,
abaerbock_25-09-2021_00:00_image13.jpeg,,,,,,,,
abaerbock_25-09-2021_00:00_image13.jpeg,,,,,,,,
abaerbock_25-09-2021_00:00_image13.jpeg,,,Annalena Baerbock,Annalena Baerbock,,,,
abaerbock_25-09-2021_00:00_image13.jpeg,,,,,,,,
abaerbock_25-09-2021_00:00_image13.jpeg,,,,,,,,
abaerbock_21-09-2021_00:00_image9.jpeg,,,,,,,,
abaerbock_21-09-2021_00:00_image9.jpeg,,,,,,,,
abaerbock_21-09-2021_00:00_image9.jpeg,,,,,,,,
abaerbock_21-09-2021_00:00_image9.jpeg,,,,,,,,
abaerbock_21-09-2021_00:00_image9.jpeg,,,,,,,,
abaerbock_21-09-2021_00:00_image9.jpeg,,,,,,,,
abaerbock_21-09-2021_00:00_image9.jpeg,,,,,,,,
abaerbock_25-09-2021_00:00_image0.jpeg,,,,,,,,
abaerbock_25-09-2021_00:00_image0.jpeg,,,Annalena Baerbock,Annalena Baerbock,,,,
abaerbock_25-09-2021_00:00_image0.jpeg,,,,,,,,
abaerbock_25-09-2021_00:00_image0.jpeg,,,Robert Habeck,Robert Habeck,,,,
abaerbock_25-09-2021_00:00_image0.jpeg,,,,,,,,
cdu_24-09-2021_00:00_video3.jpeg,,,,,,,,
fdp_16-09-2021_00:00_image1.jpeg,,,,,,,,
fdp_16-09-2021_00:00_image1.jpeg,,,,,,,,
fdp_16-09-2021_00:00_image1.jpeg,,,,Nicola Beer,,,,
fdp_16-09-2021_00:00_image1.jpeg,,,,,,,,
susanne_hennig_wellsow_24-09-2021_00:00_image4.jpeg,,,,,,,,
susanne_hennig_wellsow_24-09-2021_00:00_image4.jpeg,,,Susanne Hennig-Wellsow,,,,,
armin_laschet_21-09-2021_00:00_video3.jpeg,,,,,,,,
armin_laschet_21-09-2021_00:00_video3.jpeg,,,Armin Laschet,Jörg Meuthen,,,,
armin_laschet_21-09-2021_00:00_video3.jpeg,,,,,,,,
armin_laschet_21-09-2021_00:00_video3.jpeg,,,,,,,,
christlichsozialeunion_23-09-2021_00:00_video4.jpeg,,,,,,,,
cdu_20-09-2021_00:00_video30.jpeg,,,,,,,,
cdu_20-09-2021_00:00_video30.jpeg,,,,,,,,
cdu_20-09-2021_00:00_video30.jpeg,,,,,,,,
spdde_20-09-2021_00:00_video5.jpeg,,,,,,,,
spdde_20-09-2021_00:00_video5.jpeg,,,Annalena Baerbock,Annalena Baerbock,,,,
spdde_20-09-2021_00:00_video5.jpeg,,,,,,,,
spdde_20-09-2021_00:00_video5.jpeg,,,Olaf Scholz,Armin Laschet,,,,
spdde_20-09-2021_00:00_video5.jpeg,,,,,,,,
spdde_20-09-2021_00:00_video5.jpeg,,,Armin Laschet,,,,,
die_gruenen_25-09-2021_00:00_video23.jpeg,,,,,,,,
spdde_18-09-2021_00:00_video4.jpeg,,,,,,,,
spdde_18-09-2021_00:00_video4.jpeg,,,,,,,,
susanne_hennig_wellsow_21-09-2021_00:00_video1.jpeg,,,,,,,,
susanne_hennig_wellsow_21-09-2021_00:00_video1.jpeg,,,,,,,,
susanne_hennig_wellsow_21-09-2021_00:00_video1.jpeg,,,Susanne Hennig-Wellsow,Susanne Hennig-Wellsow,,,,
susanne_hennig_wellsow_21-09-2021_00:00_video1.jpeg,,,,,,,,
robert.habeck_13-09-2021_00:00_image12.jpeg,,,,,,,,
robert.habeck_13-09-2021_00:00_image12.jpeg,,,,,,,,
robert.habeck_13-09-2021_00:00_image12.jpeg,,,Robert Habeck,,,,,
olafscholz_19-09-2021_00:00_video1.jpeg,,,,,,,,
olafscholz_19-09-2021_00:00_video1.jpeg,,,,,,,,
olafscholz_19-09-2021_00:00_video1.jpeg,,,Olaf Scholz,Olaf Scholz,,,,
fdp_20-09-2021_00:00_image15.jpeg,,,,,,,,
fw_bayern_16-09-2021_00:00_video0.jpeg,,,,,,,,
cdu_13-09-2021_00:00_video5.jpeg,,,,,,,,
cdu_13-09-2021_00:00_video5.jpeg,,,,,,,,
cdu_25-09-2021_00:00_video10.jpeg,,,,,,,,
cdu_25-09-2021_00:00_video10.jpeg,,,Armin Laschet,Armin Laschet,,,,
cdu_25-09-2021_00:00_video10.jpeg,,,,,,,,
cdu_25-09-2021_00:00_video10.jpeg,,,,,,,,
cdu_25-09-2021_00:00_video10.jpeg,,,,,,,,
christlichsozialeunion_21-09-2021_00:00_video1.jpeg,,,,,,,,
nicola_beer_22-09-2021_00:00_video10.jpeg,,,,,,,,
nicola_beer_22-09-2021_00:00_video10.jpeg,,,Nicola Beer,Nicola Beer,,,,
nicola_beer_22-09-2021_00:00_video10.jpeg,,,,,,,,
nicola_beer_22-09-2021_00:00_video10.jpeg,,,,,,,,
armin_laschet_17-09-2021_00:00_image12.jpeg,,,,,,,,
armin_laschet_17-09-2021_00:00_image12.jpeg,,,,,,,,
armin_laschet_17-09-2021_00:00_image12.jpeg,,,,,,,,
armin_laschet_17-09-2021_00:00_image12.jpeg,,,Armin Laschet,Armin Laschet,,,,
armin_laschet_17-09-2021_00:00_image12.jpeg,,,,,,,,
armin_laschet_17-09-2021_00:00_image12.jpeg,,,,,,,,
armin_laschet_17-09-2021_00:00_image12.jpeg,,,,,,,,
armin_laschet_17-09-2021_00:00_image12.jpeg,,,,,,,,
armin_laschet_17-09-2021_00:00_image12.jpeg,,,Armin Laschet,,,,,
armin_laschet_17-09-2021_00:00_image12.jpeg,,,,,,,,
armin_laschet_17-09-2021_00:00_image12.jpeg,,,,,,,,
armin_laschet_17-09-2021_00:00_image12.jpeg,,,,,,,,
armin_laschet_17-09-2021_00:00_image12.jpeg,,,,,,,,
armin_laschet_17-09-2021_00:00_image12.jpeg,,,,,,,,
armin_laschet_17-09-2021_00:00_image12.jpeg,,,,,,,,
armin_laschet_17-09-2021_00:00_image12.jpeg,,,,,,,,
armin_laschet_17-09-2021_00:00_image12.jpeg,,,,,,,,
armin_laschet_17-09-2021_00:00_image12.jpeg,,,,,,,,
christlichsozialeunion_25-09-2021_00:00_video2.jpeg,,,,,,,,
christlichsozialeunion_25-09-2021_00:00_video2.jpeg,,,Markus Söder,Markus Söder,,,,
abaerbock_13-09-2021_00:00_image3.jpeg,,,,,,,,
abaerbock_13-09-2021_00:00_image3.jpeg,,,Annalena Baerbock,Annalena Baerbock,,,,
abaerbock_17-09-2021_00:00_video5.jpeg,,,,,,,,
abaerbock_17-09-2021_00:00_video5.jpeg,,,Annalena Baerbock,Annalena Baerbock,,,,
abaerbock_17-09-2021_00:00_video5.jpeg,,,,,,,,
abaerbock_17-09-2021_00:00_video5.jpeg,,,,,,,,
abaerbock_17-09-2021_00:00_video5.jpeg,,,,,,,,
armin_laschet_16-09-2021_00:00_video0.jpeg,,,,,,,,
armin_laschet_16-09-2021_00:00_video0.jpeg,,,Armin Laschet,Armin Laschet,,,,
nicola_beer_20-09-2021_00:00_video4.jpeg,,,,,,,,
nicola_beer_20-09-2021_00:00_video4.jpeg,,,Nicola Beer,,,,,
nicola_beer_20-09-2021_00:00_video4.jpeg,,,,,,,,
nicola_beer_20-09-2021_00:00_video4.jpeg,,,Nicola Beer,,,,,
olafscholz_19-09-2021_00:00_video4.jpeg,,,,,,,,
olafscholz_19-09-2021_00:00_video4.jpeg,,,Olaf Scholz,Olaf Scholz,,,,
olafscholz_19-09-2021_00:00_video4.jpeg,,,,,,,,
spdde_18-09-2021_00:00_video9.jpeg,,,,,,,,
afd.bund_17-09-2021_00:00_image8.jpeg,,,,,,,,
die_gruenen_17-09-2021_00:00_video1.jpeg,,,,,,,,
christianlindner_17-09-2021_00:00_video0.jpeg,,,,,,,,
christianlindner_17-09-2021_00:00_video0.jpeg,,,Christian Lindner,Christian Lindner,,,,
christianlindner_17-09-2021_00:00_video0.jpeg,,,,,,,,
olafscholz_19-09-2021_00:00_video9.jpeg,,,,,,,,
olafscholz_19-09-2021_00:00_video9.jpeg,,,,,,,,
olafscholz_19-09-2021_00:00_video9.jpeg,,,,,,,,
olafscholz_19-09-2021_00:00_video9.jpeg,,,,,,,,
olafscholz_19-09-2021_00:00_video9.jpeg,,,,,,,,
olafscholz_19-09-2021_00:00_video9.jpeg,,,,,,,,
olafscholz_19-09-2021_00:00_video9.jpeg,,,,,,,,
olafscholz_19-09-2021_00:00_video9.jpeg,,,,,,,,
olafscholz_19-09-2021_00:00_video9.jpeg,,,,,,,,
olafscholz_19-09-2021_00:00_video9.jpeg,,,,,,,,
olafscholz_19-09-2021_00:00_video9.jpeg,,,,,,,,
olafscholz_19-09-2021_00:00_video9.jpeg,,,,,,,,
olafscholz_19-09-2021_00:00_video9.jpeg,,,,,,,,
olafscholz_19-09-2021_00:00_video9.jpeg,,,,,,,,
christianlindner_25-09-2021_00:00_image1.jpeg,,,,,,,,
christianlindner_25-09-2021_00:00_image1.jpeg,,,Christian Lindner,Christian Lindner,,,,
christlichsozialeunion_23-09-2021_00:00_video3.jpeg,,,,,,,,
christlichsozialeunion_23-09-2021_00:00_video3.jpeg,,,,Christian Lindner,,,,
spdde_19-09-2021_00:00_video3.jpeg,,,,,,,,
afd.bund_25-09-2021_00:00_image18.jpeg,,,,,,,,
afd.bund_25-09-2021_00:00_image18.jpeg,,,,,,,,
afd.bund_25-09-2021_00:00_image18.jpeg,,,,,,,,
afd.bund_25-09-2021_00:00_image18.jpeg,,,,,,,,
afd.bund_25-09-2021_00:00_image18.jpeg,,,,,,,,
afd.bund_25-09-2021_00:00_image18.jpeg,,,,,,,,
susanne_hennig_wellsow_19-09-2021_00:00_video1.jpeg,,,,,,,,
susanne_hennig_wellsow_19-09-2021_00:00_video1.jpeg,,,Susanne Hennig-Wellsow,Susanne Hennig-Wellsow,,,,
susanne_hennig_wellsow_19-09-2021_00:00_video1.jpeg,,,,,,,,
susanne_hennig_wellsow_19-09-2021_00:00_video1.jpeg,,,Susanne Hennig-Wellsow,Susanne Hennig-Wellsow,,,,
robert.habeck_21-09-2021_00:00_image13.jpeg,,,,,,,,
robert.habeck_13-09-2021_00:00_image10.jpeg,,,,,,,,
robert.habeck_13-09-2021_00:00_image10.jpeg,,,,,,,,
robert.habeck_13-09-2021_00:00_image10.jpeg,,,,,,,,
cdu_20-09-2021_00:00_video15.jpeg,,,,,,,,
cdu_20-09-2021_00:00_video15.jpeg,,,,,,,,
cdu_16-09-2021_00:00_video0.jpeg,,,,,,,,
cdu_16-09-2021_00:00_video0.jpeg,,,,,,,,
afd.bund_17-09-2021_00:00_image5.jpeg,,,,,,,,
afd.bund_17-09-2021_00:00_image5.jpeg,,,,,,,,
afd.bund_17-09-2021_00:00_image5.jpeg,,,,,,,,
christlichsozialeunion_14-09-2021_00:00_image0.jpeg,,,,,,,,
cdu_24-09-2021_00:00_video13.jpeg,,,,,,,,
cdu_24-09-2021_00:00_video13.jpeg,,,,,,,,
cdu_24-09-2021_00:00_video13.jpeg,,,,,,,,
abaerbock_21-09-2021_00:00_video7.jpeg,,,,,,,,
abaerbock_21-09-2021_00:00_video7.jpeg,,,Annalena Baerbock,Annalena Baerbock,,,,
armin_laschet_26-09-2021_00:00_video10.jpeg,,,,,,,,
armin_laschet_26-09-2021_00:00_video10.jpeg,,,Armin Laschet,Armin Laschet,,,,
armin_laschet_26-09-2021_00:00_video10.jpeg,,,,,,,,
robert.habeck_17-09-2021_00:00_video6.jpeg,,,,,,,,
christianlindner_22-09-2021_00:00_video1.jpeg,,,,,,,,
christianlindner_22-09-2021_00:00_video1.jpeg,,,Christian Lindner,,,,,
christianlindner_22-09-2021_00:00_video1.jpeg,,,,,,,,
christianlindner_22-09-2021_00:00_video1.jpeg,,,,,,,,
christianlindner_22-09-2021_00:00_video1.jpeg,,,,,,,,
christianlindner_22-09-2021_00:00_video1.jpeg,,,,,,,,
christianlindner_22-09-2021_00:00_video1.jpeg,,,,,,,,
christianlindner_22-09-2021_00:00_video1.jpeg,,,,,,,,
christianlindner_22-09-2021_00:00_video1.jpeg,,,,,,,,
christianlindner_22-09-2021_00:00_video1.jpeg,,,,,,,,
christianlindner_22-09-2021_00:00_video1.jpeg,,,,,,,,
christianlindner_22-09-2021_00:00_video1.jpeg,,,,,,,,
christianlindner_22-09-2021_00:00_video1.jpeg,,,,,,,,
christianlindner_22-09-2021_00:00_video1.jpeg,,,,,,,,
christianlindner_22-09-2021_00:00_video1.jpeg,,,,,,,,
christianlindner_22-09-2021_00:00_video1.jpeg,,,,,,,,
christianlindner_22-09-2021_00:00_video1.jpeg,,,,,,,,
christianlindner_22-09-2021_00:00_video1.jpeg,,,,,,,,
christianlindner_22-09-2021_00:00_video1.jpeg,,,,,,,,
christianlindner_22-09-2021_00:00_video1.jpeg,,,,,,,,
abaerbock_20-09-2021_00:00_video2.jpeg,,,,,,,,
abaerbock_20-09-2021_00:00_video2.jpeg,,,Robert Habeck,Robert Habeck,,,,
abaerbock_20-09-2021_00:00_video2.jpeg,,,,,,,,
abaerbock_20-09-2021_00:00_video2.jpeg,,,,,,,,
abaerbock_20-09-2021_00:00_video2.jpeg,,,Annalena Baerbock,,,,,
christianlindner_23-09-2021_00:00_video0.jpeg,,,,,,,,
christianlindner_23-09-2021_00:00_video0.jpeg,,,,,,,,
christianlindner_23-09-2021_00:00_video0.jpeg,,,,,,,,
christianlindner_23-09-2021_00:00_video0.jpeg,,,,,,,,
christianlindner_23-09-2021_00:00_video0.jpeg,,,,,,,,
christianlindner_23-09-2021_00:00_video0.jpeg,,,,,,,,
christianlindner_23-09-2021_00:00_video0.jpeg,,,,,,,,
christianlindner_23-09-2021_00:00_video0.jpeg,,,,,,,,
christianlindner_23-09-2021_00:00_video0.jpeg,,,,,,,,
christianlindner_23-09-2021_00:00_video0.jpeg,,,,,,,,
christianlindner_23-09-2021_00:00_video0.jpeg,,,,,,,,
christianlindner_23-09-2021_00:00_video0.jpeg,,,,,,,,
christianlindner_23-09-2021_00:00_video0.jpeg,,,,,,,,
christianlindner_23-09-2021_00:00_video0.jpeg,,,,,,,,
christianlindner_23-09-2021_00:00_video0.jpeg,,,,,,,,
christianlindner_23-09-2021_00:00_video0.jpeg,,,,,,,,
christlichsozialeunion_22-09-2021_00:00_video0.jpeg,,,,,,,,
christlichsozialeunion_24-09-2021_00:00_image6.jpeg,,,,,,,,
christlichsozialeunion_24-09-2021_00:00_image6.jpeg,,,,,,,,
christlichsozialeunion_24-09-2021_00:00_image6.jpeg,,,,,,,,
christlichsozialeunion_24-09-2021_00:00_image6.jpeg,,,,,,,,
christlichsozialeunion_24-09-2021_00:00_image6.jpeg,,,,,,,,
fw_bayern_22-09-2021_00:00_video0.jpeg,,,,,,,,
markus.soeder_18-09-2021_00:00_video3.jpeg,,,,,,,,
markus.soeder_18-09-2021_00:00_video3.jpeg,,,Markus Söder,Markus Söder,,,,
fw_bayern_17-09-2021_00:00_video3.jpeg,,,,,,,,
fw_bayern_17-09-2021_00:00_video3.jpeg,,,,,,,,
dielinke_24-09-2021_00:00_video0.jpeg,,,,,,,,
atesgurpinar_15-09-2021_00:00_video0.jpeg,,,,,,,,
afd.bund_23-09-2021_00:00_video5.jpeg,,,,,,,,
afd.bund_23-09-2021_00:00_video5.jpeg,,,,,,,,
die_gruenen_23-09-2021_00:00_video7.jpeg,,,,,,,,
die_gruenen_23-09-2021_00:00_video7.jpeg,,,,,,,,
die_gruenen_23-09-2021_00:00_video7.jpeg,,,,,,,,
olafscholz_26-09-2021_00:00_video4.jpeg,,,,,,,,
olafscholz_26-09-2021_00:00_video4.jpeg,,,,,,,,
olafscholz_26-09-2021_00:00_video4.jpeg,,,,,,,,
olafscholz_26-09-2021_00:00_video4.jpeg,,,,,,,,
olafscholz_26-09-2021_00:00_video4.jpeg,,,,,,,,
olafscholz_26-09-2021_00:00_video4.jpeg,,,,,,,,
abaerbock_22-09-2021_00:00_video0.jpeg,,,,,,,,
abaerbock_22-09-2021_00:00_video0.jpeg,,,,,,,,
robert.habeck_25-09-2021_00:00_video1.jpeg,,,,,,,,
robert.habeck_25-09-2021_00:00_video1.jpeg,,,,,,,,
robert.habeck_25-09-2021_00:00_video1.jpeg,,,,,,,,
robert.habeck_25-09-2021_00:00_video1.jpeg,,,,,,,,
afd.bund_23-09-2021_00:00_video16.jpeg,,,,,,,,
afd.bund_23-09-2021_00:00_video16.jpeg,,,,Olaf Scholz,,,,
afd.bund_23-09-2021_00:00_video16.jpeg,,,,,,,,
fw_bayern_23-09-2021_00:00_video2.jpeg,,,,,,,,
christianlindner_25-09-2021_00:00_image5.jpeg,,,,,,,,
christianlindner_25-09-2021_00:00_image5.jpeg,,,,,,,,
christianlindner_25-09-2021_00:00_image5.jpeg,,,,,,,,
christianlindner_25-09-2021_00:00_image5.jpeg,,,,,,,,
christianlindner_25-09-2021_00:00_image5.jpeg,,,,,,,,
christianlindner_25-09-2021_00:00_image5.jpeg,,,Christian Lindner,,,,,
abaerbock_14-09-2021_00:00_video4.jpeg,,,,,,,,
abaerbock_14-09-2021_00:00_video4.jpeg,,,Annalena Baerbock,Annalena Baerbock,,,,
abaerbock_14-09-2021_00:00_video4.jpeg,,,,,,,,
abaerbock_14-09-2021_00:00_video4.jpeg,,,,,,,,
abaerbock_14-09-2021_00:00_video4.jpeg,,,,,,,,
abaerbock_14-09-2021_00:00_video4.jpeg,,,,,,,,
abaerbock_14-09-2021_00:00_video4.jpeg,,,,,,,,
abaerbock_14-09-2021_00:00_video4.jpeg,,,,,,,,
christlichsozialeunion_16-09-2021_00:00_video12.jpeg,,,,,,,,
fw_bayern_19-09-2021_00:00_video8.jpeg,,,,,,,,
fw_bayern_19-09-2021_00:00_video8.jpeg,,,,,,,,
fw_bayern_19-09-2021_00:00_video8.jpeg,,,,,,,,
fw_bayern_19-09-2021_00:00_video8.jpeg,,,,,,,,
fw_bayern_19-09-2021_00:00_video8.jpeg,,,,,,,,
abaerbock_16-09-2021_00:00_image4.jpeg,,,,,,,,
abaerbock_16-09-2021_00:00_image4.jpeg,,,,,,,,
abaerbock_16-09-2021_00:00_image4.jpeg,,,Annalena Baerbock,Annalena Baerbock,,,,
olafscholz_17-09-2021_00:00_image3.jpeg,,,,,,,,
olafscholz_17-09-2021_00:00_image3.jpeg,,,,,,,,
olafscholz_17-09-2021_00:00_image3.jpeg,,,Olaf Scholz,Olaf Scholz,,,,
olafscholz_17-09-2021_00:00_image3.jpeg,,,,,,,,
olafscholz_17-09-2021_00:00_image3.jpeg,,,,,,,,
olafscholz_17-09-2021_00:00_image3.jpeg,,,,,,,,
olafscholz_17-09-2021_00:00_image3.jpeg,,,,,,,,
dielinke_25-09-2021_00:00_video17.jpeg,,,,,,,,
dielinke_25-09-2021_00:00_video17.jpeg,,,,,,,,
robert.habeck_18-09-2021_00:00_image9.jpeg,,,,,,,,
robert.habeck_18-09-2021_00:00_image9.jpeg,,,,,,,,
robert.habeck_18-09-2021_00:00_image9.jpeg,,,,,,,,
robert.habeck_18-09-2021_00:00_image9.jpeg,,,,,,,,
robert.habeck_18-09-2021_00:00_image9.jpeg,,,,,,,,
robert.habeck_18-09-2021_00:00_image9.jpeg,,,,,,,,
robert.habeck_18-09-2021_00:00_image9.jpeg,,,,,,,,
robert.habeck_18-09-2021_00:00_image9.jpeg,,,,,,,,
robert.habeck_18-09-2021_00:00_image9.jpeg,,,,,,,,
robert.habeck_18-09-2021_00:00_image9.jpeg,,,,,,,,
robert.habeck_18-09-2021_00:00_image9.jpeg,,,,,,,,
robert.habeck_18-09-2021_00:00_image9.jpeg,,,,,,,,
robert.habeck_18-09-2021_00:00_image9.jpeg,,,,,,,,
robert.habeck_18-09-2021_00:00_image9.jpeg,,,,,,,,
robert.habeck_18-09-2021_00:00_image9.jpeg,,,,,,,,
robert.habeck_18-09-2021_00:00_image9.jpeg,,,,,,,,
robert.habeck_18-09-2021_00:00_image9.jpeg,,,,,,,,
robert.habeck_18-09-2021_00:00_image9.jpeg,,,,,,,,
robert.habeck_18-09-2021_00:00_image9.jpeg,,,,,,,,
die_gruenen_25-09-2021_00:00_video2.jpeg,,,,,,,,
die_gruenen_25-09-2021_00:00_video2.jpeg,,,,,,,,
die_gruenen_13-09-2021_00:00_video4.jpeg,,,,,,,,
die_gruenen_13-09-2021_00:00_video4.jpeg,,,,,,,,
armin_laschet_23-09-2021_00:00_video12.jpeg,,,,,,,,
armin_laschet_23-09-2021_00:00_video12.jpeg,,,,,,,,
robert.habeck_17-09-2021_00:00_image3.jpeg,,,,,,,,
abaerbock_14-09-2021_00:00_video6.jpeg,,,,,,,,
abaerbock_14-09-2021_00:00_video6.jpeg,,,,,,,,
abaerbock_14-09-2021_00:00_video6.jpeg,,,Annalena Baerbock,Annalena Baerbock,,,,
armin_laschet_25-09-2021_00:00_video3.jpeg,,,,,,,,
armin_laschet_25-09-2021_00:00_video3.jpeg,,,,Saskia Esken,,,,
armin_laschet_25-09-2021_00:00_video3.jpeg,,,,,,,,
cdu_16-09-2021_00:00_image0.jpeg,,,,,,,,
cdu_16-09-2021_00:00_image0.jpeg,,,,,,,,
cdu_16-09-2021_00:00_image0.jpeg,,,,,,,,
cdu_16-09-2021_00:00_image0.jpeg,,,,,,,,
cdu_16-09-2021_00:00_image0.jpeg,,,Armin Laschet,Armin Laschet,,,,
cdu_16-09-2021_00:00_image0.jpeg,,,,,,,,
cdu_16-09-2021_00:00_image0.jpeg,,,,,,,,
cdu_16-09-2021_00:00_image0.jpeg,,,,,,,,
cdu_16-09-2021_00:00_image0.jpeg,,,,,,,,
cdu_16-09-2021_00:00_image0.jpeg,,,,,,,,
cdu_16-09-2021_00:00_image0.jpeg,,,,,,,,
cdu_16-09-2021_00:00_image0.jpeg,,,,,,,,
cdu_16-09-2021_00:00_image0.jpeg,,,,,,,,
cdu_16-09-2021_00:00_image0.jpeg,,,,,,,,
cdu_16-09-2021_00:00_image0.jpeg,,,Armin Laschet,Armin Laschet,,,,
robert.habeck_24-09-2021_00:00_image0.jpeg,,,,,,,,
robert.habeck_24-09-2021_00:00_image0.jpeg,,,Robert Habeck,Robert Habeck,,,,
robert.habeck_24-09-2021_00:00_image0.jpeg,,,,,,,,
robert.habeck_17-09-2021_00:00_video3.jpeg,,,,,,,,
robert.habeck_17-09-2021_00:00_video3.jpeg,,,Robert Habeck,Robert Habeck,,,,
robert.habeck_17-09-2021_00:00_video3.jpeg,,,,,,,,
robert.habeck_17-09-2021_00:00_video3.jpeg,,,,,,,,
robert.habeck_17-09-2021_00:00_video3.jpeg,,,,,,,,
armin_laschet_13-09-2021_00:00_video3.jpeg,,,,,,,,
armin_laschet_13-09-2021_00:00_video3.jpeg,,,,Armin Laschet,,,,
spdde_13-09-2021_00:00_video6.jpeg,,,,,,,,
christlichsozialeunion_18-09-2021_00:00_video6.jpeg,,,,,,,,
robert.habeck_17-09-2021_00:00_image10.jpeg,,,,,,,,
robert.habeck_17-09-2021_00:00_image10.jpeg,,,,,,,,
robert.habeck_17-09-2021_00:00_image10.jpeg,,,,,,,,
robert.habeck_17-09-2021_00:00_image10.jpeg,,,,,,,,
robert.habeck_17-09-2021_00:00_image10.jpeg,,,,,,,,
armin_laschet_26-09-2021_00:00_video9.jpeg,,,,,,,,
armin_laschet_26-09-2021_00:00_video9.jpeg,,,Armin Laschet,Armin Laschet,,,,
robert.habeck_24-09-2021_00:00_image4.jpeg,,,,,,,,
robert.habeck_24-09-2021_00:00_image4.jpeg,,,,,,,,
robert.habeck_24-09-2021_00:00_image4.jpeg,,,,,,,,
robert.habeck_24-09-2021_00:00_image4.jpeg,,,,,,,,
robert.habeck_24-09-2021_00:00_image4.jpeg,,,,,,,,
robert.habeck_24-09-2021_00:00_image4.jpeg,,,,,,,,
robert.habeck_24-09-2021_00:00_image4.jpeg,,,,,,,,
robert.habeck_24-09-2021_00:00_image4.jpeg,,,,,,,,
robert.habeck_24-09-2021_00:00_image4.jpeg,,,,,,,,
robert.habeck_24-09-2021_00:00_image4.jpeg,,,,,,,,
robert.habeck_24-09-2021_00:00_image4.jpeg,,,,,,,,
robert.habeck_24-09-2021_00:00_image4.jpeg,,,,,,,,
robert.habeck_24-09-2021_00:00_image4.jpeg,,,,,,,,
robert.habeck_24-09-2021_00:00_image4.jpeg,,,,,,,,
robert.habeck_24-09-2021_00:00_image4.jpeg,,,,,,,,
robert.habeck_24-09-2021_00:00_image4.jpeg,,,,,,,,
robert.habeck_24-09-2021_00:00_image4.jpeg,,,,,,,,
robert.habeck_24-09-2021_00:00_image4.jpeg,,,,,,,,
robert.habeck_24-09-2021_00:00_image4.jpeg,,,,,,,,
robert.habeck_24-09-2021_00:00_image4.jpeg,,,,,,,,
robert.habeck_24-09-2021_00:00_image4.jpeg,,,,,,,,
robert.habeck_24-09-2021_00:00_image4.jpeg,,,,,,,,
robert.habeck_24-09-2021_00:00_image4.jpeg,,,,,,,,
robert.habeck_24-09-2021_00:00_image4.jpeg,,,,,,,,
robert.habeck_24-09-2021_00:00_image4.jpeg,,,,,,,,
robert.habeck_24-09-2021_00:00_image4.jpeg,,,,,,,,
robert.habeck_24-09-2021_00:00_image4.jpeg,,,,,,,,
robert.habeck_24-09-2021_00:00_image4.jpeg,,,,,,,,
robert.habeck_24-09-2021_00:00_image4.jpeg,,,,,,,,
robert.habeck_24-09-2021_00:00_image4.jpeg,,,,,,,,
robert.habeck_24-09-2021_00:00_image4.jpeg,,,,,,,,
robert.habeck_24-09-2021_00:00_image4.jpeg,,,,,,,,
robert.habeck_24-09-2021_00:00_image4.jpeg,,,,,,,,
robert.habeck_24-09-2021_00:00_image4.jpeg,,,,,,,,
robert.habeck_24-09-2021_00:00_image4.jpeg,,,,,,,,
robert.habeck_24-09-2021_00:00_image4.jpeg,,,,,,,,
robert.habeck_24-09-2021_00:00_image4.jpeg,,,,,,,,
robert.habeck_24-09-2021_00:00_image4.jpeg,,,,,,,,
robert.habeck_24-09-2021_00:00_image4.jpeg,,,,,,,,
robert.habeck_24-09-2021_00:00_image4.jpeg,,,,,,,,
robert.habeck_24-09-2021_00:00_image4.jpeg,,,,,,,,
robert.habeck_24-09-2021_00:00_image4.jpeg,,,,,,,,
robert.habeck_24-09-2021_00:00_image4.jpeg,,,,,,,,
robert.habeck_24-09-2021_00:00_image4.jpeg,,,,,,,,
robert.habeck_24-09-2021_00:00_image4.jpeg,,,,,,,,
robert.habeck_24-09-2021_00:00_image4.jpeg,,,,,,,,
robert.habeck_24-09-2021_00:00_image4.jpeg,,,,,,,,
robert.habeck_24-09-2021_00:00_image4.jpeg,,,,,,,,
robert.habeck_24-09-2021_00:00_image4.jpeg,,,,,,,,
robert.habeck_24-09-2021_00:00_image4.jpeg,,,,,,,,
robert.habeck_24-09-2021_00:00_image4.jpeg,,,,,,,,
robert.habeck_24-09-2021_00:00_image4.jpeg,,,,,,,,
robert.habeck_24-09-2021_00:00_image4.jpeg,,,,,,,,
robert.habeck_24-09-2021_00:00_image4.jpeg,,,,,,,,
robert.habeck_24-09-2021_00:00_image4.jpeg,,,,,,,,
robert.habeck_24-09-2021_00:00_image4.jpeg,,,,,,,,
robert.habeck_24-09-2021_00:00_image4.jpeg,,,,,,,,
robert.habeck_24-09-2021_00:00_image4.jpeg,,,,,,,,
robert.habeck_24-09-2021_00:00_image4.jpeg,,,,,,,,
robert.habeck_24-09-2021_00:00_image4.jpeg,,,,,,,,
robert.habeck_24-09-2021_00:00_image4.jpeg,,,,,,,,
robert.habeck_24-09-2021_00:00_image4.jpeg,,,,,,,,
robert.habeck_24-09-2021_00:00_image4.jpeg,,,,,,,,
robert.habeck_24-09-2021_00:00_image4.jpeg,,,,,,,,
robert.habeck_24-09-2021_00:00_image4.jpeg,,,,,,,,
robert.habeck_24-09-2021_00:00_image4.jpeg,,,,,,,,
robert.habeck_24-09-2021_00:00_image4.jpeg,,,,,,,,
robert.habeck_24-09-2021_00:00_image4.jpeg,,,,,,,,
robert.habeck_24-09-2021_00:00_image4.jpeg,,,,,,,,
robert.habeck_24-09-2021_00:00_image4.jpeg,,,,,,,,
robert.habeck_24-09-2021_00:00_image4.jpeg,,,,,,,,
robert.habeck_24-09-2021_00:00_image4.jpeg,,,,,,,,
robert.habeck_24-09-2021_00:00_image4.jpeg,,,,,,,,
robert.habeck_24-09-2021_00:00_image4.jpeg,,,,,,,,
robert.habeck_24-09-2021_00:00_image4.jpeg,,,,,,,,
robert.habeck_24-09-2021_00:00_image4.jpeg,,,,,,,,
robert.habeck_24-09-2021_00:00_image4.jpeg,,,,,,,,
robert.habeck_24-09-2021_00:00_image4.jpeg,,,,,,,,
robert.habeck_24-09-2021_00:00_image4.jpeg,,,,,,,,
robert.habeck_24-09-2021_00:00_image4.jpeg,,,,,,,,
robert.habeck_24-09-2021_00:00_image4.jpeg,,,,,,,,
robert.habeck_24-09-2021_00:00_image4.jpeg,,,,,,,,
robert.habeck_24-09-2021_00:00_image4.jpeg,,,,,,,,
robert.habeck_24-09-2021_00:00_image4.jpeg,,,,,,,,
robert.habeck_24-09-2021_00:00_image4.jpeg,,,,,,,,
robert.habeck_24-09-2021_00:00_image4.jpeg,,,,,,,,
robert.habeck_24-09-2021_00:00_image4.jpeg,,,,,,,,
robert.habeck_24-09-2021_00:00_image4.jpeg,,,,,,,,
robert.habeck_24-09-2021_00:00_image4.jpeg,,,,,,,,
robert.habeck_24-09-2021_00:00_image4.jpeg,,,,,,,,
robert.habeck_24-09-2021_00:00_image4.jpeg,,,,,,,,
robert.habeck_24-09-2021_00:00_image4.jpeg,,,,,,,,
robert.habeck_24-09-2021_00:00_image4.jpeg,,,,,,,,
robert.habeck_24-09-2021_00:00_image4.jpeg,,,,,,,,
robert.habeck_24-09-2021_00:00_image4.jpeg,,,,,,,,
robert.habeck_24-09-2021_00:00_image4.jpeg,,,,,,,,
die_gruenen_25-09-2021_00:00_video12.jpeg,,,,,,,,
die_gruenen_25-09-2021_00:00_video12.jpeg,,,,,,,,
die_gruenen_25-09-2021_00:00_video12.jpeg,,,,,,,,
die_gruenen_25-09-2021_00:00_video12.jpeg,,,,,,,,
cdu_22-09-2021_00:00_image0.jpeg,,,,,,,,
cdu_22-09-2021_00:00_image0.jpeg,,,,,,,,
cdu_22-09-2021_00:00_image0.jpeg,,,,,,,,
cdu_22-09-2021_00:00_image0.jpeg,,,,,,,,
cdu_22-09-2021_00:00_image0.jpeg,,,,,,,,
cdu_22-09-2021_00:00_image0.jpeg,,,,,,,,
cdu_22-09-2021_00:00_image0.jpeg,,,,,,,,
cdu_22-09-2021_00:00_image0.jpeg,,,,,,,,
cdu_22-09-2021_00:00_image0.jpeg,,,,,,,,
cdu_22-09-2021_00:00_image0.jpeg,,,,,,,,
cdu_22-09-2021_00:00_image0.jpeg,,,,,,,,
spdde_25-09-2021_00:00_video1.jpeg,,,,,,,,
spdde_25-09-2021_00:00_video1.jpeg,,,,,,,,
spdde_25-09-2021_00:00_video1.jpeg,,,,,,,,
spdde_25-09-2021_00:00_video1.jpeg,,,,,,,,
spdde_25-09-2021_00:00_video1.jpeg,,,,,,,,
spdde_25-09-2021_00:00_video1.jpeg,,,,,,,,
spdde_25-09-2021_00:00_video1.jpeg,,,,,,,,
spdde_25-09-2021_00:00_video1.jpeg,,,,,,,,
spdde_25-09-2021_00:00_video1.jpeg,,,,,,,,
spdde_25-09-2021_00:00_video1.jpeg,,,,,,,,
spdde_25-09-2021_00:00_video1.jpeg,,,,,,,,
spdde_25-09-2021_00:00_video1.jpeg,,,,,,,,
spdde_25-09-2021_00:00_video1.jpeg,,,,,,,,
spdde_25-09-2021_00:00_video1.jpeg,,,,,,,,
spdde_25-09-2021_00:00_video1.jpeg,,,,,,,,
spdde_25-09-2021_00:00_video1.jpeg,,,,,,,,
spdde_25-09-2021_00:00_video1.jpeg,,,,,,,,
spdde_25-09-2021_00:00_video1.jpeg,,,,,,,,
spdde_25-09-2021_00:00_video1.jpeg,,,,,,,,
spdde_25-09-2021_00:00_video1.jpeg,,,,,,,,
spdde_25-09-2021_00:00_video1.jpeg,,,,,,,,
spdde_25-09-2021_00:00_video1.jpeg,,,,,,,,
spdde_25-09-2021_00:00_video1.jpeg,,,,,,,,
spdde_25-09-2021_00:00_video1.jpeg,,,,,,,,
spdde_25-09-2021_00:00_video1.jpeg,,,,,,,,
spdde_25-09-2021_00:00_video1.jpeg,,,,,,,,
spdde_25-09-2021_00:00_video1.jpeg,,,,,,,,
spdde_25-09-2021_00:00_video1.jpeg,,,,,,,,
cdu_20-09-2021_00:00_video0.jpeg,,,,,,,,
cdu_20-09-2021_00:00_video0.jpeg,,,Armin Laschet,Armin Laschet,,,,
cdu_20-09-2021_00:00_video0.jpeg,,,,,,,,
cdu_20-09-2021_00:00_video0.jpeg,,,Armin Laschet,,,,,
armin_laschet_22-09-2021_00:00_image6.jpeg,,,,,,,,
armin_laschet_22-09-2021_00:00_image6.jpeg,,,,,,,,
armin_laschet_22-09-2021_00:00_image6.jpeg,,,,,,,,
armin_laschet_22-09-2021_00:00_image6.jpeg,,,,,,,,
armin_laschet_22-09-2021_00:00_image6.jpeg,,,,,,,,
armin_laschet_22-09-2021_00:00_image6.jpeg,,,,,,,,
armin_laschet_22-09-2021_00:00_image6.jpeg,,,,,,,,
armin_laschet_22-09-2021_00:00_image6.jpeg,,,,,,,,
armin_laschet_22-09-2021_00:00_image6.jpeg,,,,,,,,
armin_laschet_22-09-2021_00:00_image6.jpeg,,,,,,,,
armin_laschet_22-09-2021_00:00_image6.jpeg,,,,,,,,
armin_laschet_22-09-2021_00:00_image6.jpeg,,,,,,,,
markus.soeder_16-09-2021_00:00_video9.jpeg,,,,,,,,
christlichsozialeunion_25-09-2021_00:00_video7.jpeg,,,,,,,,
christlichsozialeunion_25-09-2021_00:00_video7.jpeg,,,,,,,,
christlichsozialeunion_25-09-2021_00:00_video7.jpeg,,,,,,,,
christlichsozialeunion_25-09-2021_00:00_video7.jpeg,,,,,,,,
fw_bayern_20-09-2021_00:00_video2.jpeg,,,,,,,,
fw_bayern_20-09-2021_00:00_video2.jpeg,,,,,,,,
fw_bayern_20-09-2021_00:00_video2.jpeg,,,,,,,,
fw_bayern_20-09-2021_00:00_video2.jpeg,,,,,,,,
fw_bayern_20-09-2021_00:00_video2.jpeg,,,,,,,,
dielinke_25-09-2021_00:00_video6.jpeg,,,,,,,,
dielinke_25-09-2021_00:00_video6.jpeg,,,,,,,,
dielinke_25-09-2021_00:00_video6.jpeg,,,,,,,,
dielinke_25-09-2021_00:00_video6.jpeg,,,,,,,,
dielinke_25-09-2021_00:00_video6.jpeg,,,,,,,,
dielinke_25-09-2021_00:00_video6.jpeg,,,,,,,,
dielinke_25-09-2021_00:00_video6.jpeg,,,,,,,,
dielinke_25-09-2021_00:00_video6.jpeg,,,,,,,,
dielinke_25-09-2021_00:00_video6.jpeg,,,,,,,,
dielinke_25-09-2021_00:00_video6.jpeg,,,,,,,,
dielinke_25-09-2021_00:00_video6.jpeg,,,,,,,,
robert.habeck_25-09-2021_00:00_video0.jpeg,,,,,,,,
robert.habeck_25-09-2021_00:00_video0.jpeg,,,,Robert Habeck,,,,
afd.bund_25-09-2021_00:00_image12.jpeg,,,,,,,,
afd.bund_25-09-2021_00:00_image12.jpeg,,,,,,,,
afd.bund_25-09-2021_00:00_image12.jpeg,,,,,,,,
olafscholz_19-09-2021_00:00_image6.jpeg,,,,,,,,
olafscholz_19-09-2021_00:00_image6.jpeg,,,Olaf Scholz,Olaf Scholz,,,,
nicola_beer_14-09-2021_00:00_video1.jpeg,,,,,,,,
nicola_beer_14-09-2021_00:00_video1.jpeg,,,Nicola Beer,Nicola Beer,,,,
nicola_beer_14-09-2021_00:00_video1.jpeg,,,,,,,,
nicola_beer_14-09-2021_00:00_video1.jpeg,,,,,,,,
nicola_beer_14-09-2021_00:00_video1.jpeg,,,,,,,,
nicola_beer_14-09-2021_00:00_video1.jpeg,,,,,,,,
nicola_beer_14-09-2021_00:00_video1.jpeg,,,,,,,,
cdu_19-09-2021_00:00_image5.jpeg,,,,,,,,
cdu_19-09-2021_00:00_image5.jpeg,,,,,,,,
cdu_19-09-2021_00:00_image5.jpeg,,,,,,,,
cdu_19-09-2021_00:00_image5.jpeg,,,,,,,,
cdu_19-09-2021_00:00_image5.jpeg,,,,,,,,
cdu_19-09-2021_00:00_image5.jpeg,,,,Armin Laschet,,,,
cdu_19-09-2021_00:00_image5.jpeg,,,,,,,,
cdu_19-09-2021_00:00_image5.jpeg,,,,,,,,
cdu_19-09-2021_00:00_image5.jpeg,,,,,,,,
cdu_19-09-2021_00:00_image5.jpeg,,,,,,,,
cdu_19-09-2021_00:00_image5.jpeg,,,,,,,,
cdu_19-09-2021_00:00_image5.jpeg,,,,,,,,
die_gruenen_20-09-2021_00:00_image6.jpeg,,,,,,,,
die_gruenen_20-09-2021_00:00_image6.jpeg,,,Annalena Baerbock,Annalena Baerbock,,,,
christianlindner_23-09-2021_00:00_image1.jpeg,,,,,,,,
christianlindner_23-09-2021_00:00_image1.jpeg,,,Christian Lindner,Christian Lindner,,,,
christianlindner_23-09-2021_00:00_image1.jpeg,,,,,,,,
christianlindner_23-09-2021_00:00_image1.jpeg,,,,,,,,
christianlindner_23-09-2021_00:00_image1.jpeg,,,,,,,,
christianlindner_23-09-2021_00:00_image1.jpeg,,,,,,,,
fw_bayern_13-09-2021_00:00_video2.jpeg,,,,,,,,
fw_bayern_13-09-2021_00:00_video2.jpeg,,,,,,,,
christlichsozialeunion_25-09-2021_00:00_video14.jpeg,,,,,,,,
christlichsozialeunion_25-09-2021_00:00_video14.jpeg,,,,,,,,
christlichsozialeunion_25-09-2021_00:00_video14.jpeg,,,Markus Söder,Markus Söder,,,,
christlichsozialeunion_25-09-2021_00:00_video14.jpeg,,,,,,,,
christlichsozialeunion_25-09-2021_00:00_video14.jpeg,,,Armin Laschet,Armin Laschet,,,,
christlichsozialeunion_25-09-2021_00:00_video14.jpeg,,,,,,,,
christlichsozialeunion_25-09-2021_00:00_video14.jpeg,,,,,,,,
christlichsozialeunion_25-09-2021_00:00_video14.jpeg,,,,,,,,
christlichsozialeunion_25-09-2021_00:00_video14.jpeg,,,,,,,,
christlichsozialeunion_25-09-2021_00:00_video14.jpeg,,,,,,,,
christlichsozialeunion_25-09-2021_00:00_video14.jpeg,,,,,,,,
christlichsozialeunion_25-09-2021_00:00_video14.jpeg,,,,,,,,
christlichsozialeunion_25-09-2021_00:00_video14.jpeg,,,,,,,,
christlichsozialeunion_25-09-2021_00:00_video14.jpeg,,,,,,,,
christlichsozialeunion_25-09-2021_00:00_video14.jpeg,,,,,,,,
christlichsozialeunion_25-09-2021_00:00_video14.jpeg,,,,,,,,
fw_bayern_18-09-2021_00:00_image0.jpeg,,,,,,,,
spdde_25-09-2021_00:00_video9.jpeg,,,,,,,,
spdde_25-09-2021_00:00_video9.jpeg,,,,,,,,
spdde_25-09-2021_00:00_video9.jpeg,,,,,,,,
spdde_25-09-2021_00:00_video9.jpeg,,,,,,,,
spdde_25-09-2021_00:00_video9.jpeg,,,,,,,,
spdde_25-09-2021_00:00_video9.jpeg,,,,,,,,
spdde_25-09-2021_00:00_video9.jpeg,,,,,,,,
cdu_19-09-2021_00:00_image1.jpeg,,,,,,,,
cdu_19-09-2021_00:00_image1.jpeg,,,,,,,,
cdu_19-09-2021_00:00_image1.jpeg,,,,,,,,
cdu_19-09-2021_00:00_image1.jpeg,,,,,,,,
cdu_19-09-2021_00:00_image1.jpeg,,,,,,,,
cdu_19-09-2021_00:00_image1.jpeg,,,,,,,,
cdu_19-09-2021_00:00_image1.jpeg,,,,,,,,
spdde_26-09-2021_00:00_video15.jpeg,,,,,,,,
spdde_26-09-2021_00:00_video15.jpeg,,,Olaf Scholz,Olaf Scholz,,,,
nicola_beer_24-09-2021_00:00_video0.jpeg,,,,,,,,
nicola_beer_24-09-2021_00:00_video0.jpeg,,,,,,,,
nicola_beer_24-09-2021_00:00_video0.jpeg,,,Nicola Beer,Nicola Beer,,,,
nicola_beer_24-09-2021_00:00_video0.jpeg,,,,,,,,
nicola_beer_24-09-2021_00:00_video0.jpeg,,,,,,,,
nicola_beer_24-09-2021_00:00_video0.jpeg,,,,,,,,
abaerbock_18-09-2021_00:00_image8.jpeg,,,,,,,,
cdu_17-09-2021_00:00_video6.jpeg,,,,,,,,
cdu_17-09-2021_00:00_video6.jpeg,,,Armin Laschet,Armin Laschet,,,,
cdu_17-09-2021_00:00_video6.jpeg,,,,,,,,
cdu_17-09-2021_00:00_video6.jpeg,,,,,,,,
cdu_17-09-2021_00:00_video6.jpeg,,,,,,,,
cdu_17-09-2021_00:00_video6.jpeg,,,,,,,,
cdu_17-09-2021_00:00_video6.jpeg,,,,,,,,
cdu_17-09-2021_00:00_video6.jpeg,,,,,,,,
cdu_17-09-2021_00:00_video6.jpeg,,,,,,,,
cdu_17-09-2021_00:00_video6.jpeg,,,,,,,,
cdu_16-09-2021_00:00_video26.jpeg,,,,,,,,
cdu_16-09-2021_00:00_video26.jpeg,,,,,,,,
cdu_16-09-2021_00:00_video26.jpeg,,,,,,,,
cdu_16-09-2021_00:00_video26.jpeg,,,,,,,,
cdu_16-09-2021_00:00_video26.jpeg,,,,,,,,
cdu_16-09-2021_00:00_video26.jpeg,,,,,,,,
cdu_16-09-2021_00:00_video26.jpeg,,,,,,,,
cdu_16-09-2021_00:00_video26.jpeg,,,,,,,,
spdde_13-09-2021_00:00_image2.jpeg,,,,,,,,
cdu_22-09-2021_00:00_video12.jpeg,,,,,,,,
cdu_22-09-2021_00:00_video12.jpeg,,,,,,,,
christianlindner_18-09-2021_00:00_video2.jpeg,,,,,,,,
christianlindner_18-09-2021_00:00_video2.jpeg,,,,,,,,
christianlindner_18-09-2021_00:00_video2.jpeg,,,,,,,,
christianlindner_18-09-2021_00:00_video2.jpeg,,,,,,,,
christianlindner_18-09-2021_00:00_video2.jpeg,,,Christian Lindner,Christian Lindner,,,,
cdu_22-09-2021_00:00_image4.jpeg,,,,,,,,
cdu_22-09-2021_00:00_image4.jpeg,,,,,,,,
cdu_22-09-2021_00:00_image4.jpeg,,,,,,,,
cdu_22-09-2021_00:00_image4.jpeg,,,,,,,,
cdu_22-09-2021_00:00_image4.jpeg,,,,,,,,
cdu_22-09-2021_00:00_image4.jpeg,,,,,,,,
cdu_22-09-2021_00:00_image4.jpeg,,,,,,,,
cdu_22-09-2021_00:00_image4.jpeg,,,,,,,,
cdu_22-09-2021_00:00_image4.jpeg,,,,,,,,
cdu_22-09-2021_00:00_image4.jpeg,,,,,,,,
cdu_22-09-2021_00:00_image4.jpeg,,,,,,,,
christlichsozialeunion_21-09-2021_00:00_image0.jpeg,,,,,,,,
christlichsozialeunion_21-09-2021_00:00_image0.jpeg,,,Markus Söder,Markus Söder,,,,
christlichsozialeunion_21-09-2021_00:00_image0.jpeg,,,,,,,,
abaerbock_22-09-2021_00:00_image3.jpeg,,,,,,,,
abaerbock_22-09-2021_00:00_image3.jpeg,,,,,,,,
atesgurpinar_23-09-2021_00:00_image0.jpeg,,,,,,,,
atesgurpinar_23-09-2021_00:00_image0.jpeg,,,Ates Gürpinar,Ates Gürpinar,,,,
armin_laschet_19-09-2021_00:00_image3.jpeg,,,,,,,,
armin_laschet_19-09-2021_00:00_image3.jpeg,,,Armin Laschet,Armin Laschet,,,,
armin_laschet_19-09-2021_00:00_image3.jpeg,,,,,,,,
armin_laschet_19-09-2021_00:00_image3.jpeg,,,,,,,,
armin_laschet_19-09-2021_00:00_image3.jpeg,,,,,,,,
armin_laschet_19-09-2021_00:00_image3.jpeg,,,,,,,,
armin_laschet_19-09-2021_00:00_image3.jpeg,,,,,,,,
armin_laschet_19-09-2021_00:00_image3.jpeg,,,,,,,,
armin_laschet_19-09-2021_00:00_image3.jpeg,,,Armin Laschet,Armin Laschet,,,,
armin_laschet_19-09-2021_00:00_image3.jpeg,,,,,,,,
armin_laschet_19-09-2021_00:00_image3.jpeg,,,,Armin Laschet,,,,
armin_laschet_19-09-2021_00:00_image3.jpeg,,,,,,,,
armin_laschet_19-09-2021_00:00_image3.jpeg,,,,,,,,
armin_laschet_19-09-2021_00:00_image3.jpeg,,,,,,,,
armin_laschet_19-09-2021_00:00_image3.jpeg,,,Armin Laschet,,,,,
armin_laschet_19-09-2021_00:00_image3.jpeg,,,,Armin Laschet,,,,
christianlindner_18-09-2021_00:00_image0.jpeg,,,,,,,,
christianlindner_18-09-2021_00:00_image0.jpeg,,,,,,,,
christianlindner_18-09-2021_00:00_image0.jpeg,,,,,,,,
christianlindner_18-09-2021_00:00_image0.jpeg,,,,,,,,
christianlindner_18-09-2021_00:00_image0.jpeg,,,,,,,,
christianlindner_18-09-2021_00:00_image0.jpeg,,,,,,,,
christianlindner_18-09-2021_00:00_image0.jpeg,,,,,,,,
christianlindner_18-09-2021_00:00_image0.jpeg,,,,,,,,
christianlindner_18-09-2021_00:00_image0.jpeg,,,,,,,,
christianlindner_18-09-2021_00:00_image0.jpeg,,,,,,,,
christianlindner_18-09-2021_00:00_image0.jpeg,,,,,,,,
christianlindner_18-09-2021_00:00_image0.jpeg,,,,,,,,
christianlindner_18-09-2021_00:00_image0.jpeg,,,,,,,,
christianlindner_18-09-2021_00:00_image0.jpeg,,,,,,,,
christianlindner_18-09-2021_00:00_image0.jpeg,,,,,,,,
christianlindner_18-09-2021_00:00_image0.jpeg,,,,,,,,
christianlindner_18-09-2021_00:00_image0.jpeg,,,,,,,,
christianlindner_18-09-2021_00:00_image0.jpeg,,,,,,,,
christianlindner_18-09-2021_00:00_image0.jpeg,,,,,,,,
christianlindner_18-09-2021_00:00_image0.jpeg,,,,,,,,
christianlindner_18-09-2021_00:00_image0.jpeg,,,,,,,,
christianlindner_18-09-2021_00:00_image0.jpeg,,,,,,,,
christianlindner_18-09-2021_00:00_image0.jpeg,,,,,,,,
christianlindner_18-09-2021_00:00_image0.jpeg,,,,,,,,
christianlindner_18-09-2021_00:00_image0.jpeg,,,,,,,,
christianlindner_18-09-2021_00:00_image0.jpeg,,,,,,,,
christianlindner_18-09-2021_00:00_image0.jpeg,,,,,,,,
christianlindner_18-09-2021_00:00_image0.jpeg,,,,,,,,
christianlindner_18-09-2021_00:00_image0.jpeg,,,,,,,,
christianlindner_18-09-2021_00:00_image0.jpeg,,,,,,,,
christianlindner_18-09-2021_00:00_image0.jpeg,,,,,,,,
christianlindner_18-09-2021_00:00_image0.jpeg,,,,,,,,
christianlindner_18-09-2021_00:00_image0.jpeg,,,,,,,,
christianlindner_18-09-2021_00:00_image0.jpeg,,,,,,,,
christianlindner_18-09-2021_00:00_image0.jpeg,,,,,,,,
christianlindner_18-09-2021_00:00_image0.jpeg,,,,,,,,
christianlindner_18-09-2021_00:00_image0.jpeg,,,,,,,,
christianlindner_18-09-2021_00:00_image0.jpeg,,,,,,,,
die_gruenen_23-09-2021_00:00_image0.jpeg,,,,,,,,
nicola_beer_17-09-2021_00:00_image0.jpeg,,,,,,,,
nicola_beer_17-09-2021_00:00_image0.jpeg,,,Nicola Beer,Nicola Beer,,,,
spdde_25-09-2021_00:00_video12.jpeg,,,,,,,,
saskiaesken_17-09-2021_00:00_image2.jpeg,,,,,,,,
saskiaesken_17-09-2021_00:00_image2.jpeg,,,,,,,,
saskiaesken_17-09-2021_00:00_image2.jpeg,,,,,,,,
saskiaesken_17-09-2021_00:00_image2.jpeg,,,,,,,,
olafscholz_21-09-2021_00:00_video1.jpeg,,,,,,,,
armin_laschet_23-09-2021_00:00_video10.jpeg,,,,,,,,
armin_laschet_23-09-2021_00:00_video10.jpeg,,,,,,,,
armin_laschet_23-09-2021_00:00_video10.jpeg,,,Armin Laschet,Armin Laschet,,,,
susanne_hennig_wellsow_21-09-2021_00:00_image0.jpeg,,,,,,,,
susanne_hennig_wellsow_21-09-2021_00:00_image0.jpeg,,,Susanne Hennig-Wellsow,Susanne Hennig-Wellsow,,,,
susanne_hennig_wellsow_21-09-2021_00:00_image0.jpeg,,,,,,,,
susanne_hennig_wellsow_21-09-2021_00:00_image0.jpeg,,,,,,,,
olafscholz_24-09-2021_00:00_image4.jpeg,,,,,,,,
olafscholz_24-09-2021_00:00_image4.jpeg,,,Alice Weidel,Alice Weidel,,,,
olafscholz_24-09-2021_00:00_image4.jpeg,,,,,,,,
olafscholz_24-09-2021_00:00_image4.jpeg,,,,,,,,
olafscholz_24-09-2021_00:00_image4.jpeg,,,Markus Söder,Markus Söder,,,,
olafscholz_24-09-2021_00:00_image4.jpeg,,,,,,,,
olafscholz_24-09-2021_00:00_image4.jpeg,,,Olaf Scholz,Olaf Scholz,,,,
olafscholz_24-09-2021_00:00_image4.jpeg,,,,,,,,
olafscholz_24-09-2021_00:00_image4.jpeg,,,Annalena Baerbock,Annalena Baerbock,,,,
olafscholz_24-09-2021_00:00_image4.jpeg,,,,,,,,
olafscholz_24-09-2021_00:00_image4.jpeg,,,Christian Lindner,Christian Lindner,,,,
olafscholz_24-09-2021_00:00_image4.jpeg,,,,,,,,
olafscholz_24-09-2021_00:00_image4.jpeg,,,Armin Laschet,Armin Laschet,,,,
olafscholz_26-09-2021_00:00_video3.jpeg,,,,,,,,
olafscholz_26-09-2021_00:00_video3.jpeg,,,Olaf Scholz,Olaf Scholz,,,,
olafscholz_21-09-2021_00:00_video3.jpeg,,,,,,,,
olafscholz_21-09-2021_00:00_video3.jpeg,,,Olaf Scholz,Olaf Scholz,,,,
abaerbock_14-09-2021_00:00_image6.jpeg,,,,,,,,
abaerbock_14-09-2021_00:00_image6.jpeg,,,,,,,,
abaerbock_14-09-2021_00:00_image6.jpeg,,,,,,,,
abaerbock_14-09-2021_00:00_image6.jpeg,,,,,,,,
afd.bund_20-09-2021_00:00_image1.jpeg,,,,,,,,
grey_gor_16-09-2021_00:00_video0.jpeg,,,,,,,,
grey_gor_16-09-2021_00:00_video0.jpeg,,,,,,,,
grey_gor_16-09-2021_00:00_video0.jpeg,,,Gregor Voht,Gregor Voht,,,,
saskiaesken_25-09-2021_00:00_video2.jpeg,,,,,,,,
saskiaesken_25-09-2021_00:00_video2.jpeg,,,Saskia Esken,Saskia Esken,,,,
saskiaesken_25-09-2021_00:00_video2.jpeg,,,,,,,,
saskiaesken_25-09-2021_00:00_video2.jpeg,,,,,,,,
saskiaesken_25-09-2021_00:00_video2.jpeg,,,,,,,,
saskiaesken_25-09-2021_00:00_video2.jpeg,,,,,,,,
armin_laschet_23-09-2021_00:00_video13.jpeg,,,,,,,,
armin_laschet_23-09-2021_00:00_video13.jpeg,,,,,,,,
armin_laschet_23-09-2021_00:00_video13.jpeg,,,,,,,,
armin_laschet_23-09-2021_00:00_video13.jpeg,,,,Armin Laschet,,,,
armin_laschet_23-09-2021_00:00_video13.jpeg,,,,,,,,
armin_laschet_23-09-2021_00:00_video13.jpeg,,,,,,,,
armin_laschet_23-09-2021_00:00_video13.jpeg,,,,,,,,
armin_laschet_23-09-2021_00:00_video13.jpeg,,,,,,,,
armin_laschet_23-09-2021_00:00_video13.jpeg,,,,,,,,
cdu_26-09-2021_00:00_video6.jpeg,,,,,,,,
cdu_26-09-2021_00:00_video6.jpeg,,,,,,,,
cdu_26-09-2021_00:00_video6.jpeg,,,,,,,,
cdu_26-09-2021_00:00_video6.jpeg,,,,,,,,
cdu_26-09-2021_00:00_video6.jpeg,,,Armin Laschet,Armin Laschet,,,,
cdu_26-09-2021_00:00_video6.jpeg,,,,,,,,
cdu_26-09-2021_00:00_video6.jpeg,,,,,,,,
cdu_26-09-2021_00:00_video6.jpeg,,,,,,,,
olafscholz_18-09-2021_00:00_video5.jpeg,,,,,,,,
olafscholz_18-09-2021_00:00_video5.jpeg,,,,,,,,
olafscholz_18-09-2021_00:00_video5.jpeg,,,Olaf Scholz,Olaf Scholz,,,,
olafscholz_18-09-2021_00:00_video5.jpeg,,,,,,,,
olafscholz_18-09-2021_00:00_video5.jpeg,,,,,,,,
olafscholz_18-09-2021_00:00_video5.jpeg,,,,,,,,
olafscholz_18-09-2021_00:00_video5.jpeg,,,,,,,,
olafscholz_18-09-2021_00:00_video5.jpeg,,,,,,,,
olafscholz_18-09-2021_00:00_video5.jpeg,,,,,,,,
olafscholz_18-09-2021_00:00_video5.jpeg,,,,,,,,
olafscholz_18-09-2021_00:00_video5.jpeg,,,,,,,,
olafscholz_18-09-2021_00:00_video5.jpeg,,,,,,,,
olafscholz_18-09-2021_00:00_video5.jpeg,,,,,,,,
olafscholz_18-09-2021_00:00_video5.jpeg,,,,,,,,
olafscholz_18-09-2021_00:00_video5.jpeg,,,,,,,,
olafscholz_18-09-2021_00:00_video5.jpeg,,,,,,,,
olafscholz_18-09-2021_00:00_video5.jpeg,,,,,,,,
olafscholz_18-09-2021_00:00_video5.jpeg,,,,,,,,
olafscholz_18-09-2021_00:00_video5.jpeg,,,,,,,,
olafscholz_18-09-2021_00:00_video5.jpeg,,,,,,,,
olafscholz_18-09-2021_00:00_video5.jpeg,,,,,,,,
olafscholz_18-09-2021_00:00_video5.jpeg,,,,,,,,
olafscholz_18-09-2021_00:00_video5.jpeg,,,,,,,,
olafscholz_18-09-2021_00:00_video5.jpeg,,,,,,,,
olafscholz_18-09-2021_00:00_video5.jpeg,,,,,,,,
olafscholz_18-09-2021_00:00_video5.jpeg,,,,,,,,
olafscholz_18-09-2021_00:00_video5.jpeg,,,,,,,,
olafscholz_18-09-2021_00:00_video5.jpeg,,,,,,,,
olafscholz_18-09-2021_00:00_video5.jpeg,,,,,,,,
olafscholz_18-09-2021_00:00_video5.jpeg,,,,,,,,
olafscholz_18-09-2021_00:00_video5.jpeg,,,,,,,,
olafscholz_18-09-2021_00:00_video5.jpeg,,,,,,,,
olafscholz_18-09-2021_00:00_video5.jpeg,,,,,,,,
olafscholz_18-09-2021_00:00_video5.jpeg,,,,,,,,
christianlindner_17-09-2021_00:00_video2.jpeg,,,,,,,,
afd.bund_25-09-2021_00:00_image17.jpeg,,,,,,,,
afd.bund_25-09-2021_00:00_image17.jpeg,,,,,,,,
afd.bund_25-09-2021_00:00_image17.jpeg,,,,,,,,
afd.bund_25-09-2021_00:00_image17.jpeg,,,,,,,,
afd.bund_25-09-2021_00:00_image17.jpeg,,,,,,,,
fw_bayern_20-09-2021_00:00_video4.jpeg,,,,,,,,
fw_bayern_20-09-2021_00:00_video4.jpeg,,,,,,,,
armin_laschet_20-09-2021_00:00_video4.jpeg,,,,,,,,
armin_laschet_20-09-2021_00:00_video4.jpeg,,,Armin Laschet,Armin Laschet,,,,
abaerbock_22-09-2021_00:00_image16.jpeg,,,,,,,,
abaerbock_22-09-2021_00:00_image16.jpeg,,,Annalena Baerbock,Annalena Baerbock,,,,
abaerbock_22-09-2021_00:00_image16.jpeg,,,,,,,,
dielinke_25-09-2021_00:00_video15.jpeg,,,,,,,,
christlichsozialeunion_20-09-2021_00:00_video5.jpeg,,,,,,,,
christlichsozialeunion_20-09-2021_00:00_video5.jpeg,,,,,,,,
christlichsozialeunion_20-09-2021_00:00_video5.jpeg,,,,,,,,
christlichsozialeunion_20-09-2021_00:00_video5.jpeg,,,Markus Söder,Markus Söder,,,,
spdde_23-09-2021_00:00_video0.jpeg,,,,,,,,
spdde_23-09-2021_00:00_video0.jpeg,,,,,,,,
die_gruenen_25-09-2021_00:00_image0.jpeg,,,,,,,,
die_gruenen_25-09-2021_00:00_image0.jpeg,,,Annalena Baerbock,Annalena Baerbock,,,,
die_gruenen_25-09-2021_00:00_image0.jpeg,,,,,,,,
die_gruenen_25-09-2021_00:00_image0.jpeg,,,Robert Habeck,Robert Habeck,,,,
die_gruenen_25-09-2021_00:00_image0.jpeg,,,,,,,,
cdu_16-09-2021_00:00_video21.jpeg,,,,,,,,
christlichsozialeunion_24-09-2021_00:00_video4.jpeg,,,,,,,,
christlichsozialeunion_24-09-2021_00:00_video4.jpeg,,,,,,,,
christlichsozialeunion_24-09-2021_00:00_video4.jpeg,,,,,,,,
christlichsozialeunion_24-09-2021_00:00_video4.jpeg,,,,,,,,
armin_laschet_17-09-2021_00:00_image1.jpeg,,,,,,,,
armin_laschet_17-09-2021_00:00_image1.jpeg,,,Armin Laschet,Armin Laschet,,,,
cdu_23-09-2021_00:00_video1.jpeg,,,,,,,,
cdu_23-09-2021_00:00_video1.jpeg,,,Armin Laschet,Armin Laschet,,,,
cdu_23-09-2021_00:00_video1.jpeg,,,,,,,,
cdu_23-09-2021_00:00_video1.jpeg,,,Armin Laschet,,,,,
cdu_23-09-2021_00:00_video5.jpeg,,,,,,,,
cdu_23-09-2021_00:00_video5.jpeg,,,,Armin Laschet,,,,
afd.bund_25-09-2021_00:00_image13.jpeg,,,,,,,,
afd.bund_25-09-2021_00:00_image13.jpeg,,,,,,,,
afd.bund_25-09-2021_00:00_image13.jpeg,,,,,,,,
cdu_23-09-2021_00:00_image0.jpeg,,,,,,,,
abaerbock_22-09-2021_00:00_video3.jpeg,,,,,,,,
abaerbock_23-09-2021_00:00_image10.jpeg,,,,,,,,
abaerbock_23-09-2021_00:00_image10.jpeg,,,Annalena Baerbock,,,,,
abaerbock_23-09-2021_00:00_image10.jpeg,,,,,,,,
abaerbock_23-09-2021_00:00_image10.jpeg,,,,,,,,
abaerbock_23-09-2021_00:00_image10.jpeg,,,,,,,,
abaerbock_23-09-2021_00:00_image10.jpeg,,,,,,,,
christianlindner_20-09-2021_00:00_image4.jpeg,,,,,,,,
christianlindner_20-09-2021_00:00_image4.jpeg,,,Christian Lindner,Christian Lindner,,,,
cdu_13-09-2021_00:00_video19.jpeg,,,,,,,,
cdu_13-09-2021_00:00_video19.jpeg,,,,,,,,
cdu_13-09-2021_00:00_video19.jpeg,,,,,,,,
cdu_13-09-2021_00:00_video19.jpeg,,,,,,,,
cdu_13-09-2021_00:00_video19.jpeg,,,,,,,,
cdu_13-09-2021_00:00_video19.jpeg,,,,,,,,
cdu_13-09-2021_00:00_video19.jpeg,,,,,,,,
nicola_beer_20-09-2021_00:00_image10.jpeg,,,,,,,,
nicola_beer_20-09-2021_00:00_image10.jpeg,,,Nicola Beer,Nicola Beer,,,,
olafscholz_17-09-2021_00:00_video4.jpeg,,,,,,,,
olafscholz_17-09-2021_00:00_video4.jpeg,,,,,,,,
olafscholz_17-09-2021_00:00_video4.jpeg,,,,,,,,
afd.bund_25-09-2021_00:00_video8.jpeg,,,,,,,,
afd.bund_25-09-2021_00:00_video8.jpeg,,,,,,,,
afd.bund_25-09-2021_00:00_video8.jpeg,,,Alice Weidel,Alice Weidel,,,,
afd.bund_25-09-2021_00:00_video8.jpeg,,,,,,,,
afd.bund_25-09-2021_00:00_video8.jpeg,,,,,,,,
afd.bund_25-09-2021_00:00_video8.jpeg,,,,Alice Weidel,,,,
saskiaesken_16-09-2021_00:00_image0.jpeg,,,,,,,,
saskiaesken_16-09-2021_00:00_image0.jpeg,,,,,,,,
saskiaesken_16-09-2021_00:00_image0.jpeg,,,Saskia Esken,,,,,
saskiaesken_16-09-2021_00:00_image0.jpeg,,,,,,,,
saskiaesken_16-09-2021_00:00_image0.jpeg,,,,,,,,
abaerbock_14-09-2021_00:00_image15.jpeg,,,,,,,,
markus.soeder_16-09-2021_00:00_video0.jpeg,,,,,,,,
markus.soeder_16-09-2021_00:00_video0.jpeg,,,Markus Söder,Markus Söder,,,,
markus.soeder_16-09-2021_00:00_video0.jpeg,,,,,,,,
markus.soeder_16-09-2021_00:00_video0.jpeg,,,Markus Söder,Markus Söder,,,,
cdu_19-09-2021_00:00_video5.jpeg,,,,,,,,
cdu_19-09-2021_00:00_video5.jpeg,,,Armin Laschet,Armin Laschet,,,,
grey_gor_13-09-2021_00:00_image0.jpeg,,,,,,,,
cdu_16-09-2021_00:00_video4.jpeg,,,,,,,,
afd.bund_25-09-2021_00:00_image6.jpeg,,,,,,,,
olafscholz_19-09-2021_00:00_video0.jpeg,,,,,,,,
olafscholz_19-09-2021_00:00_video0.jpeg,,,,,,,,
christlichsozialeunion_25-09-2021_00:00_video21.jpeg,,,,,,,,
christlichsozialeunion_25-09-2021_00:00_video21.jpeg,,,Markus Söder,Markus Söder,,,,
christlichsozialeunion_25-09-2021_00:00_video21.jpeg,,,,,,,,
christlichsozialeunion_25-09-2021_00:00_video21.jpeg,,,Armin Laschet,Armin Laschet,,,,
christlichsozialeunion_25-09-2021_00:00_video21.jpeg,,,,,,,,
markus.soeder_15-09-2021_00:00_image0.jpeg,,,,,,,,
markus.soeder_15-09-2021_00:00_image0.jpeg,,,Markus Söder,Markus Söder,,,,
fw_bayern_26-09-2021_00:00_video2.jpeg,,,,,,,,
fw_bayern_26-09-2021_00:00_video2.jpeg,,,,,,,,
spdde_26-09-2021_00:00_video5.jpeg,,,,,,,,
spdde_26-09-2021_00:00_video5.jpeg,,,,,,,,
spdde_26-09-2021_00:00_video5.jpeg,,,,,,,,
spdde_26-09-2021_00:00_video5.jpeg,,,,,,,,
spdde_26-09-2021_00:00_video5.jpeg,,,,,,,,
spdde_26-09-2021_00:00_video5.jpeg,,,,,,,,
spdde_26-09-2021_00:00_video5.jpeg,,,,,,,,
spdde_26-09-2021_00:00_video5.jpeg,,,,Olaf Scholz,,,,
spdde_26-09-2021_00:00_video5.jpeg,,,,,,,,
robert.habeck_22-09-2021_00:00_image17.jpeg,,,,,,,,
robert.habeck_22-09-2021_00:00_image17.jpeg,,,,,,,,
robert.habeck_22-09-2021_00:00_image17.jpeg,,,,,,,,
robert.habeck_22-09-2021_00:00_image17.jpeg,,,,,,,,
armin_laschet_23-09-2021_00:00_video9.jpeg,,,,,,,,
armin_laschet_23-09-2021_00:00_video9.jpeg,,,,,,,,
spdde_19-09-2021_00:00_video10.jpeg,,,,,,,,
spdde_19-09-2021_00:00_video10.jpeg,,,,,,,,
spdde_19-09-2021_00:00_video10.jpeg,,,,,,,,
spdde_19-09-2021_00:00_video10.jpeg,,,,,,,,
spdde_19-09-2021_00:00_video10.jpeg,,,,,,,,
spdde_19-09-2021_00:00_video10.jpeg,,,,,,,,
spdde_19-09-2021_00:00_video10.jpeg,,,,,,,,
spdde_19-09-2021_00:00_video10.jpeg,,,,,,,,
spdde_19-09-2021_00:00_video10.jpeg,,,,,,,,
spdde_19-09-2021_00:00_video10.jpeg,,,,,,,,
olafscholz_22-09-2021_00:00_image6.jpeg,,,,,,,,
olafscholz_22-09-2021_00:00_image6.jpeg,,,Olaf Scholz,Olaf Scholz,,,,
armin_laschet_23-09-2021_00:00_video8.jpeg,,,,,,,,
armin_laschet_23-09-2021_00:00_video8.jpeg,,,,,,,,
armin_laschet_25-09-2021_00:00_video17.jpeg,,,,,,,,
armin_laschet_25-09-2021_00:00_video17.jpeg,,,Armin Laschet,Armin Laschet,,,,
robert.habeck_15-09-2021_00:00_image5.jpeg,,,,,,,,
robert.habeck_15-09-2021_00:00_image5.jpeg,,,Robert Habeck,Robert Habeck,,,,
robert.habeck_15-09-2021_00:00_image5.jpeg,,,,,,,,
robert.habeck_15-09-2021_00:00_image5.jpeg,,,,,,,,
robert.habeck_15-09-2021_00:00_image5.jpeg,,,,,,,,
robert.habeck_15-09-2021_00:00_image5.jpeg,,,,,,,,
robert.habeck_15-09-2021_00:00_image5.jpeg,,,,,,,,
robert.habeck_15-09-2021_00:00_image5.jpeg,,,,,,,,
robert.habeck_15-09-2021_00:00_image5.jpeg,,,,,,,,
robert.habeck_15-09-2021_00:00_image5.jpeg,,,,,,,,
robert.habeck_15-09-2021_00:00_image5.jpeg,,,,,,,,
robert.habeck_15-09-2021_00:00_image5.jpeg,,,,,,,,
robert.habeck_15-09-2021_00:00_image5.jpeg,,,,,,,,
robert.habeck_15-09-2021_00:00_image5.jpeg,,,,,,,,
cdu_13-09-2021_00:00_video16.jpeg,,,,,,,,
cdu_13-09-2021_00:00_video16.jpeg,,,,,,,,
robert.habeck_18-09-2021_00:00_image2.jpeg,,,,,,,,
robert.habeck_18-09-2021_00:00_image2.jpeg,,,,,,,,
robert.habeck_18-09-2021_00:00_image2.jpeg,,,,,,,,
robert.habeck_18-09-2021_00:00_image2.jpeg,,,,,,,,
robert.habeck_18-09-2021_00:00_image2.jpeg,,,,,,,,
dielinke_22-09-2021_00:00_image0.jpeg,,,,,,,,
dielinke_17-09-2021_00:00_video0.jpeg,,,,,,,,
dielinke_17-09-2021_00:00_video0.jpeg,,,,,,,,
cdu_20-09-2021_00:00_video3.jpeg,,,,,,,,
cdu_20-09-2021_00:00_video3.jpeg,,,,,,,,
cdu_20-09-2021_00:00_video3.jpeg,,,,,,,,
cdu_20-09-2021_00:00_video3.jpeg,,,,,,,,
olafscholz_21-09-2021_00:00_video4.jpeg,,,,,,,,
olafscholz_21-09-2021_00:00_video4.jpeg,,,,,Olaf Scholz,Olaf Scholz,,
armin_laschet_25-09-2021_00:00_video11.jpeg,,,,,,,,
robert.habeck_16-09-2021_00:00_image3.jpeg,,,,,,,,
robert.habeck_16-09-2021_00:00_image3.jpeg,,,,,,,,
susanne_hennig_wellsow_24-09-2021_00:00_video3.jpeg,,,,,,,,
susanne_hennig_wellsow_24-09-2021_00:00_video3.jpeg,,,,,Susanne Hennig-Wellsow,Susanne Hennig-Wellsow,,
armin_laschet_16-09-2021_00:00_video2.jpeg,,,,,,,,
armin_laschet_16-09-2021_00:00_video2.jpeg,,,,,Markus Söder,Markus Söder,,
nicola_beer_24-09-2021_00:00_image3.jpeg,,,,,,,,
nicola_beer_24-09-2021_00:00_image3.jpeg,,,,,,,,
nicola_beer_24-09-2021_00:00_image3.jpeg,,,,,,,,
nicola_beer_24-09-2021_00:00_image3.jpeg,,,,,Christian Lindner,Christian Lindner,,
nicola_beer_24-09-2021_00:00_image3.jpeg,,,,,,,,
nicola_beer_24-09-2021_00:00_image3.jpeg,,,,,Nicola Beer,Nicola Beer,,
nicola_beer_24-09-2021_00:00_image3.jpeg,,,,,,,,
spdde_18-09-2021_00:00_video0.jpeg,,,,,,,,
markus.soeder_25-09-2021_00:00_image0.jpeg,,,,,,,,
markus.soeder_25-09-2021_00:00_image0.jpeg,,,,,Markus Söder,Markus Söder,,
cdu_20-09-2021_00:00_video32.jpeg,,,,,,,,
robert.habeck_26-09-2021_00:00_image0.jpeg,,,,,,,,
robert.habeck_26-09-2021_00:00_image0.jpeg,,,,,Robert Habeck,Robert Habeck,,
olafscholz_23-09-2021_00:00_image3.jpeg,,,,,,,,
die_gruenen_25-09-2021_00:00_video36.jpeg,,,,,,,,
die_gruenen_25-09-2021_00:00_video36.jpeg,,,,,,,,
christianlindner_22-09-2021_00:00_image0.jpeg,,,,,,,,
christianlindner_22-09-2021_00:00_image0.jpeg,,,,,Robert Habeck,Christian Lindner,,
christianlindner_22-09-2021_00:00_image0.jpeg,,,,,,,,
afd.bund_24-09-2021_00:00_image1.jpeg,,,,,,,,
afd.bund_24-09-2021_00:00_image1.jpeg,,,,,,,,
afd.bund_24-09-2021_00:00_image1.jpeg,,,,,,,,
olafscholz_19-09-2021_00:00_video7.jpeg,,,,,,,,
olafscholz_19-09-2021_00:00_video7.jpeg,,,,,,,,
olafscholz_19-09-2021_00:00_video7.jpeg,,,,,,,,
olafscholz_19-09-2021_00:00_video7.jpeg,,,,,,,,
olafscholz_19-09-2021_00:00_video7.jpeg,,,,,,,,
armin_laschet_25-09-2021_00:00_video15.jpeg,,,,,,,,
armin_laschet_25-09-2021_00:00_video15.jpeg,,,,,Armin Laschet,Armin Laschet,,
nicola_beer_22-09-2021_00:00_image7.jpeg,,,,,,,,
nicola_beer_22-09-2021_00:00_image7.jpeg,,,,,Nicola Beer,Nicola Beer,,
nicola_beer_22-09-2021_00:00_image7.jpeg,,,,,,,,
armin_laschet_21-09-2021_00:00_image0.jpeg,,,,,,,,
armin_laschet_21-09-2021_00:00_image0.jpeg,,,,,Armin Laschet,Armin Laschet,,
armin_laschet_21-09-2021_00:00_image0.jpeg,,,,,,,,
armin_laschet_21-09-2021_00:00_image0.jpeg,,,,,Markus Söder,Markus Söder,,
cdu_26-09-2021_00:00_image1.jpeg,,,,,,,,
cdu_26-09-2021_00:00_image1.jpeg,,,,,Armin Laschet,Armin Laschet,,
christlichsozialeunion_18-09-2021_00:00_video10.jpeg,,,,,,,,
fw_bayern_17-09-2021_00:00_image4.jpeg,,,,,,,,
fw_bayern_17-09-2021_00:00_image4.jpeg,,,,,,,,
afd.bund_25-09-2021_00:00_video10.jpeg,,,,,,,,
fw_bayern_19-09-2021_00:00_image1.jpeg,,,,,,,,
fw_bayern_19-09-2021_00:00_image1.jpeg,,,,,,,,
markus.soeder_24-09-2021_00:00_image2.jpeg,,,,,,,,
markus.soeder_24-09-2021_00:00_image2.jpeg,,,,,Markus Söder,Markus Söder,,
markus.soeder_24-09-2021_00:00_image2.jpeg,,,,,,,,
markus.soeder_24-09-2021_00:00_image2.jpeg,,,,,Markus Söder,Markus Söder,,
robert.habeck_23-09-2021_00:00_image5.jpeg,,,,,,,,
robert.habeck_23-09-2021_00:00_image5.jpeg,,,,,,,,
robert.habeck_23-09-2021_00:00_image5.jpeg,,,,,,,,
robert.habeck_23-09-2021_00:00_image5.jpeg,,,,,,,,
robert.habeck_23-09-2021_00:00_image5.jpeg,,,,,,,,
robert.habeck_23-09-2021_00:00_image5.jpeg,,,,,,,,
robert.habeck_23-09-2021_00:00_image5.jpeg,,,,,,,,
robert.habeck_23-09-2021_00:00_image5.jpeg,,,,,,,,
robert.habeck_23-09-2021_00:00_image5.jpeg,,,,,,,,
robert.habeck_23-09-2021_00:00_image5.jpeg,,,,,,,,
robert.habeck_23-09-2021_00:00_image5.jpeg,,,,,,,,
robert.habeck_23-09-2021_00:00_image5.jpeg,,,,,,,,
robert.habeck_23-09-2021_00:00_image5.jpeg,,,,,,,,
robert.habeck_23-09-2021_00:00_image5.jpeg,,,,,,,,
robert.habeck_23-09-2021_00:00_image5.jpeg,,,,,,,,
robert.habeck_23-09-2021_00:00_image5.jpeg,,,,,,,,
robert.habeck_23-09-2021_00:00_image5.jpeg,,,,,,,,
robert.habeck_23-09-2021_00:00_image5.jpeg,,,,,,,,
robert.habeck_23-09-2021_00:00_image5.jpeg,,,,,,,,
robert.habeck_23-09-2021_00:00_image5.jpeg,,,,,,,,
robert.habeck_23-09-2021_00:00_image5.jpeg,,,,,,,,
robert.habeck_23-09-2021_00:00_image5.jpeg,,,,,,,,
robert.habeck_23-09-2021_00:00_image5.jpeg,,,,,,,,
robert.habeck_23-09-2021_00:00_image5.jpeg,,,,,,,,
robert.habeck_23-09-2021_00:00_image5.jpeg,,,,,,,,
robert.habeck_23-09-2021_00:00_image5.jpeg,,,,,,,,
robert.habeck_23-09-2021_00:00_image5.jpeg,,,,,,,,
robert.habeck_23-09-2021_00:00_image5.jpeg,,,,,,,,
robert.habeck_23-09-2021_00:00_image5.jpeg,,,,,,,,
robert.habeck_23-09-2021_00:00_image5.jpeg,,,,,,,,
robert.habeck_23-09-2021_00:00_image5.jpeg,,,,,,,,
robert.habeck_23-09-2021_00:00_image5.jpeg,,,,,,,,
robert.habeck_23-09-2021_00:00_image5.jpeg,,,,,,,,
robert.habeck_23-09-2021_00:00_image5.jpeg,,,,,,,,
abaerbock_25-09-2021_00:00_image4.jpeg,,,,,,,,
abaerbock_25-09-2021_00:00_image4.jpeg,,,,,Annalena Baerbock,Annalena Baerbock,,
abaerbock_25-09-2021_00:00_image4.jpeg,,,,,,,,
abaerbock_25-09-2021_00:00_image4.jpeg,,,,,,,,
abaerbock_25-09-2021_00:00_image4.jpeg,,,,,,,,
christlichsozialeunion_18-09-2021_00:00_video15.jpeg,,,,,,,,
robert.habeck_18-09-2021_00:00_video12.jpeg,,,,,,,,
robert.habeck_18-09-2021_00:00_video12.jpeg,,,,,,,,
robert.habeck_18-09-2021_00:00_video12.jpeg,,,,,Robert Habeck,Robert Habeck,,
robert.habeck_18-09-2021_00:00_video12.jpeg,,,,,,,,
abaerbock_22-09-2021_00:00_image11.jpeg,,,,,,,,
abaerbock_22-09-2021_00:00_image11.jpeg,,,,,,Annalena Baerbock,,
cdu_16-09-2021_00:00_video16.jpeg,,,,,,,,
cdu_18-09-2021_00:00_image0.jpeg,,,,,,,,
cdu_18-09-2021_00:00_image0.jpeg,,,,,,,,
cdu_18-09-2021_00:00_image0.jpeg,,,,,,,,
cdu_18-09-2021_00:00_image0.jpeg,,,,,,,,
cdu_18-09-2021_00:00_image0.jpeg,,,,,,,,
cdu_18-09-2021_00:00_image0.jpeg,,,,,,,,
cdu_18-09-2021_00:00_image0.jpeg,,,,,,,,
cdu_18-09-2021_00:00_image0.jpeg,,,,,Armin Laschet,Armin Laschet,,
cdu_18-09-2021_00:00_image0.jpeg,,,,,,,,
christianlindner_17-09-2021_00:00_video1.jpeg,,,,,,,,
christianlindner_17-09-2021_00:00_video1.jpeg,,,,,,,,
christianlindner_17-09-2021_00:00_video1.jpeg,,,,,Christian Lindner,Christian Lindner,,
fw_bayern_13-09-2021_00:00_video1.jpeg,,,,,,,,
fw_bayern_13-09-2021_00:00_video1.jpeg,,,,,,,,
fw_bayern_13-09-2021_00:00_video1.jpeg,,,,,,,,
fw_bayern_13-09-2021_00:00_video1.jpeg,,,,,,,,
fw_bayern_13-09-2021_00:00_video1.jpeg,,,,,,,,
fw_bayern_13-09-2021_00:00_video1.jpeg,,,,,,,,
fw_bayern_13-09-2021_00:00_video1.jpeg,,,,,,,,
armin_laschet_21-09-2021_00:00_video6.jpeg,,,,,,,,
armin_laschet_21-09-2021_00:00_video6.jpeg,,,,,Armin Laschet,Armin Laschet,,
abaerbock_21-09-2021_00:00_video6.jpeg,,,,,,,,
abaerbock_21-09-2021_00:00_video6.jpeg,,,,,Annalena Baerbock,Annalena Baerbock,,
abaerbock_22-09-2021_00:00_image15.jpeg,,,,,,,,
abaerbock_22-09-2021_00:00_image15.jpeg,,,,,Annalena Baerbock,Annalena Baerbock,,
abaerbock_22-09-2021_00:00_image15.jpeg,,,,,,,,
abaerbock_22-09-2021_00:00_image15.jpeg,,,,,,,,
abaerbock_22-09-2021_00:00_image15.jpeg,,,,,,,,
abaerbock_22-09-2021_00:00_image15.jpeg,,,,,Annalena Baerbock,Annalena Baerbock,,
susanne_hennig_wellsow_21-09-2021_00:00_video0.jpeg,,,,,,,,
susanne_hennig_wellsow_21-09-2021_00:00_video0.jpeg,,,,,,,,
susanne_hennig_wellsow_21-09-2021_00:00_video0.jpeg,,,,,,,,
susanne_hennig_wellsow_21-09-2021_00:00_video0.jpeg,,,,,,,,
susanne_hennig_wellsow_21-09-2021_00:00_video0.jpeg,,,,,,,,
nicola_beer_23-09-2021_00:00_image2.jpeg,,,,,,,,
nicola_beer_23-09-2021_00:00_image2.jpeg,,,,,,,,
nicola_beer_23-09-2021_00:00_image2.jpeg,,,,,,,,
nicola_beer_23-09-2021_00:00_image2.jpeg,,,,,,,,
nicola_beer_23-09-2021_00:00_image2.jpeg,,,,,,,,
fdp_18-09-2021_00:00_image0.jpeg,,,,,,,,
fw_bayern_22-09-2021_00:00_image3.jpeg,,,,,,,,
fw_bayern_22-09-2021_00:00_image3.jpeg,,,,,,,,
fw_bayern_22-09-2021_00:00_image3.jpeg,,,,,Olaf Scholz,Olaf Scholz,,
fw_bayern_22-09-2021_00:00_image3.jpeg,,,,,,,,
christlichsozialeunion_20-09-2021_00:00_video9.jpeg,,,,,,,,
christlichsozialeunion_20-09-2021_00:00_video9.jpeg,,,,,,,,
christlichsozialeunion_20-09-2021_00:00_video9.jpeg,,,,,Markus Söder,Markus Söder,,
christlichsozialeunion_20-09-2021_00:00_video9.jpeg,,,,,,,,
christlichsozialeunion_20-09-2021_00:00_video9.jpeg,,,,,,,,
christlichsozialeunion_20-09-2021_00:00_video9.jpeg,,,,,,,,
christlichsozialeunion_20-09-2021_00:00_video9.jpeg,,,,,,,,
christlichsozialeunion_20-09-2021_00:00_video9.jpeg,,,,,,,,
markus.soeder_16-09-2021_00:00_video1.jpeg,,,,,,,,
markus.soeder_16-09-2021_00:00_video1.jpeg,,,,,Markus Söder,Markus Söder,,
saskiaesken_13-09-2021_00:00_image0.jpeg,,,,,,,,
saskiaesken_13-09-2021_00:00_image0.jpeg,,,,,,,,
saskiaesken_13-09-2021_00:00_image0.jpeg,,,,,,,,
saskiaesken_13-09-2021_00:00_image0.jpeg,,,,,,,,
saskiaesken_13-09-2021_00:00_image0.jpeg,,,,,Saskia Esken,Saskia Esken,,
saskiaesken_13-09-2021_00:00_image0.jpeg,,,,,,,,
saskiaesken_13-09-2021_00:00_image0.jpeg,,,,,,,,
armin_laschet_25-09-2021_00:00_image0.jpeg,,,,,,,,
armin_laschet_25-09-2021_00:00_image0.jpeg,,,,,Armin Laschet,Armin Laschet,,
armin_laschet_25-09-2021_00:00_image0.jpeg,,,,,,,,
markus.soeder_24-09-2021_00:00_video0.jpeg,,,,,,,,
markus.soeder_24-09-2021_00:00_video0.jpeg,,,,,Robert Habeck,Markus Söder,,
spdde_20-09-2021_00:00_video6.jpeg,,,,,,,,
spdde_20-09-2021_00:00_video6.jpeg,,,,,,,,
spdde_20-09-2021_00:00_video6.jpeg,,,,,Armin Laschet,Olaf Scholz,,
robert.habeck_13-09-2021_00:00_image21.jpeg,,,,,,,,
robert.habeck_13-09-2021_00:00_image21.jpeg,,,,,,,,
robert.habeck_13-09-2021_00:00_image21.jpeg,,,,,,,,
robert.habeck_13-09-2021_00:00_image21.jpeg,,,,,,,,
robert.habeck_13-09-2021_00:00_image21.jpeg,,,,,,,,
robert.habeck_13-09-2021_00:00_image21.jpeg,,,,,,,,
robert.habeck_13-09-2021_00:00_image21.jpeg,,,,,,,,
robert.habeck_13-09-2021_00:00_image21.jpeg,,,,,,,,
dielinke_25-09-2021_00:00_video12.jpeg,,,,,,,,
dielinke_25-09-2021_00:00_video12.jpeg,,,,,,,,
armin_laschet_25-09-2021_00:00_video12.jpeg,,,,,,,,
armin_laschet_25-09-2021_00:00_video12.jpeg,,,,,Markus Söder,Markus Söder,,
armin_laschet_25-09-2021_00:00_video12.jpeg,,,,,,,,
armin_laschet_25-09-2021_00:00_video12.jpeg,,,,,Markus Söder,Markus Söder,,
fw_bayern_18-09-2021_00:00_video0.jpeg,,,,,,,,
cdu_13-09-2021_00:00_video11.jpeg,,,,,,,,
cdu_13-09-2021_00:00_video11.jpeg,,,,,Armin Laschet,Armin Laschet,,
atesgurpinar_15-09-2021_00:00_image1.jpeg,,,,,,,,
atesgurpinar_15-09-2021_00:00_image1.jpeg,,,,,,,,
atesgurpinar_15-09-2021_00:00_image1.jpeg,,,,,,Ates Gürpinar,,
atesgurpinar_15-09-2021_00:00_image1.jpeg,,,,,,,,
atesgurpinar_15-09-2021_00:00_image1.jpeg,,,,,,,,
atesgurpinar_15-09-2021_00:00_image1.jpeg,,,,,,,,
atesgurpinar_15-09-2021_00:00_image1.jpeg,,,,,,,,
atesgurpinar_15-09-2021_00:00_image1.jpeg,,,,,,,,
atesgurpinar_15-09-2021_00:00_image1.jpeg,,,,,,,,
atesgurpinar_15-09-2021_00:00_image1.jpeg,,,,,,,,
atesgurpinar_15-09-2021_00:00_image1.jpeg,,,,,,,,
christlichsozialeunion_18-09-2021_00:00_video7.jpeg,,,,,,,,
afd.bund_20-09-2021_00:00_video1.jpeg,,,,,,,,
christlichsozialeunion_16-09-2021_00:00_video14.jpeg,,,,,,,,
christlichsozialeunion_16-09-2021_00:00_video14.jpeg,,,,,Markus Söder,Markus Söder,,
fw_bayern_18-09-2021_00:00_video5.jpeg,,,,,,,,
fw_bayern_18-09-2021_00:00_video5.jpeg,,,,,,,,
die_gruenen_25-09-2021_00:00_video8.jpeg,,,,,,,,
die_gruenen_25-09-2021_00:00_video8.jpeg,,,,,,,,
dielinke_14-09-2021_00:00_video0.jpeg,,,,,,,,
dielinke_14-09-2021_00:00_video0.jpeg,,,,,,,,
dielinke_14-09-2021_00:00_video0.jpeg,,,,,,,,
dielinke_14-09-2021_00:00_video0.jpeg,,,,,,,,
dielinke_14-09-2021_00:00_video0.jpeg,,,,,,,,
dielinke_14-09-2021_00:00_video0.jpeg,,,,,,,,
robert.habeck_13-09-2021_00:00_image8.jpeg,,,,,,,,
robert.habeck_13-09-2021_00:00_image8.jpeg,,,,,Robert Habeck,Robert Habeck,,
robert.habeck_13-09-2021_00:00_image8.jpeg,,,,,,,,
robert.habeck_13-09-2021_00:00_image8.jpeg,,,,,Robert Habeck,Robert Habeck,,
olafscholz_17-09-2021_00:00_image2.jpeg,,,,,,,,
olafscholz_17-09-2021_00:00_image2.jpeg,,,,,Olaf Scholz,Olaf Scholz,,
cdu_13-09-2021_00:00_video2.jpeg,,,,,,,,
cdu_13-09-2021_00:00_video2.jpeg,,,,,Armin Laschet,Armin Laschet,,
cdu_13-09-2021_00:00_video2.jpeg,,,,,,,,
fw_bayern_19-09-2021_00:00_video3.jpeg,,,,,,,,
fw_bayern_19-09-2021_00:00_video3.jpeg,,,,,,,,
fw_bayern_19-09-2021_00:00_video3.jpeg,,,,,,,,
fw_bayern_19-09-2021_00:00_video3.jpeg,,,,,,,,
fw_bayern_19-09-2021_00:00_video3.jpeg,,,,,,,,
afd.bund_13-09-2021_00:00_video0.jpeg,,,,,,,,
armin_laschet_24-09-2021_00:00_video6.jpeg,,,,,,,,
armin_laschet_24-09-2021_00:00_video6.jpeg,,,,,,,,
armin_laschet_24-09-2021_00:00_video6.jpeg,,,,,Armin Laschet,Armin Laschet,,
die_gruenen_13-09-2021_00:00_video6.jpeg,,,,,,,,
die_gruenen_13-09-2021_00:00_video6.jpeg,,,,,,,,
die_gruenen_13-09-2021_00:00_video6.jpeg,,,,,,,,
armin_laschet_20-09-2021_00:00_video5.jpeg,,,,,,,,
armin_laschet_20-09-2021_00:00_video5.jpeg,,,,,Armin Laschet,Armin Laschet,,
afd.bund_17-09-2021_00:00_video0.jpeg,,,,,,,,
afd.bund_17-09-2021_00:00_video0.jpeg,,,,,,,,
afd.bund_17-09-2021_00:00_video0.jpeg,,,,,Alice Weidel,Alice Weidel,,
cdu_20-09-2021_00:00_video33.jpeg,,,,,,,,
cdu_20-09-2021_00:00_video33.jpeg,,,,,,,,
cdu_20-09-2021_00:00_video33.jpeg,,,,,,,,
cdu_20-09-2021_00:00_video33.jpeg,,,,,,,,
cdu_20-09-2021_00:00_video33.jpeg,,,,,Olaf Scholz,Armin Laschet,,
cdu_20-09-2021_00:00_video33.jpeg,,,,,,,,
cdu_20-09-2021_00:00_video33.jpeg,,,,,,,,
cdu_20-09-2021_00:00_video33.jpeg,,,,,,,,
olafscholz_26-09-2021_00:00_video6.jpeg,,,,,,,,
olafscholz_26-09-2021_00:00_video6.jpeg,,,,,,,,
olafscholz_26-09-2021_00:00_video6.jpeg,,,,,,,,
olafscholz_26-09-2021_00:00_video6.jpeg,,,,,,,,
olafscholz_26-09-2021_00:00_video6.jpeg,,,,,,,,
olafscholz_26-09-2021_00:00_video6.jpeg,,,,,,,,
olafscholz_26-09-2021_00:00_video6.jpeg,,,,,,,,
olafscholz_26-09-2021_00:00_video6.jpeg,,,,,,,,
olafscholz_26-09-2021_00:00_video6.jpeg,,,,,,,,
olafscholz_26-09-2021_00:00_video6.jpeg,,,,,,,,
olafscholz_26-09-2021_00:00_video6.jpeg,,,,,,,,
olafscholz_26-09-2021_00:00_video6.jpeg,,,,,Olaf Scholz,Olaf Scholz,,
olafscholz_26-09-2021_00:00_video6.jpeg,,,,,,,,
olafscholz_26-09-2021_00:00_video6.jpeg,,,,,,,,
olafscholz_26-09-2021_00:00_video6.jpeg,,,,,,,,
olafscholz_26-09-2021_00:00_video6.jpeg,,,,,,,,
olafscholz_26-09-2021_00:00_video6.jpeg,,,,,,,,
olafscholz_26-09-2021_00:00_video6.jpeg,,,,,,,,
olafscholz_26-09-2021_00:00_video6.jpeg,,,,,,,,
olafscholz_26-09-2021_00:00_video6.jpeg,,,,,,,,
olafscholz_26-09-2021_00:00_video6.jpeg,,,,,,,,
olafscholz_26-09-2021_00:00_video6.jpeg,,,,,,,,
olafscholz_26-09-2021_00:00_video6.jpeg,,,,,,,,
olafscholz_26-09-2021_00:00_video6.jpeg,,,,,,,,
olafscholz_26-09-2021_00:00_video6.jpeg,,,,,,,,
olafscholz_26-09-2021_00:00_video6.jpeg,,,,,,,,
olafscholz_26-09-2021_00:00_video6.jpeg,,,,,,,,
olafscholz_26-09-2021_00:00_video6.jpeg,,,,,,,,
olafscholz_26-09-2021_00:00_video6.jpeg,,,,,,,,
olafscholz_26-09-2021_00:00_video6.jpeg,,,,,,,,
olafscholz_25-09-2021_00:00_image4.jpeg,,,,,,,,
olafscholz_25-09-2021_00:00_image4.jpeg,,,,,Olaf Scholz,Olaf Scholz,,
olafscholz_26-09-2021_00:00_image5.jpeg,,,,,,,,
olafscholz_26-09-2021_00:00_image5.jpeg,,,,,,,,
olafscholz_26-09-2021_00:00_image5.jpeg,,,,,Olaf Scholz,Olaf Scholz,,
olafscholz_26-09-2021_00:00_image5.jpeg,,,,,,,,
robert.habeck_16-09-2021_00:00_image4.jpeg,,,,,,,,
robert.habeck_16-09-2021_00:00_image4.jpeg,,,,,Robert Habeck,Robert Habeck,,
christianlindner_17-09-2021_00:00_image5.jpeg,,,,,,,,
christianlindner_17-09-2021_00:00_image5.jpeg,,,,,Christian Lindner,Christian Lindner,,
robert.habeck_24-09-2021_00:00_image5.jpeg,,,,,,,,
robert.habeck_24-09-2021_00:00_image5.jpeg,,,,,,,,
robert.habeck_24-09-2021_00:00_image5.jpeg,,,,,,,,
fw_bayern_17-09-2021_00:00_image5.jpeg,,,,,,,,
fw_bayern_17-09-2021_00:00_image5.jpeg,,,,,,,,
fw_bayern_17-09-2021_00:00_image5.jpeg,,,,,,,,
afd.bund_25-09-2021_00:00_image4.jpeg,,,,,,,,
afd.bund_25-09-2021_00:00_image4.jpeg,,,,,,,,
afd.bund_25-09-2021_00:00_image4.jpeg,,,,,,,,
cdu_26-09-2021_00:00_video8.jpeg,,,,,,,,
cdu_26-09-2021_00:00_video8.jpeg,,,,,,,,
cdu_26-09-2021_00:00_video8.jpeg,,,,,Armin Laschet,Armin Laschet,,
cdu_26-09-2021_00:00_video8.jpeg,,,,,,,,
cdu_26-09-2021_00:00_video8.jpeg,,,,,,,,
cdu_26-09-2021_00:00_video8.jpeg,,,,,,,,
cdu_26-09-2021_00:00_video8.jpeg,,,,,,,,
cdu_22-09-2021_00:00_image3.jpeg,,,,,,,,
cdu_22-09-2021_00:00_image3.jpeg,,,,,,,,
cdu_22-09-2021_00:00_image3.jpeg,,,,,,,,
cdu_22-09-2021_00:00_image3.jpeg,,,,,,,,
cdu_22-09-2021_00:00_image3.jpeg,,,,,,,,
cdu_22-09-2021_00:00_image3.jpeg,,,,,,,,
cdu_22-09-2021_00:00_image3.jpeg,,,,,,,,
cdu_22-09-2021_00:00_image3.jpeg,,,,,,,,
cdu_22-09-2021_00:00_image3.jpeg,,,,,,,,
cdu_22-09-2021_00:00_image3.jpeg,,,,,,,,
cdu_22-09-2021_00:00_image3.jpeg,,,,,,,,
abaerbock_16-09-2021_00:00_image3.jpeg,,,,,,,,
abaerbock_16-09-2021_00:00_image3.jpeg,,,,,Annalena Baerbock,Annalena Baerbock,,
christlichsozialeunion_22-09-2021_00:00_video4.jpeg,,,,,,,,
christlichsozialeunion_22-09-2021_00:00_video4.jpeg,,,,,Markus Söder,Markus Söder,,
abaerbock_18-09-2021_00:00_image9.jpeg,,,,,,,,
armin_laschet_25-09-2021_00:00_video18.jpeg,,,,,,,,
armin_laschet_25-09-2021_00:00_video18.jpeg,,,,,Robert Habeck,Markus Söder,,
armin_laschet_25-09-2021_00:00_video18.jpeg,,,,,,,,
nicola_beer_24-09-2021_00:00_image1.jpeg,,,,,,,,
nicola_beer_24-09-2021_00:00_image1.jpeg,,,,,Nicola Beer,Nicola Beer,,
nicola_beer_24-09-2021_00:00_image1.jpeg,,,,,,,,
nicola_beer_24-09-2021_00:00_image1.jpeg,,,,,,,,
nicola_beer_24-09-2021_00:00_image1.jpeg,,,,,,,,
nicola_beer_24-09-2021_00:00_image1.jpeg,,,,,,,,
robert.habeck_21-09-2021_00:00_video8.jpeg,,,,,,,,
robert.habeck_21-09-2021_00:00_video8.jpeg,,,,,Robert Habeck,Robert Habeck,,
christianlindner_22-09-2021_00:00_image3.jpeg,,,,,,,,
christianlindner_22-09-2021_00:00_image3.jpeg,,,,,,,,
christianlindner_22-09-2021_00:00_image3.jpeg,,,,,,,,
dielinke_17-09-2021_00:00_image1.jpeg,,,,,,,,
dielinke_25-09-2021_00:00_video2.jpeg,,,,,,,,
dielinke_25-09-2021_00:00_video2.jpeg,,,,,,,,
dielinke_25-09-2021_00:00_video2.jpeg,,,,,,,,
dielinke_25-09-2021_00:00_video2.jpeg,,,,,,,,
dielinke_25-09-2021_00:00_video2.jpeg,,,,,,,,
dielinke_25-09-2021_00:00_video2.jpeg,,,,,,,,
dielinke_25-09-2021_00:00_video2.jpeg,,,,,,,,
dielinke_25-09-2021_00:00_video2.jpeg,,,,,,,,
nicola_beer_20-09-2021_00:00_video5.jpeg,,,,,,,,
christlichsozialeunion_16-09-2021_00:00_video10.jpeg,,,,,,,,
markus.soeder_20-09-2021_00:00_video2.jpeg,,,,,,,,
markus.soeder_20-09-2021_00:00_video2.jpeg,,,,,,,,
markus.soeder_20-09-2021_00:00_video2.jpeg,,,,,,,,
markus.soeder_20-09-2021_00:00_video2.jpeg,,,,,Markus Söder,Markus Söder,,
christianlindner_18-09-2021_00:00_video1.jpeg,,,,,,,,
christianlindner_18-09-2021_00:00_video1.jpeg,,,,,,,,
christianlindner_18-09-2021_00:00_video1.jpeg,,,,,,,,
christianlindner_18-09-2021_00:00_video1.jpeg,,,,,,,,
christianlindner_18-09-2021_00:00_video1.jpeg,,,,,,,,
christianlindner_18-09-2021_00:00_video1.jpeg,,,,,Christian Lindner,Christian Lindner,,
christianlindner_18-09-2021_00:00_video1.jpeg,,,,,,,,
christianlindner_18-09-2021_00:00_video1.jpeg,,,,,,,,
cdu_18-09-2021_00:00_image1.jpeg,,,,,,,,
cdu_18-09-2021_00:00_image1.jpeg,,,,,,,,
cdu_18-09-2021_00:00_image1.jpeg,,,,,,,,
cdu_18-09-2021_00:00_image1.jpeg,,,,,Armin Laschet,Armin Laschet,,
cdu_18-09-2021_00:00_image1.jpeg,,,,,,,,
cdu_18-09-2021_00:00_image1.jpeg,,,,,,,,
cdu_18-09-2021_00:00_image1.jpeg,,,,,Armin Laschet,Armin Laschet,,
cdu_18-09-2021_00:00_image1.jpeg,,,,,,,,
cdu_18-09-2021_00:00_image1.jpeg,,,,,,,,
cdu_18-09-2021_00:00_image1.jpeg,,,,,,,,
cdu_18-09-2021_00:00_image1.jpeg,,,,,,,,
cdu_18-09-2021_00:00_image1.jpeg,,,,,,,,
cdu_18-09-2021_00:00_image1.jpeg,,,,,,,,
cdu_18-09-2021_00:00_image1.jpeg,,,,,,,,
cdu_18-09-2021_00:00_image1.jpeg,,,,,,,,
cdu_18-09-2021_00:00_image1.jpeg,,,,,,,,
cdu_18-09-2021_00:00_image1.jpeg,,,,,,,,
cdu_18-09-2021_00:00_image1.jpeg,,,,,,,,
cdu_18-09-2021_00:00_image1.jpeg,,,,,,,,
cdu_20-09-2021_00:00_video31.jpeg,,,,,,,,
nicola_beer_22-09-2021_00:00_video5.jpeg,,,,,,,,
nicola_beer_22-09-2021_00:00_video5.jpeg,,,,,Nicola Beer,Nicola Beer,,
armin_laschet_23-09-2021_00:00_video19.jpeg,,,,,,,,
abaerbock_14-09-2021_00:00_image13.jpeg,,,,,,,,
abaerbock_14-09-2021_00:00_image13.jpeg,,,,,,,,
abaerbock_14-09-2021_00:00_image13.jpeg,,,,,Annalena Baerbock,Annalena Baerbock,,
abaerbock_22-09-2021_00:00_image8.jpeg,,,,,,,,
abaerbock_22-09-2021_00:00_image8.jpeg,,,,,Annalena Baerbock,Annalena Baerbock,,
abaerbock_22-09-2021_00:00_image8.jpeg,,,,,,,,
abaerbock_22-09-2021_00:00_image8.jpeg,,,,,,,,
abaerbock_18-09-2021_00:00_image13.jpeg,,,,,,,,
abaerbock_18-09-2021_00:00_image13.jpeg,,,,,,,,
abaerbock_18-09-2021_00:00_image13.jpeg,,,,,,,,
abaerbock_18-09-2021_00:00_image13.jpeg,,,,,,,,
abaerbock_18-09-2021_00:00_image13.jpeg,,,,,,,,
fw_bayern_25-09-2021_00:00_image1.jpeg,,,,,,,,
fw_bayern_25-09-2021_00:00_image1.jpeg,,,,,,,,
fw_bayern_25-09-2021_00:00_image1.jpeg,,,,,,,,
afd.bund_17-09-2021_00:00_image3.jpeg,,,,,,,,
afd.bund_17-09-2021_00:00_image3.jpeg,,,,,,,,
afd.bund_17-09-2021_00:00_image3.jpeg,,,,,,,,
afd.bund_17-09-2021_00:00_image3.jpeg,,,,,,,,
afd.bund_17-09-2021_00:00_image3.jpeg,,,,,,,,
abaerbock_22-09-2021_00:00_image1.jpeg,,,,,,,,
abaerbock_22-09-2021_00:00_image1.jpeg,,,,,Annalena Baerbock,Annalena Baerbock,,
abaerbock_22-09-2021_00:00_image1.jpeg,,,,,,,,
abaerbock_22-09-2021_00:00_image1.jpeg,,,,,,,,
abaerbock_22-09-2021_00:00_image1.jpeg,,,,,,,,
abaerbock_22-09-2021_00:00_image1.jpeg,,,,,,,,
abaerbock_22-09-2021_00:00_image1.jpeg,,,,,,,,
abaerbock_22-09-2021_00:00_image1.jpeg,,,,,,,,
abaerbock_22-09-2021_00:00_image1.jpeg,,,,,,,,
abaerbock_22-09-2021_00:00_image1.jpeg,,,,,,,,
abaerbock_22-09-2021_00:00_image1.jpeg,,,,,,,,
abaerbock_22-09-2021_00:00_image1.jpeg,,,,,,,,
abaerbock_22-09-2021_00:00_image1.jpeg,,,,,,,,
abaerbock_22-09-2021_00:00_image1.jpeg,,,,,,,,
abaerbock_22-09-2021_00:00_image1.jpeg,,,,,,,,
abaerbock_22-09-2021_00:00_image1.jpeg,,,,,,,,
abaerbock_22-09-2021_00:00_image1.jpeg,,,,,,,,
abaerbock_22-09-2021_00:00_image1.jpeg,,,,,,,,
abaerbock_22-09-2021_00:00_image1.jpeg,,,,,,,,
abaerbock_22-09-2021_00:00_image1.jpeg,,,,,,,,
abaerbock_22-09-2021_00:00_image1.jpeg,,,,,,,,
abaerbock_22-09-2021_00:00_image1.jpeg,,,,,,,,
christlichsozialeunion_21-09-2021_00:00_video2.jpeg,,,,,,,,
christlichsozialeunion_21-09-2021_00:00_video2.jpeg,,,,,,,,
christlichsozialeunion_21-09-2021_00:00_video2.jpeg,,,,,Robert Habeck,Markus Söder,,
christlichsozialeunion_21-09-2021_00:00_video2.jpeg,,,,,,,,
armin_laschet_14-09-2021_00:00_video0.jpeg,,,,,,,,
armin_laschet_14-09-2021_00:00_video0.jpeg,,,,,,,,
armin_laschet_14-09-2021_00:00_video0.jpeg,,,,,,,,
armin_laschet_14-09-2021_00:00_video0.jpeg,,,,,Armin Laschet,Armin Laschet,,
fw_bayern_23-09-2021_00:00_image1.jpeg,,,,,,,,
fw_bayern_23-09-2021_00:00_image1.jpeg,,,,,,,,
armin_laschet_20-09-2021_00:00_image0.jpeg,,,,,,,,
armin_laschet_20-09-2021_00:00_image0.jpeg,,,,,Armin Laschet,Armin Laschet,,
fdp_20-09-2021_00:00_image5.jpeg,,,,,,,,
fdp_20-09-2021_00:00_image5.jpeg,,,,,Nicola Beer,Nicola Beer,,
abaerbock_13-09-2021_00:00_video1.jpeg,,,,,,,,
abaerbock_13-09-2021_00:00_video1.jpeg,,,,,Annalena Baerbock,Annalena Baerbock,,
abaerbock_13-09-2021_00:00_video1.jpeg,,,,,,,,
die_gruenen_13-09-2021_00:00_image2.jpeg,,,,,,,,
die_gruenen_13-09-2021_00:00_image2.jpeg,,,,,Annalena Baerbock,Annalena Baerbock,,
die_gruenen_13-09-2021_00:00_image2.jpeg,,,,,,,,
die_gruenen_13-09-2021_00:00_image2.jpeg,,,,,Olaf Scholz,Olaf Scholz,,
die_gruenen_13-09-2021_00:00_image2.jpeg,,,,,,,,
die_gruenen_13-09-2021_00:00_image2.jpeg,,,,,Armin Laschet,Armin Laschet,,
abaerbock_25-09-2021_00:00_image12.jpeg,,,,,,,,
abaerbock_25-09-2021_00:00_image12.jpeg,,,,,,,,
abaerbock_25-09-2021_00:00_image12.jpeg,,,,,,,,
abaerbock_25-09-2021_00:00_image12.jpeg,,,,,,,,
robert.habeck_25-09-2021_00:00_image13.jpeg,,,,,,,,
robert.habeck_25-09-2021_00:00_image13.jpeg,,,,,,,,
robert.habeck_25-09-2021_00:00_image13.jpeg,,,,,,,,
robert.habeck_25-09-2021_00:00_image13.jpeg,,,,,,,,
robert.habeck_25-09-2021_00:00_image13.jpeg,,,,,,,,
robert.habeck_25-09-2021_00:00_image13.jpeg,,,,,,,,
robert.habeck_25-09-2021_00:00_image13.jpeg,,,,,,,,
robert.habeck_25-09-2021_00:00_image13.jpeg,,,,,,,,
robert.habeck_25-09-2021_00:00_image13.jpeg,,,,,,,,
robert.habeck_25-09-2021_00:00_image13.jpeg,,,,,,,,
robert.habeck_25-09-2021_00:00_image13.jpeg,,,,,,,,
robert.habeck_25-09-2021_00:00_image13.jpeg,,,,,,,,
robert.habeck_25-09-2021_00:00_image13.jpeg,,,,,,,,
robert.habeck_25-09-2021_00:00_image13.jpeg,,,,,,,,
robert.habeck_25-09-2021_00:00_image13.jpeg,,,,,,,,
robert.habeck_25-09-2021_00:00_image13.jpeg,,,,,,,,
robert.habeck_25-09-2021_00:00_image13.jpeg,,,,,,,,
robert.habeck_25-09-2021_00:00_image13.jpeg,,,,,,,,
robert.habeck_25-09-2021_00:00_image13.jpeg,,,,,,,,
robert.habeck_25-09-2021_00:00_image13.jpeg,,,,,,,,
robert.habeck_25-09-2021_00:00_image13.jpeg,,,,,,,,
robert.habeck_25-09-2021_00:00_image13.jpeg,,,,,,,,
robert.habeck_25-09-2021_00:00_image13.jpeg,,,,,,,,
robert.habeck_25-09-2021_00:00_image13.jpeg,,,,,,,,
robert.habeck_25-09-2021_00:00_image13.jpeg,,,,,,,,
robert.habeck_25-09-2021_00:00_image13.jpeg,,,,,,,,
robert.habeck_25-09-2021_00:00_image13.jpeg,,,,,,,,
robert.habeck_25-09-2021_00:00_image13.jpeg,,,,,,,,
robert.habeck_25-09-2021_00:00_image13.jpeg,,,,,,,,
robert.habeck_25-09-2021_00:00_image13.jpeg,,,,,,,,
robert.habeck_25-09-2021_00:00_image13.jpeg,,,,,,,,
robert.habeck_25-09-2021_00:00_image13.jpeg,,,,,,,,
robert.habeck_25-09-2021_00:00_image13.jpeg,,,,,,,,
robert.habeck_25-09-2021_00:00_image13.jpeg,,,,,,,,
robert.habeck_25-09-2021_00:00_image13.jpeg,,,,,,,,
robert.habeck_25-09-2021_00:00_image13.jpeg,,,,,,,,
robert.habeck_25-09-2021_00:00_image13.jpeg,,,,,,,,
robert.habeck_25-09-2021_00:00_image13.jpeg,,,,,,,,
robert.habeck_25-09-2021_00:00_image13.jpeg,,,,,,,,
robert.habeck_25-09-2021_00:00_image13.jpeg,,,,,,,,
robert.habeck_25-09-2021_00:00_image13.jpeg,,,,,,,,
robert.habeck_25-09-2021_00:00_image13.jpeg,,,,,,,,
robert.habeck_25-09-2021_00:00_image13.jpeg,,,,,,,,
robert.habeck_25-09-2021_00:00_image13.jpeg,,,,,,,,
robert.habeck_25-09-2021_00:00_image13.jpeg,,,,,,,,
robert.habeck_25-09-2021_00:00_image13.jpeg,,,,,,,,
robert.habeck_25-09-2021_00:00_image13.jpeg,,,,,,,,
robert.habeck_25-09-2021_00:00_image13.jpeg,,,,,,,,
robert.habeck_25-09-2021_00:00_image13.jpeg,,,,,,,,
robert.habeck_25-09-2021_00:00_image13.jpeg,,,,,,,,
robert.habeck_25-09-2021_00:00_image13.jpeg,,,,,,,,
robert.habeck_25-09-2021_00:00_image13.jpeg,,,,,,,,
robert.habeck_25-09-2021_00:00_image13.jpeg,,,,,,,,
robert.habeck_25-09-2021_00:00_image13.jpeg,,,,,,,,
robert.habeck_25-09-2021_00:00_image13.jpeg,,,,,,,,
robert.habeck_25-09-2021_00:00_image13.jpeg,,,,,,,,
robert.habeck_25-09-2021_00:00_image13.jpeg,,,,,,,,
robert.habeck_25-09-2021_00:00_image13.jpeg,,,,,,,,
robert.habeck_25-09-2021_00:00_image13.jpeg,,,,,,,,
robert.habeck_25-09-2021_00:00_image13.jpeg,,,,,,,,
robert.habeck_25-09-2021_00:00_image13.jpeg,,,,,,,,
robert.habeck_25-09-2021_00:00_image13.jpeg,,,,,,,,
robert.habeck_25-09-2021_00:00_image13.jpeg,,,,,,,,
robert.habeck_25-09-2021_00:00_image13.jpeg,,,,,,,,
robert.habeck_25-09-2021_00:00_image13.jpeg,,,,,,,,
robert.habeck_25-09-2021_00:00_image13.jpeg,,,,,,,,
robert.habeck_25-09-2021_00:00_image13.jpeg,,,,,,,,
robert.habeck_25-09-2021_00:00_image13.jpeg,,,,,,,,
robert.habeck_25-09-2021_00:00_image13.jpeg,,,,,,,,
robert.habeck_25-09-2021_00:00_image13.jpeg,,,,,,,,
robert.habeck_25-09-2021_00:00_image13.jpeg,,,,,,,,
robert.habeck_25-09-2021_00:00_image13.jpeg,,,,,,,,
robert.habeck_25-09-2021_00:00_image13.jpeg,,,,,,,,
robert.habeck_25-09-2021_00:00_image13.jpeg,,,,,,,,
robert.habeck_25-09-2021_00:00_image13.jpeg,,,,,,,,
robert.habeck_25-09-2021_00:00_image13.jpeg,,,,,,,,
robert.habeck_25-09-2021_00:00_image13.jpeg,,,,,,,,
robert.habeck_25-09-2021_00:00_image13.jpeg,,,,,,,,
robert.habeck_25-09-2021_00:00_image13.jpeg,,,,,,,,
robert.habeck_25-09-2021_00:00_image13.jpeg,,,,,,,,
robert.habeck_25-09-2021_00:00_image13.jpeg,,,,,,,,
robert.habeck_18-09-2021_00:00_image8.jpeg,,,,,,,,
robert.habeck_18-09-2021_00:00_image8.jpeg,,,,,,,,
robert.habeck_18-09-2021_00:00_image8.jpeg,,,,,Robert Habeck,Robert Habeck,,
armin_laschet_17-09-2021_00:00_video4.jpeg,,,,,,,,
armin_laschet_17-09-2021_00:00_video4.jpeg,,,,,Armin Laschet,Armin Laschet,,
abaerbock_14-09-2021_00:00_image2.jpeg,,,,,,,,
abaerbock_14-09-2021_00:00_image2.jpeg,,,,,Annalena Baerbock,Annalena Baerbock,,
abaerbock_14-09-2021_00:00_image2.jpeg,,,,,,,,
abaerbock_14-09-2021_00:00_image2.jpeg,,,,,,,,
abaerbock_14-09-2021_00:00_image2.jpeg,,,,,,,,
abaerbock_14-09-2021_00:00_image2.jpeg,,,,,,,,
abaerbock_14-09-2021_00:00_image2.jpeg,,,,,,,,
die_gruenen_20-09-2021_00:00_image3.jpeg,,,,,,,,
die_gruenen_20-09-2021_00:00_image3.jpeg,,,,,Annalena Baerbock,Annalena Baerbock,,
abaerbock_14-09-2021_00:00_image5.jpeg,,,,,,,,
abaerbock_14-09-2021_00:00_image5.jpeg,,,,,Annalena Baerbock,Annalena Baerbock,,
abaerbock_14-09-2021_00:00_image5.jpeg,,,,,,,,
abaerbock_14-09-2021_00:00_image5.jpeg,,,,,,,,
abaerbock_14-09-2021_00:00_image5.jpeg,,,,,,,,
abaerbock_14-09-2021_00:00_image5.jpeg,,,,,,,,
abaerbock_14-09-2021_00:00_image5.jpeg,,,,,,,,
abaerbock_14-09-2021_00:00_image5.jpeg,,,,,,,,
abaerbock_14-09-2021_00:00_image5.jpeg,,,,,,,,
abaerbock_14-09-2021_00:00_image5.jpeg,,,,,,,,
abaerbock_14-09-2021_00:00_image5.jpeg,,,,,,,,
abaerbock_14-09-2021_00:00_image5.jpeg,,,,,,,,
cdu_17-09-2021_00:00_video4.jpeg,,,,,,,,
christianlindner_17-09-2021_00:00_image3.jpeg,,,,,,,,
christianlindner_17-09-2021_00:00_image3.jpeg,,,,,,,,
christianlindner_17-09-2021_00:00_image3.jpeg,,,,,,,,
christianlindner_17-09-2021_00:00_image3.jpeg,,,,,,,,
christianlindner_17-09-2021_00:00_image3.jpeg,,,,,,,,
christianlindner_17-09-2021_00:00_image3.jpeg,,,,,,,,
christianlindner_17-09-2021_00:00_image3.jpeg,,,,,,,,
christianlindner_17-09-2021_00:00_image3.jpeg,,,,,,,,
christianlindner_17-09-2021_00:00_image3.jpeg,,,,,,,,
christianlindner_17-09-2021_00:00_image3.jpeg,,,,,,,,
christianlindner_17-09-2021_00:00_image3.jpeg,,,,,,,,
christianlindner_17-09-2021_00:00_image3.jpeg,,,,,,,,
christianlindner_17-09-2021_00:00_image3.jpeg,,,,,,,,
christianlindner_17-09-2021_00:00_image3.jpeg,,,,,,,,
christianlindner_17-09-2021_00:00_image3.jpeg,,,,,,,,
christianlindner_17-09-2021_00:00_image3.jpeg,,,,,,,,
christianlindner_17-09-2021_00:00_image3.jpeg,,,,,,,,
christianlindner_17-09-2021_00:00_image3.jpeg,,,,,,,,
christianlindner_17-09-2021_00:00_image3.jpeg,,,,,,,,
christianlindner_17-09-2021_00:00_image3.jpeg,,,,,,,,
christianlindner_17-09-2021_00:00_image3.jpeg,,,,,,,,
christianlindner_17-09-2021_00:00_image3.jpeg,,,,,,,,
christianlindner_17-09-2021_00:00_image3.jpeg,,,,,,,,
christianlindner_17-09-2021_00:00_image3.jpeg,,,,,,,,
christianlindner_17-09-2021_00:00_image3.jpeg,,,,,,,,
christianlindner_17-09-2021_00:00_image3.jpeg,,,,,,,,
christianlindner_17-09-2021_00:00_image3.jpeg,,,,,,,,
christianlindner_17-09-2021_00:00_image3.jpeg,,,,,,,,
christianlindner_17-09-2021_00:00_image3.jpeg,,,,,,,,
christianlindner_17-09-2021_00:00_image3.jpeg,,,,,,,,
christianlindner_17-09-2021_00:00_image3.jpeg,,,,,,,,
christianlindner_17-09-2021_00:00_image3.jpeg,,,,,,,,
christianlindner_17-09-2021_00:00_image3.jpeg,,,,,,,,
christianlindner_17-09-2021_00:00_image3.jpeg,,,,,,,,
christianlindner_17-09-2021_00:00_image3.jpeg,,,,,,,,
christianlindner_17-09-2021_00:00_image3.jpeg,,,,,,,,
christianlindner_17-09-2021_00:00_image3.jpeg,,,,,,,,
christianlindner_17-09-2021_00:00_image3.jpeg,,,,,,,,
christianlindner_17-09-2021_00:00_image3.jpeg,,,,,,,,
christianlindner_17-09-2021_00:00_image3.jpeg,,,,,,,,
christianlindner_17-09-2021_00:00_image3.jpeg,,,,,,,,
christianlindner_17-09-2021_00:00_image3.jpeg,,,,,,,,
christianlindner_17-09-2021_00:00_image3.jpeg,,,,,,,,
christianlindner_17-09-2021_00:00_image3.jpeg,,,,,,,,
fw_bayern_22-09-2021_00:00_video1.jpeg,,,,,,,,
saskiaesken_25-09-2021_00:00_image2.jpeg,,,,,,,,
saskiaesken_25-09-2021_00:00_image2.jpeg,,,,,Olaf Scholz,Olaf Scholz,,
armin_laschet_24-09-2021_00:00_video4.jpeg,,,,,,,,
armin_laschet_24-09-2021_00:00_video4.jpeg,,,,,Armin Laschet,Armin Laschet,,
abaerbock_26-09-2021_00:00_video0.jpeg,,,,,,,,
abaerbock_26-09-2021_00:00_video0.jpeg,,,,,Annalena Baerbock,Annalena Baerbock,,
armin_laschet_17-09-2021_00:00_video9.jpeg,,,,,,,,
robert.habeck_13-09-2021_00:00_image16.jpeg,,,,,,,,
robert.habeck_13-09-2021_00:00_image16.jpeg,,,,,,,,
robert.habeck_13-09-2021_00:00_image16.jpeg,,,,,,,,
robert.habeck_13-09-2021_00:00_image16.jpeg,,,,,,,,
robert.habeck_13-09-2021_00:00_image16.jpeg,,,,,,,,
robert.habeck_13-09-2021_00:00_image16.jpeg,,,,,Robert Habeck,Robert Habeck,,
robert.habeck_13-09-2021_00:00_image16.jpeg,,,,,,,,
robert.habeck_13-09-2021_00:00_image16.jpeg,,,,,,,,
christianlindner_20-09-2021_00:00_image2.jpeg,,,,,,,,
christianlindner_20-09-2021_00:00_image2.jpeg,,,,,Christian Lindner,Christian Lindner,,
armin_laschet_20-09-2021_00:00_video3.jpeg,,,,,,,,
armin_laschet_20-09-2021_00:00_video3.jpeg,,,,,Armin Laschet,Armin Laschet,,
nicola_beer_21-09-2021_00:00_video0.jpeg,,,,,,,,
afd.bund_17-09-2021_00:00_image11.jpeg,,,,,,,,
afd.bund_17-09-2021_00:00_image11.jpeg,,,,,,,,
robert.habeck_22-09-2021_00:00_image12.jpeg,,,,,,,,
robert.habeck_22-09-2021_00:00_image12.jpeg,,,,,Robert Habeck,Robert Habeck,,
olafscholz_19-09-2021_00:00_image7.jpeg,,,,,,,,
olafscholz_19-09-2021_00:00_image7.jpeg,,,,,,,,
olafscholz_19-09-2021_00:00_image7.jpeg,,,,,,,,
olafscholz_19-09-2021_00:00_image7.jpeg,,,,,,,,
olafscholz_19-09-2021_00:00_image7.jpeg,,,,,,,,
olafscholz_19-09-2021_00:00_image7.jpeg,,,,,,,,
olafscholz_19-09-2021_00:00_image7.jpeg,,,,,,,,
olafscholz_19-09-2021_00:00_image7.jpeg,,,,,,,,
olafscholz_19-09-2021_00:00_image7.jpeg,,,,,,,,
olafscholz_19-09-2021_00:00_image7.jpeg,,,,,,,,
olafscholz_19-09-2021_00:00_image7.jpeg,,,,,,,,
olafscholz_19-09-2021_00:00_image7.jpeg,,,,,,,,
olafscholz_19-09-2021_00:00_image7.jpeg,,,,,,,,
olafscholz_19-09-2021_00:00_image7.jpeg,,,,,,,,
olafscholz_19-09-2021_00:00_image7.jpeg,,,,,,,,
olafscholz_19-09-2021_00:00_image7.jpeg,,,,,,,,
olafscholz_19-09-2021_00:00_image7.jpeg,,,,,,,,
olafscholz_19-09-2021_00:00_image7.jpeg,,,,,,,,
olafscholz_19-09-2021_00:00_image7.jpeg,,,,,,,,
olafscholz_19-09-2021_00:00_image7.jpeg,,,,,,,,
olafscholz_19-09-2021_00:00_image7.jpeg,,,,,,,,
olafscholz_19-09-2021_00:00_image7.jpeg,,,,,,,,
olafscholz_23-09-2021_00:00_video2.jpeg,,,,,,,,
olafscholz_23-09-2021_00:00_video2.jpeg,,,,,,,,
olafscholz_23-09-2021_00:00_video2.jpeg,,,,,,,,
olafscholz_23-09-2021_00:00_video2.jpeg,,,,,,Olaf Scholz,,
fw_bayern_26-09-2021_00:00_video0.jpeg,,,,,,,,
christianlindner_26-09-2021_00:00_image4.jpeg,,,,,,,,
christianlindner_26-09-2021_00:00_image4.jpeg,,,,,,,,
christianlindner_26-09-2021_00:00_image4.jpeg,,,,,,,,
christianlindner_26-09-2021_00:00_image4.jpeg,,,,,Christian Lindner,Christian Lindner,,
christianlindner_26-09-2021_00:00_image4.jpeg,,,,,,,,
christianlindner_26-09-2021_00:00_image4.jpeg,,,,,,,,
christianlindner_26-09-2021_00:00_image4.jpeg,,,,,,,,
susanne_hennig_wellsow_24-09-2021_00:00_video2.jpeg,,,,,,,,
susanne_hennig_wellsow_24-09-2021_00:00_video2.jpeg,,,,,,,,
susanne_hennig_wellsow_24-09-2021_00:00_video2.jpeg,,,,,,,,
susanne_hennig_wellsow_24-09-2021_00:00_video2.jpeg,,,,,Susanne Hennig-Wellsow,,,
susanne_hennig_wellsow_24-09-2021_00:00_video2.jpeg,,,,,,,,
susanne_hennig_wellsow_24-09-2021_00:00_video2.jpeg,,,,,,,,
christlichsozialeunion_25-09-2021_00:00_image0.jpeg,,,,,,,,
susanne_hennig_wellsow_16-09-2021_00:00_video1.jpeg,,,,,,,,
susanne_hennig_wellsow_16-09-2021_00:00_video1.jpeg,,,,,,,,
susanne_hennig_wellsow_16-09-2021_00:00_video1.jpeg,,,,,Susanne Hennig-Wellsow,Susanne Hennig-Wellsow,,
christlichsozialeunion_21-09-2021_00:00_video4.jpeg,,,,,,,,
armin_laschet_24-09-2021_00:00_video0.jpeg,,,,,,,,
armin_laschet_24-09-2021_00:00_video0.jpeg,,,,,,,,
armin_laschet_24-09-2021_00:00_video0.jpeg,,,,,,,,
die_gruenen_13-09-2021_00:00_video9.jpeg,,,,,,,,
die_gruenen_13-09-2021_00:00_video9.jpeg,,,,,Olaf Scholz,Olaf Scholz,,
die_gruenen_13-09-2021_00:00_video9.jpeg,,,,,,,,
die_gruenen_13-09-2021_00:00_video9.jpeg,,,,,Armin Laschet,Armin Laschet,,
christianlindner_18-09-2021_00:00_video4.jpeg,,,,,,,,
christianlindner_18-09-2021_00:00_video4.jpeg,,,,,,,,
christianlindner_18-09-2021_00:00_video4.jpeg,,,,,Christian Lindner,Christian Lindner,,
christianlindner_18-09-2021_00:00_video4.jpeg,,,,,,,,
christianlindner_18-09-2021_00:00_video4.jpeg,,,,,,,,
christianlindner_18-09-2021_00:00_video4.jpeg,,,,,,,,
christianlindner_18-09-2021_00:00_video4.jpeg,,,,,,,,
christianlindner_18-09-2021_00:00_video4.jpeg,,,,,,,,
christianlindner_18-09-2021_00:00_video4.jpeg,,,,,,,,
christianlindner_18-09-2021_00:00_video4.jpeg,,,,,,,,
christianlindner_18-09-2021_00:00_video4.jpeg,,,,,,,,
christianlindner_18-09-2021_00:00_video4.jpeg,,,,,,,,
christianlindner_18-09-2021_00:00_video4.jpeg,,,,,,,,
christianlindner_18-09-2021_00:00_video4.jpeg,,,,,,,,
christianlindner_18-09-2021_00:00_video4.jpeg,,,,,,,,
spdde_19-09-2021_00:00_video2.jpeg,,,,,,,,
spdde_19-09-2021_00:00_video2.jpeg,,,,,,,,
abaerbock_23-09-2021_00:00_video2.jpeg,,,,,,,,
abaerbock_23-09-2021_00:00_video2.jpeg,,,,,,,,
abaerbock_23-09-2021_00:00_video2.jpeg,,,,,Annalena Baerbock,Annalena Baerbock,,
robert.habeck_21-09-2021_00:00_video5.jpeg,,,,,,,,
die_gruenen_20-09-2021_00:00_image0.jpeg,,,,,,,,
die_gruenen_20-09-2021_00:00_image0.jpeg,,,,,Annalena Baerbock,Annalena Baerbock,,
dielinke_25-09-2021_00:00_video3.jpeg,,,,,,,,
dielinke_25-09-2021_00:00_video3.jpeg,,,,,,,,
dielinke_25-09-2021_00:00_video3.jpeg,,,,,,,,
dielinke_25-09-2021_00:00_video3.jpeg,,,,,,,,
dielinke_25-09-2021_00:00_video3.jpeg,,,,,,,,
dielinke_25-09-2021_00:00_video3.jpeg,,,,,,,,
dielinke_25-09-2021_00:00_video3.jpeg,,,,,,,,
dielinke_25-09-2021_00:00_video3.jpeg,,,,,,,,
cdu_20-09-2021_00:00_video4.jpeg,,,,,,,,
cdu_20-09-2021_00:00_video4.jpeg,,,,,,,,
cdu_20-09-2021_00:00_video4.jpeg,,,,,,,,
cdu_20-09-2021_00:00_video25.jpeg,,,,,,,,
cdu_20-09-2021_00:00_video25.jpeg,,,,,,,,
cdu_20-09-2021_00:00_video25.jpeg,,,,,,,,
armin_laschet_17-09-2021_00:00_image9.jpeg,,,,,,,,
armin_laschet_17-09-2021_00:00_image9.jpeg,,,,,,,,
armin_laschet_17-09-2021_00:00_image9.jpeg,,,,,,,,
armin_laschet_17-09-2021_00:00_image9.jpeg,,,,,Armin Laschet,Armin Laschet,,
christlichsozialeunion_23-09-2021_00:00_video1.jpeg,,,,,,,,
olafscholz_26-09-2021_00:00_video8.jpeg,,,,,,,,
olafscholz_26-09-2021_00:00_video8.jpeg,,,,,,,,
olafscholz_26-09-2021_00:00_video8.jpeg,,,,,,,,
olafscholz_26-09-2021_00:00_video8.jpeg,,,,,,,,
olafscholz_26-09-2021_00:00_video8.jpeg,,,,,Olaf Scholz,Olaf Scholz,,
olafscholz_26-09-2021_00:00_video8.jpeg,,,,,,,,
olafscholz_26-09-2021_00:00_video8.jpeg,,,,,,,,
olafscholz_26-09-2021_00:00_video8.jpeg,,,,,,,,
olafscholz_26-09-2021_00:00_video8.jpeg,,,,,,,,
olafscholz_26-09-2021_00:00_video8.jpeg,,,,,,,,
olafscholz_26-09-2021_00:00_video8.jpeg,,,,,,,,
olafscholz_26-09-2021_00:00_video8.jpeg,,,,,,,,
olafscholz_26-09-2021_00:00_video8.jpeg,,,,,,,,
die_gruenen_25-09-2021_00:00_video24.jpeg,,,,,,,,
die_gruenen_25-09-2021_00:00_video24.jpeg,,,,,,,,
die_gruenen_25-09-2021_00:00_video24.jpeg,,,,,Robert Habeck,Robert Habeck,,
nicola_beer_24-09-2021_00:00_video7.jpeg,,,,,,,,
nicola_beer_24-09-2021_00:00_video7.jpeg,,,,,Christian Lindner,Christian Lindner,,
nicola_beer_24-09-2021_00:00_video7.jpeg,,,,,,,,
nicola_beer_24-09-2021_00:00_video7.jpeg,,,,,,,,
nicola_beer_24-09-2021_00:00_video7.jpeg,,,,,Nicola Beer,Nicola Beer,,
christlichsozialeunion_14-09-2021_00:00_video3.jpeg,,,,,,,,
spdde_23-09-2021_00:00_video1.jpeg,,,,,,,,
spdde_23-09-2021_00:00_video1.jpeg,,,,,,,,
cdu_17-09-2021_00:00_image4.jpeg,,,,,,,,
cdu_17-09-2021_00:00_image4.jpeg,,,,,,,,
cdu_17-09-2021_00:00_image4.jpeg,,,,,,,,
cdu_17-09-2021_00:00_image4.jpeg,,,,,,,,
cdu_17-09-2021_00:00_image4.jpeg,,,,,,,,
cdu_17-09-2021_00:00_image4.jpeg,,,,,,,,
cdu_17-09-2021_00:00_image4.jpeg,,,,,,,,
cdu_17-09-2021_00:00_image4.jpeg,,,,,,,,
cdu_17-09-2021_00:00_image4.jpeg,,,,,,,,
cdu_17-09-2021_00:00_image4.jpeg,,,,,,,,
cdu_17-09-2021_00:00_image4.jpeg,,,,,,,,
cdu_17-09-2021_00:00_image4.jpeg,,,,,,,,
cdu_17-09-2021_00:00_image4.jpeg,,,,,,,,
cdu_17-09-2021_00:00_image4.jpeg,,,,,,,,
cdu_17-09-2021_00:00_image4.jpeg,,,,,,,,
cdu_17-09-2021_00:00_image4.jpeg,,,,,,,,
cdu_17-09-2021_00:00_image4.jpeg,,,,,,,,
cdu_17-09-2021_00:00_image4.jpeg,,,,,,,,
abaerbock_23-09-2021_00:00_image16.jpeg,,,,,,,,
abaerbock_23-09-2021_00:00_image16.jpeg,,,,,,,,
abaerbock_23-09-2021_00:00_image16.jpeg,,,,,Annalena Baerbock,Annalena Baerbock,,
abaerbock_23-09-2021_00:00_image16.jpeg,,,,,,,,
abaerbock_23-09-2021_00:00_image16.jpeg,,,,,,,,
abaerbock_23-09-2021_00:00_image16.jpeg,,,,,,,,
abaerbock_23-09-2021_00:00_image16.jpeg,,,,,,,,
abaerbock_23-09-2021_00:00_image16.jpeg,,,,,,,,
abaerbock_23-09-2021_00:00_image16.jpeg,,,,,,,,
abaerbock_23-09-2021_00:00_image16.jpeg,,,,,,,,
abaerbock_23-09-2021_00:00_image16.jpeg,,,,,,,,
abaerbock_23-09-2021_00:00_image16.jpeg,,,,,,,,
abaerbock_23-09-2021_00:00_image16.jpeg,,,,,,,,
fdp_16-09-2021_00:00_image0.jpeg,,,,,,,,
fdp_16-09-2021_00:00_image0.jpeg,,,,,Nicola Beer,Nicola Beer,,
fdp_16-09-2021_00:00_image0.jpeg,,,,,,,,
fdp_16-09-2021_00:00_image0.jpeg,,,,,Nicola Beer,Nicola Beer,,
dielinke_17-09-2021_00:00_video3.jpeg,,,,,,,,
dielinke_17-09-2021_00:00_video3.jpeg,,,,,,,,
dielinke_17-09-2021_00:00_video3.jpeg,,,,,Susanne Hennig-Wellsow,Susanne Hennig-Wellsow,,
robert.habeck_21-09-2021_00:00_image11.jpeg,,,,,,,,
spdde_22-09-2021_00:00_image0.jpeg,,,,,,,,
spdde_22-09-2021_00:00_image0.jpeg,,,,,Saskia Esken,Saskia Esken,,
markus.soeder_21-09-2021_00:00_video1.jpeg,,,,,,,,
markus.soeder_21-09-2021_00:00_video1.jpeg,,,,,Markus Söder,Markus Söder,,
christianlindner_22-09-2021_00:00_image1.jpeg,,,,,,,,
christianlindner_22-09-2021_00:00_image1.jpeg,,,,,Christian Lindner,Christian Lindner,,
robert.habeck_14-09-2021_00:00_image0.jpeg,,,,,,,,
robert.habeck_14-09-2021_00:00_image0.jpeg,,,,,Robert Habeck,Robert Habeck,,
robert.habeck_14-09-2021_00:00_image0.jpeg,,,,,,,,
olafscholz_25-09-2021_00:00_video1.jpeg,,,,,,,,
olafscholz_25-09-2021_00:00_video1.jpeg,,,,,Olaf Scholz,Olaf Scholz,,
olafscholz_25-09-2021_00:00_video1.jpeg,,,,,,,,
olafscholz_25-09-2021_00:00_video1.jpeg,,,,,,,,
olafscholz_25-09-2021_00:00_video1.jpeg,,,,,,,,
olafscholz_25-09-2021_00:00_video1.jpeg,,,,,,,,
olafscholz_25-09-2021_00:00_video1.jpeg,,,,,,,,
olafscholz_25-09-2021_00:00_video1.jpeg,,,,,,,,
olafscholz_25-09-2021_00:00_video1.jpeg,,,,,,,,
olafscholz_25-09-2021_00:00_video1.jpeg,,,,,,,,
armin_laschet_24-09-2021_00:00_image0.jpeg,,,,,,,,
armin_laschet_24-09-2021_00:00_image0.jpeg,,,,,Armin Laschet,Armin Laschet,,
armin_laschet_24-09-2021_00:00_image0.jpeg,,,,,,,,
fw_bayern_17-09-2021_00:00_video2.jpeg,,,,,,,,
fw_bayern_17-09-2021_00:00_video2.jpeg,,,,,,,,
fw_bayern_17-09-2021_00:00_video2.jpeg,,,,,,,,
fw_bayern_17-09-2021_00:00_video2.jpeg,,,,,,,,
fw_bayern_17-09-2021_00:00_video2.jpeg,,,,,,,,
fw_bayern_17-09-2021_00:00_video2.jpeg,,,,,,,,
cdu_21-09-2021_00:00_video2.jpeg,,,,,,,,
cdu_21-09-2021_00:00_video2.jpeg,,,,,Armin Laschet,Armin Laschet,,
cdu_21-09-2021_00:00_video2.jpeg,,,,,,,,
cdu_21-09-2021_00:00_video2.jpeg,,,,,Armin Laschet,Armin Laschet,,
fw_bayern_25-09-2021_00:00_video4.jpeg,,,,,,,,
armin_laschet_24-09-2021_00:00_video15.jpeg,,,,,,,,
armin_laschet_24-09-2021_00:00_video15.jpeg,,,,,Markus Söder,Markus Söder,,
armin_laschet_24-09-2021_00:00_video15.jpeg,,,,,,,,
armin_laschet_24-09-2021_00:00_video15.jpeg,,,,,Markus Söder,Armin Laschet,,
armin_laschet_24-09-2021_00:00_video15.jpeg,,,,,,,,
robert.habeck_17-09-2021_00:00_image15.jpeg,,,,,,,,
robert.habeck_17-09-2021_00:00_image15.jpeg,,,,,,,,
afd.bund_17-09-2021_00:00_image12.jpeg,,,,,,,,
afd.bund_17-09-2021_00:00_image12.jpeg,,,,,,,,
afd.bund_17-09-2021_00:00_image12.jpeg,,,,,,,,
afd.bund_17-09-2021_00:00_image12.jpeg,,,,,,,,
afd.bund_17-09-2021_00:00_image12.jpeg,,,,,,,,
afd.bund_17-09-2021_00:00_image12.jpeg,,,,,,,,
afd.bund_24-09-2021_00:00_video0.jpeg,,,,,,,,
nicola_beer_24-09-2021_00:00_video8.jpeg,,,,,,,,
nicola_beer_24-09-2021_00:00_video8.jpeg,,,,,Christian Lindner,Christian Lindner,,
nicola_beer_24-09-2021_00:00_video8.jpeg,,,,,,,,
nicola_beer_24-09-2021_00:00_video8.jpeg,,,,,,,,
nicola_beer_24-09-2021_00:00_video8.jpeg,,,,,,Nicola Beer,,
abaerbock_13-09-2021_00:00_image0.jpeg,,,,,,,,
abaerbock_13-09-2021_00:00_image0.jpeg,,,,,Annalena Baerbock,Annalena Baerbock,,
armin_laschet_19-09-2021_00:00_video3.jpeg,,,,,,,,
armin_laschet_19-09-2021_00:00_video3.jpeg,,,,,Armin Laschet,Armin Laschet,,
armin_laschet_19-09-2021_00:00_video3.jpeg,,,,,,,,
spdde_14-09-2021_00:00_video4.jpeg,,,,,,,,
cdu_17-09-2021_00:00_video1.jpeg,,,,,,,,
cdu_17-09-2021_00:00_video1.jpeg,,,,,,,,
cdu_17-09-2021_00:00_video1.jpeg,,,,,,,,
cdu_17-09-2021_00:00_video1.jpeg,,,,,,,,
cdu_17-09-2021_00:00_video1.jpeg,,,,,,,,
cdu_17-09-2021_00:00_video1.jpeg,,,,,Armin Laschet,Armin Laschet,,
cdu_17-09-2021_00:00_video1.jpeg,,,,,,,,
cdu_17-09-2021_00:00_video1.jpeg,,,,,,,,
cdu_17-09-2021_00:00_video1.jpeg,,,,,,,,
cdu_17-09-2021_00:00_video1.jpeg,,,,,,,,
cdu_17-09-2021_00:00_video1.jpeg,,,,,,,,
cdu_17-09-2021_00:00_video1.jpeg,,,,,,,,
cdu_17-09-2021_00:00_video1.jpeg,,,,,Armin Laschet,Armin Laschet,,
cdu_17-09-2021_00:00_video1.jpeg,,,,,,,,
cdu_17-09-2021_00:00_video1.jpeg,,,,,,,,
cdu_17-09-2021_00:00_video1.jpeg,,,,,,,,
cdu_17-09-2021_00:00_video1.jpeg,,,,,,,,
cdu_17-09-2021_00:00_video1.jpeg,,,,,,,,
cdu_17-09-2021_00:00_video1.jpeg,,,,,,,,
cdu_17-09-2021_00:00_video1.jpeg,,,,,,,,
cdu_17-09-2021_00:00_video1.jpeg,,,,,,,,
cdu_17-09-2021_00:00_video1.jpeg,,,,,,,,
cdu_17-09-2021_00:00_video1.jpeg,,,,,,,,
cdu_17-09-2021_00:00_video1.jpeg,,,,,,,,
cdu_17-09-2021_00:00_video1.jpeg,,,,,,,,
cdu_17-09-2021_00:00_video1.jpeg,,,,,,,,
cdu_17-09-2021_00:00_video1.jpeg,,,,,,,,
cdu_17-09-2021_00:00_video1.jpeg,,,,,,,,
cdu_17-09-2021_00:00_video1.jpeg,,,,,,,,
cdu_17-09-2021_00:00_video1.jpeg,,,,,,,,
cdu_17-09-2021_00:00_video1.jpeg,,,,,,,,
cdu_17-09-2021_00:00_video1.jpeg,,,,,,,,
cdu_17-09-2021_00:00_video1.jpeg,,,,,,,,
cdu_17-09-2021_00:00_video1.jpeg,,,,,,,,
spdde_20-09-2021_00:00_image5.jpeg,,,,,,,,
spdde_20-09-2021_00:00_image5.jpeg,,,,,Olaf Scholz,Olaf Scholz,,
grey_gor_18-09-2021_00:00_video0.jpeg,,,,,,,,
grey_gor_18-09-2021_00:00_video0.jpeg,,,,,Gregor Voht,Gregor Voht,,
armin_laschet_25-09-2021_00:00_video16.jpeg,,,,,,,,
armin_laschet_25-09-2021_00:00_video16.jpeg,,,,,Armin Laschet,Armin Laschet,,
saskiaesken_25-09-2021_00:00_video0.jpeg,,,,,,,,
saskiaesken_25-09-2021_00:00_video0.jpeg,,,,,Saskia Esken,Saskia Esken,,
saskiaesken_25-09-2021_00:00_video0.jpeg,,,,,,,,
saskiaesken_25-09-2021_00:00_video0.jpeg,,,,,,,,
fw_bayern_19-09-2021_00:00_video4.jpeg,,,,,,,,
fw_bayern_19-09-2021_00:00_video4.jpeg,,,,,,,,
fw_bayern_16-09-2021_00:00_video1.jpeg,,,,,,,,
fw_bayern_16-09-2021_00:00_video1.jpeg,,,,,,,,
fw_bayern_16-09-2021_00:00_video1.jpeg,,,,,,,,
robert.habeck_25-09-2021_00:00_video3.jpeg,,,,,,,,
robert.habeck_25-09-2021_00:00_video3.jpeg,,,,,,,,
robert.habeck_25-09-2021_00:00_video3.jpeg,,,,,Annalena Baerbock,Annalena Baerbock,,
robert.habeck_25-09-2021_00:00_video3.jpeg,,,,,,,,
robert.habeck_25-09-2021_00:00_video3.jpeg,,,,,,,,
robert.habeck_25-09-2021_00:00_video3.jpeg,,,,,,,,
robert.habeck_25-09-2021_00:00_video3.jpeg,,,,,,,,
robert.habeck_25-09-2021_00:00_video3.jpeg,,,,,,,,
olafscholz_22-09-2021_00:00_video1.jpeg,,,,,,,,
olafscholz_22-09-2021_00:00_video1.jpeg,,,,,,,,
olafscholz_22-09-2021_00:00_video1.jpeg,,,,,,,,
olafscholz_22-09-2021_00:00_video1.jpeg,,,,,,,,
markus.soeder_20-09-2021_00:00_video3.jpeg,,,,,,,,
markus.soeder_20-09-2021_00:00_video3.jpeg,,,,,Markus Söder,Markus Söder,,
armin_laschet_21-09-2021_00:00_image3.jpeg,,,,,,,,
armin_laschet_21-09-2021_00:00_image3.jpeg,,,,,Armin Laschet,Armin Laschet,,
abaerbock_13-09-2021_00:00_image6.jpeg,,,,,,,,
abaerbock_13-09-2021_00:00_image6.jpeg,,,,,,,,
abaerbock_13-09-2021_00:00_image6.jpeg,,,,,,,,
christlichsozialeunion_21-09-2021_00:00_video3.jpeg,,,,,,,,
christlichsozialeunion_21-09-2021_00:00_video3.jpeg,,,,,Markus Söder,Markus Söder,,
spdde_20-09-2021_00:00_video2.jpeg,,,,,,,,
spdde_20-09-2021_00:00_video2.jpeg,,,,,,,,
fw_bayern_26-09-2021_00:00_image0.jpeg,,,,,,,,
die_gruenen_23-09-2021_00:00_video0.jpeg,,,,,,,,
cdu_25-09-2021_00:00_video3.jpeg,,,,,,,,
cdu_25-09-2021_00:00_video3.jpeg,,,,,Markus Söder,Markus Söder,,
cdu_25-09-2021_00:00_video3.jpeg,,,,,,,,
cdu_25-09-2021_00:00_video3.jpeg,,,,,,,,
cdu_25-09-2021_00:00_video3.jpeg,,,,,Armin Laschet,Armin Laschet,,
cdu_25-09-2021_00:00_video3.jpeg,,,,,,,,
cdu_25-09-2021_00:00_video3.jpeg,,,,,,,,
cdu_25-09-2021_00:00_video3.jpeg,,,,,,,,
cdu_25-09-2021_00:00_video3.jpeg,,,,,,,,
cdu_25-09-2021_00:00_video3.jpeg,,,,,,,,
cdu_25-09-2021_00:00_video3.jpeg,,,,,,,,
cdu_25-09-2021_00:00_video3.jpeg,,,,,,,,
cdu_25-09-2021_00:00_video3.jpeg,,,,,,,,
cdu_25-09-2021_00:00_video3.jpeg,,,,,,,,
cdu_25-09-2021_00:00_video3.jpeg,,,,,,,,
cdu_25-09-2021_00:00_video3.jpeg,,,,,,,,
cdu_25-09-2021_00:00_video3.jpeg,,,,,,,,
cdu_25-09-2021_00:00_video3.jpeg,,,,,,,,
cdu_25-09-2021_00:00_video3.jpeg,,,,,,,,
cdu_25-09-2021_00:00_video3.jpeg,,,,,,,,
spdde_26-09-2021_00:00_video3.jpeg,,,,,,,,
spdde_26-09-2021_00:00_video3.jpeg,,,,,,,,
spdde_26-09-2021_00:00_video3.jpeg,,,,,,,,
spdde_26-09-2021_00:00_video3.jpeg,,,,,,,,
spdde_26-09-2021_00:00_video3.jpeg,,,,,Armin Laschet,Olaf Scholz,,
spdde_26-09-2021_00:00_video3.jpeg,,,,,,,,
spdde_26-09-2021_00:00_video3.jpeg,,,,,,,,
cdu_17-09-2021_00:00_image2.jpeg,,,,,,,,
cdu_17-09-2021_00:00_image2.jpeg,,,,,Armin Laschet,Armin Laschet,,
cdu_17-09-2021_00:00_image2.jpeg,,,,,,,,
cdu_17-09-2021_00:00_image2.jpeg,,,,,,,,
cdu_17-09-2021_00:00_image2.jpeg,,,,,,,,
cdu_17-09-2021_00:00_image2.jpeg,,,,,,,,
cdu_17-09-2021_00:00_image2.jpeg,,,,,,,,
cdu_17-09-2021_00:00_image2.jpeg,,,,,,,,
cdu_17-09-2021_00:00_image2.jpeg,,,,,,,,
cdu_17-09-2021_00:00_image2.jpeg,,,,,,,,
cdu_17-09-2021_00:00_image2.jpeg,,,,,,,,
cdu_17-09-2021_00:00_image2.jpeg,,,,,,,,
cdu_17-09-2021_00:00_image2.jpeg,,,,,,,,
cdu_17-09-2021_00:00_image2.jpeg,,,,,,,,
cdu_17-09-2021_00:00_image2.jpeg,,,,,,,,
cdu_17-09-2021_00:00_image2.jpeg,,,,,,,,
cdu_17-09-2021_00:00_image2.jpeg,,,,,,,,
cdu_17-09-2021_00:00_image2.jpeg,,,,,,,,
cdu_17-09-2021_00:00_image2.jpeg,,,,,,,,
cdu_17-09-2021_00:00_image2.jpeg,,,,,,,,
cdu_17-09-2021_00:00_image2.jpeg,,,,,,,,
die_gruenen_25-09-2021_00:00_video42.jpeg,,,,,,,,
die_gruenen_25-09-2021_00:00_video42.jpeg,,,,,,,,
die_gruenen_25-09-2021_00:00_video42.jpeg,,,,,Robert Habeck,,,
robert.habeck_17-09-2021_00:00_image11.jpeg,,,,,,,,
robert.habeck_17-09-2021_00:00_image11.jpeg,,,,,Robert Habeck,Robert Habeck,,
robert.habeck_17-09-2021_00:00_image11.jpeg,,,,,,,,
robert.habeck_17-09-2021_00:00_image11.jpeg,,,,,,,,
cdu_23-09-2021_00:00_image1.jpeg,,,,,,,,
cdu_23-09-2021_00:00_image1.jpeg,,,,,Armin Laschet,Armin Laschet,,
cdu_23-09-2021_00:00_image1.jpeg,,,,,,,,
cdu_23-09-2021_00:00_image1.jpeg,,,,,,,,
cdu_23-09-2021_00:00_image1.jpeg,,,,,,,,
christlichsozialeunion_22-09-2021_00:00_image0.jpeg,,,,,,,,
robert.habeck_15-09-2021_00:00_video1.jpeg,,,,,,,,
robert.habeck_15-09-2021_00:00_video1.jpeg,,,,,Robert Habeck,Robert Habeck,,
nicola_beer_22-09-2021_00:00_image1.jpeg,,,,,,,,
armin_laschet_23-09-2021_00:00_video5.jpeg,,,,,,,,
die_gruenen_25-09-2021_00:00_video7.jpeg,,,,,,,,
die_gruenen_25-09-2021_00:00_video7.jpeg,,,,,,,,
robert.habeck_21-09-2021_00:00_video0.jpeg,,,,,,,,
robert.habeck_21-09-2021_00:00_video0.jpeg,,,,,Robert Habeck,Robert Habeck,,
abaerbock_21-09-2021_00:00_image0.jpeg,,,,,,,,
abaerbock_21-09-2021_00:00_image0.jpeg,,,,,Annalena Baerbock,Annalena Baerbock,,
robert.habeck_13-09-2021_00:00_image5.jpeg,,,,,,,,
robert.habeck_13-09-2021_00:00_image5.jpeg,,,,,,,,
robert.habeck_13-09-2021_00:00_image5.jpeg,,,,,,,,
robert.habeck_13-09-2021_00:00_image5.jpeg,,,,,,,,
robert.habeck_13-09-2021_00:00_image5.jpeg,,,,,Robert Habeck,Robert Habeck,,
markus.soeder_16-09-2021_00:00_video8.jpeg,,,,,,,,
markus.soeder_16-09-2021_00:00_video8.jpeg,,,,,Markus Söder,,,
markus.soeder_16-09-2021_00:00_video8.jpeg,,,,,,,,
markus.soeder_16-09-2021_00:00_video8.jpeg,,,,,,,,
markus.soeder_16-09-2021_00:00_video8.jpeg,,,,,,,,
markus.soeder_16-09-2021_00:00_video8.jpeg,,,,,,,,
markus.soeder_16-09-2021_00:00_video8.jpeg,,,,,,,,
markus.soeder_20-09-2021_00:00_image0.jpeg,,,,,,,,
markus.soeder_20-09-2021_00:00_image0.jpeg,,,,,,,,
markus.soeder_20-09-2021_00:00_image0.jpeg,,,,,Markus Söder,Markus Söder,,
markus.soeder_20-09-2021_00:00_image0.jpeg,,,,,,,,
markus.soeder_20-09-2021_00:00_image0.jpeg,,,,,Markus Söder,Markus Söder,,
markus.soeder_20-09-2021_00:00_image0.jpeg,,,,,,,,
robert.habeck_18-09-2021_00:00_video6.jpeg,,,,,,,,
robert.habeck_18-09-2021_00:00_video6.jpeg,,,,,,,,
robert.habeck_18-09-2021_00:00_video6.jpeg,,,,,Robert Habeck,Robert Habeck,,
robert.habeck_18-09-2021_00:00_video6.jpeg,,,,,,,,
robert.habeck_18-09-2021_00:00_video6.jpeg,,,,,,,,
robert.habeck_18-09-2021_00:00_video6.jpeg,,,,,,,,
robert.habeck_18-09-2021_00:00_video6.jpeg,,,,,,,,
robert.habeck_18-09-2021_00:00_video6.jpeg,,,,,,,,
fw_bayern_21-09-2021_00:00_image1.jpeg,,,,,,,,
susanne_hennig_wellsow_16-09-2021_00:00_video5.jpeg,,,,,,,,
susanne_hennig_wellsow_16-09-2021_00:00_video5.jpeg,,,,,,,,
susanne_hennig_wellsow_16-09-2021_00:00_video5.jpeg,,,,,,,,
susanne_hennig_wellsow_16-09-2021_00:00_video5.jpeg,,,,,,,,
susanne_hennig_wellsow_16-09-2021_00:00_video5.jpeg,,,,,,,,
susanne_hennig_wellsow_16-09-2021_00:00_video5.jpeg,,,,,,,,
susanne_hennig_wellsow_16-09-2021_00:00_video5.jpeg,,,,,,,,
cdu_20-09-2021_00:00_image0.jpeg,,,,,,,,
cdu_20-09-2021_00:00_image0.jpeg,,,,,,,,
cdu_20-09-2021_00:00_image0.jpeg,,,,,,,,
cdu_20-09-2021_00:00_image0.jpeg,,,,,,,,
cdu_20-09-2021_00:00_image0.jpeg,,,,,,,,
cdu_20-09-2021_00:00_image0.jpeg,,,,,,,,
cdu_20-09-2021_00:00_image0.jpeg,,,,,,,,
cdu_20-09-2021_00:00_image0.jpeg,,,,,,,,
armin_laschet_18-09-2021_00:00_video0.jpeg,,,,,,,,
armin_laschet_18-09-2021_00:00_video0.jpeg,,,,,,,,
armin_laschet_18-09-2021_00:00_video0.jpeg,,,,,,,,
armin_laschet_18-09-2021_00:00_video0.jpeg,,,,,,,,
armin_laschet_18-09-2021_00:00_video0.jpeg,,,,,,,,
armin_laschet_18-09-2021_00:00_video0.jpeg,,,,,,,,
armin_laschet_18-09-2021_00:00_video0.jpeg,,,,,,,,
armin_laschet_18-09-2021_00:00_video0.jpeg,,,,,,,,
christianlindner_26-09-2021_00:00_image2.jpeg,,,,,,,,
christianlindner_26-09-2021_00:00_image2.jpeg,,,,,,,,
christianlindner_26-09-2021_00:00_image2.jpeg,,,,,,,,
christianlindner_26-09-2021_00:00_image2.jpeg,,,,,,,,
christianlindner_26-09-2021_00:00_image2.jpeg,,,,,,,,
christianlindner_26-09-2021_00:00_image2.jpeg,,,,,,,,
christianlindner_26-09-2021_00:00_image2.jpeg,,,,,,,,
christianlindner_26-09-2021_00:00_image2.jpeg,,,,,,,,
christianlindner_26-09-2021_00:00_image2.jpeg,,,,,,,,
christianlindner_26-09-2021_00:00_image2.jpeg,,,,,,,,
christianlindner_26-09-2021_00:00_image2.jpeg,,,,,,,,
christianlindner_26-09-2021_00:00_image2.jpeg,,,,,,,,
christianlindner_26-09-2021_00:00_image2.jpeg,,,,,,,,
christianlindner_26-09-2021_00:00_image2.jpeg,,,,,,,,
christianlindner_26-09-2021_00:00_image2.jpeg,,,,,,,,
christianlindner_26-09-2021_00:00_image2.jpeg,,,,,,,,
christianlindner_26-09-2021_00:00_image2.jpeg,,,,,,,,
christianlindner_26-09-2021_00:00_image2.jpeg,,,,,Christian Lindner,Christian Lindner,,
christianlindner_26-09-2021_00:00_image2.jpeg,,,,,,,,
christianlindner_26-09-2021_00:00_image2.jpeg,,,,,,,,
christianlindner_26-09-2021_00:00_image2.jpeg,,,,,,,,
christianlindner_26-09-2021_00:00_image2.jpeg,,,,,,,,
christianlindner_26-09-2021_00:00_image2.jpeg,,,,,,,,
christianlindner_26-09-2021_00:00_image2.jpeg,,,,,,,,
christianlindner_26-09-2021_00:00_image2.jpeg,,,,,,,,
christianlindner_26-09-2021_00:00_image2.jpeg,,,,,,,,
christianlindner_26-09-2021_00:00_image2.jpeg,,,,,,,,
christianlindner_26-09-2021_00:00_image2.jpeg,,,,,,,,
christianlindner_26-09-2021_00:00_image2.jpeg,,,,,,,,
christianlindner_26-09-2021_00:00_image2.jpeg,,,,,,,,
christianlindner_26-09-2021_00:00_image2.jpeg,,,,,,,,
christianlindner_26-09-2021_00:00_image2.jpeg,,,,,,,,
christianlindner_26-09-2021_00:00_image2.jpeg,,,,,,,,
christianlindner_26-09-2021_00:00_image2.jpeg,,,,,,,,
christianlindner_26-09-2021_00:00_image2.jpeg,,,,,,,,
christianlindner_26-09-2021_00:00_image2.jpeg,,,,,,,,
christianlindner_26-09-2021_00:00_image2.jpeg,,,,,,,,
christianlindner_26-09-2021_00:00_image2.jpeg,,,,,,,,
christianlindner_26-09-2021_00:00_image2.jpeg,,,,,,,,
christianlindner_26-09-2021_00:00_image2.jpeg,,,,,,,,
afd.bund_17-09-2021_00:00_video6.jpeg,,,,,,,,
afd.bund_17-09-2021_00:00_video6.jpeg,,,,,,,,
die_gruenen_25-09-2021_00:00_video19.jpeg,,,,,,,,
die_gruenen_25-09-2021_00:00_video19.jpeg,,,,,,,,
die_gruenen_25-09-2021_00:00_video19.jpeg,,,,,,,,
die_gruenen_25-09-2021_00:00_video19.jpeg,,,,,,,,
markus.soeder_25-09-2021_00:00_video1.jpeg,,,,,,,,
markus.soeder_25-09-2021_00:00_video1.jpeg,,,,,,,,
markus.soeder_25-09-2021_00:00_video1.jpeg,,,,,Robert Habeck,Markus Söder,,
markus.soeder_25-09-2021_00:00_video1.jpeg,,,,,,,,
markus.soeder_25-09-2021_00:00_video1.jpeg,,,,,Armin Laschet,Armin Laschet,,
fdp_19-09-2021_00:00_video0.jpeg,,,,,,,,
fdp_19-09-2021_00:00_video0.jpeg,,,,,Christian Lindner,Christian Lindner,,
olafscholz_13-09-2021_00:00_video5.jpeg,,,,,,,,
olafscholz_13-09-2021_00:00_video5.jpeg,,,,,,,,
fw_bayern_25-09-2021_00:00_image3.jpeg,,,,,,,,
fw_bayern_25-09-2021_00:00_image3.jpeg,,,,,,,,
spdde_18-09-2021_00:00_video3.jpeg,,,,,,,,
fdp_14-09-2021_00:00_image0.jpeg,,,,,,,,
fdp_14-09-2021_00:00_image0.jpeg,,,,,Christian Lindner,Christian Lindner,,
fdp_14-09-2021_00:00_image0.jpeg,,,,,,,,
fdp_14-09-2021_00:00_image0.jpeg,,,,,,,,
fdp_14-09-2021_00:00_image0.jpeg,,,,,Alice Weidel,Alice Weidel,,
fdp_14-09-2021_00:00_image0.jpeg,,,,,,,,
fdp_14-09-2021_00:00_image0.jpeg,,,,,,,,
fdp_14-09-2021_00:00_image0.jpeg,,,,,Christian Lindner,Christian Lindner,,
christlichsozialeunion_18-09-2021_00:00_video2.jpeg,,,,,,,,
christlichsozialeunion_18-09-2021_00:00_video2.jpeg,,,,,,,,
christlichsozialeunion_18-09-2021_00:00_video2.jpeg,,,,,,,,
christlichsozialeunion_18-09-2021_00:00_video2.jpeg,,,,,Markus Söder,,,
christlichsozialeunion_18-09-2021_00:00_video2.jpeg,,,,,,,,
christlichsozialeunion_18-09-2021_00:00_video2.jpeg,,,,,,Markus Söder,,
christlichsozialeunion_18-09-2021_00:00_video2.jpeg,,,,,Markus Söder,,,
christlichsozialeunion_18-09-2021_00:00_video2.jpeg,,,,,,Markus Söder,,
christianlindner_20-09-2021_00:00_video4.jpeg,,,,,,,,
christianlindner_20-09-2021_00:00_video4.jpeg,,,,,,,,
christianlindner_20-09-2021_00:00_video4.jpeg,,,,,,,,
christianlindner_20-09-2021_00:00_video4.jpeg,,,,,,,,
christianlindner_20-09-2021_00:00_video4.jpeg,,,,,,,,
christianlindner_20-09-2021_00:00_video4.jpeg,,,,,,,,
christianlindner_20-09-2021_00:00_video4.jpeg,,,,,,,,
christianlindner_20-09-2021_00:00_video4.jpeg,,,,,,,,
christianlindner_20-09-2021_00:00_video4.jpeg,,,,,,,,
christianlindner_20-09-2021_00:00_video4.jpeg,,,,,,,,
christianlindner_20-09-2021_00:00_video4.jpeg,,,,,,,,
christianlindner_20-09-2021_00:00_video4.jpeg,,,,,,,,
christianlindner_20-09-2021_00:00_video4.jpeg,,,,,,,,
christianlindner_20-09-2021_00:00_video4.jpeg,,,,,,,,
christianlindner_20-09-2021_00:00_video4.jpeg,,,,,,,,
christianlindner_20-09-2021_00:00_video4.jpeg,,,,,,,,
christianlindner_20-09-2021_00:00_video4.jpeg,,,,,,,,
christianlindner_20-09-2021_00:00_video4.jpeg,,,,,,,,
christianlindner_20-09-2021_00:00_video4.jpeg,,,,,,,,
christianlindner_20-09-2021_00:00_video4.jpeg,,,,,,,,
christianlindner_20-09-2021_00:00_video4.jpeg,,,,,,,,
christianlindner_20-09-2021_00:00_video4.jpeg,,,,,,,,
christianlindner_20-09-2021_00:00_video4.jpeg,,,,,,,,
christianlindner_20-09-2021_00:00_video4.jpeg,,,,,,,,
christianlindner_20-09-2021_00:00_video4.jpeg,,,,,,,,
christianlindner_20-09-2021_00:00_video4.jpeg,,,,,,,,
christianlindner_20-09-2021_00:00_video4.jpeg,,,,,,,,
christianlindner_20-09-2021_00:00_video4.jpeg,,,,,,,,
christianlindner_20-09-2021_00:00_video4.jpeg,,,,,,,,
christianlindner_20-09-2021_00:00_video4.jpeg,,,,,,,,
christianlindner_20-09-2021_00:00_video4.jpeg,,,,,,,,
christianlindner_20-09-2021_00:00_video4.jpeg,,,,,,,,
christianlindner_20-09-2021_00:00_video4.jpeg,,,,,,,,
christianlindner_20-09-2021_00:00_video4.jpeg,,,,,,,,
christianlindner_20-09-2021_00:00_video4.jpeg,,,,,,,,
christianlindner_20-09-2021_00:00_video4.jpeg,,,,,,,,
christianlindner_20-09-2021_00:00_video4.jpeg,,,,,,,,
christianlindner_20-09-2021_00:00_video4.jpeg,,,,,,,,
christianlindner_20-09-2021_00:00_video4.jpeg,,,,,,,,
christianlindner_20-09-2021_00:00_video4.jpeg,,,,,,,,
christianlindner_20-09-2021_00:00_video4.jpeg,,,,,,,,
die_gruenen_25-09-2021_00:00_video18.jpeg,,,,,,,,
die_gruenen_25-09-2021_00:00_video18.jpeg,,,,,,,,
die_gruenen_25-09-2021_00:00_video18.jpeg,,,,,,,,
die_gruenen_25-09-2021_00:00_video18.jpeg,,,,,,,,
die_gruenen_25-09-2021_00:00_video18.jpeg,,,,,Robert Habeck,Robert Habeck,,
die_gruenen_25-09-2021_00:00_video18.jpeg,,,,,,,,
die_gruenen_25-09-2021_00:00_video18.jpeg,,,,,Annalena Baerbock,Annalena Baerbock,,
spdde_13-09-2021_00:00_video8.jpeg,,,,,,,,
spdde_13-09-2021_00:00_video8.jpeg,,,,,Saskia Esken,Saskia Esken,,
olafscholz_20-09-2021_00:00_video4.jpeg,,,,,,,,
olafscholz_20-09-2021_00:00_video4.jpeg,,,,,Olaf Scholz,Olaf Scholz,,
atesgurpinar_13-09-2021_00:00_image1.jpeg,,,,,,,,
atesgurpinar_13-09-2021_00:00_image1.jpeg,,,,,Ates Gürpinar,Ates Gürpinar,,
atesgurpinar_13-09-2021_00:00_image1.jpeg,,,,,,,,
cdu_23-09-2021_00:00_video2.jpeg,,,,,,,,
cdu_23-09-2021_00:00_video2.jpeg,,,,,,,,
cdu_23-09-2021_00:00_video2.jpeg,,,,,,,,
armin_laschet_16-09-2021_00:00_image1.jpeg,,,,,,,,
armin_laschet_16-09-2021_00:00_image1.jpeg,,,,,Armin Laschet,Armin Laschet,,
abaerbock_21-09-2021_00:00_video1.jpeg,,,,,,,,
cdu_26-09-2021_00:00_image0.jpeg,,,,,,,,
cdu_26-09-2021_00:00_image0.jpeg,,,,,Armin Laschet,Armin Laschet,,
cdu_26-09-2021_00:00_image0.jpeg,,,,,,,,
cdu_26-09-2021_00:00_image0.jpeg,,,,,,,,
cdu_26-09-2021_00:00_image0.jpeg,,,,,,,,
cdu_26-09-2021_00:00_image0.jpeg,,,,,,,,
cdu_26-09-2021_00:00_image0.jpeg,,,,,,,,
cdu_26-09-2021_00:00_image0.jpeg,,,,,,,,
cdu_26-09-2021_00:00_image0.jpeg,,,,,,,,
cdu_26-09-2021_00:00_image0.jpeg,,,,,,,,
cdu_26-09-2021_00:00_image0.jpeg,,,,,,,,
olafscholz_21-09-2021_00:00_image0.jpeg,,,,,,,,
olafscholz_21-09-2021_00:00_image0.jpeg,,,,,Armin Laschet,Armin Laschet,,
olafscholz_21-09-2021_00:00_image0.jpeg,,,,,,,,
olafscholz_21-09-2021_00:00_image0.jpeg,,,,,Olaf Scholz,Olaf Scholz,,
olafscholz_21-09-2021_00:00_image0.jpeg,,,,,,,,
olafscholz_21-09-2021_00:00_image0.jpeg,,,,,Annalena Baerbock,Annalena Baerbock,,
armin_laschet_25-09-2021_00:00_video1.jpeg,,,,,,,,
armin_laschet_25-09-2021_00:00_video1.jpeg,,,,,Armin Laschet,Armin Laschet,,
fw_bayern_18-09-2021_00:00_image2.jpeg,,,,,,,,
fw_bayern_18-09-2021_00:00_image2.jpeg,,,,,,,,
fw_bayern_18-09-2021_00:00_image2.jpeg,,,,,,,,
nicola_beer_24-09-2021_00:00_video9.jpeg,,,,,,,,
nicola_beer_24-09-2021_00:00_video9.jpeg,,,,,,,,
nicola_beer_24-09-2021_00:00_video9.jpeg,,,,,,,,
nicola_beer_24-09-2021_00:00_video9.jpeg,,,,,Nicola Beer,Nicola Beer,,
nicola_beer_24-09-2021_00:00_video9.jpeg,,,,,,,,
armin_laschet_24-09-2021_00:00_video9.jpeg,,,,,,,,
armin_laschet_24-09-2021_00:00_video9.jpeg,,,,,,,,
armin_laschet_24-09-2021_00:00_video9.jpeg,,,,,Armin Laschet,Armin Laschet,,
armin_laschet_24-09-2021_00:00_video9.jpeg,,,,,,,,
armin_laschet_24-09-2021_00:00_video9.jpeg,,,,,Markus Söder,Markus Söder,,
armin_laschet_24-09-2021_00:00_video9.jpeg,,,,,,,,
armin_laschet_24-09-2021_00:00_video9.jpeg,,,,,Christian Lindner,Christian Lindner,,
afd.bund_25-09-2021_00:00_image24.jpeg,,,,,,,,
christlichsozialeunion_23-09-2021_00:00_image3.jpeg,,,,,,,,
abaerbock_22-09-2021_00:00_image14.jpeg,,,,,,,,
abaerbock_22-09-2021_00:00_image14.jpeg,,,,,,Annalena Baerbock,,
abaerbock_22-09-2021_00:00_image14.jpeg,,,,,,,,
afd.bund_26-09-2021_00:00_image3.jpeg,,,,,,,,
afd.bund_26-09-2021_00:00_image3.jpeg,,,,,,,,
afd.bund_26-09-2021_00:00_image3.jpeg,,,,,,,,
afd.bund_26-09-2021_00:00_image3.jpeg,,,,,,,,
afd.bund_26-09-2021_00:00_image3.jpeg,,,,,,,,
afd.bund_26-09-2021_00:00_image3.jpeg,,,,,,,,
afd.bund_26-09-2021_00:00_image3.jpeg,,,,,,,,
afd.bund_26-09-2021_00:00_image3.jpeg,,,,,,,,
afd.bund_26-09-2021_00:00_image3.jpeg,,,,,,,,
afd.bund_26-09-2021_00:00_image3.jpeg,,,,,,,,
afd.bund_26-09-2021_00:00_image3.jpeg,,,,,,,,
afd.bund_26-09-2021_00:00_image3.jpeg,,,,,,,,
afd.bund_26-09-2021_00:00_image3.jpeg,,,,,,,,
afd.bund_26-09-2021_00:00_image3.jpeg,,,,,,,,
afd.bund_26-09-2021_00:00_image3.jpeg,,,,,,,,
afd.bund_26-09-2021_00:00_image3.jpeg,,,,,,,,
nicola_beer_14-09-2021_00:00_video0.jpeg,,,,,,,,
nicola_beer_14-09-2021_00:00_video0.jpeg,,,,,,Nicola Beer,,
armin_laschet_24-09-2021_00:00_video11.jpeg,,,,,,,,
armin_laschet_24-09-2021_00:00_video11.jpeg,,,,,Christian Lindner,Christian Lindner,,
armin_laschet_24-09-2021_00:00_video11.jpeg,,,,,,,,
armin_laschet_24-09-2021_00:00_video11.jpeg,,,,,,,,
armin_laschet_24-09-2021_00:00_video11.jpeg,,,,,Markus Söder,Markus Söder,,
armin_laschet_24-09-2021_00:00_video11.jpeg,,,,,,,,
armin_laschet_24-09-2021_00:00_video11.jpeg,,,,,Armin Laschet,Armin Laschet,,
afd.bund_17-09-2021_00:00_image4.jpeg,,,,,,,,
spdde_14-09-2021_00:00_video3.jpeg,,,,,,,,
die_gruenen_25-09-2021_00:00_video26.jpeg,,,,,,,,
die_gruenen_25-09-2021_00:00_video26.jpeg,,,,,Robert Habeck,Robert Habeck,,
die_gruenen_25-09-2021_00:00_video26.jpeg,,,,,,,,
die_gruenen_25-09-2021_00:00_video26.jpeg,,,,,Robert Habeck,Robert Habeck,,
die_gruenen_25-09-2021_00:00_video26.jpeg,,,,,,,,
die_gruenen_25-09-2021_00:00_video26.jpeg,,,,,,,,
christlichsozialeunion_17-09-2021_00:00_video3.jpeg,,,,,,,,
die_gruenen_17-09-2021_00:00_video4.jpeg,,,,,,,,
robert.habeck_17-09-2021_00:00_image13.jpeg,,,,,,,,
robert.habeck_17-09-2021_00:00_image13.jpeg,,,,,Robert Habeck,Robert Habeck,,
robert.habeck_17-09-2021_00:00_image13.jpeg,,,,,,,,
olafscholz_26-09-2021_00:00_video0.jpeg,,,,,,,,
olafscholz_26-09-2021_00:00_video0.jpeg,,,,,Olaf Scholz,Olaf Scholz,,
olafscholz_26-09-2021_00:00_video0.jpeg,,,,,,,,
olafscholz_26-09-2021_00:00_video0.jpeg,,,,,,,,
olafscholz_26-09-2021_00:00_video0.jpeg,,,,,,,,
olafscholz_26-09-2021_00:00_video0.jpeg,,,,,,,,
abaerbock_14-09-2021_00:00_image14.jpeg,,,,,,,,
abaerbock_14-09-2021_00:00_image14.jpeg,,,,,Annalena Baerbock,Annalena Baerbock,,
armin_laschet_26-09-2021_00:00_video4.jpeg,,,,,,,,
armin_laschet_26-09-2021_00:00_video4.jpeg,,,,,Armin Laschet,Armin Laschet,,
afd.bund_25-09-2021_00:00_image14.jpeg,,,,,,,,
afd.bund_25-09-2021_00:00_image14.jpeg,,,,,,,,
afd.bund_25-09-2021_00:00_image14.jpeg,,,,,,,,
afd.bund_25-09-2021_00:00_image14.jpeg,,,,,Alice Weidel,Alice Weidel,,
afd.bund_25-09-2021_00:00_image14.jpeg,,,,,,,,
christianlindner_24-09-2021_00:00_image3.jpeg,,,,,,,,
christianlindner_24-09-2021_00:00_image3.jpeg,,,,,,,,
christianlindner_24-09-2021_00:00_image3.jpeg,,,,,Annalena Baerbock,Annalena Baerbock,,
christianlindner_24-09-2021_00:00_image3.jpeg,,,,,,,,
christianlindner_24-09-2021_00:00_image3.jpeg,,,,,,,,
christianlindner_24-09-2021_00:00_image3.jpeg,,,,,Alice Weidel,Alice Weidel,,
christianlindner_24-09-2021_00:00_image3.jpeg,,,,,,,,
christianlindner_24-09-2021_00:00_image3.jpeg,,,,,Markus Söder,Markus Söder,,
christianlindner_24-09-2021_00:00_image3.jpeg,,,,,,,,
christianlindner_24-09-2021_00:00_image3.jpeg,,,,,Christian Lindner,Christian Lindner,,
christianlindner_24-09-2021_00:00_image3.jpeg,,,,,,,,
christianlindner_24-09-2021_00:00_image3.jpeg,,,,,Armin Laschet,Armin Laschet,,
christlichsozialeunion_20-09-2021_00:00_video4.jpeg,,,,,,,,
christlichsozialeunion_20-09-2021_00:00_video4.jpeg,,,,,,,,
christlichsozialeunion_20-09-2021_00:00_video4.jpeg,,,,,,,,
christlichsozialeunion_20-09-2021_00:00_video4.jpeg,,,,,Markus Söder,Markus Söder,,
fw_bayern_21-09-2021_00:00_image3.jpeg,,,,,,,,
fw_bayern_21-09-2021_00:00_image3.jpeg,,,,,,,,
fw_bayern_21-09-2021_00:00_image3.jpeg,,,,,,,,
fw_bayern_21-09-2021_00:00_image3.jpeg,,,,,,,,
cdu_13-09-2021_00:00_image0.jpeg,,,,,,,,
cdu_13-09-2021_00:00_image0.jpeg,,,,,,,,
cdu_13-09-2021_00:00_image0.jpeg,,,,,,,,
cdu_13-09-2021_00:00_image0.jpeg,,,,,,,,
cdu_13-09-2021_00:00_image0.jpeg,,,,,,,,
cdu_13-09-2021_00:00_image0.jpeg,,,,,,,,
cdu_13-09-2021_00:00_image0.jpeg,,,,,,,,
cdu_13-09-2021_00:00_image0.jpeg,,,,,,,,
die_gruenen_17-09-2021_00:00_image1.jpeg,,,,,,,,
abaerbock_13-09-2021_00:00_image2.jpeg,,,,,,,,
abaerbock_13-09-2021_00:00_image2.jpeg,,,,,Annalena Baerbock,Annalena Baerbock,,
olafscholz_18-09-2021_00:00_video7.jpeg,,,,,,,,
olafscholz_18-09-2021_00:00_video7.jpeg,,,,,,Olaf Scholz,,
fw_bayern_14-09-2021_00:00_image3.jpeg,,,,,,,,
fw_bayern_14-09-2021_00:00_image3.jpeg,,,,,,,,
christlichsozialeunion_23-09-2021_00:00_video2.jpeg,,,,,,,,
fw_bayern_21-09-2021_00:00_image0.jpeg,,,,,,,,
fw_bayern_21-09-2021_00:00_image0.jpeg,,,,,Markus Söder,Markus Söder,,
fw_bayern_21-09-2021_00:00_image0.jpeg,,,,,,,,
fw_bayern_21-09-2021_00:00_image0.jpeg,,,,,,,,
armin_laschet_20-09-2021_00:00_video1.jpeg,,,,,,,,
armin_laschet_20-09-2021_00:00_video1.jpeg,,,,,Armin Laschet,Armin Laschet,,
nicola_beer_20-09-2021_00:00_image2.jpeg,,,,,,,,
nicola_beer_20-09-2021_00:00_image2.jpeg,,,,,Nicola Beer,Nicola Beer,,
nicola_beer_20-09-2021_00:00_image2.jpeg,,,,,,,,
nicola_beer_20-09-2021_00:00_image2.jpeg,,,,,,,,
nicola_beer_20-09-2021_00:00_image2.jpeg,,,,,,,,
cdu_23-09-2021_00:00_video13.jpeg,,,,,,,,
cdu_23-09-2021_00:00_video13.jpeg,,,,,,Saskia Esken,,
cdu_23-09-2021_00:00_video13.jpeg,,,,,,,,
cdu_23-09-2021_00:00_video13.jpeg,,,,,Armin Laschet,,,
cdu_23-09-2021_00:00_video13.jpeg,,,,,,,,
cdu_23-09-2021_00:00_video13.jpeg,,,,,,,,
cdu_23-09-2021_00:00_video13.jpeg,,,,,,,,
afd.bund_23-09-2021_00:00_video0.jpeg,,,,,,,,
afd.bund_23-09-2021_00:00_video0.jpeg,,,,,,,,
afd.bund_23-09-2021_00:00_video0.jpeg,,,,,,,,
afd.bund_23-09-2021_00:00_video0.jpeg,,,,,,,,
afd.bund_23-09-2021_00:00_video0.jpeg,,,,,,,,
afd.bund_23-09-2021_00:00_video0.jpeg,,,,,,,,
afd.bund_23-09-2021_00:00_video0.jpeg,,,,,,,,
afd.bund_23-09-2021_00:00_video0.jpeg,,,,,,,,
afd.bund_23-09-2021_00:00_video0.jpeg,,,,,,,,
afd.bund_23-09-2021_00:00_video0.jpeg,,,,,,,,
afd.bund_23-09-2021_00:00_video0.jpeg,,,,,,,,
afd.bund_23-09-2021_00:00_video0.jpeg,,,,,,,,
afd.bund_23-09-2021_00:00_video0.jpeg,,,,,,,,
afd.bund_23-09-2021_00:00_video0.jpeg,,,,,,,,
afd.bund_23-09-2021_00:00_video0.jpeg,,,,,,,,
afd.bund_23-09-2021_00:00_video0.jpeg,,,,,,,,
afd.bund_23-09-2021_00:00_video0.jpeg,,,,,,,,
afd.bund_23-09-2021_00:00_video0.jpeg,,,,,,,,
afd.bund_23-09-2021_00:00_video0.jpeg,,,,,,,,
afd.bund_23-09-2021_00:00_video0.jpeg,,,,,,,,
afd.bund_23-09-2021_00:00_video0.jpeg,,,,,,,,
afd.bund_23-09-2021_00:00_video0.jpeg,,,,,,,,
afd.bund_23-09-2021_00:00_video0.jpeg,,,,,,,,
afd.bund_23-09-2021_00:00_video0.jpeg,,,,,,,,
afd.bund_23-09-2021_00:00_video0.jpeg,,,,,,,,
afd.bund_23-09-2021_00:00_video0.jpeg,,,,,,,,
grey_gor_19-09-2021_00:00_video0.jpeg,,,,,,,,
robert.habeck_25-09-2021_00:00_video5.jpeg,,,,,,,,
robert.habeck_25-09-2021_00:00_video5.jpeg,,,,,,,,
robert.habeck_25-09-2021_00:00_video5.jpeg,,,,,Robert Habeck,Robert Habeck,,
robert.habeck_25-09-2021_00:00_video5.jpeg,,,,,,,,
robert.habeck_25-09-2021_00:00_video5.jpeg,,,,,Robert Habeck,Robert Habeck,,
fw_bayern_16-09-2021_00:00_image2.jpeg,,,,,,,,
afd.bund_19-09-2021_00:00_image1.jpeg,,,,,,,,
afd.bund_19-09-2021_00:00_image1.jpeg,,,,,Alice Weidel,Alice Weidel,,
afd.bund_19-09-2021_00:00_image1.jpeg,,,,,,,,
christianlindner_18-09-2021_00:00_image2.jpeg,,,,,,,,
christianlindner_18-09-2021_00:00_image2.jpeg,,,,,,,,
christianlindner_18-09-2021_00:00_image2.jpeg,,,,,,,,
christianlindner_18-09-2021_00:00_image2.jpeg,,,,,,,,
die_gruenen_23-09-2021_00:00_video3.jpeg,,,,,,,,
afd.bund_25-09-2021_00:00_image16.jpeg,,,,,,,,
afd.bund_25-09-2021_00:00_image16.jpeg,,,,,,,,
afd.bund_25-09-2021_00:00_image16.jpeg,,,,,,,,
armin_laschet_17-09-2021_00:00_image7.jpeg,,,,,,,,
armin_laschet_17-09-2021_00:00_image7.jpeg,,,,,,,,
armin_laschet_17-09-2021_00:00_image7.jpeg,,,,,,,,
armin_laschet_17-09-2021_00:00_image7.jpeg,,,,,Armin Laschet,Armin Laschet,,
armin_laschet_17-09-2021_00:00_image7.jpeg,,,,,,,,
armin_laschet_17-09-2021_00:00_image7.jpeg,,,,,,,,
armin_laschet_17-09-2021_00:00_image7.jpeg,,,,,,,,
armin_laschet_17-09-2021_00:00_image7.jpeg,,,,,,,,
armin_laschet_17-09-2021_00:00_image7.jpeg,,,,,,,,
armin_laschet_17-09-2021_00:00_image7.jpeg,,,,,,,,
armin_laschet_17-09-2021_00:00_image7.jpeg,,,,,,,,
armin_laschet_17-09-2021_00:00_image7.jpeg,,,,,,,,
armin_laschet_17-09-2021_00:00_image7.jpeg,,,,,,,,
armin_laschet_17-09-2021_00:00_image7.jpeg,,,,,,,,
armin_laschet_17-09-2021_00:00_image7.jpeg,,,,,,,,
armin_laschet_17-09-2021_00:00_image7.jpeg,,,,,,,,
armin_laschet_17-09-2021_00:00_image7.jpeg,,,,,,,,
armin_laschet_17-09-2021_00:00_image7.jpeg,,,,,,,,
armin_laschet_17-09-2021_00:00_image7.jpeg,,,,,,,,
robert.habeck_15-09-2021_00:00_video3.jpeg,,,,,,,,
robert.habeck_15-09-2021_00:00_video3.jpeg,,,,,Robert Habeck,Robert Habeck,,
robert.habeck_15-09-2021_00:00_video3.jpeg,,,,,,,,
die_gruenen_13-09-2021_00:00_image3.jpeg,,,,,,,,
die_gruenen_13-09-2021_00:00_image3.jpeg,,,,,Armin Laschet,Armin Laschet,,
die_gruenen_13-09-2021_00:00_image3.jpeg,,,,,,,,
cdu_20-09-2021_00:00_video9.jpeg,,,,,,,,
cdu_20-09-2021_00:00_video9.jpeg,,,,,,Susanne Hennig-Wellsow,,
fw_bayern_25-09-2021_00:00_video1.jpeg,,,,,,,,
fw_bayern_25-09-2021_00:00_video1.jpeg,,,,,,,,
fw_bayern_17-09-2021_00:00_video1.jpeg,,,,,,,,
dielinke_25-09-2021_00:00_video4.jpeg,,,,,,,,
dielinke_25-09-2021_00:00_video4.jpeg,,,,,,,,
afd.bund_25-09-2021_00:00_image25.jpeg,,,,,,,,
afd.bund_25-09-2021_00:00_image25.jpeg,,,,,,,,
afd.bund_25-09-2021_00:00_image25.jpeg,,,,,,,,
afd.bund_25-09-2021_00:00_image25.jpeg,,,,,,,,
afd.bund_25-09-2021_00:00_image25.jpeg,,,,,,,,
afd.bund_25-09-2021_00:00_image25.jpeg,,,,,,,,
afd.bund_25-09-2021_00:00_image25.jpeg,,,,,,,,
afd.bund_25-09-2021_00:00_image25.jpeg,,,,,,,,
afd.bund_25-09-2021_00:00_image25.jpeg,,,,,,,,
afd.bund_25-09-2021_00:00_image25.jpeg,,,,,,,,
afd.bund_25-09-2021_00:00_image25.jpeg,,,,,,,,
afd.bund_25-09-2021_00:00_image25.jpeg,,,,,,,,
afd.bund_25-09-2021_00:00_image25.jpeg,,,,,,,,
afd.bund_25-09-2021_00:00_image25.jpeg,,,,,,,,
afd.bund_25-09-2021_00:00_image25.jpeg,,,,,,,,
afd.bund_25-09-2021_00:00_image25.jpeg,,,,,,,,
afd.bund_25-09-2021_00:00_image25.jpeg,,,,,,,,
afd.bund_25-09-2021_00:00_image25.jpeg,,,,,,,,
afd.bund_25-09-2021_00:00_image25.jpeg,,,,,,,,
afd.bund_25-09-2021_00:00_image25.jpeg,,,,,,,,
afd.bund_25-09-2021_00:00_image25.jpeg,,,,,,,,
afd.bund_25-09-2021_00:00_image25.jpeg,,,,,,,,
afd.bund_25-09-2021_00:00_image25.jpeg,,,,,,,,
afd.bund_25-09-2021_00:00_image25.jpeg,,,,,,,,
afd.bund_25-09-2021_00:00_image25.jpeg,,,,,,,,
afd.bund_25-09-2021_00:00_image25.jpeg,,,,,,,,
olafscholz_18-09-2021_00:00_video8.jpeg,,,,,,,,
olafscholz_18-09-2021_00:00_video8.jpeg,,,,,,,,
olafscholz_18-09-2021_00:00_video8.jpeg,,,,,Olaf Scholz,Olaf Scholz,,
olafscholz_18-09-2021_00:00_video8.jpeg,,,,,,,,
olafscholz_18-09-2021_00:00_video8.jpeg,,,,,,,,
armin_laschet_23-09-2021_00:00_image1.jpeg,,,,,,,,
armin_laschet_23-09-2021_00:00_image1.jpeg,,,,,Armin Laschet,Armin Laschet,,
armin_laschet_23-09-2021_00:00_image6.jpeg,,,,,,,,
armin_laschet_23-09-2021_00:00_image6.jpeg,,,,,,,,
armin_laschet_23-09-2021_00:00_image6.jpeg,,,,,,,,
armin_laschet_23-09-2021_00:00_image6.jpeg,,,,,,,,
armin_laschet_23-09-2021_00:00_image6.jpeg,,,,,,,,
armin_laschet_23-09-2021_00:00_image6.jpeg,,,,,,,,
armin_laschet_23-09-2021_00:00_image6.jpeg,,,,,,,,
armin_laschet_23-09-2021_00:00_image6.jpeg,,,,,,,,
armin_laschet_23-09-2021_00:00_image6.jpeg,,,,,,,,
armin_laschet_23-09-2021_00:00_image6.jpeg,,,,,,,,
armin_laschet_23-09-2021_00:00_image6.jpeg,,,,,Armin Laschet,Armin Laschet,,
armin_laschet_23-09-2021_00:00_image6.jpeg,,,,,,,,
armin_laschet_23-09-2021_00:00_image6.jpeg,,,,,,,,
armin_laschet_23-09-2021_00:00_image6.jpeg,,,,,,,,
armin_laschet_23-09-2021_00:00_image6.jpeg,,,,,,,,
armin_laschet_23-09-2021_00:00_image6.jpeg,,,,,,,,
armin_laschet_23-09-2021_00:00_image6.jpeg,,,,,,,,
armin_laschet_23-09-2021_00:00_image6.jpeg,,,,,,,,
armin_laschet_23-09-2021_00:00_image6.jpeg,,,,,,,,
armin_laschet_23-09-2021_00:00_image6.jpeg,,,,,,,,
armin_laschet_23-09-2021_00:00_image6.jpeg,,,,,,,,
armin_laschet_23-09-2021_00:00_image6.jpeg,,,,,,,,
armin_laschet_23-09-2021_00:00_image6.jpeg,,,,,,,,
armin_laschet_23-09-2021_00:00_image6.jpeg,,,,,,,,
armin_laschet_23-09-2021_00:00_image6.jpeg,,,,,,,,
cdu_25-09-2021_00:00_video5.jpeg,,,,,,,,
afd.bund_17-09-2021_00:00_video10.jpeg,,,,,,,,
afd.bund_17-09-2021_00:00_video10.jpeg,,,,,,,,
afd.bund_17-09-2021_00:00_video10.jpeg,,,,,,,,
afd.bund_17-09-2021_00:00_video10.jpeg,,,,,,,,
afd.bund_17-09-2021_00:00_video10.jpeg,,,,,,,,
afd.bund_17-09-2021_00:00_video10.jpeg,,,,,,,,
afd.bund_17-09-2021_00:00_video10.jpeg,,,,,,,,
afd.bund_17-09-2021_00:00_video10.jpeg,,,,,,,,
afd.bund_17-09-2021_00:00_video10.jpeg,,,,,,,,
afd.bund_17-09-2021_00:00_video10.jpeg,,,,,,,,
afd.bund_17-09-2021_00:00_video10.jpeg,,,,,,,,
afd.bund_17-09-2021_00:00_video10.jpeg,,,,,,,,
afd.bund_17-09-2021_00:00_video10.jpeg,,,,,,,,
afd.bund_17-09-2021_00:00_video10.jpeg,,,,,,,,
afd.bund_17-09-2021_00:00_video10.jpeg,,,,,,,,
afd.bund_17-09-2021_00:00_video10.jpeg,,,,,,,,
afd.bund_17-09-2021_00:00_video10.jpeg,,,,,,,,
afd.bund_17-09-2021_00:00_video10.jpeg,,,,,,,,
afd.bund_17-09-2021_00:00_video10.jpeg,,,,,,,,
dielinke_24-09-2021_00:00_image0.jpeg,,,,,,,,
dielinke_24-09-2021_00:00_image0.jpeg,,,,,,,,
dielinke_24-09-2021_00:00_image0.jpeg,,,,,,,,
dielinke_24-09-2021_00:00_image0.jpeg,,,,,,,,
dielinke_24-09-2021_00:00_image0.jpeg,,,,,,,,
fw_bayern_24-09-2021_00:00_image0.jpeg,,,,,,,,
spdde_19-09-2021_00:00_video8.jpeg,,,,,,,,
spdde_19-09-2021_00:00_video8.jpeg,,,,,Olaf Scholz,Olaf Scholz,,
armin_laschet_26-09-2021_00:00_video6.jpeg,,,,,,,,
armin_laschet_26-09-2021_00:00_video6.jpeg,,,,,,,,
armin_laschet_26-09-2021_00:00_video6.jpeg,,,,,Armin Laschet,Armin Laschet,,
olafscholz_21-09-2021_00:00_video2.jpeg,,,,,,,,
olafscholz_21-09-2021_00:00_video2.jpeg,,,,,,,,
olafscholz_21-09-2021_00:00_video2.jpeg,,,,,Olaf Scholz,Olaf Scholz,,
olafscholz_21-09-2021_00:00_video2.jpeg,,,,,,,,
cdu_22-09-2021_00:00_video1.jpeg,,,,,,,,
cdu_22-09-2021_00:00_video1.jpeg,,,,,,,,
cdu_22-09-2021_00:00_video1.jpeg,,,,,,,,
cdu_22-09-2021_00:00_video1.jpeg,,,,,Armin Laschet,Armin Laschet,,
cdu_22-09-2021_00:00_video1.jpeg,,,,,,,,
abaerbock_17-09-2021_00:00_image1.jpeg,,,,,,,,
nicola_beer_16-09-2021_00:00_image1.jpeg,,,,,,,,
nicola_beer_16-09-2021_00:00_image1.jpeg,,,,,,,,
nicola_beer_16-09-2021_00:00_image1.jpeg,,,,,Nicola Beer,Nicola Beer,,
christianlindner_25-09-2021_00:00_image6.jpeg,,,,,,,,
christianlindner_25-09-2021_00:00_image6.jpeg,,,,,Christian Lindner,Christian Lindner,,
christianlindner_25-09-2021_00:00_image6.jpeg,,,,,,,,
christianlindner_25-09-2021_00:00_image6.jpeg,,,,,Christian Lindner,Christian Lindner,,
christianlindner_25-09-2021_00:00_image6.jpeg,,,,,,,,
cdu_23-09-2021_00:00_video11.jpeg,,,,,,,,
cdu_23-09-2021_00:00_video11.jpeg,,,,,,,,
cdu_23-09-2021_00:00_video11.jpeg,,,,,,,,
cdu_23-09-2021_00:00_video11.jpeg,,,,,Armin Laschet,Armin Laschet,,
cdu_20-09-2021_00:00_video21.jpeg,,,,,,,,
cdu_20-09-2021_00:00_video21.jpeg,,,,,Armin Laschet,Armin Laschet,,
cdu_20-09-2021_00:00_video21.jpeg,,,,,,,,
cdu_20-09-2021_00:00_video21.jpeg,,,,,Annalena Baerbock,Annalena Baerbock,,
cdu_20-09-2021_00:00_video21.jpeg,,,,,,,,
armin_laschet_14-09-2021_00:00_image1.jpeg,,,,,,,,
armin_laschet_14-09-2021_00:00_image1.jpeg,,,,,,,,
armin_laschet_14-09-2021_00:00_image1.jpeg,,,,,Armin Laschet,Armin Laschet,,
armin_laschet_14-09-2021_00:00_image1.jpeg,,,,,,,,
armin_laschet_14-09-2021_00:00_image1.jpeg,,,,,Armin Laschet,Armin Laschet,,
armin_laschet_14-09-2021_00:00_image1.jpeg,,,,,,,,
fw_bayern_17-09-2021_00:00_image2.jpeg,,,,,,,,
christlichsozialeunion_24-09-2021_00:00_video0.jpeg,,,,,,,,
christlichsozialeunion_24-09-2021_00:00_video0.jpeg,,,,,Markus Söder,Markus Söder,,
robert.habeck_25-09-2021_00:00_image10.jpeg,,,,,,,,
robert.habeck_25-09-2021_00:00_image10.jpeg,,,,,Robert Habeck,Robert Habeck,,
robert.habeck_25-09-2021_00:00_image10.jpeg,,,,,,,,
robert.habeck_25-09-2021_00:00_image10.jpeg,,,,,Annalena Baerbock,Annalena Baerbock,,
robert.habeck_25-09-2021_00:00_image10.jpeg,,,,,,,,
susanne_hennig_wellsow_19-09-2021_00:00_image0.jpeg,,,,,,,,
susanne_hennig_wellsow_19-09-2021_00:00_image0.jpeg,,,,,,,,
christlichsozialeunion_23-09-2021_00:00_image2.jpeg,,,,,,,,
christlichsozialeunion_23-09-2021_00:00_image2.jpeg,,,,,,,,
die_gruenen_25-09-2021_00:00_video15.jpeg,,,,,,,,
fw_bayern_14-09-2021_00:00_video1.jpeg,,,,,,,,
fw_bayern_14-09-2021_00:00_video1.jpeg,,,,,,,,
fw_bayern_14-09-2021_00:00_video1.jpeg,,,,,,,,
fw_bayern_14-09-2021_00:00_video1.jpeg,,,,,,,,
abaerbock_26-09-2021_00:00_video1.jpeg,,,,,,,,
abaerbock_26-09-2021_00:00_video1.jpeg,,,,,,,,
abaerbock_26-09-2021_00:00_video1.jpeg,,,,,Annalena Baerbock,Annalena Baerbock,,
nicola_beer_22-09-2021_00:00_image9.jpeg,,,,,,,,
nicola_beer_22-09-2021_00:00_image9.jpeg,,,,,,Nicola Beer,,
nicola_beer_22-09-2021_00:00_image9.jpeg,,,,,,,,
robert.habeck_25-09-2021_00:00_image15.jpeg,,,,,,,,
robert.habeck_25-09-2021_00:00_image15.jpeg,,,,,,,,
robert.habeck_25-09-2021_00:00_image15.jpeg,,,,,,,,
robert.habeck_25-09-2021_00:00_image15.jpeg,,,,,,,,
robert.habeck_25-09-2021_00:00_image15.jpeg,,,,,,,,
robert.habeck_25-09-2021_00:00_image15.jpeg,,,,,,,,
robert.habeck_25-09-2021_00:00_image15.jpeg,,,,,,,,
robert.habeck_25-09-2021_00:00_image15.jpeg,,,,,,,,
robert.habeck_25-09-2021_00:00_image15.jpeg,,,,,,,,
robert.habeck_25-09-2021_00:00_image15.jpeg,,,,,,,,
robert.habeck_25-09-2021_00:00_image15.jpeg,,,,,,,,
robert.habeck_25-09-2021_00:00_image15.jpeg,,,,,,,,
robert.habeck_25-09-2021_00:00_image15.jpeg,,,,,,,,
armin_laschet_13-09-2021_00:00_image2.jpeg,,,,,,,,
armin_laschet_13-09-2021_00:00_image2.jpeg,,,,,Armin Laschet,Armin Laschet,,
abaerbock_23-09-2021_00:00_image0.jpeg,,,,,,,,
abaerbock_23-09-2021_00:00_image0.jpeg,,,,,,,,
abaerbock_23-09-2021_00:00_image0.jpeg,,,,,Annalena Baerbock,Annalena Baerbock,,
spdde_19-09-2021_00:00_video4.jpeg,,,,,,,,
afd.bund_17-09-2021_00:00_video8.jpeg,,,,,,,,
afd.bund_17-09-2021_00:00_video8.jpeg,,,,,,,,
afd.bund_17-09-2021_00:00_video8.jpeg,,,,,,,,
afd.bund_17-09-2021_00:00_video8.jpeg,,,,,,,,
afd.bund_17-09-2021_00:00_video8.jpeg,,,,,,,,
afd.bund_17-09-2021_00:00_video8.jpeg,,,,,,,,
christlichsozialeunion_17-09-2021_00:00_video2.jpeg,,,,,,,,
christlichsozialeunion_17-09-2021_00:00_video2.jpeg,,,,,Annalena Baerbock,Annalena Baerbock,,
christlichsozialeunion_17-09-2021_00:00_video2.jpeg,,,,,,,,
christlichsozialeunion_17-09-2021_00:00_video2.jpeg,,,,,Susanne Hennig-Wellsow,,,
christlichsozialeunion_17-09-2021_00:00_video2.jpeg,,,,,,Olaf Scholz,,
christlichsozialeunion_17-09-2021_00:00_video2.jpeg,,,,,Olaf Scholz,,,
christlichsozialeunion_17-09-2021_00:00_video2.jpeg,,,,,,,,
christlichsozialeunion_17-09-2021_00:00_video2.jpeg,,,,,,,,
christlichsozialeunion_17-09-2021_00:00_video2.jpeg,,,,,,Saskia Esken,,
christlichsozialeunion_17-09-2021_00:00_video2.jpeg,,,,,Saskia Esken,,,
fw_bayern_19-09-2021_00:00_video5.jpeg,,,,,,,,
fw_bayern_19-09-2021_00:00_video5.jpeg,,,,,Engin Eroglu,,,
fw_bayern_19-09-2021_00:00_video5.jpeg,,,,,,,,
cdu_16-09-2021_00:00_video8.jpeg,,,,,,,,
dielinke_25-09-2021_00:00_video0.jpeg,,,,,,,,
markus.soeder_24-09-2021_00:00_image5.jpeg,,,,,,,,
markus.soeder_24-09-2021_00:00_image5.jpeg,,,,,Markus Söder,Markus Söder,,
robert.habeck_13-09-2021_00:00_image0.jpeg,,,,,,,,
robert.habeck_13-09-2021_00:00_image0.jpeg,,,,,Robert Habeck,Robert Habeck,,
armin_laschet_18-09-2021_00:00_image1.jpeg,,,,,,,,
armin_laschet_18-09-2021_00:00_image1.jpeg,,,,,Armin Laschet,Armin Laschet,,
robert.habeck_23-09-2021_00:00_image9.jpeg,,,,,,,,
robert.habeck_23-09-2021_00:00_image9.jpeg,,,,,,,,
robert.habeck_23-09-2021_00:00_image9.jpeg,,,,,,,,
robert.habeck_23-09-2021_00:00_image9.jpeg,,,,,,,,
robert.habeck_23-09-2021_00:00_image9.jpeg,,,,,,,,
robert.habeck_23-09-2021_00:00_image9.jpeg,,,,,,,,
robert.habeck_23-09-2021_00:00_image9.jpeg,,,,,,,,
robert.habeck_23-09-2021_00:00_image9.jpeg,,,,,,,,
robert.habeck_23-09-2021_00:00_image9.jpeg,,,,,,,,
robert.habeck_23-09-2021_00:00_image9.jpeg,,,,,,,,
robert.habeck_23-09-2021_00:00_image9.jpeg,,,,,,,,
robert.habeck_23-09-2021_00:00_image9.jpeg,,,,,,,,
robert.habeck_23-09-2021_00:00_image9.jpeg,,,,,,,,
robert.habeck_23-09-2021_00:00_image9.jpeg,,,,,,,,
robert.habeck_23-09-2021_00:00_image9.jpeg,,,,,,,,
robert.habeck_23-09-2021_00:00_image9.jpeg,,,,,,,,
robert.habeck_23-09-2021_00:00_image9.jpeg,,,,,,,,
robert.habeck_23-09-2021_00:00_image9.jpeg,,,,,,,,
robert.habeck_23-09-2021_00:00_image9.jpeg,,,,,,,,
robert.habeck_23-09-2021_00:00_image9.jpeg,,,,,,,,
robert.habeck_23-09-2021_00:00_image9.jpeg,,,,,,,,
robert.habeck_23-09-2021_00:00_image9.jpeg,,,,,,,,
robert.habeck_23-09-2021_00:00_image9.jpeg,,,,,,,,
robert.habeck_23-09-2021_00:00_image9.jpeg,,,,,,,,
robert.habeck_23-09-2021_00:00_image9.jpeg,,,,,,,,
robert.habeck_23-09-2021_00:00_image9.jpeg,,,,,,,,
robert.habeck_23-09-2021_00:00_image9.jpeg,,,,,,,,
robert.habeck_23-09-2021_00:00_image9.jpeg,,,,,,,,
die_gruenen_17-09-2021_00:00_video7.jpeg,,,,,,,,
die_gruenen_13-09-2021_00:00_video11.jpeg,,,,,,,,
die_gruenen_13-09-2021_00:00_video11.jpeg,,,,,,,,
die_gruenen_13-09-2021_00:00_video11.jpeg,,,,,,,,
armin_laschet_19-09-2021_00:00_image4.jpeg,,,,,,,,
armin_laschet_19-09-2021_00:00_image4.jpeg,,,,,,,,
armin_laschet_19-09-2021_00:00_image4.jpeg,,,,,,,,
armin_laschet_19-09-2021_00:00_image4.jpeg,,,,,,,,
armin_laschet_19-09-2021_00:00_image4.jpeg,,,,,,,,
armin_laschet_19-09-2021_00:00_image4.jpeg,,,,,,,,
armin_laschet_19-09-2021_00:00_image4.jpeg,,,,,,,,
armin_laschet_19-09-2021_00:00_image4.jpeg,,,,,Armin Laschet,Armin Laschet,,
armin_laschet_19-09-2021_00:00_image4.jpeg,,,,,,,,
armin_laschet_19-09-2021_00:00_image4.jpeg,,,,,,,,
armin_laschet_19-09-2021_00:00_image4.jpeg,,,,,,,,
armin_laschet_19-09-2021_00:00_image4.jpeg,,,,,,,,
armin_laschet_19-09-2021_00:00_image4.jpeg,,,,,,,,
armin_laschet_19-09-2021_00:00_image4.jpeg,,,,,,,,
armin_laschet_19-09-2021_00:00_image4.jpeg,,,,,,,,
armin_laschet_19-09-2021_00:00_image4.jpeg,,,,,,,,
armin_laschet_19-09-2021_00:00_image4.jpeg,,,,,,,,
armin_laschet_19-09-2021_00:00_image4.jpeg,,,,,,,,
armin_laschet_19-09-2021_00:00_image4.jpeg,,,,,,,,
afd.bund_25-09-2021_00:00_image22.jpeg,,,,,,,,
nicola_beer_26-09-2021_00:00_video2.jpeg,,,,,,,,
nicola_beer_26-09-2021_00:00_video2.jpeg,,,,,Nicola Beer,,,
nicola_beer_26-09-2021_00:00_video2.jpeg,,,,,,,,
die_gruenen_25-09-2021_00:00_video17.jpeg,,,,,,,,
die_gruenen_25-09-2021_00:00_video17.jpeg,,,,,,,,
die_gruenen_25-09-2021_00:00_video17.jpeg,,,,,,,,
die_gruenen_25-09-2021_00:00_video17.jpeg,,,,,,,,
spdde_24-09-2021_00:00_video2.jpeg,,,,,,,,
spdde_24-09-2021_00:00_video2.jpeg,,,,,Olaf Scholz,Olaf Scholz,,
olafscholz_16-09-2021_00:00_video0.jpeg,,,,,,,,
armin_laschet_16-09-2021_00:00_video3.jpeg,,,,,,,,
armin_laschet_16-09-2021_00:00_video3.jpeg,,,,,,,,
armin_laschet_16-09-2021_00:00_video3.jpeg,,,,,,,,
armin_laschet_16-09-2021_00:00_video3.jpeg,,,,,,,,
armin_laschet_16-09-2021_00:00_video3.jpeg,,,,,,,,
armin_laschet_16-09-2021_00:00_video3.jpeg,,,,,,,,
armin_laschet_16-09-2021_00:00_video3.jpeg,,,,,,,,
armin_laschet_16-09-2021_00:00_video3.jpeg,,,,,,,,
armin_laschet_16-09-2021_00:00_video3.jpeg,,,,,,,,
armin_laschet_16-09-2021_00:00_video3.jpeg,,,,,,,,
armin_laschet_16-09-2021_00:00_video3.jpeg,,,,,,,,
armin_laschet_16-09-2021_00:00_video3.jpeg,,,,,,,,
abaerbock_17-09-2021_00:00_video1.jpeg,,,,,,,,
abaerbock_17-09-2021_00:00_video1.jpeg,,,,,,,,
abaerbock_17-09-2021_00:00_video1.jpeg,,,,,,,,
abaerbock_17-09-2021_00:00_video1.jpeg,,,,,,,,
die_gruenen_25-09-2021_00:00_video33.jpeg,,,,,,,,
olafscholz_26-09-2021_00:00_image4.jpeg,,,,,,,,
olafscholz_26-09-2021_00:00_image4.jpeg,,,,,Olaf Scholz,Olaf Scholz,,
spdde_25-09-2021_00:00_video11.jpeg,,,,,,,,
olafscholz_13-09-2021_00:00_video2.jpeg,,,,,,,,
abaerbock_17-09-2021_00:00_image3.jpeg,,,,,,,,
abaerbock_17-09-2021_00:00_image3.jpeg,,,,,Annalena Baerbock,Annalena Baerbock,,
christlichsozialeunion_25-09-2021_00:00_video19.jpeg,,,,,,,,
christlichsozialeunion_25-09-2021_00:00_video19.jpeg,,,,,,,,
christlichsozialeunion_25-09-2021_00:00_video19.jpeg,,,,,Markus Söder,Markus Söder,,
christlichsozialeunion_25-09-2021_00:00_video19.jpeg,,,,,,,,
christlichsozialeunion_25-09-2021_00:00_video19.jpeg,,,,,,Armin Laschet,,
christlichsozialeunion_25-09-2021_00:00_video19.jpeg,,,,,,,,
christlichsozialeunion_25-09-2021_00:00_video19.jpeg,,,,,,,,
armin_laschet_25-09-2021_00:00_video7.jpeg,,,,,,,,
armin_laschet_25-09-2021_00:00_video7.jpeg,,,,,,,,
armin_laschet_25-09-2021_00:00_video7.jpeg,,,,,Armin Laschet,Armin Laschet,,
cdu_14-09-2021_00:00_video4.jpeg,,,,,,,,
engin_eroglu__17-09-2021_00:00_image4.jpeg,,,,,,,,
engin_eroglu__17-09-2021_00:00_image4.jpeg,,,,,,,,
engin_eroglu__17-09-2021_00:00_image4.jpeg,,,,,,,,
engin_eroglu__17-09-2021_00:00_image4.jpeg,,,,,,,,
engin_eroglu__17-09-2021_00:00_image4.jpeg,,,,,,,,
engin_eroglu__17-09-2021_00:00_image4.jpeg,,,,,,,,
engin_eroglu__17-09-2021_00:00_image4.jpeg,,,,,,Engin Eroglu,,
spdde_26-09-2021_00:00_video12.jpeg,,,,,,,,
spdde_26-09-2021_00:00_video12.jpeg,,,,,Olaf Scholz,Olaf Scholz,,
spdde_26-09-2021_00:00_video12.jpeg,,,,,,,,
robert.habeck_25-09-2021_00:00_image5.jpeg,,,,,,,,
robert.habeck_25-09-2021_00:00_image5.jpeg,,,,,,,,
robert.habeck_25-09-2021_00:00_image5.jpeg,,,,,,,,
robert.habeck_25-09-2021_00:00_image5.jpeg,,,,,,,,
robert.habeck_25-09-2021_00:00_image5.jpeg,,,,,,,,
robert.habeck_25-09-2021_00:00_image5.jpeg,,,,,,,,
robert.habeck_25-09-2021_00:00_image5.jpeg,,,,,,,,
robert.habeck_25-09-2021_00:00_image5.jpeg,,,,,,,,
cdu_19-09-2021_00:00_video2.jpeg,,,,,,,,
cdu_19-09-2021_00:00_video2.jpeg,,,,,,,,
cdu_19-09-2021_00:00_video2.jpeg,,,,,,,,
cdu_19-09-2021_00:00_video2.jpeg,,,,,,,,
cdu_19-09-2021_00:00_video2.jpeg,,,,,,,,
cdu_19-09-2021_00:00_video2.jpeg,,,,,,,,
cdu_19-09-2021_00:00_video2.jpeg,,,,,,,,
afd.bund_17-09-2021_00:00_image1.jpeg,,,,,,,,
afd.bund_17-09-2021_00:00_image1.jpeg,,,,,,,,
afd.bund_17-09-2021_00:00_image1.jpeg,,,,,,,,
fw_bayern_24-09-2021_00:00_video2.jpeg,,,,,,,,
dielinke_25-09-2021_00:00_video14.jpeg,,,,,,,,
olafscholz_13-09-2021_00:00_video1.jpeg,,,,,,,,
abaerbock_16-09-2021_00:00_image1.jpeg,,,,,,,,
abaerbock_16-09-2021_00:00_image1.jpeg,,,,,Annalena Baerbock,Annalena Baerbock,,
abaerbock_16-09-2021_00:00_image1.jpeg,,,,,,,,
armin_laschet_14-09-2021_00:00_image2.jpeg,,,,,,,,
armin_laschet_14-09-2021_00:00_image2.jpeg,,,,,Armin Laschet,Armin Laschet,,
armin_laschet_14-09-2021_00:00_image2.jpeg,,,,,,,,
armin_laschet_14-09-2021_00:00_image2.jpeg,,,,,,,,
armin_laschet_14-09-2021_00:00_image2.jpeg,,,,,,,,
armin_laschet_14-09-2021_00:00_image2.jpeg,,,,,,,,
armin_laschet_14-09-2021_00:00_image2.jpeg,,,,,,,,
armin_laschet_14-09-2021_00:00_image2.jpeg,,,,,Armin Laschet,Armin Laschet,,
armin_laschet_14-09-2021_00:00_image2.jpeg,,,,,,,,
armin_laschet_14-09-2021_00:00_image2.jpeg,,,,,,,,
abaerbock_20-09-2021_00:00_image0.jpeg,,,,,,,,
abaerbock_20-09-2021_00:00_image0.jpeg,,,,,Annalena Baerbock,Annalena Baerbock,,
abaerbock_14-09-2021_00:00_image9.jpeg,,,,,,,,
abaerbock_14-09-2021_00:00_image9.jpeg,,,,,,,,
abaerbock_14-09-2021_00:00_image9.jpeg,,,,,,,,
abaerbock_14-09-2021_00:00_image9.jpeg,,,,,Annalena Baerbock,Annalena Baerbock,,
abaerbock_14-09-2021_00:00_image9.jpeg,,,,,,,,
abaerbock_14-09-2021_00:00_image9.jpeg,,,,,,,,
abaerbock_14-09-2021_00:00_image9.jpeg,,,,,,,,
christianlindner_22-09-2021_00:00_image2.jpeg,,,,,,,,
christianlindner_22-09-2021_00:00_image2.jpeg,,,,,Robert Habeck,Christian Lindner,,
afd.bund_25-09-2021_00:00_video14.jpeg,,,,,,,,
spdde_18-09-2021_00:00_video7.jpeg,,,,,,,,
spdde_18-09-2021_00:00_video7.jpeg,,,,,,,,
christlichsozialeunion_16-09-2021_00:00_video5.jpeg,,,,,,,,
christlichsozialeunion_16-09-2021_00:00_video5.jpeg,,,,,,,,
afd.bund_23-09-2021_00:00_video11.jpeg,,,,,,,,
afd.bund_23-09-2021_00:00_video11.jpeg,,,,,,,,
afd.bund_23-09-2021_00:00_video11.jpeg,,,,,,,,
robert.habeck_13-09-2021_00:00_image4.jpeg,,,,,,,,
robert.habeck_13-09-2021_00:00_image4.jpeg,,,,,,,,
robert.habeck_13-09-2021_00:00_image4.jpeg,,,,,,,,
robert.habeck_13-09-2021_00:00_image4.jpeg,,,,,,,,
robert.habeck_13-09-2021_00:00_image4.jpeg,,,,,,,,
robert.habeck_13-09-2021_00:00_image4.jpeg,,,,,,,,
robert.habeck_13-09-2021_00:00_image4.jpeg,,,,,,,,
robert.habeck_13-09-2021_00:00_image4.jpeg,,,,,,,,
robert.habeck_13-09-2021_00:00_image4.jpeg,,,,,,,,
robert.habeck_13-09-2021_00:00_image4.jpeg,,,,,,,,
robert.habeck_13-09-2021_00:00_image4.jpeg,,,,,,,,
robert.habeck_13-09-2021_00:00_image4.jpeg,,,,,,,,
robert.habeck_13-09-2021_00:00_image4.jpeg,,,,,,,,
robert.habeck_13-09-2021_00:00_image4.jpeg,,,,,,,,
robert.habeck_13-09-2021_00:00_image4.jpeg,,,,,,,,
robert.habeck_13-09-2021_00:00_image4.jpeg,,,,,,,,
robert.habeck_13-09-2021_00:00_image4.jpeg,,,,,,,,
robert.habeck_13-09-2021_00:00_image4.jpeg,,,,,,,,
robert.habeck_13-09-2021_00:00_image4.jpeg,,,,,,,,
robert.habeck_13-09-2021_00:00_image4.jpeg,,,,,,,,
robert.habeck_13-09-2021_00:00_image4.jpeg,,,,,,,,
robert.habeck_13-09-2021_00:00_image4.jpeg,,,,,,,,
robert.habeck_13-09-2021_00:00_image4.jpeg,,,,,,,,
robert.habeck_13-09-2021_00:00_image4.jpeg,,,,,,,,
robert.habeck_13-09-2021_00:00_image4.jpeg,,,,,,,,
robert.habeck_13-09-2021_00:00_image4.jpeg,,,,,,,,
robert.habeck_13-09-2021_00:00_image4.jpeg,,,,,,,,
robert.habeck_13-09-2021_00:00_image4.jpeg,,,,,,,,
robert.habeck_13-09-2021_00:00_image4.jpeg,,,,,,,,
robert.habeck_13-09-2021_00:00_image4.jpeg,,,,,,,,
robert.habeck_13-09-2021_00:00_image4.jpeg,,,,,,,,
robert.habeck_13-09-2021_00:00_image4.jpeg,,,,,,,,
robert.habeck_13-09-2021_00:00_image4.jpeg,,,,,,,,
robert.habeck_13-09-2021_00:00_image4.jpeg,,,,,,,,
robert.habeck_13-09-2021_00:00_image4.jpeg,,,,,,,,
robert.habeck_13-09-2021_00:00_image4.jpeg,,,,,,,,
robert.habeck_13-09-2021_00:00_image4.jpeg,,,,,,,,
robert.habeck_13-09-2021_00:00_image4.jpeg,,,,,,,,
robert.habeck_13-09-2021_00:00_image4.jpeg,,,,,,,,
robert.habeck_13-09-2021_00:00_image4.jpeg,,,,,,,,
robert.habeck_13-09-2021_00:00_image4.jpeg,,,,,,,,
robert.habeck_13-09-2021_00:00_image4.jpeg,,,,,,,,
robert.habeck_13-09-2021_00:00_image4.jpeg,,,,,,,,
robert.habeck_13-09-2021_00:00_image4.jpeg,,,,,,,,
robert.habeck_13-09-2021_00:00_image4.jpeg,,,,,,,,
robert.habeck_13-09-2021_00:00_image4.jpeg,,,,,,,,
robert.habeck_13-09-2021_00:00_image4.jpeg,,,,,,,,
robert.habeck_13-09-2021_00:00_image4.jpeg,,,,,,,,
robert.habeck_13-09-2021_00:00_image4.jpeg,,,,,,,,
robert.habeck_13-09-2021_00:00_image4.jpeg,,,,,,,,
robert.habeck_13-09-2021_00:00_image4.jpeg,,,,,,,,
robert.habeck_13-09-2021_00:00_image4.jpeg,,,,,,,,
robert.habeck_13-09-2021_00:00_image4.jpeg,,,,,,,,
robert.habeck_13-09-2021_00:00_image4.jpeg,,,,,,,,
robert.habeck_13-09-2021_00:00_image4.jpeg,,,,,,,,
robert.habeck_13-09-2021_00:00_image4.jpeg,,,,,,,,
robert.habeck_13-09-2021_00:00_image4.jpeg,,,,,,,,
robert.habeck_13-09-2021_00:00_image4.jpeg,,,,,,,,
robert.habeck_13-09-2021_00:00_image4.jpeg,,,,,,,,
robert.habeck_13-09-2021_00:00_image4.jpeg,,,,,,,,
robert.habeck_13-09-2021_00:00_image4.jpeg,,,,,,,,
robert.habeck_13-09-2021_00:00_image4.jpeg,,,,,,,,
robert.habeck_13-09-2021_00:00_image4.jpeg,,,,,,,,
robert.habeck_13-09-2021_00:00_image4.jpeg,,,,,,,,
robert.habeck_13-09-2021_00:00_image4.jpeg,,,,,,,,
robert.habeck_13-09-2021_00:00_image4.jpeg,,,,,,,,
robert.habeck_13-09-2021_00:00_image4.jpeg,,,,,,,,
robert.habeck_13-09-2021_00:00_image4.jpeg,,,,,,,,
robert.habeck_13-09-2021_00:00_image4.jpeg,,,,,,,,
robert.habeck_13-09-2021_00:00_image4.jpeg,,,,,,,,
robert.habeck_13-09-2021_00:00_image4.jpeg,,,,,,,,
robert.habeck_13-09-2021_00:00_image4.jpeg,,,,,,,,
robert.habeck_13-09-2021_00:00_image4.jpeg,,,,,,,,
robert.habeck_13-09-2021_00:00_image4.jpeg,,,,,,,,
robert.habeck_13-09-2021_00:00_image4.jpeg,,,,,,,,
robert.habeck_13-09-2021_00:00_image4.jpeg,,,,,,,,
robert.habeck_13-09-2021_00:00_image4.jpeg,,,,,,,,
robert.habeck_13-09-2021_00:00_image4.jpeg,,,,,,,,
robert.habeck_13-09-2021_00:00_image4.jpeg,,,,,,,,
robert.habeck_13-09-2021_00:00_image4.jpeg,,,,,,,,
robert.habeck_13-09-2021_00:00_image4.jpeg,,,,,,,,
robert.habeck_13-09-2021_00:00_image4.jpeg,,,,,,,,
robert.habeck_13-09-2021_00:00_image4.jpeg,,,,,,,,
robert.habeck_13-09-2021_00:00_image4.jpeg,,,,,,,,
robert.habeck_13-09-2021_00:00_image4.jpeg,,,,,,,,
robert.habeck_13-09-2021_00:00_image4.jpeg,,,,,,,,
robert.habeck_13-09-2021_00:00_image4.jpeg,,,,,,,,
robert.habeck_13-09-2021_00:00_image4.jpeg,,,,,,,,
robert.habeck_13-09-2021_00:00_image4.jpeg,,,,,,,,
fdp_20-09-2021_00:00_image10.jpeg,,,,,,,,
fdp_20-09-2021_00:00_image10.jpeg,,,,,Christian Lindner,Christian Lindner,,
fdp_20-09-2021_00:00_image10.jpeg,,,,,,,,
fdp_20-09-2021_00:00_image10.jpeg,,,,,Christian Lindner,Christian Lindner,,
robert.habeck_13-09-2021_00:00_image3.jpeg,,,,,,,,
robert.habeck_13-09-2021_00:00_image3.jpeg,,,,,Robert Habeck,Robert Habeck,,
robert.habeck_15-09-2021_00:00_image8.jpeg,,,,,,,,
robert.habeck_15-09-2021_00:00_image8.jpeg,,,,,,,,
robert.habeck_15-09-2021_00:00_image8.jpeg,,,,,Robert Habeck,Robert Habeck,,
robert.habeck_15-09-2021_00:00_image8.jpeg,,,,,,,,
robert.habeck_15-09-2021_00:00_image8.jpeg,,,,,,,,
robert.habeck_15-09-2021_00:00_image8.jpeg,,,,,,,,
robert.habeck_15-09-2021_00:00_image8.jpeg,,,,,,,,
die_gruenen_23-09-2021_00:00_video1.jpeg,,,,,,,,
fw_bayern_16-09-2021_00:00_video2.jpeg,,,,,,,,
fw_bayern_16-09-2021_00:00_video2.jpeg,,,,,,,,
fw_bayern_16-09-2021_00:00_video2.jpeg,,,,,,,,
fw_bayern_16-09-2021_00:00_video2.jpeg,,,,,,,,
fw_bayern_16-09-2021_00:00_video2.jpeg,,,,,,,,
fw_bayern_16-09-2021_00:00_video2.jpeg,,,,,,,,
fw_bayern_16-09-2021_00:00_video2.jpeg,,,,,,,,
fw_bayern_16-09-2021_00:00_video2.jpeg,,,,,,,,
fw_bayern_16-09-2021_00:00_video2.jpeg,,,,,,,,
fw_bayern_16-09-2021_00:00_video2.jpeg,,,,,,,,
fw_bayern_16-09-2021_00:00_video2.jpeg,,,,,,,,
fw_bayern_16-09-2021_00:00_video2.jpeg,,,,,,,,
fw_bayern_16-09-2021_00:00_video2.jpeg,,,,,,,,
fw_bayern_16-09-2021_00:00_video2.jpeg,,,,,,,,
fw_bayern_16-09-2021_00:00_video2.jpeg,,,,,,,,
fw_bayern_16-09-2021_00:00_video2.jpeg,,,,,,,,
fw_bayern_16-09-2021_00:00_video2.jpeg,,,,,,,,
die_gruenen_23-09-2021_00:00_video4.jpeg,,,,,,,,
susanne_hennig_wellsow_23-09-2021_00:00_video1.jpeg,,,,,,,,
susanne_hennig_wellsow_23-09-2021_00:00_video1.jpeg,,,,,Susanne Hennig-Wellsow,Susanne Hennig-Wellsow,,
susanne_hennig_wellsow_23-09-2021_00:00_video1.jpeg,,,,,,,,
robert.habeck_25-09-2021_00:00_image8.jpeg,,,,,,,,
robert.habeck_25-09-2021_00:00_image8.jpeg,,,,,,,,
robert.habeck_25-09-2021_00:00_image8.jpeg,,,,,Annalena Baerbock,Annalena Baerbock,,
robert.habeck_25-09-2021_00:00_image8.jpeg,,,,,,,,
robert.habeck_25-09-2021_00:00_image8.jpeg,,,,,,,,
robert.habeck_25-09-2021_00:00_image8.jpeg,,,,,,,,
robert.habeck_25-09-2021_00:00_image8.jpeg,,,,,,,,
robert.habeck_25-09-2021_00:00_image8.jpeg,,,,,,,,
robert.habeck_25-09-2021_00:00_image8.jpeg,,,,,,,,
robert.habeck_25-09-2021_00:00_image8.jpeg,,,,,,,,
robert.habeck_25-09-2021_00:00_image8.jpeg,,,,,,,,
robert.habeck_25-09-2021_00:00_image8.jpeg,,,,,,,,
robert.habeck_25-09-2021_00:00_image8.jpeg,,,,,,,,
robert.habeck_25-09-2021_00:00_image8.jpeg,,,,,,,,
robert.habeck_25-09-2021_00:00_image8.jpeg,,,,,,,,
robert.habeck_25-09-2021_00:00_image8.jpeg,,,,,,,,
robert.habeck_25-09-2021_00:00_image8.jpeg,,,,,,,,
robert.habeck_25-09-2021_00:00_image8.jpeg,,,,,,,,
robert.habeck_25-09-2021_00:00_image8.jpeg,,,,,,,,
robert.habeck_25-09-2021_00:00_image8.jpeg,,,,,,,,
robert.habeck_25-09-2021_00:00_image8.jpeg,,,,,,,,
robert.habeck_25-09-2021_00:00_image8.jpeg,,,,,,,,
robert.habeck_25-09-2021_00:00_image8.jpeg,,,,,,,,
robert.habeck_25-09-2021_00:00_image8.jpeg,,,,,,,,
robert.habeck_25-09-2021_00:00_image8.jpeg,,,,,,,,
robert.habeck_25-09-2021_00:00_image8.jpeg,,,,,,,,
robert.habeck_25-09-2021_00:00_image8.jpeg,,,,,,,,
robert.habeck_25-09-2021_00:00_image8.jpeg,,,,,,,,
robert.habeck_25-09-2021_00:00_image8.jpeg,,,,,,,,
robert.habeck_25-09-2021_00:00_image8.jpeg,,,,,,,,
robert.habeck_25-09-2021_00:00_image8.jpeg,,,,,,,,
robert.habeck_25-09-2021_00:00_image8.jpeg,,,,,,,,
robert.habeck_25-09-2021_00:00_image8.jpeg,,,,,,,,
robert.habeck_25-09-2021_00:00_image8.jpeg,,,,,,,,
robert.habeck_25-09-2021_00:00_image8.jpeg,,,,,,,,
robert.habeck_25-09-2021_00:00_image8.jpeg,,,,,,,,
robert.habeck_25-09-2021_00:00_image8.jpeg,,,,,,,,
robert.habeck_25-09-2021_00:00_image8.jpeg,,,,,,,,
robert.habeck_25-09-2021_00:00_image8.jpeg,,,,,,,,
robert.habeck_25-09-2021_00:00_image8.jpeg,,,,,,,,
robert.habeck_25-09-2021_00:00_image8.jpeg,,,,,,,,
robert.habeck_25-09-2021_00:00_image8.jpeg,,,,,,,,
robert.habeck_25-09-2021_00:00_image8.jpeg,,,,,,,,
robert.habeck_25-09-2021_00:00_image8.jpeg,,,,,,,,
robert.habeck_22-09-2021_00:00_image5.jpeg,,,,,,,,
robert.habeck_22-09-2021_00:00_image5.jpeg,,,,,,,,
robert.habeck_22-09-2021_00:00_image5.jpeg,,,,,,,,
robert.habeck_22-09-2021_00:00_image5.jpeg,,,,,,,,
robert.habeck_22-09-2021_00:00_image5.jpeg,,,,,Robert Habeck,Robert Habeck,,
spdde_19-09-2021_00:00_video0.jpeg,,,,,,,,
spdde_19-09-2021_00:00_video0.jpeg,,,,,,,,
dielinke_14-09-2021_00:00_video2.jpeg,,,,,,,,
abaerbock_22-09-2021_00:00_video1.jpeg,,,,,,,,
abaerbock_22-09-2021_00:00_video1.jpeg,,,,,,,,
abaerbock_22-09-2021_00:00_video1.jpeg,,,,,,,,
abaerbock_22-09-2021_00:00_video1.jpeg,,,,,,,,
abaerbock_22-09-2021_00:00_video1.jpeg,,,,,Annalena Baerbock,Annalena Baerbock,,
abaerbock_22-09-2021_00:00_video1.jpeg,,,,,,,,
christlichsozialeunion_16-09-2021_00:00_video7.jpeg,,,,,,,,
christlichsozialeunion_16-09-2021_00:00_video7.jpeg,,,,,,,,
saskiaesken_25-09-2021_00:00_image1.jpeg,,,,,,,,
saskiaesken_25-09-2021_00:00_image1.jpeg,,,,,Saskia Esken,Saskia Esken,,
saskiaesken_25-09-2021_00:00_image1.jpeg,,,,,,,,
saskiaesken_25-09-2021_00:00_image1.jpeg,,,,,,,,
saskiaesken_25-09-2021_00:00_image1.jpeg,,,,,,,,
saskiaesken_25-09-2021_00:00_image1.jpeg,,,,,,,,
saskiaesken_25-09-2021_00:00_image1.jpeg,,,,,,,,
saskiaesken_25-09-2021_00:00_image1.jpeg,,,,,,,,
saskiaesken_25-09-2021_00:00_image1.jpeg,,,,,,,,
fdp_20-09-2021_00:00_image11.jpeg,,,,,,,,
fdp_20-09-2021_00:00_image11.jpeg,,,,,Christian Lindner,Christian Lindner,,
robert.habeck_26-09-2021_00:00_image6.jpeg,,,,,,,,
atesgurpinar_26-09-2021_00:00_image0.jpeg,,,,,,,,
atesgurpinar_26-09-2021_00:00_image0.jpeg,,,,,Ates Gürpinar,Ates Gürpinar,,
olafscholz_20-09-2021_00:00_video2.jpeg,,,,,,,,
olafscholz_20-09-2021_00:00_video2.jpeg,,,,,,,,
olafscholz_20-09-2021_00:00_video2.jpeg,,,,,,,,
olafscholz_20-09-2021_00:00_video2.jpeg,,,,,,,,
olafscholz_20-09-2021_00:00_video2.jpeg,,,,,,,,
olafscholz_20-09-2021_00:00_video2.jpeg,,,,,Olaf Scholz,Olaf Scholz,,
olafscholz_20-09-2021_00:00_video2.jpeg,,,,,,,,
cdu_19-09-2021_00:00_video4.jpeg,,,,,,,,
cdu_19-09-2021_00:00_video4.jpeg,,,,,,,,
cdu_19-09-2021_00:00_video4.jpeg,,,,,,,,
cdu_19-09-2021_00:00_video4.jpeg,,,,,,,,
cdu_19-09-2021_00:00_video4.jpeg,,,,,,,,
cdu_19-09-2021_00:00_video4.jpeg,,,,,,,,
cdu_19-09-2021_00:00_video4.jpeg,,,,,,,,
abaerbock_18-09-2021_00:00_image4.jpeg,,,,,,,,
abaerbock_18-09-2021_00:00_image4.jpeg,,,,,,,,
spdde_23-09-2021_00:00_video2.jpeg,,,,,,,,
spdde_23-09-2021_00:00_video2.jpeg,,,,,,,,
afd.bund_25-09-2021_00:00_image8.jpeg,,,,,,,,
olafscholz_17-09-2021_00:00_video2.jpeg,,,,,,,,
olafscholz_17-09-2021_00:00_video2.jpeg,,,,,Olaf Scholz,Olaf Scholz,,
olafscholz_17-09-2021_00:00_video2.jpeg,,,,,,,,
olafscholz_17-09-2021_00:00_video2.jpeg,,,,,,,,
olafscholz_17-09-2021_00:00_video2.jpeg,,,,,,,,
olafscholz_17-09-2021_00:00_video2.jpeg,,,,,,,,
olafscholz_17-09-2021_00:00_video2.jpeg,,,,,,,,
olafscholz_17-09-2021_00:00_video2.jpeg,,,,,,,,
fdp_17-09-2021_00:00_image0.jpeg,,,,,,,,
fdp_17-09-2021_00:00_image0.jpeg,,,,,Christian Lindner,Christian Lindner,,
fdp_17-09-2021_00:00_image0.jpeg,,,,,,,,
fdp_17-09-2021_00:00_image0.jpeg,,,,,,,,
olafscholz_24-09-2021_00:00_video0.jpeg,,,,,,,,
robert.habeck_22-09-2021_00:00_image13.jpeg,,,,,,,,
robert.habeck_22-09-2021_00:00_image13.jpeg,,,,,,,,
robert.habeck_22-09-2021_00:00_image13.jpeg,,,,,,,,
robert.habeck_22-09-2021_00:00_image13.jpeg,,,,,,,,
robert.habeck_22-09-2021_00:00_image13.jpeg,,,,,,,,
robert.habeck_22-09-2021_00:00_image13.jpeg,,,,,,,,
robert.habeck_22-09-2021_00:00_image13.jpeg,,,,,,,,
robert.habeck_22-09-2021_00:00_image13.jpeg,,,,,,,,
robert.habeck_22-09-2021_00:00_image13.jpeg,,,,,Robert Habeck,Robert Habeck,,
robert.habeck_22-09-2021_00:00_image13.jpeg,,,,,,,,
robert.habeck_22-09-2021_00:00_image13.jpeg,,,,,,,,
robert.habeck_22-09-2021_00:00_image13.jpeg,,,,,,,,
afd.bund_16-09-2021_00:00_image1.jpeg,,,,,,,,
afd.bund_16-09-2021_00:00_image1.jpeg,,,,,,,,
afd.bund_16-09-2021_00:00_image1.jpeg,,,,,,,,
afd.bund_16-09-2021_00:00_image1.jpeg,,,,,,,,
afd.bund_16-09-2021_00:00_image1.jpeg,,,,,,,,
afd.bund_16-09-2021_00:00_image1.jpeg,,,,,,,,
afd.bund_16-09-2021_00:00_image1.jpeg,,,,,,,,
afd.bund_16-09-2021_00:00_image1.jpeg,,,,,Alice Weidel,Alice Weidel,,
afd.bund_16-09-2021_00:00_image1.jpeg,,,,,,,,
afd.bund_16-09-2021_00:00_image1.jpeg,,,,,,,,
afd.bund_16-09-2021_00:00_image1.jpeg,,,,,,,,
afd.bund_16-09-2021_00:00_image1.jpeg,,,,,,,,
afd.bund_16-09-2021_00:00_image1.jpeg,,,,,,,,
afd.bund_16-09-2021_00:00_image1.jpeg,,,,,,,,
afd.bund_16-09-2021_00:00_image1.jpeg,,,,,,,,
afd.bund_16-09-2021_00:00_image1.jpeg,,,,,Alice Weidel,,,
afd.bund_16-09-2021_00:00_image1.jpeg,,,,,,,,
afd.bund_16-09-2021_00:00_image1.jpeg,,,,,,,,
afd.bund_16-09-2021_00:00_image1.jpeg,,,,,,,,
afd.bund_16-09-2021_00:00_image1.jpeg,,,,,,,,
afd.bund_16-09-2021_00:00_image1.jpeg,,,,,,,,
afd.bund_16-09-2021_00:00_image1.jpeg,,,,,,,,
afd.bund_16-09-2021_00:00_image1.jpeg,,,,,,,,
afd.bund_16-09-2021_00:00_image1.jpeg,,,,,,,,
abaerbock_18-09-2021_00:00_image11.jpeg,,,,,,,,
abaerbock_18-09-2021_00:00_image11.jpeg,,,,,,,,
abaerbock_18-09-2021_00:00_image11.jpeg,,,,,Annalena Baerbock,Annalena Baerbock,,
fw_bayern_14-09-2021_00:00_video2.jpeg,,,,,,,,
afd.bund_17-09-2021_00:00_video3.jpeg,,,,,,,,
afd.bund_17-09-2021_00:00_video3.jpeg,,,,,,,,
afd.bund_17-09-2021_00:00_video3.jpeg,,,,,Alice Weidel,Alice Weidel,,
armin_laschet_13-09-2021_00:00_image3.jpeg,,,,,,,,
armin_laschet_13-09-2021_00:00_image3.jpeg,,,,,Markus Söder,Markus Söder,,
spdde_20-09-2021_00:00_video0.jpeg,,,,,,,,
spdde_20-09-2021_00:00_video0.jpeg,,,,,Olaf Scholz,Olaf Scholz,,
spdde_20-09-2021_00:00_video0.jpeg,,,,,,,,
spdde_20-09-2021_00:00_image4.jpeg,,,,,,,,
spdde_20-09-2021_00:00_image4.jpeg,,,,,Armin Laschet,Armin Laschet,,
spdde_20-09-2021_00:00_image4.jpeg,,,,,,,,
spdde_20-09-2021_00:00_image4.jpeg,,,,,Olaf Scholz,Olaf Scholz,,
spdde_20-09-2021_00:00_image4.jpeg,,,,,,,,
olafscholz_20-09-2021_00:00_video0.jpeg,,,,,,,,
abaerbock_17-09-2021_00:00_video3.jpeg,,,,,,,,
abaerbock_17-09-2021_00:00_video3.jpeg,,,,,,,,
die_gruenen_13-09-2021_00:00_image1.jpeg,,,,,,,,
cdu_22-09-2021_00:00_video2.jpeg,,,,,,,,
cdu_22-09-2021_00:00_video2.jpeg,,,,,Armin Laschet,Armin Laschet,,
cdu_22-09-2021_00:00_video2.jpeg,,,,,,,,
armin_laschet_21-09-2021_00:00_video1.jpeg,,,,,,,,
armin_laschet_21-09-2021_00:00_video1.jpeg,,,,,Armin Laschet,Armin Laschet,,
abaerbock_26-09-2021_00:00_video2.jpeg,,,,,,,,
abaerbock_26-09-2021_00:00_video2.jpeg,,,,,,,,
abaerbock_26-09-2021_00:00_video2.jpeg,,,,,,,,
abaerbock_26-09-2021_00:00_video2.jpeg,,,,,,,,
christianlindner_26-09-2021_00:00_image6.jpeg,,,,,,,,
christianlindner_26-09-2021_00:00_image6.jpeg,,,,,Christian Lindner,Christian Lindner,,
christianlindner_26-09-2021_00:00_image6.jpeg,,,,,,,,
christianlindner_26-09-2021_00:00_image6.jpeg,,,,,,,,
christianlindner_26-09-2021_00:00_image6.jpeg,,,,,,,,
christianlindner_26-09-2021_00:00_image6.jpeg,,,,,,,,
christianlindner_26-09-2021_00:00_image6.jpeg,,,,,,,,
christianlindner_26-09-2021_00:00_image6.jpeg,,,,,,,,
christianlindner_26-09-2021_00:00_image6.jpeg,,,,,,,,
armin_laschet_17-09-2021_00:00_image6.jpeg,,,,,,,,
armin_laschet_17-09-2021_00:00_image6.jpeg,,,,,,,,
armin_laschet_17-09-2021_00:00_image6.jpeg,,,,,Armin Laschet,Armin Laschet,,
armin_laschet_17-09-2021_00:00_image6.jpeg,,,,,,,,
armin_laschet_17-09-2021_00:00_image6.jpeg,,,,,,,,
armin_laschet_17-09-2021_00:00_image6.jpeg,,,,,,,,
armin_laschet_17-09-2021_00:00_image6.jpeg,,,,,,,,
olafscholz_22-09-2021_00:00_video0.jpeg,,,,,,,,
olafscholz_22-09-2021_00:00_video0.jpeg,,,,,Olaf Scholz,Olaf Scholz,,
olafscholz_22-09-2021_00:00_video0.jpeg,,,,,,,,
olafscholz_22-09-2021_00:00_video0.jpeg,,,,,,,,
armin_laschet_17-09-2021_00:00_video3.jpeg,,,,,,,,
armin_laschet_17-09-2021_00:00_video3.jpeg,,,,,Armin Laschet,Armin Laschet,,
christlichsozialeunion_24-09-2021_00:00_video9.jpeg,,,,,,,,
christlichsozialeunion_24-09-2021_00:00_video9.jpeg,,,,,Markus Söder,Markus Söder,,
fw_bayern_20-09-2021_00:00_video3.jpeg,,,,,,,,
fw_bayern_20-09-2021_00:00_video3.jpeg,,,,,,,,
cdu_22-09-2021_00:00_video8.jpeg,,,,,,,,
cdu_22-09-2021_00:00_video8.jpeg,,,,,Armin Laschet,Armin Laschet,,
cdu_22-09-2021_00:00_video8.jpeg,,,,,,,,
die_gruenen_25-09-2021_00:00_image2.jpeg,,,,,,,,
olafscholz_17-09-2021_00:00_video7.jpeg,,,,,,,,
olafscholz_17-09-2021_00:00_video7.jpeg,,,,,,,,
saskiaesken_16-09-2021_00:00_image1.jpeg,,,,,,,,
saskiaesken_16-09-2021_00:00_image1.jpeg,,,,,,,,
saskiaesken_16-09-2021_00:00_image1.jpeg,,,,,Saskia Esken,Saskia Esken,,
saskiaesken_16-09-2021_00:00_image1.jpeg,,,,,,,,
saskiaesken_16-09-2021_00:00_image1.jpeg,,,,,,,,
armin_laschet_18-09-2021_00:00_image0.jpeg,,,,,,,,
armin_laschet_18-09-2021_00:00_image0.jpeg,,,,,Armin Laschet,Armin Laschet,,
robert.habeck_25-09-2021_00:00_image2.jpeg,,,,,,,,
robert.habeck_25-09-2021_00:00_image2.jpeg,,,,,Annalena Baerbock,Annalena Baerbock,,
robert.habeck_25-09-2021_00:00_image2.jpeg,,,,,,,,
robert.habeck_25-09-2021_00:00_image2.jpeg,,,,,Robert Habeck,Robert Habeck,,
robert.habeck_25-09-2021_00:00_image2.jpeg,,,,,,,,
die_gruenen_17-09-2021_00:00_video5.jpeg,,,,,,,,
spdde_19-09-2021_00:00_video5.jpeg,,,,,,,,
spdde_19-09-2021_00:00_video5.jpeg,,,,,,,,
armin_laschet_17-09-2021_00:00_image4.jpeg,,,,,,,,
armin_laschet_17-09-2021_00:00_image4.jpeg,,,,,,,,
armin_laschet_17-09-2021_00:00_image4.jpeg,,,,,,,,
spdde_13-09-2021_00:00_video5.jpeg,,,,,,,,
robert.habeck_25-09-2021_00:00_image7.jpeg,,,,,,,,
robert.habeck_25-09-2021_00:00_image7.jpeg,,,,,Annalena Baerbock,Annalena Baerbock,,
robert.habeck_25-09-2021_00:00_image7.jpeg,,,,,,,,
robert.habeck_25-09-2021_00:00_image7.jpeg,,,,,,,,
robert.habeck_25-09-2021_00:00_image7.jpeg,,,,,,,,
robert.habeck_25-09-2021_00:00_image7.jpeg,,,,,,,,
robert.habeck_25-09-2021_00:00_image7.jpeg,,,,,,,,
robert.habeck_25-09-2021_00:00_image7.jpeg,,,,,,,,
robert.habeck_25-09-2021_00:00_image7.jpeg,,,,,,,,
fdp_20-09-2021_00:00_image6.jpeg,,,,,,,,
fdp_20-09-2021_00:00_image6.jpeg,,,,,Nicola Beer,Nicola Beer,,
armin_laschet_23-09-2021_00:00_video2.jpeg,,,,,,,,
armin_laschet_23-09-2021_00:00_video2.jpeg,,,,,Armin Laschet,Armin Laschet,,
armin_laschet_23-09-2021_00:00_video2.jpeg,,,,,,,,
robert.habeck_16-09-2021_00:00_image14.jpeg,,,,,,,,
robert.habeck_16-09-2021_00:00_image14.jpeg,,,,,Robert Habeck,Robert Habeck,,
robert.habeck_16-09-2021_00:00_image14.jpeg,,,,,,,,
robert.habeck_16-09-2021_00:00_image14.jpeg,,,,,Robert Habeck,Robert Habeck,,
abaerbock_25-09-2021_00:00_video1.jpeg,,,,,,,,
abaerbock_25-09-2021_00:00_video1.jpeg,,,,,,,,
abaerbock_25-09-2021_00:00_video1.jpeg,,,,,Annalena Baerbock,Annalena Baerbock,,
abaerbock_25-09-2021_00:00_video1.jpeg,,,,,,,,
abaerbock_25-09-2021_00:00_video1.jpeg,,,,,Robert Habeck,Robert Habeck,,
abaerbock_25-09-2021_00:00_video1.jpeg,,,,,,,,
die_gruenen_20-09-2021_00:00_video3.jpeg,,,,,,,,
die_gruenen_20-09-2021_00:00_video3.jpeg,,,,,,,,
die_gruenen_20-09-2021_00:00_video3.jpeg,,,,,,,,
die_gruenen_20-09-2021_00:00_video3.jpeg,,,,,,,,
die_gruenen_20-09-2021_00:00_video3.jpeg,,,,,,,,
robert.habeck_23-09-2021_00:00_image11.jpeg,,,,,,,,
robert.habeck_23-09-2021_00:00_image11.jpeg,,,,,,,,
robert.habeck_23-09-2021_00:00_image11.jpeg,,,,,,,,
robert.habeck_23-09-2021_00:00_image11.jpeg,,,,,,,,
robert.habeck_23-09-2021_00:00_image11.jpeg,,,,,,Robert Habeck,,
armin_laschet_22-09-2021_00:00_video6.jpeg,,,,,,,,
fw_bayern_18-09-2021_00:00_video1.jpeg,,,,,,,,
abaerbock_24-09-2021_00:00_image6.jpeg,,,,,,,,
markus.soeder_24-09-2021_00:00_video1.jpeg,,,,,,,,
markus.soeder_24-09-2021_00:00_video1.jpeg,,,,,Markus Söder,Markus Söder,,
afd.bund_17-09-2021_00:00_video4.jpeg,,,,,,,,
die_gruenen_25-09-2021_00:00_video28.jpeg,,,,,,,,
die_gruenen_25-09-2021_00:00_video28.jpeg,,,,,,,,
die_gruenen_25-09-2021_00:00_video28.jpeg,,,,,,,,
die_gruenen_25-09-2021_00:00_video28.jpeg,,,,,,,,
robert.habeck_16-09-2021_00:00_image6.jpeg,,,,,,,,
robert.habeck_24-09-2021_00:00_image8.jpeg,,,,,,,,
robert.habeck_24-09-2021_00:00_image8.jpeg,,,,,,,,
robert.habeck_24-09-2021_00:00_image8.jpeg,,,,,,,,
robert.habeck_24-09-2021_00:00_image8.jpeg,,,,,,,,
robert.habeck_24-09-2021_00:00_image8.jpeg,,,,,,,,
robert.habeck_24-09-2021_00:00_image8.jpeg,,,,,,,,
robert.habeck_24-09-2021_00:00_image8.jpeg,,,,,,,,
robert.habeck_24-09-2021_00:00_image8.jpeg,,,,,,,,
robert.habeck_24-09-2021_00:00_image8.jpeg,,,,,,,,
robert.habeck_24-09-2021_00:00_image8.jpeg,,,,,,,,
robert.habeck_24-09-2021_00:00_image8.jpeg,,,,,,,,
robert.habeck_24-09-2021_00:00_image8.jpeg,,,,,,,,
robert.habeck_24-09-2021_00:00_image8.jpeg,,,,,,,,
robert.habeck_24-09-2021_00:00_image8.jpeg,,,,,,,,
robert.habeck_24-09-2021_00:00_image8.jpeg,,,,,,,,
robert.habeck_24-09-2021_00:00_image8.jpeg,,,,,,,,
robert.habeck_24-09-2021_00:00_image8.jpeg,,,,,,,,
robert.habeck_24-09-2021_00:00_image8.jpeg,,,,,,,,
robert.habeck_24-09-2021_00:00_image8.jpeg,,,,,,,,
robert.habeck_24-09-2021_00:00_image8.jpeg,,,,,,,,
robert.habeck_24-09-2021_00:00_image8.jpeg,,,,,,,,
robert.habeck_24-09-2021_00:00_image8.jpeg,,,,,,,,
robert.habeck_24-09-2021_00:00_image8.jpeg,,,,,,,,
robert.habeck_24-09-2021_00:00_image8.jpeg,,,,,,,,
robert.habeck_24-09-2021_00:00_image8.jpeg,,,,,,,,
robert.habeck_24-09-2021_00:00_image8.jpeg,,,,,,,,
robert.habeck_24-09-2021_00:00_image8.jpeg,,,,,,,,
robert.habeck_24-09-2021_00:00_image8.jpeg,,,,,,,,
robert.habeck_24-09-2021_00:00_image8.jpeg,,,,,,,,
robert.habeck_24-09-2021_00:00_image8.jpeg,,,,,,,,
robert.habeck_24-09-2021_00:00_image8.jpeg,,,,,,,,
robert.habeck_24-09-2021_00:00_image8.jpeg,,,,,,,,
robert.habeck_24-09-2021_00:00_image8.jpeg,,,,,,,,
robert.habeck_24-09-2021_00:00_image8.jpeg,,,,,,,,
robert.habeck_24-09-2021_00:00_image8.jpeg,,,,,,,,
robert.habeck_24-09-2021_00:00_image8.jpeg,,,,,,,,
robert.habeck_24-09-2021_00:00_image8.jpeg,,,,,,,,
robert.habeck_24-09-2021_00:00_image8.jpeg,,,,,,,,
robert.habeck_24-09-2021_00:00_image8.jpeg,,,,,,,,
robert.habeck_24-09-2021_00:00_image8.jpeg,,,,,,,,
robert.habeck_24-09-2021_00:00_image8.jpeg,,,,,,,,
robert.habeck_24-09-2021_00:00_image8.jpeg,,,,,,,,
robert.habeck_24-09-2021_00:00_image8.jpeg,,,,,,,,
robert.habeck_24-09-2021_00:00_image8.jpeg,,,,,,,,
robert.habeck_24-09-2021_00:00_image8.jpeg,,,,,,,,
robert.habeck_24-09-2021_00:00_image8.jpeg,,,,,,,,
robert.habeck_24-09-2021_00:00_image8.jpeg,,,,,,,,
robert.habeck_24-09-2021_00:00_image8.jpeg,,,,,,,,
robert.habeck_24-09-2021_00:00_image8.jpeg,,,,,,,,
robert.habeck_24-09-2021_00:00_image8.jpeg,,,,,,,,
robert.habeck_24-09-2021_00:00_image8.jpeg,,,,,,,,
robert.habeck_24-09-2021_00:00_image8.jpeg,,,,,,,,
robert.habeck_24-09-2021_00:00_image8.jpeg,,,,,,,,
robert.habeck_24-09-2021_00:00_image8.jpeg,,,,,,,,
robert.habeck_24-09-2021_00:00_image8.jpeg,,,,,,,,
robert.habeck_24-09-2021_00:00_image8.jpeg,,,,,,,,
robert.habeck_24-09-2021_00:00_image8.jpeg,,,,,,,,
robert.habeck_24-09-2021_00:00_image8.jpeg,,,,,,,,
robert.habeck_24-09-2021_00:00_image8.jpeg,,,,,,,,
robert.habeck_24-09-2021_00:00_image8.jpeg,,,,,,,,
robert.habeck_24-09-2021_00:00_image8.jpeg,,,,,,,,
robert.habeck_24-09-2021_00:00_image8.jpeg,,,,,,,,
robert.habeck_24-09-2021_00:00_image8.jpeg,,,,,,,,
robert.habeck_24-09-2021_00:00_image8.jpeg,,,,,,,,
robert.habeck_24-09-2021_00:00_image8.jpeg,,,,,,,,
robert.habeck_24-09-2021_00:00_image8.jpeg,,,,,,,,
robert.habeck_24-09-2021_00:00_image8.jpeg,,,,,,,,
robert.habeck_24-09-2021_00:00_image8.jpeg,,,,,,,,
robert.habeck_24-09-2021_00:00_image8.jpeg,,,,,,,,
robert.habeck_24-09-2021_00:00_image8.jpeg,,,,,,,,
robert.habeck_24-09-2021_00:00_image8.jpeg,,,,,,,,
robert.habeck_24-09-2021_00:00_image8.jpeg,,,,,,,,
robert.habeck_24-09-2021_00:00_image8.jpeg,,,,,,,,
robert.habeck_24-09-2021_00:00_image8.jpeg,,,,,,,,
robert.habeck_24-09-2021_00:00_image8.jpeg,,,,,,,,
robert.habeck_24-09-2021_00:00_image8.jpeg,,,,,,,,
robert.habeck_24-09-2021_00:00_image8.jpeg,,,,,,,,
robert.habeck_24-09-2021_00:00_image8.jpeg,,,,,,,,
robert.habeck_24-09-2021_00:00_image8.jpeg,,,,,,,,
robert.habeck_24-09-2021_00:00_image8.jpeg,,,,,,,,
robert.habeck_24-09-2021_00:00_image8.jpeg,,,,,,,,
robert.habeck_24-09-2021_00:00_image8.jpeg,,,,,,,,
robert.habeck_24-09-2021_00:00_image8.jpeg,,,,,,,,
robert.habeck_24-09-2021_00:00_image8.jpeg,,,,,,,,
robert.habeck_24-09-2021_00:00_image8.jpeg,,,,,,,,
robert.habeck_24-09-2021_00:00_image8.jpeg,,,,,,,,
robert.habeck_24-09-2021_00:00_image8.jpeg,,,,,,,,
robert.habeck_24-09-2021_00:00_image8.jpeg,,,,,,,,
robert.habeck_24-09-2021_00:00_image8.jpeg,,,,,,,,
robert.habeck_24-09-2021_00:00_image8.jpeg,,,,,,,,
robert.habeck_24-09-2021_00:00_image8.jpeg,,,,,,,,
abaerbock_13-09-2021_00:00_image1.jpeg,,,,,,,,
abaerbock_13-09-2021_00:00_image1.jpeg,,,,,Annalena Baerbock,Annalena Baerbock,,
abaerbock_13-09-2021_00:00_image1.jpeg,,,,,,,,
fdp_20-09-2021_00:00_video6.jpeg,,,,,,,,
fdp_20-09-2021_00:00_video6.jpeg,,,,,,,,
spdde_13-09-2021_00:00_image1.jpeg,,,,,,,,
spdde_13-09-2021_00:00_image1.jpeg,,,,,,,,
spdde_13-09-2021_00:00_image1.jpeg,,,,,,,,
spdde_13-09-2021_00:00_image1.jpeg,,,,,,,,
spdde_13-09-2021_00:00_image1.jpeg,,,,,,,,
spdde_13-09-2021_00:00_image1.jpeg,,,,,,,,
spdde_13-09-2021_00:00_image1.jpeg,,,,,,,,
spdde_13-09-2021_00:00_image1.jpeg,,,,,,,,
spdde_13-09-2021_00:00_image1.jpeg,,,,,,,,
spdde_13-09-2021_00:00_image1.jpeg,,,,,,,,
spdde_13-09-2021_00:00_image1.jpeg,,,,,,,,
spdde_13-09-2021_00:00_image1.jpeg,,,,,,,,
spdde_13-09-2021_00:00_image1.jpeg,,,,,,,,
spdde_13-09-2021_00:00_image1.jpeg,,,,,,,,
spdde_13-09-2021_00:00_image1.jpeg,,,,,,,,
die_gruenen_25-09-2021_00:00_video41.jpeg,,,,,,,,
die_gruenen_25-09-2021_00:00_video41.jpeg,,,,,,,,
die_gruenen_25-09-2021_00:00_video41.jpeg,,,,,,,,
die_gruenen_25-09-2021_00:00_video41.jpeg,,,,,,,,
afd.bund_25-09-2021_00:00_image3.jpeg,,,,,,,,
afd.bund_25-09-2021_00:00_image3.jpeg,,,,,,,,
afd.bund_25-09-2021_00:00_image3.jpeg,,,,,,,,
afd.bund_25-09-2021_00:00_image3.jpeg,,,,,,,,
afd.bund_25-09-2021_00:00_image3.jpeg,,,,,,,,
afd.bund_25-09-2021_00:00_image3.jpeg,,,,,,,,
afd.bund_25-09-2021_00:00_image3.jpeg,,,,,,,,
afd.bund_25-09-2021_00:00_image3.jpeg,,,,,,,,
afd.bund_25-09-2021_00:00_image3.jpeg,,,,,,,,
afd.bund_25-09-2021_00:00_image3.jpeg,,,,,,,,
afd.bund_19-09-2021_00:00_image3.jpeg,,,,,,,,
afd.bund_19-09-2021_00:00_image3.jpeg,,,,,Alice Weidel,Alice Weidel,,
olafscholz_19-09-2021_00:00_image9.jpeg,,,,,,,,
olafscholz_19-09-2021_00:00_image9.jpeg,,,,,Olaf Scholz,Armin Laschet,,
olafscholz_19-09-2021_00:00_image9.jpeg,,,,,,,,
olafscholz_19-09-2021_00:00_image9.jpeg,,,,,,,,
olafscholz_19-09-2021_00:00_image9.jpeg,,,,,Olaf Scholz,Armin Laschet,,
afd.bund_16-09-2021_00:00_video1.jpeg,,,,,,,,
grey_gor_26-09-2021_00:00_video0.jpeg,,,,,,,,
grey_gor_26-09-2021_00:00_video0.jpeg,,,,,Gregor Voht,Gregor Voht,,
nicola_beer_22-09-2021_00:00_video3.jpeg,,,,,,,,
nicola_beer_22-09-2021_00:00_video3.jpeg,,,,,,,,
nicola_beer_22-09-2021_00:00_video3.jpeg,,,,,,,,
fw_bayern_24-09-2021_00:00_video7.jpeg,,,,,,,,
fw_bayern_24-09-2021_00:00_video7.jpeg,,,,,,,,
fw_bayern_24-09-2021_00:00_video7.jpeg,,,,,,,,
fw_bayern_24-09-2021_00:00_video7.jpeg,,,,,,,,
fw_bayern_24-09-2021_00:00_video7.jpeg,,,,,,,,
fw_bayern_24-09-2021_00:00_video7.jpeg,,,,,,,,
robert.habeck_17-09-2021_00:00_video4.jpeg,,,,,,,,
robert.habeck_17-09-2021_00:00_video4.jpeg,,,,,Robert Habeck,Robert Habeck,,
robert.habeck_17-09-2021_00:00_video4.jpeg,,,,,,,,
robert.habeck_17-09-2021_00:00_video4.jpeg,,,,,,,,
fdp_22-09-2021_00:00_video3.jpeg,,,,,,,,
fdp_22-09-2021_00:00_video3.jpeg,,,,,Christian Lindner,Christian Lindner,,
fdp_22-09-2021_00:00_video3.jpeg,,,,,,,,
fdp_22-09-2021_00:00_video3.jpeg,,,,,,,,
fdp_22-09-2021_00:00_video3.jpeg,,,,,,,,
fdp_22-09-2021_00:00_video3.jpeg,,,,,,,,
fdp_22-09-2021_00:00_video3.jpeg,,,,,,,,
fdp_22-09-2021_00:00_video3.jpeg,,,,,,,,
fdp_22-09-2021_00:00_video3.jpeg,,,,,,,,
fdp_22-09-2021_00:00_video3.jpeg,,,,,,,,
armin_laschet_21-09-2021_00:00_image1.jpeg,,,,,,,,
armin_laschet_21-09-2021_00:00_image1.jpeg,,,,,Armin Laschet,Armin Laschet,,
armin_laschet_25-09-2021_00:00_image2.jpeg,,,,,,,,
armin_laschet_25-09-2021_00:00_image2.jpeg,,,,,Markus Söder,Markus Söder,,
armin_laschet_25-09-2021_00:00_image2.jpeg,,,,,,,,
armin_laschet_25-09-2021_00:00_image2.jpeg,,,,,Armin Laschet,Armin Laschet,,
armin_laschet_25-09-2021_00:00_image2.jpeg,,,,,,,,
armin_laschet_25-09-2021_00:00_image2.jpeg,,,,,,,,
armin_laschet_25-09-2021_00:00_image2.jpeg,,,,,,,,
armin_laschet_25-09-2021_00:00_image2.jpeg,,,,,Armin Laschet,Armin Laschet,,
armin_laschet_25-09-2021_00:00_image2.jpeg,,,,,,,,
armin_laschet_25-09-2021_00:00_image2.jpeg,,,,,,,,
armin_laschet_25-09-2021_00:00_image2.jpeg,,,,,,,,
armin_laschet_25-09-2021_00:00_image2.jpeg,,,,,,,,
armin_laschet_25-09-2021_00:00_image2.jpeg,,,,,Markus Söder,Markus Söder,,
armin_laschet_25-09-2021_00:00_image2.jpeg,,,,,,,,
spdde_18-09-2021_00:00_video8.jpeg,,,,,,,,
spdde_18-09-2021_00:00_video8.jpeg,,,,,,,,
spdde_18-09-2021_00:00_video8.jpeg,,,,,,,,
afd.bund_25-09-2021_00:00_video13.jpeg,,,,,,,,
afd.bund_25-09-2021_00:00_video13.jpeg,,,,,,,,
afd.bund_25-09-2021_00:00_video13.jpeg,,,,,,,,
cdu_24-09-2021_00:00_video16.jpeg,,,,,,,,
markus.soeder_20-09-2021_00:00_video1.jpeg,,,,,,,,
markus.soeder_20-09-2021_00:00_video1.jpeg,,,,,,,,
olafscholz_19-09-2021_00:00_video8.jpeg,,,,,,,,
olafscholz_19-09-2021_00:00_video8.jpeg,,,,,,,,
nicola_beer_24-09-2021_00:00_image0.jpeg,,,,,,,,
nicola_beer_24-09-2021_00:00_image0.jpeg,,,,,,,,
nicola_beer_24-09-2021_00:00_image0.jpeg,,,,,,,Nicola Beer,
nicola_beer_24-09-2021_00:00_image0.jpeg,,,,,,,,
fw_bayern_14-09-2021_00:00_image2.jpeg,,,,,,,,
fw_bayern_14-09-2021_00:00_image2.jpeg,,,,,,,,
susanne_hennig_wellsow_16-09-2021_00:00_video0.jpeg,,,,,,,,
robert.habeck_26-09-2021_00:00_image8.jpeg,,,,,,,,
robert.habeck_26-09-2021_00:00_image8.jpeg,,,,,,,Robert Habeck,Robert Habeck
armin_laschet_17-09-2021_00:00_video7.jpeg,,,,,,,,
armin_laschet_17-09-2021_00:00_video7.jpeg,,,,,,,Armin Laschet,Armin Laschet
armin_laschet_17-09-2021_00:00_video7.jpeg,,,,,,,,
armin_laschet_17-09-2021_00:00_video7.jpeg,,,,,,,,
armin_laschet_17-09-2021_00:00_video7.jpeg,,,,,,,,
armin_laschet_17-09-2021_00:00_video7.jpeg,,,,,,,,
armin_laschet_17-09-2021_00:00_video7.jpeg,,,,,,,,
armin_laschet_17-09-2021_00:00_video7.jpeg,,,,,,,,
armin_laschet_17-09-2021_00:00_video7.jpeg,,,,,,,,
armin_laschet_17-09-2021_00:00_video7.jpeg,,,,,,,,
armin_laschet_17-09-2021_00:00_video7.jpeg,,,,,,,,
armin_laschet_17-09-2021_00:00_video7.jpeg,,,,,,,,
armin_laschet_17-09-2021_00:00_video7.jpeg,,,,,,,,
armin_laschet_17-09-2021_00:00_video7.jpeg,,,,,,,,
armin_laschet_17-09-2021_00:00_video7.jpeg,,,,,,,Armin Laschet,Armin Laschet
armin_laschet_17-09-2021_00:00_video7.jpeg,,,,,,,,
armin_laschet_17-09-2021_00:00_video7.jpeg,,,,,,,,
armin_laschet_17-09-2021_00:00_video7.jpeg,,,,,,,,
armin_laschet_17-09-2021_00:00_video7.jpeg,,,,,,,,
armin_laschet_17-09-2021_00:00_video7.jpeg,,,,,,,,
susanne_hennig_wellsow_25-09-2021_00:00_video2.jpeg,,,,,,,,
armin_laschet_24-09-2021_00:00_video13.jpeg,,,,,,,,
armin_laschet_24-09-2021_00:00_video13.jpeg,,,,,,,,Armin Laschet
armin_laschet_24-09-2021_00:00_video13.jpeg,,,,,,,Olaf Scholz,
armin_laschet_24-09-2021_00:00_video13.jpeg,,,,,,,,Olaf Scholz
abaerbock_20-09-2021_00:00_image2.jpeg,,,,,,,,
abaerbock_20-09-2021_00:00_image2.jpeg,,,,,,,,
abaerbock_20-09-2021_00:00_image2.jpeg,,,,,,,,
abaerbock_20-09-2021_00:00_image2.jpeg,,,,,,,Annalena Baerbock,Annalena Baerbock
abaerbock_20-09-2021_00:00_image2.jpeg,,,,,,,,
abaerbock_24-09-2021_00:00_image0.jpeg,,,,,,,,
abaerbock_24-09-2021_00:00_image0.jpeg,,,,,,,Annalena Baerbock,Annalena Baerbock
cdu_20-09-2021_00:00_video11.jpeg,,,,,,,,
cdu_20-09-2021_00:00_video11.jpeg,,,,,,,,
afd.bund_21-09-2021_00:00_image1.jpeg,,,,,,,,
afd.bund_21-09-2021_00:00_image1.jpeg,,,,,,,Alice Weidel,Alice Weidel
afd.bund_21-09-2021_00:00_image1.jpeg,,,,,,,,
afd.bund_21-09-2021_00:00_image1.jpeg,,,,,,,,
afd.bund_21-09-2021_00:00_image1.jpeg,,,,,,,,
afd.bund_21-09-2021_00:00_image1.jpeg,,,,,,,,
afd.bund_21-09-2021_00:00_image1.jpeg,,,,,,,,
fw_bayern_21-09-2021_00:00_video5.jpeg,,,,,,,,
fw_bayern_21-09-2021_00:00_video5.jpeg,,,,,,,,
spdde_20-09-2021_00:00_video4.jpeg,,,,,,,,
spdde_20-09-2021_00:00_video4.jpeg,,,,,,,,
spdde_20-09-2021_00:00_video4.jpeg,,,,,,,,
spdde_20-09-2021_00:00_video4.jpeg,,,,,,,,
spdde_20-09-2021_00:00_video4.jpeg,,,,,,,,
fw_bayern_23-09-2021_00:00_video0.jpeg,,,,,,,,
fw_bayern_19-09-2021_00:00_video1.jpeg,,,,,,,,
robert.habeck_26-09-2021_00:00_image7.jpeg,,,,,,,,
cdu_26-09-2021_00:00_video9.jpeg,,,,,,,,
cdu_26-09-2021_00:00_video9.jpeg,,,,,,,,
cdu_26-09-2021_00:00_video9.jpeg,,,,,,,,
cdu_26-09-2021_00:00_video9.jpeg,,,,,,,Armin Laschet,Armin Laschet
cdu_26-09-2021_00:00_video9.jpeg,,,,,,,,
cdu_26-09-2021_00:00_video9.jpeg,,,,,,,,
abaerbock_20-09-2021_00:00_image3.jpeg,,,,,,,,
abaerbock_20-09-2021_00:00_image3.jpeg,,,,,,,Annalena Baerbock,Annalena Baerbock
spdde_14-09-2021_00:00_video1.jpeg,,,,,,,,
spdde_14-09-2021_00:00_video1.jpeg,,,,,,,Olaf Scholz,Olaf Scholz
afd.bund_17-09-2021_00:00_image10.jpeg,,,,,,,,
afd.bund_17-09-2021_00:00_image10.jpeg,,,,,,,,
afd.bund_17-09-2021_00:00_image10.jpeg,,,,,,,,
afd.bund_17-09-2021_00:00_image10.jpeg,,,,,,,,
afd.bund_17-09-2021_00:00_image10.jpeg,,,,,,,,
afd.bund_17-09-2021_00:00_image10.jpeg,,,,,,,,
afd.bund_17-09-2021_00:00_image10.jpeg,,,,,,,,
afd.bund_17-09-2021_00:00_image10.jpeg,,,,,,,,
afd.bund_17-09-2021_00:00_image10.jpeg,,,,,,,,
afd.bund_17-09-2021_00:00_image10.jpeg,,,,,,,,
afd.bund_17-09-2021_00:00_image10.jpeg,,,,,,,,
afd.bund_17-09-2021_00:00_image10.jpeg,,,,,,,,
afd.bund_17-09-2021_00:00_image10.jpeg,,,,,,,,
afd.bund_17-09-2021_00:00_image10.jpeg,,,,,,,,
afd.bund_17-09-2021_00:00_image10.jpeg,,,,,,,,
afd.bund_17-09-2021_00:00_image10.jpeg,,,,,,,,
fw_bayern_19-09-2021_00:00_video0.jpeg,,,,,,,,
fw_bayern_19-09-2021_00:00_video0.jpeg,,,,,,,,
fw_bayern_19-09-2021_00:00_video0.jpeg,,,,,,,,
fw_bayern_19-09-2021_00:00_video0.jpeg,,,,,,,,
fw_bayern_19-09-2021_00:00_video0.jpeg,,,,,,,,
fw_bayern_19-09-2021_00:00_video0.jpeg,,,,,,,,
fw_bayern_19-09-2021_00:00_video0.jpeg,,,,,,,,
fw_bayern_19-09-2021_00:00_video0.jpeg,,,,,,,,
fw_bayern_19-09-2021_00:00_video0.jpeg,,,,,,,,
fw_bayern_19-09-2021_00:00_video0.jpeg,,,,,,,,
die_gruenen_13-09-2021_00:00_image0.jpeg,,,,,,,,
die_gruenen_13-09-2021_00:00_image0.jpeg,,,,,,,Annalena Baerbock,Annalena Baerbock
olafscholz_17-09-2021_00:00_video5.jpeg,,,,,,,,
olafscholz_17-09-2021_00:00_video5.jpeg,,,,,,,,
olafscholz_17-09-2021_00:00_video5.jpeg,,,,,,,,
olafscholz_17-09-2021_00:00_video5.jpeg,,,,,,,,
olafscholz_17-09-2021_00:00_video5.jpeg,,,,,,,,
olafscholz_17-09-2021_00:00_video5.jpeg,,,,,,,,
olafscholz_17-09-2021_00:00_video5.jpeg,,,,,,,,
olafscholz_17-09-2021_00:00_video5.jpeg,,,,,,,,
olafscholz_17-09-2021_00:00_video5.jpeg,,,,,,,,
fdp_20-09-2021_00:00_video7.jpeg,,,,,,,,
fdp_20-09-2021_00:00_video7.jpeg,,,,,,,,
fdp_20-09-2021_00:00_video7.jpeg,,,,,,,Christian Lindner,Christian Lindner
fdp_20-09-2021_00:00_video7.jpeg,,,,,,,,
fdp_20-09-2021_00:00_video7.jpeg,,,,,,,,
fdp_20-09-2021_00:00_video7.jpeg,,,,,,,Nicola Beer,
fdp_20-09-2021_00:00_video7.jpeg,,,,,,,,
fdp_20-09-2021_00:00_video7.jpeg,,,,,,,,
fdp_20-09-2021_00:00_video7.jpeg,,,,,,,,
fdp_20-09-2021_00:00_video7.jpeg,,,,,,,,
fdp_20-09-2021_00:00_video7.jpeg,,,,,,,,
fdp_20-09-2021_00:00_video7.jpeg,,,,,,,,
fdp_20-09-2021_00:00_video7.jpeg,,,,,,,,
fdp_20-09-2021_00:00_video7.jpeg,,,,,,,,
robert.habeck_21-09-2021_00:00_video2.jpeg,,,,,,,,
robert.habeck_21-09-2021_00:00_video2.jpeg,,,,,,,,Robert Habeck
robert.habeck_21-09-2021_00:00_video2.jpeg,,,,,,,,
robert.habeck_21-09-2021_00:00_video2.jpeg,,,,,,,,
cdu_13-09-2021_00:00_video13.jpeg,,,,,,,,
cdu_13-09-2021_00:00_video13.jpeg,,,,,,,,
spdde_25-09-2021_00:00_video0.jpeg,,,,,,,,
abaerbock_22-09-2021_00:00_image10.jpeg,,,,,,,,
abaerbock_22-09-2021_00:00_image10.jpeg,,,,,,,Annalena Baerbock,Annalena Baerbock
abaerbock_22-09-2021_00:00_image10.jpeg,,,,,,,,
abaerbock_22-09-2021_00:00_image10.jpeg,,,,,,,,
abaerbock_22-09-2021_00:00_image10.jpeg,,,,,,,,
abaerbock_22-09-2021_00:00_image10.jpeg,,,,,,,,
olafscholz_21-09-2021_00:00_video5.jpeg,,,,,,,,
olafscholz_21-09-2021_00:00_video5.jpeg,,,,,,,,
olafscholz_21-09-2021_00:00_video5.jpeg,,,,,,,,
olafscholz_21-09-2021_00:00_video5.jpeg,,,,,,,,
olafscholz_21-09-2021_00:00_video5.jpeg,,,,,,,,
olafscholz_21-09-2021_00:00_video5.jpeg,,,,,,,,
olafscholz_21-09-2021_00:00_video5.jpeg,,,,,,,,
olafscholz_21-09-2021_00:00_video5.jpeg,,,,,,,,
olafscholz_21-09-2021_00:00_video5.jpeg,,,,,,,,
olafscholz_21-09-2021_00:00_video5.jpeg,,,,,,,,
olafscholz_21-09-2021_00:00_video5.jpeg,,,,,,,,
abaerbock_17-09-2021_00:00_video2.jpeg,,,,,,,,
abaerbock_17-09-2021_00:00_video2.jpeg,,,,,,,,
abaerbock_17-09-2021_00:00_video2.jpeg,,,,,,,Annalena Baerbock,Annalena Baerbock
robert.habeck_22-09-2021_00:00_video1.jpeg,,,,,,,,
robert.habeck_22-09-2021_00:00_video1.jpeg,,,,,,,Robert Habeck,Robert Habeck
robert.habeck_22-09-2021_00:00_video1.jpeg,,,,,,,,
cdu_20-09-2021_00:00_video5.jpeg,,,,,,,,
cdu_20-09-2021_00:00_video5.jpeg,,,,,,,,
cdu_23-09-2021_00:00_video6.jpeg,,,,,,,,
cdu_23-09-2021_00:00_video6.jpeg,,,,,,,,
cdu_23-09-2021_00:00_video6.jpeg,,,,,,,,
die_gruenen_13-09-2021_00:00_video5.jpeg,,,,,,,,
die_gruenen_13-09-2021_00:00_video5.jpeg,,,,,,,Robert Habeck,
die_gruenen_13-09-2021_00:00_video5.jpeg,,,,,,,,Annalena Baerbock
die_gruenen_13-09-2021_00:00_video5.jpeg,,,,,,,Annalena Baerbock,
die_gruenen_13-09-2021_00:00_video5.jpeg,,,,,,,,
die_gruenen_13-09-2021_00:00_video5.jpeg,,,,,,,,
die_gruenen_13-09-2021_00:00_video5.jpeg,,,,,,,,
markus.soeder_24-09-2021_00:00_image4.jpeg,,,,,,,,
markus.soeder_24-09-2021_00:00_image4.jpeg,,,,,,,Markus Söder,Markus Söder
abaerbock_21-09-2021_00:00_video2.jpeg,,,,,,,,
abaerbock_21-09-2021_00:00_video2.jpeg,,,,,,,,
abaerbock_21-09-2021_00:00_video2.jpeg,,,,,,,,
afd.bund_25-09-2021_00:00_image20.jpeg,,,,,,,,
afd.bund_25-09-2021_00:00_image20.jpeg,,,,,,,,
afd.bund_25-09-2021_00:00_image20.jpeg,,,,,,,,
afd.bund_25-09-2021_00:00_image20.jpeg,,,,,,,,
susanne_hennig_wellsow_18-09-2021_00:00_image0.jpeg,,,,,,,,
susanne_hennig_wellsow_18-09-2021_00:00_image0.jpeg,,,,,,,,
susanne_hennig_wellsow_18-09-2021_00:00_image0.jpeg,,,,,,,,
robert.habeck_16-09-2021_00:00_image9.jpeg,,,,,,,,
robert.habeck_16-09-2021_00:00_image9.jpeg,,,,,,,,
robert.habeck_16-09-2021_00:00_image9.jpeg,,,,,,,,
robert.habeck_16-09-2021_00:00_image9.jpeg,,,,,,,,
robert.habeck_16-09-2021_00:00_image9.jpeg,,,,,,,,
robert.habeck_16-09-2021_00:00_image9.jpeg,,,,,,,,
robert.habeck_16-09-2021_00:00_image9.jpeg,,,,,,,,
robert.habeck_16-09-2021_00:00_image9.jpeg,,,,,,,,
robert.habeck_16-09-2021_00:00_image9.jpeg,,,,,,,,
robert.habeck_16-09-2021_00:00_image9.jpeg,,,,,,,,
robert.habeck_16-09-2021_00:00_image9.jpeg,,,,,,,,
robert.habeck_16-09-2021_00:00_image9.jpeg,,,,,,,,
robert.habeck_16-09-2021_00:00_image9.jpeg,,,,,,,,
robert.habeck_16-09-2021_00:00_image9.jpeg,,,,,,,,
robert.habeck_16-09-2021_00:00_image9.jpeg,,,,,,,,
robert.habeck_16-09-2021_00:00_image9.jpeg,,,,,,,,
robert.habeck_16-09-2021_00:00_image9.jpeg,,,,,,,,
robert.habeck_16-09-2021_00:00_image9.jpeg,,,,,,,,
robert.habeck_16-09-2021_00:00_image9.jpeg,,,,,,,,
robert.habeck_16-09-2021_00:00_image9.jpeg,,,,,,,,
robert.habeck_16-09-2021_00:00_image9.jpeg,,,,,,,,
robert.habeck_16-09-2021_00:00_image9.jpeg,,,,,,,,
robert.habeck_16-09-2021_00:00_image9.jpeg,,,,,,,,
robert.habeck_16-09-2021_00:00_image9.jpeg,,,,,,,,
robert.habeck_16-09-2021_00:00_image9.jpeg,,,,,,,,
robert.habeck_16-09-2021_00:00_image9.jpeg,,,,,,,,
robert.habeck_16-09-2021_00:00_image9.jpeg,,,,,,,,
robert.habeck_16-09-2021_00:00_image9.jpeg,,,,,,,,
robert.habeck_16-09-2021_00:00_image9.jpeg,,,,,,,,
robert.habeck_16-09-2021_00:00_image9.jpeg,,,,,,,,
robert.habeck_16-09-2021_00:00_image9.jpeg,,,,,,,,
robert.habeck_16-09-2021_00:00_image9.jpeg,,,,,,,,
robert.habeck_16-09-2021_00:00_image9.jpeg,,,,,,,,
robert.habeck_16-09-2021_00:00_image9.jpeg,,,,,,,,
robert.habeck_16-09-2021_00:00_image9.jpeg,,,,,,,,
robert.habeck_16-09-2021_00:00_image9.jpeg,,,,,,,,
robert.habeck_16-09-2021_00:00_image9.jpeg,,,,,,,,
robert.habeck_16-09-2021_00:00_image9.jpeg,,,,,,,,
robert.habeck_16-09-2021_00:00_image9.jpeg,,,,,,,,
robert.habeck_16-09-2021_00:00_image9.jpeg,,,,,,,,
robert.habeck_16-09-2021_00:00_image9.jpeg,,,,,,,,
robert.habeck_16-09-2021_00:00_image9.jpeg,,,,,,,,
robert.habeck_16-09-2021_00:00_image9.jpeg,,,,,,,,
robert.habeck_16-09-2021_00:00_image9.jpeg,,,,,,,,
robert.habeck_16-09-2021_00:00_image9.jpeg,,,,,,,,
robert.habeck_16-09-2021_00:00_image9.jpeg,,,,,,,,
robert.habeck_16-09-2021_00:00_image9.jpeg,,,,,,,,
robert.habeck_16-09-2021_00:00_image9.jpeg,,,,,,,,
robert.habeck_16-09-2021_00:00_image9.jpeg,,,,,,,,
armin_laschet_25-09-2021_00:00_video0.jpeg,,,,,,,,
armin_laschet_25-09-2021_00:00_video0.jpeg,,,,,,,,
armin_laschet_25-09-2021_00:00_video0.jpeg,,,,,,,Armin Laschet,Armin Laschet
christlichsozialeunion_13-09-2021_00:00_video0.jpeg,,,,,,,,
christlichsozialeunion_13-09-2021_00:00_video0.jpeg,,,,,,,Armin Laschet,Armin Laschet
olafscholz_22-09-2021_00:00_video6.jpeg,,,,,,,,
spdde_15-09-2021_00:00_image0.jpeg,,,,,,,,
spdde_15-09-2021_00:00_image0.jpeg,,,,,,,Annalena Baerbock,Annalena Baerbock
spdde_15-09-2021_00:00_image0.jpeg,,,,,,,,
spdde_15-09-2021_00:00_image0.jpeg,,,,,,,Armin Laschet,Olaf Scholz
spdde_15-09-2021_00:00_image0.jpeg,,,,,,,,
spdde_15-09-2021_00:00_image0.jpeg,,,,,,,Olaf Scholz,
christianlindner_24-09-2021_00:00_image0.jpeg,,,,,,,,
christianlindner_24-09-2021_00:00_image0.jpeg,,,,,,,Christian Lindner,Christian Lindner
olafscholz_24-09-2021_00:00_image2.jpeg,,,,,,,,
olafscholz_24-09-2021_00:00_image2.jpeg,,,,,,,,
olafscholz_24-09-2021_00:00_image2.jpeg,,,,,,,Olaf Scholz,Olaf Scholz
olafscholz_23-09-2021_00:00_video1.jpeg,,,,,,,,
olafscholz_23-09-2021_00:00_video1.jpeg,,,,,,,,
olafscholz_23-09-2021_00:00_video1.jpeg,,,,,,,,
olafscholz_23-09-2021_00:00_video1.jpeg,,,,,,,,
olafscholz_23-09-2021_00:00_video1.jpeg,,,,,,,Olaf Scholz,Olaf Scholz
olafscholz_23-09-2021_00:00_video1.jpeg,,,,,,,,
olafscholz_23-09-2021_00:00_video1.jpeg,,,,,,,,
cdu_19-09-2021_00:00_video1.jpeg,,,,,,,,
cdu_19-09-2021_00:00_video1.jpeg,,,,,,,,
cdu_19-09-2021_00:00_video1.jpeg,,,,,,,,
abaerbock_26-09-2021_00:00_image1.jpeg,,,,,,,,
abaerbock_26-09-2021_00:00_image1.jpeg,,,,,,,,
abaerbock_26-09-2021_00:00_image1.jpeg,,,,,,,Annalena Baerbock,Annalena Baerbock
abaerbock_26-09-2021_00:00_image1.jpeg,,,,,,,,
abaerbock_26-09-2021_00:00_image1.jpeg,,,,,,,,
dielinke_25-09-2021_00:00_video11.jpeg,,,,,,,,
markus.soeder_25-09-2021_00:00_video4.jpeg,,,,,,,,
markus.soeder_25-09-2021_00:00_video4.jpeg,,,,,,,Markus Söder,Markus Söder
markus.soeder_25-09-2021_00:00_video4.jpeg,,,,,,,,
markus.soeder_25-09-2021_00:00_video4.jpeg,,,,,,,Markus Söder,Markus Söder
dielinke_26-09-2021_00:00_image0.jpeg,,,,,,,,
dielinke_26-09-2021_00:00_image0.jpeg,,,,,,,Christian Lindner,Christian Lindner
armin_laschet_22-09-2021_00:00_video9.jpeg,,,,,,,,
armin_laschet_22-09-2021_00:00_video9.jpeg,,,,,,,Armin Laschet,Armin Laschet
armin_laschet_22-09-2021_00:00_video9.jpeg,,,,,,,,
armin_laschet_22-09-2021_00:00_video9.jpeg,,,,,,,,Christian Lindner
fdp_20-09-2021_00:00_image9.jpeg,,,,,,,,
fdp_20-09-2021_00:00_image9.jpeg,,,,,,,Christian Lindner,Christian Lindner
fdp_20-09-2021_00:00_image9.jpeg,,,,,,,,
fdp_20-09-2021_00:00_image9.jpeg,,,,,,,,
fdp_20-09-2021_00:00_image9.jpeg,,,,,,,Christian Lindner,Christian Lindner
fdp_20-09-2021_00:00_image9.jpeg,,,,,,,,
susanne_hennig_wellsow_25-09-2021_00:00_image0.jpeg,,,,,,,,
susanne_hennig_wellsow_25-09-2021_00:00_image0.jpeg,,,,,,,,
susanne_hennig_wellsow_25-09-2021_00:00_image0.jpeg,,,,,,,Susanne Hennig-Wellsow,
susanne_hennig_wellsow_25-09-2021_00:00_image0.jpeg,,,,,,,,
armin_laschet_19-09-2021_00:00_video4.jpeg,,,,,,,,
armin_laschet_19-09-2021_00:00_video4.jpeg,,,,,,,Armin Laschet,Armin Laschet
armin_laschet_19-09-2021_00:00_video4.jpeg,,,,,,,,
robert.habeck_21-09-2021_00:00_image10.jpeg,,,,,,,,
robert.habeck_21-09-2021_00:00_image10.jpeg,,,,,,,,
robert.habeck_21-09-2021_00:00_image10.jpeg,,,,,,,,
robert.habeck_21-09-2021_00:00_image10.jpeg,,,,,,,,
robert.habeck_21-09-2021_00:00_image10.jpeg,,,,,,,,
robert.habeck_21-09-2021_00:00_image10.jpeg,,,,,,,,
robert.habeck_21-09-2021_00:00_image10.jpeg,,,,,,,,
robert.habeck_21-09-2021_00:00_image10.jpeg,,,,,,,,
robert.habeck_21-09-2021_00:00_image10.jpeg,,,,,,,,
robert.habeck_21-09-2021_00:00_image10.jpeg,,,,,,,,
robert.habeck_21-09-2021_00:00_image10.jpeg,,,,,,,,
robert.habeck_21-09-2021_00:00_image10.jpeg,,,,,,,,
robert.habeck_21-09-2021_00:00_image10.jpeg,,,,,,,,
robert.habeck_21-09-2021_00:00_image10.jpeg,,,,,,,,
robert.habeck_21-09-2021_00:00_image10.jpeg,,,,,,,,
robert.habeck_21-09-2021_00:00_image10.jpeg,,,,,,,,
robert.habeck_21-09-2021_00:00_image10.jpeg,,,,,,,,
abaerbock_13-09-2021_00:00_video0.jpeg,,,,,,,,
abaerbock_13-09-2021_00:00_video0.jpeg,,,,,,,,
abaerbock_13-09-2021_00:00_video0.jpeg,,,,,,,Annalena Baerbock,Annalena Baerbock
christlichsozialeunion_24-09-2021_00:00_video11.jpeg,,,,,,,,
christlichsozialeunion_24-09-2021_00:00_video11.jpeg,,,,,,,Markus Söder,Markus Söder
markus.soeder_21-09-2021_00:00_image1.jpeg,,,,,,,,
markus.soeder_21-09-2021_00:00_image1.jpeg,,,,,,,Markus Söder,Markus Söder
fw_bayern_14-09-2021_00:00_image0.jpeg,,,,,,,,
fw_bayern_14-09-2021_00:00_image0.jpeg,,,,,,,,
fw_bayern_14-09-2021_00:00_image0.jpeg,,,,,,,,
armin_laschet_24-09-2021_00:00_video16.jpeg,,,,,,,,
armin_laschet_24-09-2021_00:00_video16.jpeg,,,,,,,Armin Laschet,Armin Laschet
nicola_beer_20-09-2021_00:00_video13.jpeg,,,,,,,,
nicola_beer_20-09-2021_00:00_video13.jpeg,,,,,,,,
nicola_beer_20-09-2021_00:00_video13.jpeg,,,,,,,Nicola Beer,Nicola Beer
nicola_beer_20-09-2021_00:00_video13.jpeg,,,,,,,,
nicola_beer_20-09-2021_00:00_video13.jpeg,,,,,,,,
nicola_beer_20-09-2021_00:00_video13.jpeg,,,,,,,Christian Lindner,Christian Lindner
spdde_14-09-2021_00:00_image4.jpeg,,,,,,,,
armin_laschet_26-09-2021_00:00_video7.jpeg,,,,,,,,
armin_laschet_26-09-2021_00:00_video7.jpeg,,,,,,,,
fdp_25-09-2021_00:00_image0.jpeg,,,,,,,,
fdp_25-09-2021_00:00_image0.jpeg,,,,,,,Christian Lindner,Christian Lindner
nicola_beer_16-09-2021_00:00_image3.jpeg,,,,,,,,
nicola_beer_16-09-2021_00:00_image3.jpeg,,,,,,,Nicola Beer,Nicola Beer
afd.bund_13-09-2021_00:00_image8.jpeg,,,,,,,,
afd.bund_13-09-2021_00:00_image8.jpeg,,,,,,,,
afd.bund_13-09-2021_00:00_image8.jpeg,,,,,,,,
armin_laschet_23-09-2021_00:00_image0.jpeg,,,,,,,,
armin_laschet_23-09-2021_00:00_image0.jpeg,,,,,,,Armin Laschet,Armin Laschet
armin_laschet_23-09-2021_00:00_image0.jpeg,,,,,,,,
robert.habeck_16-09-2021_00:00_image1.jpeg,,,,,,,,
robert.habeck_16-09-2021_00:00_image1.jpeg,,,,,,,Robert Habeck,Robert Habeck
robert.habeck_15-09-2021_00:00_video0.jpeg,,,,,,,,
robert.habeck_15-09-2021_00:00_video0.jpeg,,,,,,,,
robert.habeck_15-09-2021_00:00_video0.jpeg,,,,,,,Robert Habeck,Robert Habeck
robert.habeck_15-09-2021_00:00_video0.jpeg,,,,,,,,
robert.habeck_15-09-2021_00:00_video0.jpeg,,,,,,,Robert Habeck,Robert Habeck
spdde_17-09-2021_00:00_image0.jpeg,,,,,,,,
spdde_17-09-2021_00:00_image0.jpeg,,,,,,,Olaf Scholz,Olaf Scholz
fdp_23-09-2021_00:00_image1.jpeg,,,,,,,,
fdp_23-09-2021_00:00_image1.jpeg,,,,,,,,
fdp_23-09-2021_00:00_image1.jpeg,,,,,,,Christian Lindner,Christian Lindner
christianlindner_22-09-2021_00:00_image5.jpeg,,,,,,,,
christianlindner_22-09-2021_00:00_image5.jpeg,,,,,,,Christian Lindner,Christian Lindner
christianlindner_22-09-2021_00:00_image5.jpeg,,,,,,,,
christianlindner_22-09-2021_00:00_image5.jpeg,,,,,,,,
fw_bayern_24-09-2021_00:00_video5.jpeg,,,,,,,,
fw_bayern_24-09-2021_00:00_video5.jpeg,,,,,,,,
fw_bayern_24-09-2021_00:00_video5.jpeg,,,,,,,,
fw_bayern_24-09-2021_00:00_video5.jpeg,,,,,,,,
fw_bayern_24-09-2021_00:00_video5.jpeg,,,,,,,,
susanne_hennig_wellsow_16-09-2021_00:00_video2.jpeg,,,,,,,,
susanne_hennig_wellsow_16-09-2021_00:00_video2.jpeg,,,,,,,Susanne Hennig-Wellsow,Susanne Hennig-Wellsow
armin_laschet_19-09-2021_00:00_image1.jpeg,,,,,,,,
armin_laschet_19-09-2021_00:00_image1.jpeg,,,,,,,Armin Laschet,Armin Laschet
fw_bayern_21-09-2021_00:00_video2.jpeg,,,,,,,,
fw_bayern_21-09-2021_00:00_video2.jpeg,,,,,,,,
abaerbock_18-09-2021_00:00_video2.jpeg,,,,,,,,
abaerbock_18-09-2021_00:00_video2.jpeg,,,,,,,,
abaerbock_18-09-2021_00:00_video2.jpeg,,,,,,,,
abaerbock_18-09-2021_00:00_video2.jpeg,,,,,,,,
afd.bund_23-09-2021_00:00_image0.jpeg,,,,,,,,
afd.bund_23-09-2021_00:00_image0.jpeg,,,,,,,,
afd.bund_23-09-2021_00:00_image0.jpeg,,,,,,,,
afd.bund_23-09-2021_00:00_image0.jpeg,,,,,,,,
afd.bund_23-09-2021_00:00_image0.jpeg,,,,,,,,
afd.bund_23-09-2021_00:00_image0.jpeg,,,,,,,,
afd.bund_23-09-2021_00:00_image0.jpeg,,,,,,,,
afd.bund_23-09-2021_00:00_image0.jpeg,,,,,,,,
afd.bund_23-09-2021_00:00_image0.jpeg,,,,,,,,
afd.bund_23-09-2021_00:00_image0.jpeg,,,,,,,,
afd.bund_23-09-2021_00:00_image0.jpeg,,,,,,,,
afd.bund_23-09-2021_00:00_image0.jpeg,,,,,,,,
afd.bund_23-09-2021_00:00_image0.jpeg,,,,,,,,
afd.bund_23-09-2021_00:00_image0.jpeg,,,,,,,,
afd.bund_23-09-2021_00:00_image0.jpeg,,,,,,,,
afd.bund_23-09-2021_00:00_image0.jpeg,,,,,,,,
afd.bund_23-09-2021_00:00_image0.jpeg,,,,,,,,
afd.bund_23-09-2021_00:00_image0.jpeg,,,,,,,,
afd.bund_23-09-2021_00:00_image0.jpeg,,,,,,,,
afd.bund_23-09-2021_00:00_image0.jpeg,,,,,,,,
afd.bund_23-09-2021_00:00_image0.jpeg,,,,,,,,
afd.bund_23-09-2021_00:00_image0.jpeg,,,,,,,,
afd.bund_23-09-2021_00:00_image0.jpeg,,,,,,,,
afd.bund_23-09-2021_00:00_image0.jpeg,,,,,,,,
afd.bund_23-09-2021_00:00_image0.jpeg,,,,,,,,
afd.bund_23-09-2021_00:00_image0.jpeg,,,,,,,,
afd.bund_23-09-2021_00:00_image0.jpeg,,,,,,,,
afd.bund_23-09-2021_00:00_image0.jpeg,,,,,,,,
afd.bund_23-09-2021_00:00_image0.jpeg,,,,,,,,
afd.bund_23-09-2021_00:00_image0.jpeg,,,,,,,,
afd.bund_23-09-2021_00:00_image0.jpeg,,,,,,,,
afd.bund_23-09-2021_00:00_image0.jpeg,,,,,,,,
afd.bund_23-09-2021_00:00_image0.jpeg,,,,,,,,
afd.bund_23-09-2021_00:00_image0.jpeg,,,,,,,,
afd.bund_23-09-2021_00:00_image0.jpeg,,,,,,,,
afd.bund_23-09-2021_00:00_image0.jpeg,,,,,,,,
afd.bund_23-09-2021_00:00_image0.jpeg,,,,,,,,
afd.bund_23-09-2021_00:00_image0.jpeg,,,,,,,,
afd.bund_23-09-2021_00:00_image0.jpeg,,,,,,,,
afd.bund_23-09-2021_00:00_image0.jpeg,,,,,,,,
afd.bund_23-09-2021_00:00_image0.jpeg,,,,,,,,
afd.bund_23-09-2021_00:00_image0.jpeg,,,,,,,,
afd.bund_23-09-2021_00:00_image0.jpeg,,,,,,,,
afd.bund_23-09-2021_00:00_image0.jpeg,,,,,,,,
afd.bund_23-09-2021_00:00_image0.jpeg,,,,,,,,
afd.bund_23-09-2021_00:00_image0.jpeg,,,,,,,,
afd.bund_23-09-2021_00:00_image0.jpeg,,,,,,,,
afd.bund_23-09-2021_00:00_image0.jpeg,,,,,,,,
afd.bund_23-09-2021_00:00_image0.jpeg,,,,,,,,
afd.bund_23-09-2021_00:00_image0.jpeg,,,,,,,,
afd.bund_23-09-2021_00:00_image0.jpeg,,,,,,,,
afd.bund_23-09-2021_00:00_image0.jpeg,,,,,,,,
afd.bund_23-09-2021_00:00_image0.jpeg,,,,,,,,
afd.bund_23-09-2021_00:00_image0.jpeg,,,,,,,,
afd.bund_23-09-2021_00:00_image0.jpeg,,,,,,,,
afd.bund_23-09-2021_00:00_image0.jpeg,,,,,,,,
afd.bund_23-09-2021_00:00_image0.jpeg,,,,,,,,
afd.bund_23-09-2021_00:00_image0.jpeg,,,,,,,,
afd.bund_23-09-2021_00:00_image0.jpeg,,,,,,,,
afd.bund_23-09-2021_00:00_image0.jpeg,,,,,,,,
afd.bund_17-09-2021_00:00_image7.jpeg,,,,,,,,
markus.soeder_23-09-2021_00:00_image0.jpeg,,,,,,,,
markus.soeder_23-09-2021_00:00_image0.jpeg,,,,,,,Markus Söder,
markus.soeder_23-09-2021_00:00_image0.jpeg,,,,,,,,Markus Söder
markus.soeder_23-09-2021_00:00_image0.jpeg,,,,,,,Markus Söder,
christlichsozialeunion_25-09-2021_00:00_video8.jpeg,,,,,,,,
christlichsozialeunion_25-09-2021_00:00_video8.jpeg,,,,,,,,
christlichsozialeunion_25-09-2021_00:00_video8.jpeg,,,,,,,Armin Laschet,Armin Laschet
olafscholz_21-09-2021_00:00_image1.jpeg,,,,,,,,
olafscholz_21-09-2021_00:00_image1.jpeg,,,,,,,Olaf Scholz,Olaf Scholz
olafscholz_21-09-2021_00:00_image1.jpeg,,,,,,,,
abaerbock_13-09-2021_00:00_image4.jpeg,,,,,,,,
abaerbock_13-09-2021_00:00_image4.jpeg,,,,,,,Annalena Baerbock,Armin Laschet
cdu_25-09-2021_00:00_video6.jpeg,,,,,,,,
cdu_25-09-2021_00:00_video6.jpeg,,,,,,,Markus Söder,Markus Söder
cdu_25-09-2021_00:00_video6.jpeg,,,,,,,,
cdu_25-09-2021_00:00_video6.jpeg,,,,,,,Markus Söder,Markus Söder
cdu_25-09-2021_00:00_video13.jpeg,,,,,,,,
cdu_25-09-2021_00:00_video13.jpeg,,,,,,,,
cdu_25-09-2021_00:00_video13.jpeg,,,,,,,,
susanne_hennig_wellsow_19-09-2021_00:00_image1.jpeg,,,,,,,,
susanne_hennig_wellsow_19-09-2021_00:00_image1.jpeg,,,,,,,Susanne Hennig-Wellsow,Susanne Hennig-Wellsow
susanne_hennig_wellsow_19-09-2021_00:00_image1.jpeg,,,,,,,,
susanne_hennig_wellsow_19-09-2021_00:00_image1.jpeg,,,,,,,Susanne Hennig-Wellsow,Susanne Hennig-Wellsow
nicola_beer_23-09-2021_00:00_image0.jpeg,,,,,,,,
nicola_beer_23-09-2021_00:00_image0.jpeg,,,,,,,,
nicola_beer_23-09-2021_00:00_image0.jpeg,,,,,,,Nicola Beer,Saskia Esken
nicola_beer_23-09-2021_00:00_image0.jpeg,,,,,,,,
christlichsozialeunion_24-09-2021_00:00_video3.jpeg,,,,,,,,
abaerbock_17-09-2021_00:00_video6.jpeg,,,,,,,,
abaerbock_17-09-2021_00:00_video6.jpeg,,,,,,,Annalena Baerbock,Annalena Baerbock
abaerbock_17-09-2021_00:00_video6.jpeg,,,,,,,,
abaerbock_14-09-2021_00:00_image12.jpeg,,,,,,,,
armin_laschet_19-09-2021_00:00_image5.jpeg,,,,,,,,
armin_laschet_19-09-2021_00:00_image5.jpeg,,,,,,,,
armin_laschet_19-09-2021_00:00_image5.jpeg,,,,,,,,
armin_laschet_19-09-2021_00:00_image5.jpeg,,,,,,,,
armin_laschet_19-09-2021_00:00_image5.jpeg,,,,,,,,
armin_laschet_19-09-2021_00:00_image5.jpeg,,,,,,,,
armin_laschet_19-09-2021_00:00_image5.jpeg,,,,,,,,
armin_laschet_19-09-2021_00:00_image5.jpeg,,,,,,,,
armin_laschet_19-09-2021_00:00_image5.jpeg,,,,,,,Armin Laschet,Armin Laschet
armin_laschet_19-09-2021_00:00_image5.jpeg,,,,,,,,
armin_laschet_19-09-2021_00:00_image5.jpeg,,,,,,,,
armin_laschet_19-09-2021_00:00_image5.jpeg,,,,,,,,
armin_laschet_19-09-2021_00:00_image5.jpeg,,,,,,,,
christlichsozialeunion_16-09-2021_00:00_video17.jpeg,,,,,,,,
christlichsozialeunion_16-09-2021_00:00_video17.jpeg,,,,,,,,
die_gruenen_26-09-2021_00:00_video0.jpeg,,,,,,,,
die_gruenen_26-09-2021_00:00_video0.jpeg,,,,,,,Robert Habeck,Robert Habeck
christlichsozialeunion_13-09-2021_00:00_image2.jpeg,,,,,,,,
armin_laschet_16-09-2021_00:00_image2.jpeg,,,,,,,,
armin_laschet_16-09-2021_00:00_image2.jpeg,,,,,,,Armin Laschet,Armin Laschet
armin_laschet_16-09-2021_00:00_image2.jpeg,,,,,,,,
armin_laschet_16-09-2021_00:00_image2.jpeg,,,,,,,,
susanne_hennig_wellsow_25-09-2021_00:00_video0.jpeg,,,,,,,,
susanne_hennig_wellsow_25-09-2021_00:00_video0.jpeg,,,,,,,,
susanne_hennig_wellsow_25-09-2021_00:00_video0.jpeg,,,,,,,,
susanne_hennig_wellsow_25-09-2021_00:00_video0.jpeg,,,,,,,Susanne Hennig-Wellsow,Susanne Hennig-Wellsow
armin_laschet_25-09-2021_00:00_video5.jpeg,,,,,,,,
armin_laschet_25-09-2021_00:00_video5.jpeg,,,,,,,Armin Laschet,Armin Laschet
abaerbock_20-09-2021_00:00_video0.jpeg,,,,,,,,
abaerbock_20-09-2021_00:00_video0.jpeg,,,,,,,Annalena Baerbock,Annalena Baerbock
armin_laschet_14-09-2021_00:00_image0.jpeg,,,,,,,,
armin_laschet_14-09-2021_00:00_image0.jpeg,,,,,,,Armin Laschet,Armin Laschet
christlichsozialeunion_16-09-2021_00:00_video8.jpeg,,,,,,,,
robert.habeck_16-09-2021_00:00_image12.jpeg,,,,,,,,
markus.soeder_21-09-2021_00:00_image2.jpeg,,,,,,,,
markus.soeder_21-09-2021_00:00_image2.jpeg,,,,,,,Markus Söder,Markus Söder
markus.soeder_21-09-2021_00:00_image2.jpeg,,,,,,,,
markus.soeder_21-09-2021_00:00_image2.jpeg,,,,,,,,
cdu_18-09-2021_00:00_image3.jpeg,,,,,,,,
cdu_18-09-2021_00:00_image3.jpeg,,,,,,,Armin Laschet,Armin Laschet
abaerbock_14-09-2021_00:00_image0.jpeg,,,,,,,,
abaerbock_14-09-2021_00:00_image0.jpeg,,,,,,,,
abaerbock_14-09-2021_00:00_image0.jpeg,,,,,,,,
abaerbock_14-09-2021_00:00_image0.jpeg,,,,,,,,
abaerbock_14-09-2021_00:00_image0.jpeg,,,,,,,,
robert.habeck_17-09-2021_00:00_video5.jpeg,,,,,,,,
robert.habeck_17-09-2021_00:00_video5.jpeg,,,,,,,Robert Habeck,Robert Habeck
robert.habeck_17-09-2021_00:00_video5.jpeg,,,,,,,,
robert.habeck_17-09-2021_00:00_video5.jpeg,,,,,,,,
robert.habeck_17-09-2021_00:00_video5.jpeg,,,,,,,,
olafscholz_19-09-2021_00:00_video10.jpeg,,,,,,,,
olafscholz_19-09-2021_00:00_video10.jpeg,,,,,,,,
olafscholz_19-09-2021_00:00_video10.jpeg,,,,,,,,
cdu_20-09-2021_00:00_video23.jpeg,,,,,,,,
cdu_20-09-2021_00:00_video23.jpeg,,,,,,,,
cdu_20-09-2021_00:00_video23.jpeg,,,,,,,,
cdu_20-09-2021_00:00_video23.jpeg,,,,,,,,
cdu_20-09-2021_00:00_video23.jpeg,,,,,,,,
cdu_20-09-2021_00:00_video23.jpeg,,,,,,,,
olafscholz_22-09-2021_00:00_image3.jpeg,,,,,,,,
olafscholz_22-09-2021_00:00_image3.jpeg,,,,,,,Olaf Scholz,Olaf Scholz
spdde_13-09-2021_00:00_video1.jpeg,,,,,,,,
spdde_13-09-2021_00:00_video1.jpeg,,,,,,,Saskia Esken,Saskia Esken
spdde_13-09-2021_00:00_video1.jpeg,,,,,,,,
saskiaesken_13-09-2021_00:00_video1.jpeg,,,,,,,,
saskiaesken_13-09-2021_00:00_video1.jpeg,,,,,,,Saskia Esken,Saskia Esken
saskiaesken_13-09-2021_00:00_video1.jpeg,,,,,,,,
saskiaesken_13-09-2021_00:00_video1.jpeg,,,,,,,,
abaerbock_21-09-2021_00:00_image14.jpeg,,,,,,,,
abaerbock_21-09-2021_00:00_image14.jpeg,,,,,,,,
abaerbock_21-09-2021_00:00_image14.jpeg,,,,,,,,
abaerbock_21-09-2021_00:00_image14.jpeg,,,,,,,,
abaerbock_21-09-2021_00:00_image14.jpeg,,,,,,,,
abaerbock_21-09-2021_00:00_image14.jpeg,,,,,,,,
abaerbock_21-09-2021_00:00_image14.jpeg,,,,,,,,
abaerbock_21-09-2021_00:00_image14.jpeg,,,,,,,,
abaerbock_21-09-2021_00:00_image14.jpeg,,,,,,,,
christlichsozialeunion_24-09-2021_00:00_video7.jpeg,,,,,,,,
christlichsozialeunion_24-09-2021_00:00_video7.jpeg,,,,,,,,
christlichsozialeunion_24-09-2021_00:00_video7.jpeg,,,,,,,,
christlichsozialeunion_24-09-2021_00:00_video7.jpeg,,,,,,,,
christlichsozialeunion_24-09-2021_00:00_video7.jpeg,,,,,,,,
armin_laschet_25-09-2021_00:00_video10.jpeg,,,,,,,,
armin_laschet_25-09-2021_00:00_video10.jpeg,,,,,,,Armin Laschet,Armin Laschet
armin_laschet_25-09-2021_00:00_video10.jpeg,,,,,,,,
armin_laschet_25-09-2021_00:00_video10.jpeg,,,,,,,,Markus Söder
armin_laschet_25-09-2021_00:00_video10.jpeg,,,,,,,,
armin_laschet_25-09-2021_00:00_video10.jpeg,,,,,,,,Christian Lindner
armin_laschet_25-09-2021_00:00_video10.jpeg,,,,,,,,
armin_laschet_26-09-2021_00:00_video0.jpeg,,,,,,,,
armin_laschet_26-09-2021_00:00_video0.jpeg,,,,,,,,
armin_laschet_26-09-2021_00:00_video0.jpeg,,,,,,,,
fw_bayern_23-09-2021_00:00_video1.jpeg,,,,,,,,
fw_bayern_23-09-2021_00:00_video1.jpeg,,,,,,,,
cdu_13-09-2021_00:00_video17.jpeg,,,,,,,,
cdu_13-09-2021_00:00_video17.jpeg,,,,,,,,
cdu_13-09-2021_00:00_video17.jpeg,,,,,,,,
cdu_13-09-2021_00:00_video17.jpeg,,,,,,,,
cdu_13-09-2021_00:00_video17.jpeg,,,,,,,,
cdu_13-09-2021_00:00_video17.jpeg,,,,,,,,
cdu_13-09-2021_00:00_video17.jpeg,,,,,,,Armin Laschet,Armin Laschet
cdu_13-09-2021_00:00_video17.jpeg,,,,,,,,
cdu_13-09-2021_00:00_video17.jpeg,,,,,,,,
cdu_13-09-2021_00:00_video17.jpeg,,,,,,,,
cdu_13-09-2021_00:00_video17.jpeg,,,,,,,,
cdu_13-09-2021_00:00_video17.jpeg,,,,,,,,
cdu_13-09-2021_00:00_video17.jpeg,,,,,,,,
cdu_13-09-2021_00:00_video17.jpeg,,,,,,,,
cdu_13-09-2021_00:00_video17.jpeg,,,,,,,,
cdu_13-09-2021_00:00_video17.jpeg,,,,,,,,
cdu_13-09-2021_00:00_video17.jpeg,,,,,,,,
cdu_13-09-2021_00:00_video17.jpeg,,,,,,,,
cdu_13-09-2021_00:00_video17.jpeg,,,,,,,,
cdu_13-09-2021_00:00_video17.jpeg,,,,,,,,
cdu_13-09-2021_00:00_video17.jpeg,,,,,,,,
cdu_13-09-2021_00:00_video17.jpeg,,,,,,,,
robert.habeck_16-09-2021_00:00_video0.jpeg,,,,,,,,
robert.habeck_16-09-2021_00:00_video0.jpeg,,,,,,,Robert Habeck,Robert Habeck
robert.habeck_16-09-2021_00:00_video0.jpeg,,,,,,,,
robert.habeck_16-09-2021_00:00_video0.jpeg,,,,,,,Robert Habeck,Robert Habeck
robert.habeck_18-09-2021_00:00_image0.jpeg,,,,,,,,
robert.habeck_18-09-2021_00:00_image0.jpeg,,,,,,,,Robert Habeck
robert.habeck_18-09-2021_00:00_image0.jpeg,,,,,,,,
armin_laschet_21-09-2021_00:00_video5.jpeg,,,,,,,,
armin_laschet_21-09-2021_00:00_video5.jpeg,,,,,,,Armin Laschet,Armin Laschet
cdu_18-09-2021_00:00_video4.jpeg,,,,,,,,
cdu_18-09-2021_00:00_video4.jpeg,,,,,,,,Olaf Scholz
cdu_18-09-2021_00:00_video4.jpeg,,,,,,,Markus Söder,
cdu_18-09-2021_00:00_video4.jpeg,,,,,,,,Markus Söder
nicola_beer_22-09-2021_00:00_video4.jpeg,,,,,,,,
nicola_beer_22-09-2021_00:00_video4.jpeg,,,,,,,,
nicola_beer_22-09-2021_00:00_video4.jpeg,,,,,,,,Nicola Beer
nicola_beer_22-09-2021_00:00_video4.jpeg,,,,,,,,
nicola_beer_22-09-2021_00:00_video4.jpeg,,,,,,,,Nicola Beer
nicola_beer_22-09-2021_00:00_video4.jpeg,,,,,,,,
abaerbock_14-09-2021_00:00_image4.jpeg,,,,,,,,
abaerbock_14-09-2021_00:00_image4.jpeg,,,,,,,Annalena Baerbock,Annalena Baerbock
spdde_20-09-2021_00:00_video7.jpeg,,,,,,,,
spdde_20-09-2021_00:00_video7.jpeg,,,,,,,,
spdde_20-09-2021_00:00_video7.jpeg,,,,,,,,
spdde_20-09-2021_00:00_video7.jpeg,,,,,,,Olaf Scholz,Olaf Scholz
nicola_beer_24-09-2021_00:00_video5.jpeg,,,,,,,,
nicola_beer_24-09-2021_00:00_video5.jpeg,,,,,,,Nicola Beer,
robert.habeck_22-09-2021_00:00_image1.jpeg,,,,,,,,
robert.habeck_22-09-2021_00:00_image1.jpeg,,,,,,,Robert Habeck,Robert Habeck
cdu_20-09-2021_00:00_video12.jpeg,,,,,,,,
afd.bund_18-09-2021_00:00_image1.jpeg,,,,,,,,
afd.bund_18-09-2021_00:00_image1.jpeg,,,,,,,,
spdde_25-09-2021_00:00_video14.jpeg,,,,,,,,
spdde_25-09-2021_00:00_video14.jpeg,,,,,,,,
spdde_25-09-2021_00:00_video14.jpeg,,,,,,,,
spdde_25-09-2021_00:00_video14.jpeg,,,,,,,,
spdde_25-09-2021_00:00_video14.jpeg,,,,,,,,
spdde_25-09-2021_00:00_video14.jpeg,,,,,,,,
spdde_25-09-2021_00:00_video14.jpeg,,,,,,,,
spdde_25-09-2021_00:00_video14.jpeg,,,,,,,,
christianlindner_20-09-2021_00:00_image0.jpeg,,,,,,,,
christianlindner_20-09-2021_00:00_image0.jpeg,,,,,,,Christian Lindner,Christian Lindner
christianlindner_20-09-2021_00:00_image0.jpeg,,,,,,,,
christianlindner_20-09-2021_00:00_image0.jpeg,,,,,,,Christian Lindner,Christian Lindner
die_gruenen_25-09-2021_00:00_video30.jpeg,,,,,,,,
die_gruenen_25-09-2021_00:00_video30.jpeg,,,,,,,,
die_gruenen_25-09-2021_00:00_video30.jpeg,,,,,,,Annalena Baerbock,Annalena Baerbock
die_gruenen_25-09-2021_00:00_video30.jpeg,,,,,,,,
die_gruenen_25-09-2021_00:00_video30.jpeg,,,,,,,,
die_gruenen_25-09-2021_00:00_video30.jpeg,,,,,,,,
die_gruenen_25-09-2021_00:00_video30.jpeg,,,,,,,,
die_gruenen_25-09-2021_00:00_video30.jpeg,,,,,,,,
die_gruenen_25-09-2021_00:00_video30.jpeg,,,,,,,,
die_gruenen_25-09-2021_00:00_video30.jpeg,,,,,,,,
die_gruenen_25-09-2021_00:00_video30.jpeg,,,,,,,,
dielinke_25-09-2021_00:00_video9.jpeg,,,,,,,,
dielinke_25-09-2021_00:00_video9.jpeg,,,,,,,,
dielinke_25-09-2021_00:00_video9.jpeg,,,,,,,,
spdde_25-09-2021_00:00_video15.jpeg,,,,,,,,
afd.bund_23-09-2021_00:00_video8.jpeg,,,,,,,,
afd.bund_23-09-2021_00:00_video8.jpeg,,,,,,,,
afd.bund_23-09-2021_00:00_video8.jpeg,,,,,,,,
afd.bund_23-09-2021_00:00_video8.jpeg,,,,,,,,
afd.bund_23-09-2021_00:00_video8.jpeg,,,,,,,,
afd.bund_23-09-2021_00:00_video8.jpeg,,,,,,,,
afd.bund_23-09-2021_00:00_video8.jpeg,,,,,,,,
afd.bund_23-09-2021_00:00_video8.jpeg,,,,,,,,
afd.bund_23-09-2021_00:00_video8.jpeg,,,,,,,,
afd.bund_23-09-2021_00:00_video8.jpeg,,,,,,,,
afd.bund_23-09-2021_00:00_video8.jpeg,,,,,,,,
afd.bund_23-09-2021_00:00_video8.jpeg,,,,,,,,
afd.bund_23-09-2021_00:00_video8.jpeg,,,,,,,,
armin_laschet_23-09-2021_00:00_video6.jpeg,,,,,,,,
armin_laschet_23-09-2021_00:00_video6.jpeg,,,,,,,Armin Laschet,Armin Laschet
nicola_beer_20-09-2021_00:00_image5.jpeg,,,,,,,,
nicola_beer_20-09-2021_00:00_image5.jpeg,,,,,,,,
nicola_beer_20-09-2021_00:00_image5.jpeg,,,,,,,Nicola Beer,
nicola_beer_20-09-2021_00:00_image5.jpeg,,,,,,,,
nicola_beer_20-09-2021_00:00_image5.jpeg,,,,,,,,
cdu_25-09-2021_00:00_image0.jpeg,,,,,,,,
cdu_25-09-2021_00:00_image0.jpeg,,,,,,,Armin Laschet,Armin Laschet
cdu_25-09-2021_00:00_image0.jpeg,,,,,,,,
cdu_25-09-2021_00:00_image0.jpeg,,,,,,,,
cdu_25-09-2021_00:00_image0.jpeg,,,,,,,,
cdu_25-09-2021_00:00_image0.jpeg,,,,,,,,
cdu_25-09-2021_00:00_image0.jpeg,,,,,,,Markus Söder,Markus Söder
cdu_25-09-2021_00:00_image0.jpeg,,,,,,,,
cdu_25-09-2021_00:00_image0.jpeg,,,,,,,Armin Laschet,Armin Laschet
cdu_25-09-2021_00:00_image0.jpeg,,,,,,,,
cdu_25-09-2021_00:00_image0.jpeg,,,,,,,,
cdu_25-09-2021_00:00_image0.jpeg,,,,,,,,
cdu_25-09-2021_00:00_image0.jpeg,,,,,,,Armin Laschet,Armin Laschet
cdu_25-09-2021_00:00_image0.jpeg,,,,,,,,
cdu_25-09-2021_00:00_image0.jpeg,,,,,,,,
cdu_25-09-2021_00:00_image0.jpeg,,,,,,,,
cdu_25-09-2021_00:00_image0.jpeg,,,,,,,,
cdu_25-09-2021_00:00_image0.jpeg,,,,,,,,
cdu_25-09-2021_00:00_image0.jpeg,,,,,,,,
cdu_25-09-2021_00:00_image0.jpeg,,,,,,,,
cdu_25-09-2021_00:00_image0.jpeg,,,,,,,,
cdu_25-09-2021_00:00_image0.jpeg,,,,,,,,
cdu_25-09-2021_00:00_image0.jpeg,,,,,,,,
cdu_25-09-2021_00:00_image0.jpeg,,,,,,,,
cdu_25-09-2021_00:00_image0.jpeg,,,,,,,,
cdu_25-09-2021_00:00_image0.jpeg,,,,,,,,
cdu_25-09-2021_00:00_image0.jpeg,,,,,,,,
cdu_25-09-2021_00:00_image0.jpeg,,,,,,,,
cdu_25-09-2021_00:00_image0.jpeg,,,,,,,,
cdu_25-09-2021_00:00_image0.jpeg,,,,,,,,
cdu_25-09-2021_00:00_image0.jpeg,,,,,,,,
cdu_25-09-2021_00:00_image0.jpeg,,,,,,,,
cdu_25-09-2021_00:00_image0.jpeg,,,,,,,,
cdu_25-09-2021_00:00_image0.jpeg,,,,,,,,
cdu_25-09-2021_00:00_image0.jpeg,,,,,,,,
cdu_25-09-2021_00:00_image0.jpeg,,,,,,,,
cdu_25-09-2021_00:00_image0.jpeg,,,,,,,,
cdu_25-09-2021_00:00_image0.jpeg,,,,,,,,
cdu_25-09-2021_00:00_image0.jpeg,,,,,,,,
cdu_25-09-2021_00:00_image0.jpeg,,,,,,,,
cdu_25-09-2021_00:00_image0.jpeg,,,,,,,,
cdu_25-09-2021_00:00_image0.jpeg,,,,,,,,
cdu_25-09-2021_00:00_image0.jpeg,,,,,,,,
cdu_25-09-2021_00:00_image0.jpeg,,,,,,,,
cdu_25-09-2021_00:00_image0.jpeg,,,,,,,,
cdu_25-09-2021_00:00_image0.jpeg,,,,,,,,
cdu_25-09-2021_00:00_image0.jpeg,,,,,,,,
cdu_25-09-2021_00:00_image0.jpeg,,,,,,,,
cdu_25-09-2021_00:00_image0.jpeg,,,,,,,,
cdu_25-09-2021_00:00_image0.jpeg,,,,,,,,
cdu_25-09-2021_00:00_image0.jpeg,,,,,,,,
cdu_25-09-2021_00:00_image0.jpeg,,,,,,,,
cdu_25-09-2021_00:00_image0.jpeg,,,,,,,,
cdu_25-09-2021_00:00_image0.jpeg,,,,,,,,
cdu_25-09-2021_00:00_image0.jpeg,,,,,,,,
cdu_25-09-2021_00:00_image0.jpeg,,,,,,,,
cdu_25-09-2021_00:00_image0.jpeg,,,,,,,,
cdu_25-09-2021_00:00_image0.jpeg,,,,,,,,
cdu_25-09-2021_00:00_image0.jpeg,,,,,,,,
cdu_25-09-2021_00:00_image0.jpeg,,,,,,,,
cdu_25-09-2021_00:00_image0.jpeg,,,,,,,,
cdu_25-09-2021_00:00_image0.jpeg,,,,,,,,
spdde_25-09-2021_00:00_video6.jpeg,,,,,,,,
spdde_25-09-2021_00:00_video6.jpeg,,,,,,,Olaf Scholz,Olaf Scholz
spdde_25-09-2021_00:00_video6.jpeg,,,,,,,,
spdde_25-09-2021_00:00_video6.jpeg,,,,,,,Olaf Scholz,Olaf Scholz
nicola_beer_24-09-2021_00:00_image5.jpeg,,,,,,,,
nicola_beer_24-09-2021_00:00_image5.jpeg,,,,,,,,
nicola_beer_24-09-2021_00:00_image5.jpeg,,,,,,,,
nicola_beer_24-09-2021_00:00_image5.jpeg,,,,,,,,
nicola_beer_24-09-2021_00:00_image5.jpeg,,,,,,,,
nicola_beer_24-09-2021_00:00_image5.jpeg,,,,,,,Nicola Beer,Nicola Beer
nicola_beer_24-09-2021_00:00_image5.jpeg,,,,,,,,
nicola_beer_24-09-2021_00:00_image5.jpeg,,,,,,,Christian Lindner,
abaerbock_18-09-2021_00:00_image16.jpeg,,,,,,,,
abaerbock_18-09-2021_00:00_image16.jpeg,,,,,,,,
abaerbock_18-09-2021_00:00_image16.jpeg,,,,,,,,
abaerbock_18-09-2021_00:00_image16.jpeg,,,,,,,,
afd.bund_26-09-2021_00:00_image2.jpeg,,,,,,,,
afd.bund_26-09-2021_00:00_image2.jpeg,,,,,,,,
afd.bund_26-09-2021_00:00_image2.jpeg,,,,,,,,
afd.bund_26-09-2021_00:00_image2.jpeg,,,,,,,,
afd.bund_26-09-2021_00:00_image2.jpeg,,,,,,,,
afd.bund_26-09-2021_00:00_image2.jpeg,,,,,,,,
afd.bund_26-09-2021_00:00_image2.jpeg,,,,,,,,
afd.bund_26-09-2021_00:00_image2.jpeg,,,,,,,,
afd.bund_26-09-2021_00:00_image2.jpeg,,,,,,,,
afd.bund_26-09-2021_00:00_image2.jpeg,,,,,,,,
afd.bund_26-09-2021_00:00_image2.jpeg,,,,,,,,
afd.bund_26-09-2021_00:00_image2.jpeg,,,,,,,,
afd.bund_26-09-2021_00:00_image2.jpeg,,,,,,,,
afd.bund_26-09-2021_00:00_image2.jpeg,,,,,,,,
afd.bund_26-09-2021_00:00_image2.jpeg,,,,,,,,
afd.bund_26-09-2021_00:00_image2.jpeg,,,,,,,,
afd.bund_26-09-2021_00:00_image2.jpeg,,,,,,,,
afd.bund_26-09-2021_00:00_image2.jpeg,,,,,,,,
afd.bund_26-09-2021_00:00_image2.jpeg,,,,,,,,
afd.bund_26-09-2021_00:00_image2.jpeg,,,,,,,,
afd.bund_26-09-2021_00:00_image2.jpeg,,,,,,,,
afd.bund_26-09-2021_00:00_image2.jpeg,,,,,,,,
afd.bund_26-09-2021_00:00_image2.jpeg,,,,,,,,
afd.bund_26-09-2021_00:00_image2.jpeg,,,,,,,,
olafscholz_23-09-2021_00:00_video0.jpeg,,,,,,,,
olafscholz_23-09-2021_00:00_video0.jpeg,,,,,,,Olaf Scholz,Olaf Scholz
olafscholz_23-09-2021_00:00_video0.jpeg,,,,,,,,
armin_laschet_24-09-2021_00:00_video12.jpeg,,,,,,,,
armin_laschet_24-09-2021_00:00_video12.jpeg,,,,,,,Armin Laschet,Armin Laschet
afd.bund_25-09-2021_00:00_image26.jpeg,,,,,,,,
afd.bund_25-09-2021_00:00_image26.jpeg,,,,,,,,
cdu_26-09-2021_00:00_video12.jpeg,,,,,,,,
cdu_26-09-2021_00:00_video12.jpeg,,,,,,,,
cdu_26-09-2021_00:00_video12.jpeg,,,,,,,Armin Laschet,Armin Laschet
cdu_26-09-2021_00:00_video12.jpeg,,,,,,,,
cdu_22-09-2021_00:00_image1.jpeg,,,,,,,,
cdu_22-09-2021_00:00_image1.jpeg,,,,,,,,
cdu_22-09-2021_00:00_image1.jpeg,,,,,,,,Armin Laschet
cdu_22-09-2021_00:00_image1.jpeg,,,,,,,,
cdu_22-09-2021_00:00_image1.jpeg,,,,,,,,
cdu_22-09-2021_00:00_image1.jpeg,,,,,,,,
cdu_22-09-2021_00:00_image1.jpeg,,,,,,,,
cdu_22-09-2021_00:00_image1.jpeg,,,,,,,,
armin_laschet_13-09-2021_00:00_video2.jpeg,,,,,,,,
armin_laschet_13-09-2021_00:00_video2.jpeg,,,,,,,Armin Laschet,Armin Laschet
armin_laschet_13-09-2021_00:00_video2.jpeg,,,,,,,,
armin_laschet_23-09-2021_00:00_video18.jpeg,,,,,,,,
armin_laschet_23-09-2021_00:00_video18.jpeg,,,,,,,,
armin_laschet_23-09-2021_00:00_video18.jpeg,,,,,,,Armin Laschet,Armin Laschet
armin_laschet_23-09-2021_00:00_video18.jpeg,,,,,,,,
armin_laschet_23-09-2021_00:00_video18.jpeg,,,,,,,,Saskia Esken
armin_laschet_23-09-2021_00:00_video18.jpeg,,,,,,,,
armin_laschet_23-09-2021_00:00_video18.jpeg,,,,,,,,
olafscholz_19-09-2021_00:00_image5.jpeg,,,,,,,,
christianlindner_21-09-2021_00:00_image1.jpeg,,,,,,,,
christianlindner_21-09-2021_00:00_image1.jpeg,,,,,,,Christian Lindner,Christian Lindner
robert.habeck_17-09-2021_00:00_video2.jpeg,,,,,,,,
robert.habeck_17-09-2021_00:00_video2.jpeg,,,,,,,Robert Habeck,Robert Habeck
robert.habeck_17-09-2021_00:00_video2.jpeg,,,,,,,,
robert.habeck_17-09-2021_00:00_video2.jpeg,,,,,,,,
robert.habeck_17-09-2021_00:00_video2.jpeg,,,,,,,,
robert.habeck_17-09-2021_00:00_video2.jpeg,,,,,,,,
markus.soeder_16-09-2021_00:00_video4.jpeg,,,,,,,,
markus.soeder_16-09-2021_00:00_video4.jpeg,,,,,,,,
markus.soeder_16-09-2021_00:00_video4.jpeg,,,,,,,,
markus.soeder_16-09-2021_00:00_video4.jpeg,,,,,,,Markus Söder,Markus Söder
afd.bund_25-09-2021_00:00_video15.jpeg,,,,,,,,
afd.bund_25-09-2021_00:00_video15.jpeg,,,,,,,,
afd.bund_25-09-2021_00:00_image5.jpeg,,,,,,,,
afd.bund_25-09-2021_00:00_image5.jpeg,,,,,,,,Jörg Meuthen
afd.bund_25-09-2021_00:00_image5.jpeg,,,,,,,Jörg Meuthen,
afd.bund_25-09-2021_00:00_image5.jpeg,,,,,,,,
afd.bund_25-09-2021_00:00_image5.jpeg,,,,,,,,
afd.bund_25-09-2021_00:00_image5.jpeg,,,,,,,,
afd.bund_25-09-2021_00:00_image5.jpeg,,,,,,,Alice Weidel,
afd.bund_25-09-2021_00:00_image5.jpeg,,,,,,,,
afd.bund_25-09-2021_00:00_image5.jpeg,,,,,,,,
afd.bund_25-09-2021_00:00_image5.jpeg,,,,,,,,
afd.bund_25-09-2021_00:00_image5.jpeg,,,,,,,,
afd.bund_25-09-2021_00:00_image5.jpeg,,,,,,,,
afd.bund_25-09-2021_00:00_image5.jpeg,,,,,,,,
afd.bund_25-09-2021_00:00_image5.jpeg,,,,,,,,
susanne_hennig_wellsow_21-09-2021_00:00_video2.jpeg,,,,,,,,
susanne_hennig_wellsow_21-09-2021_00:00_video2.jpeg,,,,,,,,Susanne Hennig-Wellsow
susanne_hennig_wellsow_21-09-2021_00:00_video2.jpeg,,,,,,,,
afd.bund_25-09-2021_00:00_image28.jpeg,,,,,,,,
afd.bund_25-09-2021_00:00_image28.jpeg,,,,,,,,
afd.bund_25-09-2021_00:00_image28.jpeg,,,,,,,,
robert.habeck_13-09-2021_00:00_image9.jpeg,,,,,,,,
robert.habeck_13-09-2021_00:00_image9.jpeg,,,,,,,,
robert.habeck_13-09-2021_00:00_image9.jpeg,,,,,,,,
robert.habeck_13-09-2021_00:00_image9.jpeg,,,,,,,,Susanne Hennig-Wellsow
robert.habeck_13-09-2021_00:00_image9.jpeg,,,,,,,,
robert.habeck_13-09-2021_00:00_image9.jpeg,,,,,,,,
robert.habeck_13-09-2021_00:00_image9.jpeg,,,,,,,,
robert.habeck_13-09-2021_00:00_image9.jpeg,,,,,,,,
robert.habeck_13-09-2021_00:00_image9.jpeg,,,,,,,,
robert.habeck_21-09-2021_00:00_video3.jpeg,,,,,,,,
robert.habeck_21-09-2021_00:00_video3.jpeg,,,,,,,Robert Habeck,Robert Habeck
robert.habeck_21-09-2021_00:00_video3.jpeg,,,,,,,,
cdu_17-09-2021_00:00_video5.jpeg,,,,,,,,
cdu_17-09-2021_00:00_video5.jpeg,,,,,,,,
cdu_17-09-2021_00:00_video5.jpeg,,,,,,,,
cdu_17-09-2021_00:00_video5.jpeg,,,,,,,,
cdu_17-09-2021_00:00_video5.jpeg,,,,,,,,
dielinke_25-09-2021_00:00_video13.jpeg,,,,,,,,
spdde_20-09-2021_00:00_video3.jpeg,,,,,,,,
spdde_20-09-2021_00:00_video3.jpeg,,,,,,,,
spdde_20-09-2021_00:00_video3.jpeg,,,,,,,Olaf Scholz,
robert.habeck_13-09-2021_00:00_image2.jpeg,,,,,,,,
robert.habeck_13-09-2021_00:00_image2.jpeg,,,,,,,Robert Habeck,Robert Habeck
christianlindner_24-09-2021_00:00_image2.jpeg,,,,,,,,
christianlindner_24-09-2021_00:00_image2.jpeg,,,,,,,,
cdu_16-09-2021_00:00_video10.jpeg,,,,,,,,
abaerbock_24-09-2021_00:00_image5.jpeg,,,,,,,,
abaerbock_24-09-2021_00:00_image5.jpeg,,,,,,,,
abaerbock_24-09-2021_00:00_image5.jpeg,,,,,,,,
abaerbock_24-09-2021_00:00_image5.jpeg,,,,,,,,
abaerbock_24-09-2021_00:00_image5.jpeg,,,,,,,,
abaerbock_24-09-2021_00:00_image5.jpeg,,,,,,,,
abaerbock_24-09-2021_00:00_image5.jpeg,,,,,,,,
abaerbock_24-09-2021_00:00_image5.jpeg,,,,,,,,
abaerbock_24-09-2021_00:00_image5.jpeg,,,,,,,,
abaerbock_24-09-2021_00:00_image5.jpeg,,,,,,,,
abaerbock_24-09-2021_00:00_image5.jpeg,,,,,,,,
abaerbock_24-09-2021_00:00_image5.jpeg,,,,,,,,
christlichsozialeunion_18-09-2021_00:00_video5.jpeg,,,,,,,,
armin_laschet_17-09-2021_00:00_image10.jpeg,,,,,,,,
armin_laschet_17-09-2021_00:00_image10.jpeg,,,,,,,,
armin_laschet_17-09-2021_00:00_image10.jpeg,,,,,,,,
armin_laschet_17-09-2021_00:00_image10.jpeg,,,,,,,,
armin_laschet_17-09-2021_00:00_image10.jpeg,,,,,,,,
armin_laschet_17-09-2021_00:00_image10.jpeg,,,,,,,,
armin_laschet_17-09-2021_00:00_image10.jpeg,,,,,,,,
fw_bayern_13-09-2021_00:00_video4.jpeg,,,,,,,,
fw_bayern_13-09-2021_00:00_video4.jpeg,,,,,,,Markus Söder,Markus Söder
fw_bayern_13-09-2021_00:00_video4.jpeg,,,,,,,,
christlichsozialeunion_22-09-2021_00:00_video8.jpeg,,,,,,,,
afd.bund_23-09-2021_00:00_video9.jpeg,,,,,,,,
afd.bund_23-09-2021_00:00_video9.jpeg,,,,,,,,
afd.bund_23-09-2021_00:00_video9.jpeg,,,,,,,,
fdp_20-09-2021_00:00_image7.jpeg,,,,,,,,
fdp_20-09-2021_00:00_image7.jpeg,,,,,,,,
fdp_20-09-2021_00:00_image7.jpeg,,,,,,,,
fdp_20-09-2021_00:00_image7.jpeg,,,,,,,Christian Lindner,Christian Lindner
fdp_20-09-2021_00:00_image7.jpeg,,,,,,,,
fdp_20-09-2021_00:00_image7.jpeg,,,,,,,,
spdde_25-09-2021_00:00_image1.jpeg,,,,,,,,
spdde_25-09-2021_00:00_image1.jpeg,,,,,,,,
spdde_25-09-2021_00:00_image1.jpeg,,,,,,,,
spdde_25-09-2021_00:00_image1.jpeg,,,,,,,,
spdde_25-09-2021_00:00_image1.jpeg,,,,,,,,
spdde_25-09-2021_00:00_image1.jpeg,,,,,,,,
spdde_25-09-2021_00:00_image1.jpeg,,,,,,,,
spdde_25-09-2021_00:00_image1.jpeg,,,,,,,,
spdde_25-09-2021_00:00_image1.jpeg,,,,,,,,
spdde_25-09-2021_00:00_image1.jpeg,,,,,,,,
spdde_25-09-2021_00:00_image1.jpeg,,,,,,,,
spdde_25-09-2021_00:00_image1.jpeg,,,,,,,,
spdde_25-09-2021_00:00_image1.jpeg,,,,,,,,
spdde_25-09-2021_00:00_image1.jpeg,,,,,,,,
spdde_25-09-2021_00:00_image1.jpeg,,,,,,,,
spdde_25-09-2021_00:00_image1.jpeg,,,,,,,,
spdde_25-09-2021_00:00_image1.jpeg,,,,,,,,
spdde_25-09-2021_00:00_image1.jpeg,,,,,,,,
spdde_25-09-2021_00:00_image1.jpeg,,,,,,,,
spdde_25-09-2021_00:00_image1.jpeg,,,,,,,,
spdde_25-09-2021_00:00_image1.jpeg,,,,,,,,
spdde_25-09-2021_00:00_image1.jpeg,,,,,,,,
spdde_25-09-2021_00:00_image1.jpeg,,,,,,,,
spdde_25-09-2021_00:00_image1.jpeg,,,,,,,,
christlichsozialeunion_18-09-2021_00:00_video0.jpeg,,,,,,,,
cdu_19-09-2021_00:00_video0.jpeg,,,,,,,,
cdu_19-09-2021_00:00_video0.jpeg,,,,,,,,
cdu_19-09-2021_00:00_video0.jpeg,,,,,,,,
cdu_19-09-2021_00:00_video0.jpeg,,,,,,,,
cdu_19-09-2021_00:00_video0.jpeg,,,,,,,,
cdu_19-09-2021_00:00_video0.jpeg,,,,,,,,
cdu_19-09-2021_00:00_video0.jpeg,,,,,,,,
cdu_19-09-2021_00:00_video0.jpeg,,,,,,,,
cdu_19-09-2021_00:00_video0.jpeg,,,,,,,,
cdu_19-09-2021_00:00_video0.jpeg,,,,,,,,
cdu_19-09-2021_00:00_video0.jpeg,,,,,,,,
cdu_19-09-2021_00:00_video0.jpeg,,,,,,,,
cdu_19-09-2021_00:00_video0.jpeg,,,,,,,,
cdu_19-09-2021_00:00_video0.jpeg,,,,,,,,
cdu_19-09-2021_00:00_video0.jpeg,,,,,,,,
cdu_19-09-2021_00:00_video0.jpeg,,,,,,,,
cdu_19-09-2021_00:00_video0.jpeg,,,,,,,,
christlichsozialeunion_24-09-2021_00:00_image1.jpeg,,,,,,,,
christlichsozialeunion_24-09-2021_00:00_image1.jpeg,,,,,,,,
christlichsozialeunion_24-09-2021_00:00_image1.jpeg,,,,,,,,
markus.soeder_16-09-2021_00:00_video7.jpeg,,,,,,,,
olafscholz_21-09-2021_00:00_video6.jpeg,,,,,,,,
olafscholz_21-09-2021_00:00_video6.jpeg,,,,,,,,
olafscholz_21-09-2021_00:00_video6.jpeg,,,,,,,,
olafscholz_21-09-2021_00:00_video6.jpeg,,,,,,,,
olafscholz_21-09-2021_00:00_video6.jpeg,,,,,,,,
christlichsozialeunion_25-09-2021_00:00_video11.jpeg,,,,,,,,
christlichsozialeunion_25-09-2021_00:00_video11.jpeg,,,,,,,,
christlichsozialeunion_25-09-2021_00:00_video11.jpeg,,,,,,,,
christlichsozialeunion_25-09-2021_00:00_video11.jpeg,,,,,,,,Olaf Scholz
robert.habeck_13-09-2021_00:00_video0.jpeg,,,,,,,,
robert.habeck_13-09-2021_00:00_video0.jpeg,,,,,,,,
olafscholz_17-09-2021_00:00_image1.jpeg,,,,,,,,
olafscholz_17-09-2021_00:00_image1.jpeg,,,,,,,,
olafscholz_17-09-2021_00:00_image1.jpeg,,,,,,,,
olafscholz_17-09-2021_00:00_image1.jpeg,,,,,,,,
olafscholz_17-09-2021_00:00_image1.jpeg,,,,,,,,
die_gruenen_17-09-2021_00:00_video2.jpeg,,,,,,,,
robert.habeck_20-09-2021_00:00_image1.jpeg,,,,,,,,
robert.habeck_20-09-2021_00:00_image1.jpeg,,,,,,,,
robert.habeck_20-09-2021_00:00_image1.jpeg,,,,,,,,
robert.habeck_20-09-2021_00:00_image1.jpeg,,,,,,,,
robert.habeck_20-09-2021_00:00_image1.jpeg,,,,,,,,Robert Habeck
robert.habeck_20-09-2021_00:00_image1.jpeg,,,,,,,,
robert.habeck_20-09-2021_00:00_image1.jpeg,,,,,,,,
robert.habeck_20-09-2021_00:00_image1.jpeg,,,,,,,,
robert.habeck_20-09-2021_00:00_image1.jpeg,,,,,,,,
robert.habeck_20-09-2021_00:00_image1.jpeg,,,,,,,,
robert.habeck_20-09-2021_00:00_image1.jpeg,,,,,,,,
robert.habeck_20-09-2021_00:00_image1.jpeg,,,,,,,,
robert.habeck_20-09-2021_00:00_image1.jpeg,,,,,,,,
robert.habeck_20-09-2021_00:00_image1.jpeg,,,,,,,,
robert.habeck_20-09-2021_00:00_image1.jpeg,,,,,,,,
robert.habeck_15-09-2021_00:00_image2.jpeg,,,,,,,,
robert.habeck_15-09-2021_00:00_image2.jpeg,,,,,,,,
robert.habeck_15-09-2021_00:00_image2.jpeg,,,,,,,,
robert.habeck_15-09-2021_00:00_image2.jpeg,,,,,,,,
robert.habeck_15-09-2021_00:00_image2.jpeg,,,,,,,,
robert.habeck_15-09-2021_00:00_image2.jpeg,,,,,,,,
robert.habeck_15-09-2021_00:00_image2.jpeg,,,,,,,,
robert.habeck_15-09-2021_00:00_image2.jpeg,,,,,,,,
robert.habeck_15-09-2021_00:00_image2.jpeg,,,,,,,,
robert.habeck_15-09-2021_00:00_image2.jpeg,,,,,,,,
robert.habeck_15-09-2021_00:00_image2.jpeg,,,,,,,,
robert.habeck_15-09-2021_00:00_image2.jpeg,,,,,,,,
robert.habeck_15-09-2021_00:00_image2.jpeg,,,,,,,,
robert.habeck_15-09-2021_00:00_image2.jpeg,,,,,,,Robert Habeck,Robert Habeck
robert.habeck_15-09-2021_00:00_image2.jpeg,,,,,,,,
robert.habeck_15-09-2021_00:00_image2.jpeg,,,,,,,,
fdp_13-09-2021_00:00_video0.jpeg,,,,,,,,
fdp_13-09-2021_00:00_video0.jpeg,,,,,,,,
fdp_13-09-2021_00:00_video0.jpeg,,,,,,,Christian Lindner,Christian Lindner
fdp_13-09-2021_00:00_video0.jpeg,,,,,,,,
fdp_13-09-2021_00:00_video0.jpeg,,,,,,,,
armin_laschet_23-09-2021_00:00_video15.jpeg,,,,,,,,
armin_laschet_23-09-2021_00:00_video15.jpeg,,,,,,,Armin Laschet,Armin Laschet
armin_laschet_23-09-2021_00:00_video15.jpeg,,,,,,,,
armin_laschet_23-09-2021_00:00_video15.jpeg,,,,,,,,
armin_laschet_22-09-2021_00:00_video4.jpeg,,,,,,,,
armin_laschet_22-09-2021_00:00_video4.jpeg,,,,,,,Armin Laschet,Armin Laschet
robert.habeck_24-09-2021_00:00_image9.jpeg,,,,,,,,
cdu_25-09-2021_00:00_video9.jpeg,,,,,,,,
cdu_25-09-2021_00:00_video9.jpeg,,,,,,,Armin Laschet,Armin Laschet
cdu_26-09-2021_00:00_video11.jpeg,,,,,,,,
cdu_26-09-2021_00:00_video11.jpeg,,,,,,,,
cdu_26-09-2021_00:00_video11.jpeg,,,,,,,Markus Söder,Armin Laschet
cdu_26-09-2021_00:00_video11.jpeg,,,,,,,,
robert.habeck_13-09-2021_00:00_image1.jpeg,,,,,,,,
robert.habeck_13-09-2021_00:00_image1.jpeg,,,,,,,Robert Habeck,Robert Habeck
christlichsozialeunion_26-09-2021_00:00_image0.jpeg,,,,,,,,
christlichsozialeunion_26-09-2021_00:00_image0.jpeg,,,,,,,,
christlichsozialeunion_26-09-2021_00:00_image0.jpeg,,,,,,,Olaf Scholz,Olaf Scholz
fw_bayern_22-09-2021_00:00_image2.jpeg,,,,,,,,
fw_bayern_22-09-2021_00:00_image2.jpeg,,,,,,,,
fw_bayern_22-09-2021_00:00_image2.jpeg,,,,,,,,
fw_bayern_22-09-2021_00:00_image2.jpeg,,,,,,,,
fw_bayern_22-09-2021_00:00_image2.jpeg,,,,,,,,
cdu_16-09-2021_00:00_video6.jpeg,,,,,,,,
cdu_16-09-2021_00:00_video6.jpeg,,,,,,,,
olafscholz_19-09-2021_00:00_image0.jpeg,,,,,,,,
die_gruenen_25-09-2021_00:00_video3.jpeg,,,,,,,,
christianlindner_26-09-2021_00:00_image5.jpeg,,,,,,,,
christianlindner_26-09-2021_00:00_image5.jpeg,,,,,,,,
christianlindner_26-09-2021_00:00_image5.jpeg,,,,,,,,
christianlindner_26-09-2021_00:00_image5.jpeg,,,,,,,,
christianlindner_26-09-2021_00:00_image5.jpeg,,,,,,,,
christianlindner_26-09-2021_00:00_image5.jpeg,,,,,,,,
christianlindner_26-09-2021_00:00_image5.jpeg,,,,,,,,
christianlindner_26-09-2021_00:00_image5.jpeg,,,,,,,,
christianlindner_26-09-2021_00:00_image5.jpeg,,,,,,,,
christianlindner_26-09-2021_00:00_image5.jpeg,,,,,,,,
christianlindner_26-09-2021_00:00_image5.jpeg,,,,,,,,
christianlindner_26-09-2021_00:00_image5.jpeg,,,,,,,,
christianlindner_26-09-2021_00:00_image5.jpeg,,,,,,,,
christianlindner_26-09-2021_00:00_image5.jpeg,,,,,,,,
christianlindner_26-09-2021_00:00_image5.jpeg,,,,,,,,
christianlindner_26-09-2021_00:00_image5.jpeg,,,,,,,,
christianlindner_26-09-2021_00:00_image5.jpeg,,,,,,,,
christianlindner_26-09-2021_00:00_image5.jpeg,,,,,,,,
christianlindner_26-09-2021_00:00_image5.jpeg,,,,,,,,
christianlindner_26-09-2021_00:00_image5.jpeg,,,,,,,,
christianlindner_26-09-2021_00:00_image5.jpeg,,,,,,,,
christianlindner_26-09-2021_00:00_image5.jpeg,,,,,,,,
christianlindner_26-09-2021_00:00_image5.jpeg,,,,,,,,
christianlindner_26-09-2021_00:00_image5.jpeg,,,,,,,,
christianlindner_26-09-2021_00:00_image5.jpeg,,,,,,,,
christianlindner_26-09-2021_00:00_image5.jpeg,,,,,,,,
christianlindner_26-09-2021_00:00_image5.jpeg,,,,,,,,
christianlindner_26-09-2021_00:00_image5.jpeg,,,,,,,,
christianlindner_26-09-2021_00:00_image5.jpeg,,,,,,,,
christianlindner_26-09-2021_00:00_image5.jpeg,,,,,,,,
christianlindner_26-09-2021_00:00_image5.jpeg,,,,,,,,
christianlindner_26-09-2021_00:00_image5.jpeg,,,,,,,,
christianlindner_26-09-2021_00:00_image5.jpeg,,,,,,,,
christianlindner_26-09-2021_00:00_image5.jpeg,,,,,,,,
christianlindner_26-09-2021_00:00_image5.jpeg,,,,,,,,
christianlindner_26-09-2021_00:00_image5.jpeg,,,,,,,,
christianlindner_26-09-2021_00:00_image5.jpeg,,,,,,,,
christianlindner_26-09-2021_00:00_image5.jpeg,,,,,,,,
christianlindner_26-09-2021_00:00_image5.jpeg,,,,,,,,
christianlindner_26-09-2021_00:00_image5.jpeg,,,,,,,,
christianlindner_26-09-2021_00:00_image5.jpeg,,,,,,,,
christianlindner_26-09-2021_00:00_image5.jpeg,,,,,,,,
christianlindner_26-09-2021_00:00_image5.jpeg,,,,,,,,
christianlindner_26-09-2021_00:00_image5.jpeg,,,,,,,,
christianlindner_26-09-2021_00:00_image5.jpeg,,,,,,,,
christianlindner_26-09-2021_00:00_image5.jpeg,,,,,,,,
christianlindner_26-09-2021_00:00_image5.jpeg,,,,,,,,
christianlindner_26-09-2021_00:00_image5.jpeg,,,,,,,,
christianlindner_26-09-2021_00:00_image5.jpeg,,,,,,,,
christianlindner_26-09-2021_00:00_image5.jpeg,,,,,,,,
christianlindner_26-09-2021_00:00_image5.jpeg,,,,,,,,
christianlindner_26-09-2021_00:00_image5.jpeg,,,,,,,,
christianlindner_26-09-2021_00:00_image5.jpeg,,,,,,,,
christianlindner_26-09-2021_00:00_image5.jpeg,,,,,,,,
christianlindner_26-09-2021_00:00_image5.jpeg,,,,,,,,
christianlindner_26-09-2021_00:00_image5.jpeg,,,,,,,,
christianlindner_26-09-2021_00:00_image5.jpeg,,,,,,,,
christianlindner_26-09-2021_00:00_image5.jpeg,,,,,,,,
christianlindner_26-09-2021_00:00_image5.jpeg,,,,,,,,
christianlindner_26-09-2021_00:00_image5.jpeg,,,,,,,,
christianlindner_26-09-2021_00:00_image5.jpeg,,,,,,,,
christianlindner_26-09-2021_00:00_image5.jpeg,,,,,,,,
christianlindner_26-09-2021_00:00_image5.jpeg,,,,,,,,
christianlindner_26-09-2021_00:00_image5.jpeg,,,,,,,,
christianlindner_26-09-2021_00:00_image5.jpeg,,,,,,,,
christianlindner_26-09-2021_00:00_image5.jpeg,,,,,,,,
christianlindner_26-09-2021_00:00_image5.jpeg,,,,,,,,
christianlindner_26-09-2021_00:00_image5.jpeg,,,,,,,,
christianlindner_26-09-2021_00:00_image5.jpeg,,,,,,,,
christianlindner_26-09-2021_00:00_image5.jpeg,,,,,,,,
christianlindner_26-09-2021_00:00_image5.jpeg,,,,,,,,
christianlindner_26-09-2021_00:00_image5.jpeg,,,,,,,,
christianlindner_26-09-2021_00:00_image5.jpeg,,,,,,,,
christianlindner_26-09-2021_00:00_image5.jpeg,,,,,,,,
christianlindner_26-09-2021_00:00_image5.jpeg,,,,,,,,
christianlindner_26-09-2021_00:00_image5.jpeg,,,,,,,,
christianlindner_26-09-2021_00:00_image5.jpeg,,,,,,,,
christianlindner_26-09-2021_00:00_image5.jpeg,,,,,,,,
christianlindner_26-09-2021_00:00_image5.jpeg,,,,,,,,
christianlindner_26-09-2021_00:00_image5.jpeg,,,,,,,,
christianlindner_26-09-2021_00:00_image5.jpeg,,,,,,,,
christianlindner_26-09-2021_00:00_image5.jpeg,,,,,,,,
christianlindner_26-09-2021_00:00_image5.jpeg,,,,,,,,
christianlindner_26-09-2021_00:00_image5.jpeg,,,,,,,,
christianlindner_26-09-2021_00:00_image5.jpeg,,,,,,,,
christianlindner_26-09-2021_00:00_image5.jpeg,,,,,,,,
christianlindner_26-09-2021_00:00_image5.jpeg,,,,,,,,
christianlindner_17-09-2021_00:00_image4.jpeg,,,,,,,,
christianlindner_17-09-2021_00:00_image4.jpeg,,,,,,,,
christianlindner_17-09-2021_00:00_image4.jpeg,,,,,,,,
christianlindner_17-09-2021_00:00_image4.jpeg,,,,,,,Christian Lindner,
spdde_26-09-2021_00:00_video6.jpeg,,,,,,,,
spdde_26-09-2021_00:00_video6.jpeg,,,,,,,,
armin_laschet_23-09-2021_00:00_video17.jpeg,,,,,,,,
robert.habeck_24-09-2021_00:00_image6.jpeg,,,,,,,,
robert.habeck_24-09-2021_00:00_image6.jpeg,,,,,,,,
robert.habeck_24-09-2021_00:00_image6.jpeg,,,,,,,,
robert.habeck_24-09-2021_00:00_image6.jpeg,,,,,,,,
robert.habeck_24-09-2021_00:00_image6.jpeg,,,,,,,,
robert.habeck_24-09-2021_00:00_image6.jpeg,,,,,,,,
robert.habeck_24-09-2021_00:00_image6.jpeg,,,,,,,,
robert.habeck_24-09-2021_00:00_image6.jpeg,,,,,,,,
robert.habeck_24-09-2021_00:00_image6.jpeg,,,,,,,,
robert.habeck_24-09-2021_00:00_image6.jpeg,,,,,,,,
robert.habeck_24-09-2021_00:00_image6.jpeg,,,,,,,,
robert.habeck_24-09-2021_00:00_image6.jpeg,,,,,,,,
robert.habeck_24-09-2021_00:00_image6.jpeg,,,,,,,,
robert.habeck_24-09-2021_00:00_image6.jpeg,,,,,,,,
robert.habeck_24-09-2021_00:00_image6.jpeg,,,,,,,,
robert.habeck_24-09-2021_00:00_image6.jpeg,,,,,,,,
robert.habeck_24-09-2021_00:00_image6.jpeg,,,,,,,,
robert.habeck_24-09-2021_00:00_image6.jpeg,,,,,,,,
robert.habeck_24-09-2021_00:00_image6.jpeg,,,,,,,,
robert.habeck_24-09-2021_00:00_image6.jpeg,,,,,,,,
robert.habeck_24-09-2021_00:00_image6.jpeg,,,,,,,,
robert.habeck_24-09-2021_00:00_image6.jpeg,,,,,,,,
robert.habeck_24-09-2021_00:00_image6.jpeg,,,,,,,,
robert.habeck_24-09-2021_00:00_image6.jpeg,,,,,,,,
robert.habeck_24-09-2021_00:00_image6.jpeg,,,,,,,,
robert.habeck_24-09-2021_00:00_image6.jpeg,,,,,,,,
robert.habeck_24-09-2021_00:00_image6.jpeg,,,,,,,,
robert.habeck_24-09-2021_00:00_image6.jpeg,,,,,,,,
robert.habeck_24-09-2021_00:00_image6.jpeg,,,,,,,,
robert.habeck_24-09-2021_00:00_image6.jpeg,,,,,,,,
robert.habeck_24-09-2021_00:00_image6.jpeg,,,,,,,,
robert.habeck_24-09-2021_00:00_image6.jpeg,,,,,,,,
fw_bayern_17-09-2021_00:00_image0.jpeg,,,,,,,,
armin_laschet_24-09-2021_00:00_video14.jpeg,,,,,,,,
armin_laschet_24-09-2021_00:00_video14.jpeg,,,,,,,Armin Laschet,Armin Laschet
afd.bund_25-09-2021_00:00_image2.jpeg,,,,,,,,
afd.bund_25-09-2021_00:00_image2.jpeg,,,,,,,,
afd.bund_25-09-2021_00:00_image2.jpeg,,,,,,,,
afd.bund_25-09-2021_00:00_image2.jpeg,,,,,,,Alice Weidel,Alice Weidel
afd.bund_25-09-2021_00:00_image2.jpeg,,,,,,,,
cdu_24-09-2021_00:00_video19.jpeg,,,,,,,,
robert.habeck_24-09-2021_00:00_image12.jpeg,,,,,,,,
robert.habeck_24-09-2021_00:00_image12.jpeg,,,,,,,,
robert.habeck_24-09-2021_00:00_image12.jpeg,,,,,,,Robert Habeck,Robert Habeck
christianlindner_23-09-2021_00:00_video1.jpeg,,,,,,,,
christianlindner_23-09-2021_00:00_video1.jpeg,,,,,,,,
afd.bund_13-09-2021_00:00_video1.jpeg,,,,,,,,
fw_bayern_13-09-2021_00:00_image0.jpeg,,,,,,,,
fw_bayern_13-09-2021_00:00_image0.jpeg,,,,,,,,
fw_bayern_13-09-2021_00:00_image0.jpeg,,,,,,,,
fw_bayern_13-09-2021_00:00_image0.jpeg,,,,,,,,
fw_bayern_13-09-2021_00:00_image0.jpeg,,,,,,,,
fw_bayern_13-09-2021_00:00_image0.jpeg,,,,,,,,
cdu_24-09-2021_00:00_video18.jpeg,,,,,,,,
markus.soeder_24-09-2021_00:00_image0.jpeg,,,,,,,,
markus.soeder_24-09-2021_00:00_image0.jpeg,,,,,,,Markus Söder,Markus Söder
nicola_beer_20-09-2021_00:00_video11.jpeg,,,,,,,,
nicola_beer_20-09-2021_00:00_video11.jpeg,,,,,,,,
nicola_beer_20-09-2021_00:00_video11.jpeg,,,,,,,,
nicola_beer_20-09-2021_00:00_video11.jpeg,,,,,,,Nicola Beer,
nicola_beer_20-09-2021_00:00_video11.jpeg,,,,,,,,
nicola_beer_20-09-2021_00:00_video11.jpeg,,,,,,,,
nicola_beer_20-09-2021_00:00_video11.jpeg,,,,,,,,Christian Lindner
nicola_beer_20-09-2021_00:00_video11.jpeg,,,,,,,Christian Lindner,
nicola_beer_20-09-2021_00:00_video11.jpeg,,,,,,,,
nicola_beer_20-09-2021_00:00_video11.jpeg,,,,,,,,
cdu_26-09-2021_00:00_video10.jpeg,,,,,,,,
cdu_26-09-2021_00:00_video10.jpeg,,,,,,,,
cdu_26-09-2021_00:00_video10.jpeg,,,,,,,,
cdu_26-09-2021_00:00_video10.jpeg,,,,,,,Armin Laschet,Armin Laschet
cdu_26-09-2021_00:00_video10.jpeg,,,,,,,,
cdu_26-09-2021_00:00_video10.jpeg,,,,,,,,
cdu_24-09-2021_00:00_video11.jpeg,,,,,,,,
susanne_hennig_wellsow_24-09-2021_00:00_video1.jpeg,,,,,,,,
susanne_hennig_wellsow_24-09-2021_00:00_video1.jpeg,,,,,,,,
susanne_hennig_wellsow_24-09-2021_00:00_video1.jpeg,,,,,,,Susanne Hennig-Wellsow,Susanne Hennig-Wellsow
susanne_hennig_wellsow_24-09-2021_00:00_video1.jpeg,,,,,,,,
susanne_hennig_wellsow_24-09-2021_00:00_video1.jpeg,,,,,,,,
susanne_hennig_wellsow_24-09-2021_00:00_video1.jpeg,,,,,,,,
susanne_hennig_wellsow_24-09-2021_00:00_video1.jpeg,,,,,,,,
dielinke_25-09-2021_00:00_image1.jpeg,,,,,,,,
dielinke_25-09-2021_00:00_image1.jpeg,,,,,,,,
dielinke_25-09-2021_00:00_image1.jpeg,,,,,,,,
dielinke_25-09-2021_00:00_image1.jpeg,,,,,,,,
dielinke_25-09-2021_00:00_image1.jpeg,,,,,,,,
dielinke_25-09-2021_00:00_image1.jpeg,,,,,,,,
dielinke_25-09-2021_00:00_image1.jpeg,,,,,,,,
dielinke_25-09-2021_00:00_image1.jpeg,,,,,,,,
dielinke_25-09-2021_00:00_image1.jpeg,,,,,,,,
dielinke_25-09-2021_00:00_image1.jpeg,,,,,,,,
dielinke_25-09-2021_00:00_image1.jpeg,,,,,,,,
spdde_22-09-2021_00:00_image1.jpeg,,,,,,,,
cdu_22-09-2021_00:00_video5.jpeg,,,,,,,,
dielinke_25-09-2021_00:00_image2.jpeg,,,,,,,,
cdu_26-09-2021_00:00_video15.jpeg,,,,,,,,
cdu_26-09-2021_00:00_video15.jpeg,,,,,,,,
cdu_26-09-2021_00:00_video15.jpeg,,,,,,,,
cdu_26-09-2021_00:00_video15.jpeg,,,,,,,,
cdu_26-09-2021_00:00_video15.jpeg,,,,,,,,
cdu_26-09-2021_00:00_video15.jpeg,,,,,,,,
cdu_26-09-2021_00:00_video15.jpeg,,,,,,,,
cdu_26-09-2021_00:00_video15.jpeg,,,,,,,,
cdu_26-09-2021_00:00_video15.jpeg,,,,,,,,
cdu_26-09-2021_00:00_video15.jpeg,,,,,,,Jörg Meuthen,Jörg Meuthen
cdu_21-09-2021_00:00_image0.jpeg,,,,,,,,
nicola_beer_20-09-2021_00:00_image13.jpeg,,,,,,,,
nicola_beer_20-09-2021_00:00_image13.jpeg,,,,,,,,
nicola_beer_20-09-2021_00:00_image13.jpeg,,,,,,,,
nicola_beer_20-09-2021_00:00_image13.jpeg,,,,,,,,
nicola_beer_20-09-2021_00:00_image13.jpeg,,,,,,,Christian Lindner,Christian Lindner
nicola_beer_20-09-2021_00:00_image13.jpeg,,,,,,,,
nicola_beer_20-09-2021_00:00_image13.jpeg,,,,,,,,
nicola_beer_20-09-2021_00:00_image13.jpeg,,,,,,,,
nicola_beer_20-09-2021_00:00_image13.jpeg,,,,,,,,
nicola_beer_20-09-2021_00:00_image13.jpeg,,,,,,,,
nicola_beer_20-09-2021_00:00_image13.jpeg,,,,,,,,
nicola_beer_20-09-2021_00:00_image13.jpeg,,,,,,,,
nicola_beer_20-09-2021_00:00_image13.jpeg,,,,,,,,
nicola_beer_20-09-2021_00:00_image13.jpeg,,,,,,,,
nicola_beer_20-09-2021_00:00_image13.jpeg,,,,,,,,
nicola_beer_20-09-2021_00:00_image13.jpeg,,,,,,,,
nicola_beer_20-09-2021_00:00_image13.jpeg,,,,,,,,
nicola_beer_20-09-2021_00:00_image13.jpeg,,,,,,,,
nicola_beer_20-09-2021_00:00_image13.jpeg,,,,,,,,
cdu_24-09-2021_00:00_video15.jpeg,,,,,,,,
afd.bund_17-09-2021_00:00_image9.jpeg,,,,,,,,
afd.bund_17-09-2021_00:00_image9.jpeg,,,,,,,,
afd.bund_17-09-2021_00:00_image9.jpeg,,,,,,,,
robert.habeck_13-09-2021_00:00_image13.jpeg,,,,,,,,
robert.habeck_13-09-2021_00:00_image13.jpeg,,,,,,,,
robert.habeck_13-09-2021_00:00_image13.jpeg,,,,,,,,
robert.habeck_13-09-2021_00:00_image13.jpeg,,,,,,,,
robert.habeck_13-09-2021_00:00_image13.jpeg,,,,,,,,
robert.habeck_13-09-2021_00:00_image13.jpeg,,,,,,,,
robert.habeck_13-09-2021_00:00_image13.jpeg,,,,,,,,
robert.habeck_13-09-2021_00:00_image13.jpeg,,,,,,,,
robert.habeck_13-09-2021_00:00_image13.jpeg,,,,,,,,
robert.habeck_13-09-2021_00:00_image13.jpeg,,,,,,,,
robert.habeck_13-09-2021_00:00_image13.jpeg,,,,,,,,
robert.habeck_13-09-2021_00:00_image13.jpeg,,,,,,,,
robert.habeck_13-09-2021_00:00_image13.jpeg,,,,,,,,
robert.habeck_13-09-2021_00:00_image13.jpeg,,,,,,,,
robert.habeck_13-09-2021_00:00_image13.jpeg,,,,,,,,
robert.habeck_13-09-2021_00:00_image13.jpeg,,,,,,,,
robert.habeck_13-09-2021_00:00_image13.jpeg,,,,,,,,
robert.habeck_13-09-2021_00:00_image13.jpeg,,,,,,,,
robert.habeck_13-09-2021_00:00_image13.jpeg,,,,,,,,
robert.habeck_13-09-2021_00:00_image13.jpeg,,,,,,,,
robert.habeck_13-09-2021_00:00_image13.jpeg,,,,,,,,
robert.habeck_13-09-2021_00:00_image13.jpeg,,,,,,,,
robert.habeck_13-09-2021_00:00_image13.jpeg,,,,,,,,
robert.habeck_13-09-2021_00:00_image13.jpeg,,,,,,,,
robert.habeck_13-09-2021_00:00_image13.jpeg,,,,,,,,
robert.habeck_13-09-2021_00:00_image13.jpeg,,,,,,,,
robert.habeck_21-09-2021_00:00_video4.jpeg,,,,,,,,
armin_laschet_17-09-2021_00:00_video12.jpeg,,,,,,,,
armin_laschet_17-09-2021_00:00_video12.jpeg,,,,,,,Armin Laschet,Armin Laschet
armin_laschet_17-09-2021_00:00_video12.jpeg,,,,,,,,
die_gruenen_25-09-2021_00:00_video14.jpeg,,,,,,,,
christianlindner_17-09-2021_00:00_image2.jpeg,,,,,,,,
christianlindner_17-09-2021_00:00_image2.jpeg,,,,,,,Christian Lindner,Christian Lindner
christianlindner_17-09-2021_00:00_image2.jpeg,,,,,,,,
christianlindner_17-09-2021_00:00_image2.jpeg,,,,,,,,
cdu_20-09-2021_00:00_video19.jpeg,,,,,,,,
cdu_20-09-2021_00:00_video19.jpeg,,,,,,,,
afd.bund_25-09-2021_00:00_image27.jpeg,,,,,,,,
afd.bund_25-09-2021_00:00_image27.jpeg,,,,,,,,
afd.bund_25-09-2021_00:00_image27.jpeg,,,,,,,,
afd.bund_25-09-2021_00:00_image27.jpeg,,,,,,,,
afd.bund_25-09-2021_00:00_image27.jpeg,,,,,,,,
afd.bund_25-09-2021_00:00_image27.jpeg,,,,,,,,
afd.bund_25-09-2021_00:00_image27.jpeg,,,,,,,,
afd.bund_25-09-2021_00:00_image27.jpeg,,,,,,,,
afd.bund_25-09-2021_00:00_image27.jpeg,,,,,,,,
afd.bund_25-09-2021_00:00_image27.jpeg,,,,,,,,
afd.bund_25-09-2021_00:00_image27.jpeg,,,,,,,,
afd.bund_25-09-2021_00:00_image27.jpeg,,,,,,,,
afd.bund_25-09-2021_00:00_image27.jpeg,,,,,,,,
afd.bund_25-09-2021_00:00_image27.jpeg,,,,,,,,
afd.bund_25-09-2021_00:00_image27.jpeg,,,,,,,,
afd.bund_25-09-2021_00:00_image27.jpeg,,,,,,,,
afd.bund_25-09-2021_00:00_image27.jpeg,,,,,,,,
afd.bund_25-09-2021_00:00_image27.jpeg,,,,,,,,
afd.bund_25-09-2021_00:00_image27.jpeg,,,,,,,,
afd.bund_25-09-2021_00:00_image27.jpeg,,,,,,,,
afd.bund_25-09-2021_00:00_image27.jpeg,,,,,,,,
afd.bund_25-09-2021_00:00_image27.jpeg,,,,,,,,
afd.bund_25-09-2021_00:00_image27.jpeg,,,,,,,,
afd.bund_25-09-2021_00:00_image27.jpeg,,,,,,,,
afd.bund_25-09-2021_00:00_image27.jpeg,,,,,,,,
christlichsozialeunion_25-09-2021_00:00_video13.jpeg,,,,,,,,
christlichsozialeunion_25-09-2021_00:00_video13.jpeg,,,,,,,Markus Söder,Markus Söder
christlichsozialeunion_25-09-2021_00:00_video13.jpeg,,,,,,,,
christlichsozialeunion_25-09-2021_00:00_video13.jpeg,,,,,,,Markus Söder,Markus Söder
abaerbock_18-09-2021_00:00_image2.jpeg,,,,,,,,
abaerbock_18-09-2021_00:00_image2.jpeg,,,,,,,,Annalena Baerbock
christlichsozialeunion_24-09-2021_00:00_image4.jpeg,,,,,,,,
armin_laschet_24-09-2021_00:00_video1.jpeg,,,,,,,,
armin_laschet_24-09-2021_00:00_video1.jpeg,,,,,,,Armin Laschet,Armin Laschet
armin_laschet_24-09-2021_00:00_video1.jpeg,,,,,,,,
afd.bund_25-09-2021_00:00_image10.jpeg,,,,,,,,
afd.bund_25-09-2021_00:00_image10.jpeg,,,,,,,,
afd.bund_25-09-2021_00:00_image10.jpeg,,,,,,,,
afd.bund_25-09-2021_00:00_image10.jpeg,,,,,,,,
afd.bund_25-09-2021_00:00_image10.jpeg,,,,,,,,
afd.bund_25-09-2021_00:00_image10.jpeg,,,,,,,,
afd.bund_25-09-2021_00:00_image10.jpeg,,,,,,,,
afd.bund_25-09-2021_00:00_image10.jpeg,,,,,,,,
afd.bund_25-09-2021_00:00_image10.jpeg,,,,,,,,
armin_laschet_26-09-2021_00:00_video8.jpeg,,,,,,,,
armin_laschet_26-09-2021_00:00_video8.jpeg,,,,,,,,
armin_laschet_26-09-2021_00:00_video8.jpeg,,,,,,,Armin Laschet,Armin Laschet
die_gruenen_25-09-2021_00:00_video32.jpeg,,,,,,,,
die_gruenen_25-09-2021_00:00_video32.jpeg,,,,,,,Annalena Baerbock,
die_gruenen_25-09-2021_00:00_video32.jpeg,,,,,,,,
die_gruenen_25-09-2021_00:00_video32.jpeg,,,,,,,,
robert.habeck_18-09-2021_00:00_image1.jpeg,,,,,,,,
die_gruenen_25-09-2021_00:00_video13.jpeg,,,,,,,,
markus.soeder_16-09-2021_00:00_video6.jpeg,,,,,,,,
markus.soeder_16-09-2021_00:00_video6.jpeg,,,,,,,Markus Söder,Armin Laschet
abaerbock_23-09-2021_00:00_image12.jpeg,,,,,,,,
abaerbock_23-09-2021_00:00_image12.jpeg,,,,,,,,Annalena Baerbock
robert.habeck_22-09-2021_00:00_image18.jpeg,,,,,,,,
robert.habeck_22-09-2021_00:00_image18.jpeg,,,,,,,,
robert.habeck_22-09-2021_00:00_image18.jpeg,,,,,,,,
robert.habeck_22-09-2021_00:00_image18.jpeg,,,,,,,,
robert.habeck_22-09-2021_00:00_image18.jpeg,,,,,,,,
robert.habeck_22-09-2021_00:00_image18.jpeg,,,,,,,,
robert.habeck_22-09-2021_00:00_image18.jpeg,,,,,,,,
robert.habeck_22-09-2021_00:00_image18.jpeg,,,,,,,,
robert.habeck_22-09-2021_00:00_image18.jpeg,,,,,,,,
robert.habeck_22-09-2021_00:00_image18.jpeg,,,,,,,,
robert.habeck_22-09-2021_00:00_image18.jpeg,,,,,,,,
robert.habeck_22-09-2021_00:00_image18.jpeg,,,,,,,,
fdp_20-09-2021_00:00_image12.jpeg,,,,,,,,
fdp_20-09-2021_00:00_image12.jpeg,,,,,,,Christian Lindner,Christian Lindner
robert.habeck_22-09-2021_00:00_image10.jpeg,,,,,,,,
robert.habeck_22-09-2021_00:00_image10.jpeg,,,,,,,Robert Habeck,Robert Habeck
robert.habeck_22-09-2021_00:00_image10.jpeg,,,,,,,,
afd.bund_23-09-2021_00:00_image1.jpeg,,,,,,,,
afd.bund_23-09-2021_00:00_image1.jpeg,,,,,,,,
afd.bund_23-09-2021_00:00_image1.jpeg,,,,,,,,
afd.bund_23-09-2021_00:00_image1.jpeg,,,,,,,,
dielinke_17-09-2021_00:00_video4.jpeg,,,,,,,,
dielinke_17-09-2021_00:00_video4.jpeg,,,,,,,,
dielinke_17-09-2021_00:00_video4.jpeg,,,,,,,Susanne Hennig-Wellsow,Susanne Hennig-Wellsow
spdde_26-09-2021_00:00_video16.jpeg,,,,,,,,
spdde_26-09-2021_00:00_video16.jpeg,,,,,,,,
spdde_26-09-2021_00:00_video16.jpeg,,,,,,,,
spdde_26-09-2021_00:00_video16.jpeg,,,,,,,,
spdde_26-09-2021_00:00_video16.jpeg,,,,,,,,
abaerbock_17-09-2021_00:00_image5.jpeg,,,,,,,,
abaerbock_17-09-2021_00:00_image5.jpeg,,,,,,,Annalena Baerbock,Annalena Baerbock
abaerbock_17-09-2021_00:00_image5.jpeg,,,,,,,,
abaerbock_17-09-2021_00:00_image5.jpeg,,,,,,,,
cdu_20-09-2021_00:00_video20.jpeg,,,,,,,,
cdu_20-09-2021_00:00_video20.jpeg,,,,,,,Annalena Baerbock,Annalena Baerbock
cdu_20-09-2021_00:00_video20.jpeg,,,,,,,,
cdu_20-09-2021_00:00_video20.jpeg,,,,,,,Armin Laschet,Armin Laschet
robert.habeck_21-09-2021_00:00_image14.jpeg,,,,,,,,
robert.habeck_21-09-2021_00:00_image14.jpeg,,,,,,,,
robert.habeck_21-09-2021_00:00_image14.jpeg,,,,,,,,
robert.habeck_21-09-2021_00:00_image14.jpeg,,,,,,,Robert Habeck,Robert Habeck
robert.habeck_21-09-2021_00:00_image14.jpeg,,,,,,,,
robert.habeck_21-09-2021_00:00_image14.jpeg,,,,,,,,
robert.habeck_21-09-2021_00:00_image14.jpeg,,,,,,,,
robert.habeck_21-09-2021_00:00_image14.jpeg,,,,,,,,
robert.habeck_21-09-2021_00:00_image14.jpeg,,,,,,,,
spdde_19-09-2021_00:00_video11.jpeg,,,,,,,,
spdde_19-09-2021_00:00_video11.jpeg,,,,,,,,
spdde_19-09-2021_00:00_video11.jpeg,,,,,,,,
spdde_19-09-2021_00:00_video11.jpeg,,,,,,,,
spdde_19-09-2021_00:00_video11.jpeg,,,,,,,,
spdde_19-09-2021_00:00_video11.jpeg,,,,,,,,
spdde_19-09-2021_00:00_video11.jpeg,,,,,,,,
spdde_19-09-2021_00:00_video11.jpeg,,,,,,,Olaf Scholz,Olaf Scholz
spdde_19-09-2021_00:00_video11.jpeg,,,,,,,,
spdde_19-09-2021_00:00_video11.jpeg,,,,,,,,
dielinke_25-09-2021_00:00_video5.jpeg,,,,,,,,
robert.habeck_23-09-2021_00:00_image0.jpeg,,,,,,,,
robert.habeck_23-09-2021_00:00_image0.jpeg,,,,,,,,Nicola Beer
robert.habeck_23-09-2021_00:00_image0.jpeg,,,,,,,,
robert.habeck_23-09-2021_00:00_image0.jpeg,,,,,,,,
robert.habeck_23-09-2021_00:00_image0.jpeg,,,,,,,Robert Habeck,
robert.habeck_23-09-2021_00:00_image0.jpeg,,,,,,,,Robert Habeck
robert.habeck_23-09-2021_00:00_image0.jpeg,,,,,,,,
fdp_18-09-2021_00:00_video1.jpeg,,,,,,,,
fw_bayern_24-09-2021_00:00_image3.jpeg,,,,,,,,
fw_bayern_24-09-2021_00:00_image3.jpeg,,,,,,,,
robert.habeck_22-09-2021_00:00_image0.jpeg,,,,,,,,
robert.habeck_22-09-2021_00:00_image0.jpeg,,,,,,,,
robert.habeck_22-09-2021_00:00_image0.jpeg,,,,,,,,Robert Habeck
robert.habeck_22-09-2021_00:00_image0.jpeg,,,,,,,,
robert.habeck_22-09-2021_00:00_image0.jpeg,,,,,,,,
armin_laschet_19-09-2021_00:00_video2.jpeg,,,,,,,,
armin_laschet_19-09-2021_00:00_video2.jpeg,,,,,,,,
armin_laschet_19-09-2021_00:00_video2.jpeg,,,,,,,,
armin_laschet_19-09-2021_00:00_video2.jpeg,,,,,,,,
armin_laschet_19-09-2021_00:00_video2.jpeg,,,,,,,,
armin_laschet_19-09-2021_00:00_video2.jpeg,,,,,,,,
armin_laschet_19-09-2021_00:00_video2.jpeg,,,,,,,,
armin_laschet_19-09-2021_00:00_video2.jpeg,,,,,,,,
armin_laschet_19-09-2021_00:00_video2.jpeg,,,,,,,,
armin_laschet_19-09-2021_00:00_video2.jpeg,,,,,,,,
armin_laschet_19-09-2021_00:00_video2.jpeg,,,,,,,,
armin_laschet_19-09-2021_00:00_video2.jpeg,,,,,,,,
armin_laschet_19-09-2021_00:00_video2.jpeg,,,,,,,,
armin_laschet_19-09-2021_00:00_video2.jpeg,,,,,,,,
armin_laschet_19-09-2021_00:00_video2.jpeg,,,,,,,,
armin_laschet_19-09-2021_00:00_video2.jpeg,,,,,,,,
armin_laschet_19-09-2021_00:00_video2.jpeg,,,,,,,,
armin_laschet_19-09-2021_00:00_video2.jpeg,,,,,,,,
armin_laschet_19-09-2021_00:00_video2.jpeg,,,,,,,,
armin_laschet_19-09-2021_00:00_video2.jpeg,,,,,,,,
armin_laschet_19-09-2021_00:00_video2.jpeg,,,,,,,,
armin_laschet_19-09-2021_00:00_video2.jpeg,,,,,,,,
armin_laschet_19-09-2021_00:00_video2.jpeg,,,,,,,,
armin_laschet_19-09-2021_00:00_video2.jpeg,,,,,,,,
armin_laschet_19-09-2021_00:00_video2.jpeg,,,,,,,,
armin_laschet_19-09-2021_00:00_video2.jpeg,,,,,,,,
armin_laschet_19-09-2021_00:00_video2.jpeg,,,,,,,,
armin_laschet_19-09-2021_00:00_video2.jpeg,,,,,,,,
armin_laschet_19-09-2021_00:00_video2.jpeg,,,,,,,,
armin_laschet_19-09-2021_00:00_video2.jpeg,,,,,,,,
armin_laschet_19-09-2021_00:00_video2.jpeg,,,,,,,,
armin_laschet_19-09-2021_00:00_video2.jpeg,,,,,,,,
armin_laschet_19-09-2021_00:00_video2.jpeg,,,,,,,,
armin_laschet_19-09-2021_00:00_video2.jpeg,,,,,,,,
armin_laschet_19-09-2021_00:00_video2.jpeg,,,,,,,,
armin_laschet_19-09-2021_00:00_video2.jpeg,,,,,,,,
armin_laschet_19-09-2021_00:00_video2.jpeg,,,,,,,,
armin_laschet_19-09-2021_00:00_video2.jpeg,,,,,,,,
armin_laschet_19-09-2021_00:00_video2.jpeg,,,,,,,,
armin_laschet_19-09-2021_00:00_video2.jpeg,,,,,,,,
armin_laschet_19-09-2021_00:00_video2.jpeg,,,,,,,,
armin_laschet_19-09-2021_00:00_video2.jpeg,,,,,,,,
armin_laschet_19-09-2021_00:00_video2.jpeg,,,,,,,,
armin_laschet_19-09-2021_00:00_video2.jpeg,,,,,,,,
cdu_19-09-2021_00:00_image7.jpeg,,,,,,,,
cdu_19-09-2021_00:00_image7.jpeg,,,,,,,,
cdu_19-09-2021_00:00_image7.jpeg,,,,,,,,
cdu_19-09-2021_00:00_image7.jpeg,,,,,,,,
cdu_19-09-2021_00:00_image7.jpeg,,,,,,,,
cdu_19-09-2021_00:00_image7.jpeg,,,,,,,,
cdu_19-09-2021_00:00_image7.jpeg,,,,,,,,
cdu_19-09-2021_00:00_image7.jpeg,,,,,,,,
cdu_19-09-2021_00:00_image7.jpeg,,,,,,,,
cdu_19-09-2021_00:00_image7.jpeg,,,,,,,,
cdu_19-09-2021_00:00_image7.jpeg,,,,,,,,
cdu_19-09-2021_00:00_image7.jpeg,,,,,,,,
cdu_19-09-2021_00:00_image7.jpeg,,,,,,,,
cdu_19-09-2021_00:00_image7.jpeg,,,,,,,,
cdu_19-09-2021_00:00_image7.jpeg,,,,,,,,
cdu_19-09-2021_00:00_image7.jpeg,,,,,,,,
cdu_19-09-2021_00:00_image7.jpeg,,,,,,,,
cdu_19-09-2021_00:00_image7.jpeg,,,,,,,,
cdu_19-09-2021_00:00_image7.jpeg,,,,,,,,
cdu_19-09-2021_00:00_image7.jpeg,,,,,,,,
cdu_19-09-2021_00:00_image7.jpeg,,,,,,,,
cdu_19-09-2021_00:00_image7.jpeg,,,,,,,,
cdu_19-09-2021_00:00_image7.jpeg,,,,,,,,
cdu_19-09-2021_00:00_image7.jpeg,,,,,,,,
cdu_19-09-2021_00:00_image7.jpeg,,,,,,,,
cdu_19-09-2021_00:00_image7.jpeg,,,,,,,,
cdu_19-09-2021_00:00_image7.jpeg,,,,,,,,
cdu_19-09-2021_00:00_image7.jpeg,,,,,,,,
cdu_19-09-2021_00:00_image7.jpeg,,,,,,,,
cdu_19-09-2021_00:00_image7.jpeg,,,,,,,,
cdu_19-09-2021_00:00_image7.jpeg,,,,,,,,
cdu_19-09-2021_00:00_image7.jpeg,,,,,,,,
cdu_19-09-2021_00:00_image7.jpeg,,,,,,,,
cdu_19-09-2021_00:00_image7.jpeg,,,,,,,,
cdu_19-09-2021_00:00_image7.jpeg,,,,,,,,
abaerbock_25-09-2021_00:00_video2.jpeg,,,,,,,,
abaerbock_25-09-2021_00:00_video2.jpeg,,,,,,,,
abaerbock_25-09-2021_00:00_video2.jpeg,,,,,,,Robert Habeck,Robert Habeck
abaerbock_25-09-2021_00:00_video2.jpeg,,,,,,,,
abaerbock_25-09-2021_00:00_video2.jpeg,,,,,,,Annalena Baerbock,Annalena Baerbock
abaerbock_25-09-2021_00:00_video2.jpeg,,,,,,,,
die_gruenen_13-09-2021_00:00_video3.jpeg,,,,,,,,
die_gruenen_13-09-2021_00:00_video3.jpeg,,,,,,,,
die_gruenen_13-09-2021_00:00_video3.jpeg,,,,,,,,
die_gruenen_13-09-2021_00:00_video3.jpeg,,,,,,,,
die_gruenen_13-09-2021_00:00_video3.jpeg,,,,,,,,
die_gruenen_13-09-2021_00:00_video3.jpeg,,,,,,,,
cdu_23-09-2021_00:00_video10.jpeg,,,,,,,,
cdu_23-09-2021_00:00_video10.jpeg,,,,,,,Armin Laschet,Armin Laschet
cdu_23-09-2021_00:00_video10.jpeg,,,,,,,,
cdu_23-09-2021_00:00_video10.jpeg,,,,,,,,
afd.bund_26-09-2021_00:00_image4.jpeg,,,,,,,,
afd.bund_26-09-2021_00:00_image4.jpeg,,,,,,,,
afd.bund_26-09-2021_00:00_image4.jpeg,,,,,,,Alice Weidel,Alice Weidel
afd.bund_26-09-2021_00:00_image4.jpeg,,,,,,,,
die_gruenen_20-09-2021_00:00_image7.jpeg,,,,,,,,
die_gruenen_20-09-2021_00:00_image7.jpeg,,,,,,,Annalena Baerbock,Annalena Baerbock
spdde_19-09-2021_00:00_image1.jpeg,,,,,,,,
spdde_19-09-2021_00:00_image1.jpeg,,,,,,,,
spdde_19-09-2021_00:00_image1.jpeg,,,,,,,Olaf Scholz,Olaf Scholz
spdde_21-09-2021_00:00_image0.jpeg,,,,,,,,
spdde_21-09-2021_00:00_image0.jpeg,,,,,,,,
spdde_21-09-2021_00:00_image0.jpeg,,,,,,,,
spdde_21-09-2021_00:00_image0.jpeg,,,,,,,,
spdde_21-09-2021_00:00_image0.jpeg,,,,,,,Olaf Scholz,Olaf Scholz
spdde_19-09-2021_00:00_video7.jpeg,,,,,,,,
spdde_19-09-2021_00:00_video7.jpeg,,,,,,,Olaf Scholz,Olaf Scholz
spdde_19-09-2021_00:00_video7.jpeg,,,,,,,,
spdde_19-09-2021_00:00_video7.jpeg,,,,,,,Olaf Scholz,Olaf Scholz
spdde_26-09-2021_00:00_video18.jpeg,,,,,,,,
spdde_26-09-2021_00:00_video18.jpeg,,,,,,,,
spdde_26-09-2021_00:00_video18.jpeg,,,,,,,,
spdde_26-09-2021_00:00_video18.jpeg,,,,,,,,
spdde_26-09-2021_00:00_video18.jpeg,,,,,,,,
spdde_26-09-2021_00:00_video18.jpeg,,,,,,,,
spdde_26-09-2021_00:00_video18.jpeg,,,,,,,Olaf Scholz,
spdde_26-09-2021_00:00_video18.jpeg,,,,,,,,
spdde_26-09-2021_00:00_video18.jpeg,,,,,,,,
spdde_26-09-2021_00:00_video18.jpeg,,,,,,,,
spdde_26-09-2021_00:00_video18.jpeg,,,,,,,,
christlichsozialeunion_20-09-2021_00:00_video3.jpeg,,,,,,,,
christlichsozialeunion_20-09-2021_00:00_video3.jpeg,,,,,,,,
abaerbock_25-09-2021_00:00_image3.jpeg,,,,,,,,
abaerbock_25-09-2021_00:00_image3.jpeg,,,,,,,,
abaerbock_25-09-2021_00:00_image3.jpeg,,,,,,,,
abaerbock_25-09-2021_00:00_image3.jpeg,,,,,,,,
abaerbock_25-09-2021_00:00_image3.jpeg,,,,,,,,Annalena Baerbock
abaerbock_25-09-2021_00:00_image3.jpeg,,,,,,,,
christlichsozialeunion_23-09-2021_00:00_video11.jpeg,,,,,,,,
olafscholz_17-09-2021_00:00_video6.jpeg,,,,,,,,
olafscholz_17-09-2021_00:00_video6.jpeg,,,,,,,,
dielinke_25-09-2021_00:00_video1.jpeg,,,,,,,,
armin_laschet_17-09-2021_00:00_image3.jpeg,,,,,,,,
armin_laschet_17-09-2021_00:00_image3.jpeg,,,,,,,,
armin_laschet_17-09-2021_00:00_image3.jpeg,,,,,,,Armin Laschet,Armin Laschet
spdde_13-09-2021_00:00_image0.jpeg,,,,,,,,
spdde_13-09-2021_00:00_image0.jpeg,,,,,,,Olaf Scholz,Olaf Scholz
armin_laschet_20-09-2021_00:00_video0.jpeg,,,,,,,,
armin_laschet_20-09-2021_00:00_video0.jpeg,,,,,,,Armin Laschet,Armin Laschet
armin_laschet_17-09-2021_00:00_video2.jpeg,,,,,,,,
armin_laschet_17-09-2021_00:00_video2.jpeg,,,,,,,Armin Laschet,Armin Laschet
olafscholz_26-09-2021_00:00_image1.jpeg,,,,,,,,
olafscholz_26-09-2021_00:00_image1.jpeg,,,,,,,,
olafscholz_26-09-2021_00:00_image1.jpeg,,,,,,,Olaf Scholz,Olaf Scholz
olafscholz_26-09-2021_00:00_image1.jpeg,,,,,,,,
olafscholz_26-09-2021_00:00_image1.jpeg,,,,,,,Olaf Scholz,Olaf Scholz
olafscholz_26-09-2021_00:00_image1.jpeg,,,,,,,,
olafscholz_26-09-2021_00:00_image1.jpeg,,,,,,,,
olafscholz_26-09-2021_00:00_image1.jpeg,,,,,,,,
olafscholz_26-09-2021_00:00_image1.jpeg,,,,,,,,
olafscholz_26-09-2021_00:00_image1.jpeg,,,,,,,,
olafscholz_26-09-2021_00:00_image1.jpeg,,,,,,,,
olafscholz_26-09-2021_00:00_image1.jpeg,,,,,,,,
olafscholz_26-09-2021_00:00_image1.jpeg,,,,,,,,
olafscholz_26-09-2021_00:00_image1.jpeg,,,,,,,,
olafscholz_26-09-2021_00:00_image1.jpeg,,,,,,,,
olafscholz_26-09-2021_00:00_image1.jpeg,,,,,,,,
afd.bund_23-09-2021_00:00_video3.jpeg,,,,,,,,
afd.bund_23-09-2021_00:00_video3.jpeg,,,,,,,Alice Weidel,Alice Weidel
christianlindner_14-09-2021_00:00_image0.jpeg,,,,,,,,
christianlindner_14-09-2021_00:00_image0.jpeg,,,,,,,Christian Lindner,Christian Lindner
christianlindner_14-09-2021_00:00_image0.jpeg,,,,,,,,
christianlindner_14-09-2021_00:00_image0.jpeg,,,,,,,,
christianlindner_14-09-2021_00:00_image0.jpeg,,,,,,,Alice Weidel,Alice Weidel
christianlindner_14-09-2021_00:00_image0.jpeg,,,,,,,,
spdde_26-09-2021_00:00_video11.jpeg,,,,,,,,
spdde_26-09-2021_00:00_video11.jpeg,,,,,,,Olaf Scholz,Olaf Scholz
die_gruenen_13-09-2021_00:00_image4.jpeg,,,,,,,,
die_gruenen_13-09-2021_00:00_image4.jpeg,,,,,,,Annalena Baerbock,Annalena Baerbock
olafscholz_26-09-2021_00:00_image3.jpeg,,,,,,,,
olafscholz_26-09-2021_00:00_image3.jpeg,,,,,,,,
olafscholz_26-09-2021_00:00_image3.jpeg,,,,,,,Olaf Scholz,Olaf Scholz
olafscholz_26-09-2021_00:00_image3.jpeg,,,,,,,,
olafscholz_26-09-2021_00:00_image3.jpeg,,,,,,,,
olafscholz_26-09-2021_00:00_image3.jpeg,,,,,,,,
olafscholz_26-09-2021_00:00_image3.jpeg,,,,,,,,
olafscholz_26-09-2021_00:00_image3.jpeg,,,,,,,,
olafscholz_26-09-2021_00:00_image3.jpeg,,,,,,,,
olafscholz_26-09-2021_00:00_image3.jpeg,,,,,,,,
olafscholz_26-09-2021_00:00_image3.jpeg,,,,,,,,
olafscholz_26-09-2021_00:00_image3.jpeg,,,,,,,,
olafscholz_26-09-2021_00:00_image3.jpeg,,,,,,,,
olafscholz_26-09-2021_00:00_image3.jpeg,,,,,,,,
olafscholz_26-09-2021_00:00_image3.jpeg,,,,,,,,
robert.habeck_13-09-2021_00:00_image17.jpeg,,,,,,,,
robert.habeck_13-09-2021_00:00_image17.jpeg,,,,,,,,
robert.habeck_13-09-2021_00:00_image17.jpeg,,,,,,,,
robert.habeck_13-09-2021_00:00_image17.jpeg,,,,,,,,
robert.habeck_13-09-2021_00:00_image17.jpeg,,,,,,,,
robert.habeck_13-09-2021_00:00_image17.jpeg,,,,,,,,
robert.habeck_13-09-2021_00:00_image17.jpeg,,,,,,,,
robert.habeck_13-09-2021_00:00_image17.jpeg,,,,,,,,
robert.habeck_13-09-2021_00:00_image17.jpeg,,,,,,,,
robert.habeck_13-09-2021_00:00_image17.jpeg,,,,,,,,
robert.habeck_13-09-2021_00:00_image17.jpeg,,,,,,,,
robert.habeck_13-09-2021_00:00_image17.jpeg,,,,,,,,
robert.habeck_13-09-2021_00:00_image17.jpeg,,,,,,,,
robert.habeck_13-09-2021_00:00_image17.jpeg,,,,,,,,
robert.habeck_13-09-2021_00:00_image17.jpeg,,,,,,,,
robert.habeck_13-09-2021_00:00_image17.jpeg,,,,,,,,
robert.habeck_13-09-2021_00:00_image17.jpeg,,,,,,,,
robert.habeck_13-09-2021_00:00_image17.jpeg,,,,,,,,
robert.habeck_13-09-2021_00:00_image17.jpeg,,,,,,,,
robert.habeck_13-09-2021_00:00_image17.jpeg,,,,,,,,
robert.habeck_13-09-2021_00:00_image17.jpeg,,,,,,,,
robert.habeck_13-09-2021_00:00_image17.jpeg,,,,,,,,
robert.habeck_13-09-2021_00:00_image17.jpeg,,,,,,,,
robert.habeck_13-09-2021_00:00_image17.jpeg,,,,,,,,
robert.habeck_13-09-2021_00:00_image17.jpeg,,,,,,,,
robert.habeck_13-09-2021_00:00_image17.jpeg,,,,,,,,
robert.habeck_13-09-2021_00:00_image17.jpeg,,,,,,,,
robert.habeck_13-09-2021_00:00_image17.jpeg,,,,,,,,
olafscholz_18-09-2021_00:00_image0.jpeg,,,,,,,,
olafscholz_18-09-2021_00:00_image0.jpeg,,,,,,,,
olafscholz_18-09-2021_00:00_image0.jpeg,,,,,,,Olaf Scholz,Olaf Scholz
cdu_25-09-2021_00:00_video12.jpeg,,,,,,,,
cdu_25-09-2021_00:00_video12.jpeg,,,,,,,Armin Laschet,Armin Laschet
cdu_25-09-2021_00:00_video12.jpeg,,,,,,,,
cdu_25-09-2021_00:00_video12.jpeg,,,,,,,Markus Söder,Markus Söder
armin_laschet_17-09-2021_00:00_video0.jpeg,,,,,,,,
armin_laschet_17-09-2021_00:00_video0.jpeg,,,,,,,Armin Laschet,Armin Laschet
fw_bayern_13-09-2021_00:00_video0.jpeg,,,,,,,,
fw_bayern_13-09-2021_00:00_video0.jpeg,,,,,,,,
afd.bund_21-09-2021_00:00_image2.jpeg,,,,,,,,
afd.bund_21-09-2021_00:00_image2.jpeg,,,,,,,,
afd.bund_21-09-2021_00:00_image2.jpeg,,,,,,,,
afd.bund_21-09-2021_00:00_image2.jpeg,,,,,,,,
afd.bund_21-09-2021_00:00_image2.jpeg,,,,,,,,
afd.bund_21-09-2021_00:00_image2.jpeg,,,,,,,,
afd.bund_21-09-2021_00:00_image2.jpeg,,,,,,,,
afd.bund_21-09-2021_00:00_image2.jpeg,,,,,,,Alice Weidel,Alice Weidel
afd.bund_21-09-2021_00:00_image2.jpeg,,,,,,,,
afd.bund_21-09-2021_00:00_image2.jpeg,,,,,,,,
afd.bund_21-09-2021_00:00_image2.jpeg,,,,,,,,
afd.bund_21-09-2021_00:00_image2.jpeg,,,,,,,,
afd.bund_21-09-2021_00:00_image2.jpeg,,,,,,,,
afd.bund_21-09-2021_00:00_image2.jpeg,,,,,,,,
dielinke_25-09-2021_00:00_video8.jpeg,,,,,,,,
fw_bayern_17-09-2021_00:00_image3.jpeg,,,,,,,,
fw_bayern_17-09-2021_00:00_image3.jpeg,,,,,,,,
fw_bayern_17-09-2021_00:00_image3.jpeg,,,,,,,,
christlichsozialeunion_20-09-2021_00:00_video6.jpeg,,,,,,,,
christlichsozialeunion_20-09-2021_00:00_video6.jpeg,,,,,,,,Annalena Baerbock
christlichsozialeunion_20-09-2021_00:00_video6.jpeg,,,,,,,Markus Söder,
christlichsozialeunion_20-09-2021_00:00_video6.jpeg,,,,,,,,Markus Söder
christlichsozialeunion_20-09-2021_00:00_video6.jpeg,,,,,,,,
abaerbock_21-09-2021_00:00_video5.jpeg,,,,,,,,
abaerbock_21-09-2021_00:00_video5.jpeg,,,,,,,Annalena Baerbock,Annalena Baerbock
armin_laschet_13-09-2021_00:00_video4.jpeg,,,,,,,,
armin_laschet_13-09-2021_00:00_video4.jpeg,,,,,,,Armin Laschet,Armin Laschet
armin_laschet_19-09-2021_00:00_image7.jpeg,,,,,,,,
armin_laschet_19-09-2021_00:00_image7.jpeg,,,,,,,Armin Laschet,Armin Laschet
armin_laschet_19-09-2021_00:00_image7.jpeg,,,,,,,,
armin_laschet_19-09-2021_00:00_image7.jpeg,,,,,,,,
armin_laschet_19-09-2021_00:00_image7.jpeg,,,,,,,Armin Laschet,Armin Laschet
armin_laschet_19-09-2021_00:00_image7.jpeg,,,,,,,,
armin_laschet_19-09-2021_00:00_image7.jpeg,,,,,,,,
armin_laschet_17-09-2021_00:00_video10.jpeg,,,,,,,,
robert.habeck_18-09-2021_00:00_video0.jpeg,,,,,,,,
robert.habeck_18-09-2021_00:00_video0.jpeg,,,,,,,Robert Habeck,Robert Habeck
robert.habeck_18-09-2021_00:00_video0.jpeg,,,,,,,,
robert.habeck_18-09-2021_00:00_video0.jpeg,,,,,,,,
robert.habeck_18-09-2021_00:00_video0.jpeg,,,,,,,,
fw_bayern_21-09-2021_00:00_image4.jpeg,,,,,,,,
fw_bayern_21-09-2021_00:00_image4.jpeg,,,,,,,,
armin_laschet_17-09-2021_00:00_video15.jpeg,,,,,,,,
armin_laschet_17-09-2021_00:00_video15.jpeg,,,,,,,Armin Laschet,Armin Laschet
christlichsozialeunion_21-09-2021_00:00_image4.jpeg,,,,,,,,
christlichsozialeunion_21-09-2021_00:00_image4.jpeg,,,,,,,Markus Söder,Markus Söder
cdu_26-09-2021_00:00_video7.jpeg,,,,,,,,
cdu_26-09-2021_00:00_video7.jpeg,,,,,,,Armin Laschet,Armin Laschet
cdu_26-09-2021_00:00_video7.jpeg,,,,,,,,
cdu_26-09-2021_00:00_video7.jpeg,,,,,,,,
cdu_26-09-2021_00:00_video7.jpeg,,,,,,,,
cdu_26-09-2021_00:00_video7.jpeg,,,,,,,,
cdu_20-09-2021_00:00_video22.jpeg,,,,,,,,
cdu_20-09-2021_00:00_video22.jpeg,,,,,,,,
cdu_20-09-2021_00:00_video22.jpeg,,,,,,,,
robert.habeck_23-09-2021_00:00_image6.jpeg,,,,,,,,
robert.habeck_23-09-2021_00:00_image6.jpeg,,,,,,,,
robert.habeck_23-09-2021_00:00_image6.jpeg,,,,,,,,
robert.habeck_23-09-2021_00:00_image6.jpeg,,,,,,,,
robert.habeck_23-09-2021_00:00_image6.jpeg,,,,,,,,
robert.habeck_23-09-2021_00:00_image6.jpeg,,,,,,,,
robert.habeck_23-09-2021_00:00_image6.jpeg,,,,,,,,
robert.habeck_23-09-2021_00:00_image6.jpeg,,,,,,,,
robert.habeck_23-09-2021_00:00_image6.jpeg,,,,,,,,
robert.habeck_23-09-2021_00:00_image6.jpeg,,,,,,,,
robert.habeck_23-09-2021_00:00_image6.jpeg,,,,,,,,
robert.habeck_23-09-2021_00:00_image6.jpeg,,,,,,,,
robert.habeck_23-09-2021_00:00_image6.jpeg,,,,,,,,
robert.habeck_23-09-2021_00:00_image6.jpeg,,,,,,,,
die_gruenen_25-09-2021_00:00_video31.jpeg,,,,,,,,
die_gruenen_25-09-2021_00:00_video31.jpeg,,,,,,,,
die_gruenen_25-09-2021_00:00_video31.jpeg,,,,,,,,
die_gruenen_25-09-2021_00:00_video31.jpeg,,,,,,,,
die_gruenen_25-09-2021_00:00_video31.jpeg,,,,,,,Annalena Baerbock,Annalena Baerbock
die_gruenen_25-09-2021_00:00_video31.jpeg,,,,,,,,
die_gruenen_25-09-2021_00:00_video31.jpeg,,,,,,,,
die_gruenen_25-09-2021_00:00_video31.jpeg,,,,,,,,
die_gruenen_25-09-2021_00:00_video31.jpeg,,,,,,,,
die_gruenen_25-09-2021_00:00_video31.jpeg,,,,,,,,
die_gruenen_25-09-2021_00:00_video31.jpeg,,,,,,,,
die_gruenen_25-09-2021_00:00_video31.jpeg,,,,,,,,
die_gruenen_25-09-2021_00:00_video31.jpeg,,,,,,,,
die_gruenen_25-09-2021_00:00_video31.jpeg,,,,,,,,
die_gruenen_25-09-2021_00:00_video31.jpeg,,,,,,,,
die_gruenen_25-09-2021_00:00_video31.jpeg,,,,,,,,
die_gruenen_23-09-2021_00:00_video6.jpeg,,,,,,,,
die_gruenen_23-09-2021_00:00_video6.jpeg,,,,,,,Annalena Baerbock,Annalena Baerbock
robert.habeck_26-09-2021_00:00_image1.jpeg,,,,,,,,
robert.habeck_26-09-2021_00:00_image1.jpeg,,,,,,,Robert Habeck,
fdp_18-09-2021_00:00_video0.jpeg,,,,,,,,
cdu_20-09-2021_00:00_video26.jpeg,,,,,,,,
cdu_20-09-2021_00:00_video26.jpeg,,,,,,,,
cdu_20-09-2021_00:00_video26.jpeg,,,,,,,,
cdu_20-09-2021_00:00_video26.jpeg,,,,,,,,
cdu_20-09-2021_00:00_video26.jpeg,,,,,,,,
cdu_20-09-2021_00:00_video26.jpeg,,,,,,,,
cdu_20-09-2021_00:00_video26.jpeg,,,,,,,,
robert.habeck_22-09-2021_00:00_image6.jpeg,,,,,,,,
robert.habeck_22-09-2021_00:00_image6.jpeg,,,,,,,Robert Habeck,Robert Habeck
robert.habeck_22-09-2021_00:00_image6.jpeg,,,,,,,,
fw_bayern_26-09-2021_00:00_image3.jpeg,,,,,,,,
fw_bayern_26-09-2021_00:00_image3.jpeg,,,,,,,,
cdu_13-09-2021_00:00_image1.jpeg,,,,,,,,
cdu_13-09-2021_00:00_image1.jpeg,,,,,,,Armin Laschet,Armin Laschet
cdu_13-09-2021_00:00_image1.jpeg,,,,,,,,
abaerbock_18-09-2021_00:00_image10.jpeg,,,,,,,,
abaerbock_18-09-2021_00:00_image10.jpeg,,,,,,,Annalena Baerbock,Annalena Baerbock
robert.habeck_17-09-2021_00:00_video10.jpeg,,,,,,,,
robert.habeck_26-09-2021_00:00_image4.jpeg,,,,,,,,
robert.habeck_26-09-2021_00:00_image4.jpeg,,,,,,,Robert Habeck,Robert Habeck
robert.habeck_26-09-2021_00:00_image4.jpeg,,,,,,,,
robert.habeck_26-09-2021_00:00_image4.jpeg,,,,,,,Robert Habeck,Robert Habeck
robert.habeck_26-09-2021_00:00_image4.jpeg,,,,,,,,
robert.habeck_26-09-2021_00:00_image4.jpeg,,,,,,,Annalena Baerbock,Annalena Baerbock
robert.habeck_26-09-2021_00:00_image4.jpeg,,,,,,,,
abaerbock_23-09-2021_00:00_image3.jpeg,,,,,,,,
abaerbock_23-09-2021_00:00_image3.jpeg,,,,,,,,
abaerbock_23-09-2021_00:00_image3.jpeg,,,,,,,,
olafscholz_18-09-2021_00:00_video3.jpeg,,,,,,,,
olafscholz_18-09-2021_00:00_video3.jpeg,,,,,,,Olaf Scholz,Olaf Scholz
olafscholz_18-09-2021_00:00_video3.jpeg,,,,,,,,
armin_laschet_22-09-2021_00:00_video11.jpeg,,,,,,,,
armin_laschet_22-09-2021_00:00_video11.jpeg,,,,,,,Armin Laschet,Armin Laschet
armin_laschet_22-09-2021_00:00_video11.jpeg,,,,,,,,
armin_laschet_22-09-2021_00:00_video11.jpeg,,,,,,,,Christian Lindner
abaerbock_20-09-2021_00:00_image4.jpeg,,,,,,,,
abaerbock_20-09-2021_00:00_image4.jpeg,,,,,,,Annalena Baerbock,Christian Lindner
olafscholz_23-09-2021_00:00_image0.jpeg,,,,,,,,
olafscholz_23-09-2021_00:00_image0.jpeg,,,,,,,Olaf Scholz,Olaf Scholz
olafscholz_23-09-2021_00:00_image0.jpeg,,,,,,,,
spdde_18-09-2021_00:00_video2.jpeg,,,,,,,,
cdu_25-09-2021_00:00_video11.jpeg,,,,,,,,
cdu_25-09-2021_00:00_video11.jpeg,,,,,,,,
cdu_25-09-2021_00:00_video11.jpeg,,,,,,,Markus Söder,Markus Söder
cdu_25-09-2021_00:00_video11.jpeg,,,,,,,,
cdu_25-09-2021_00:00_video11.jpeg,,,,,,,,
cdu_25-09-2021_00:00_video11.jpeg,,,,,,,,
cdu_25-09-2021_00:00_video11.jpeg,,,,,,,Armin Laschet,Armin Laschet
cdu_25-09-2021_00:00_video11.jpeg,,,,,,,,
cdu_25-09-2021_00:00_video11.jpeg,,,,,,,,
cdu_25-09-2021_00:00_video11.jpeg,,,,,,,,
cdu_23-09-2021_00:00_video0.jpeg,,,,,,,,
cdu_23-09-2021_00:00_video0.jpeg,,,,,,,Armin Laschet,Armin Laschet
cdu_23-09-2021_00:00_video0.jpeg,,,,,,,,
olafscholz_20-09-2021_00:00_video3.jpeg,,,,,,,,
olafscholz_20-09-2021_00:00_video3.jpeg,,,,,,,Olaf Scholz,Olaf Scholz
cdu_24-09-2021_00:00_video7.jpeg,,,,,,,,
afd.bund_17-09-2021_00:00_video9.jpeg,,,,,,,,
afd.bund_17-09-2021_00:00_video9.jpeg,,,,,,,,
afd.bund_17-09-2021_00:00_video9.jpeg,,,,,,,,
afd.bund_17-09-2021_00:00_video9.jpeg,,,,,,,,
afd.bund_17-09-2021_00:00_video9.jpeg,,,,,,,,
afd.bund_17-09-2021_00:00_video9.jpeg,,,,,,,,
afd.bund_17-09-2021_00:00_video9.jpeg,,,,,,,,
afd.bund_17-09-2021_00:00_video9.jpeg,,,,,,,,
afd.bund_17-09-2021_00:00_video9.jpeg,,,,,,,,
afd.bund_17-09-2021_00:00_video9.jpeg,,,,,,,,
afd.bund_17-09-2021_00:00_video9.jpeg,,,,,,,,
afd.bund_17-09-2021_00:00_video9.jpeg,,,,,,,,
afd.bund_16-09-2021_00:00_image0.jpeg,,,,,,,,
afd.bund_16-09-2021_00:00_image0.jpeg,,,,,,,,
afd.bund_16-09-2021_00:00_image0.jpeg,,,,,,,,
afd.bund_16-09-2021_00:00_image0.jpeg,,,,,,,,
afd.bund_16-09-2021_00:00_image0.jpeg,,,,,,,,
afd.bund_16-09-2021_00:00_image0.jpeg,,,,,,,,
afd.bund_16-09-2021_00:00_image0.jpeg,,,,,,,,
afd.bund_16-09-2021_00:00_image0.jpeg,,,,,,,Alice Weidel,Alice Weidel
afd.bund_16-09-2021_00:00_image0.jpeg,,,,,,,,
afd.bund_16-09-2021_00:00_image0.jpeg,,,,,,,,
afd.bund_16-09-2021_00:00_image0.jpeg,,,,,,,Jörg Meuthen,
cdu_21-09-2021_00:00_video1.jpeg,,,,,,,,
cdu_21-09-2021_00:00_video1.jpeg,,,,,,,,
christlichsozialeunion_25-09-2021_00:00_video23.jpeg,,,,,,,,
christlichsozialeunion_25-09-2021_00:00_video23.jpeg,,,,,,,Armin Laschet,Armin Laschet
christlichsozialeunion_25-09-2021_00:00_video23.jpeg,,,,,,,,
christlichsozialeunion_25-09-2021_00:00_video23.jpeg,,,,,,,,
christlichsozialeunion_25-09-2021_00:00_video23.jpeg,,,,,,,,
christianlindner_22-09-2021_00:00_video0.jpeg,,,,,,,,
christianlindner_22-09-2021_00:00_video0.jpeg,,,,,,,,
christianlindner_22-09-2021_00:00_video0.jpeg,,,,,,,,
christianlindner_22-09-2021_00:00_video0.jpeg,,,,,,,,
christianlindner_22-09-2021_00:00_video0.jpeg,,,,,,,,
christianlindner_22-09-2021_00:00_video0.jpeg,,,,,,,,
christianlindner_22-09-2021_00:00_video0.jpeg,,,,,,,,
christianlindner_22-09-2021_00:00_video0.jpeg,,,,,,,,
christianlindner_22-09-2021_00:00_video0.jpeg,,,,,,,,
christianlindner_22-09-2021_00:00_video0.jpeg,,,,,,,,
christianlindner_22-09-2021_00:00_video0.jpeg,,,,,,,,
christianlindner_22-09-2021_00:00_video0.jpeg,,,,,,,,
christianlindner_22-09-2021_00:00_video0.jpeg,,,,,,,,
christianlindner_22-09-2021_00:00_video0.jpeg,,,,,,,,
christianlindner_22-09-2021_00:00_video0.jpeg,,,,,,,,
christianlindner_22-09-2021_00:00_video0.jpeg,,,,,,,,
christianlindner_22-09-2021_00:00_video0.jpeg,,,,,,,,
christianlindner_22-09-2021_00:00_video0.jpeg,,,,,,,,
christianlindner_22-09-2021_00:00_video0.jpeg,,,,,,,,
christianlindner_22-09-2021_00:00_video0.jpeg,,,,,,,,
christianlindner_22-09-2021_00:00_video0.jpeg,,,,,,,,
christianlindner_22-09-2021_00:00_video0.jpeg,,,,,,,,
christianlindner_22-09-2021_00:00_video0.jpeg,,,,,,,,
christianlindner_22-09-2021_00:00_video0.jpeg,,,,,,,,
christianlindner_22-09-2021_00:00_video0.jpeg,,,,,,,,
christianlindner_22-09-2021_00:00_video0.jpeg,,,,,,,,
christianlindner_22-09-2021_00:00_video0.jpeg,,,,,,,,
armin_laschet_14-09-2021_00:00_video2.jpeg,,,,,,,,
armin_laschet_14-09-2021_00:00_video2.jpeg,,,,,,,Armin Laschet,Armin Laschet
christlichsozialeunion_24-09-2021_00:00_image0.jpeg,,,,,,,,
christlichsozialeunion_24-09-2021_00:00_image0.jpeg,,,,,,,Markus Söder,Markus Söder
christlichsozialeunion_22-09-2021_00:00_video7.jpeg,,,,,,,,
christlichsozialeunion_22-09-2021_00:00_video7.jpeg,,,,,,,,
afd.bund_25-09-2021_00:00_image9.jpeg,,,,,,,,
abaerbock_25-09-2021_00:00_image9.jpeg,,,,,,,,
olafscholz_22-09-2021_00:00_image5.jpeg,,,,,,,,
olafscholz_22-09-2021_00:00_image5.jpeg,,,,,,,,
olafscholz_22-09-2021_00:00_image5.jpeg,,,,,,,,
olafscholz_22-09-2021_00:00_image5.jpeg,,,,,,,,
olafscholz_22-09-2021_00:00_image5.jpeg,,,,,,,,
olafscholz_22-09-2021_00:00_image5.jpeg,,,,,,,,
olafscholz_22-09-2021_00:00_image5.jpeg,,,,,,,,
olafscholz_18-09-2021_00:00_video2.jpeg,,,,,,,,
olafscholz_18-09-2021_00:00_video2.jpeg,,,,,,,Olaf Scholz,Olaf Scholz
robert.habeck_15-09-2021_00:00_image4.jpeg,,,,,,,,
robert.habeck_15-09-2021_00:00_image4.jpeg,,,,,,,,Robert Habeck
robert.habeck_15-09-2021_00:00_image4.jpeg,,,,,,,,
robert.habeck_15-09-2021_00:00_image4.jpeg,,,,,,,,
robert.habeck_15-09-2021_00:00_image4.jpeg,,,,,,,,
robert.habeck_15-09-2021_00:00_image4.jpeg,,,,,,,,
robert.habeck_15-09-2021_00:00_image4.jpeg,,,,,,,,
robert.habeck_15-09-2021_00:00_image4.jpeg,,,,,,,,
robert.habeck_15-09-2021_00:00_image4.jpeg,,,,,,,,
markus.soeder_16-09-2021_00:00_video5.jpeg,,,,,,,,
markus.soeder_16-09-2021_00:00_video5.jpeg,,,,,,,Markus Söder,Markus Söder
markus.soeder_16-09-2021_00:00_video5.jpeg,,,,,,,,
markus.soeder_16-09-2021_00:00_video5.jpeg,,,,,,,,
fw_bayern_23-09-2021_00:00_image2.jpeg,,,,,,,,
fw_bayern_23-09-2021_00:00_image2.jpeg,,,,,,,,
spdde_20-09-2021_00:00_image8.jpeg,,,,,,,,
spdde_20-09-2021_00:00_image8.jpeg,,,,,,,,
spdde_20-09-2021_00:00_image8.jpeg,,,,,,,,
spdde_20-09-2021_00:00_image8.jpeg,,,,,,,Olaf Scholz,Olaf Scholz
christianlindner_17-09-2021_00:00_image1.jpeg,,,,,,,,
christianlindner_17-09-2021_00:00_image1.jpeg,,,,,,,,
christianlindner_17-09-2021_00:00_image1.jpeg,,,,,,,Christian Lindner,Christian Lindner
susanne_hennig_wellsow_16-09-2021_00:00_image1.jpeg,,,,,,,,
susanne_hennig_wellsow_16-09-2021_00:00_image1.jpeg,,,,,,,Susanne Hennig-Wellsow,
christlichsozialeunion_25-09-2021_00:00_video9.jpeg,,,,,,,,
christlichsozialeunion_25-09-2021_00:00_video9.jpeg,,,,,,,,
christlichsozialeunion_25-09-2021_00:00_video9.jpeg,,,,,,,Markus Söder,Markus Söder
christlichsozialeunion_25-09-2021_00:00_video9.jpeg,,,,,,,,
christlichsozialeunion_25-09-2021_00:00_video9.jpeg,,,,,,,,
christlichsozialeunion_25-09-2021_00:00_video9.jpeg,,,,,,,,
christlichsozialeunion_25-09-2021_00:00_video9.jpeg,,,,,,,,
christlichsozialeunion_25-09-2021_00:00_video9.jpeg,,,,,,,,
christlichsozialeunion_25-09-2021_00:00_video9.jpeg,,,,,,,,
christlichsozialeunion_25-09-2021_00:00_video9.jpeg,,,,,,,,
robert.habeck_18-09-2021_00:00_image3.jpeg,,,,,,,,
robert.habeck_18-09-2021_00:00_image3.jpeg,,,,,,,,
robert.habeck_18-09-2021_00:00_image3.jpeg,,,,,,,,
robert.habeck_18-09-2021_00:00_image3.jpeg,,,,,,,,
robert.habeck_21-09-2021_00:00_image2.jpeg,,,,,,,,
robert.habeck_21-09-2021_00:00_image2.jpeg,,,,,,,Robert Habeck,Robert Habeck
robert.habeck_21-09-2021_00:00_image2.jpeg,,,,,,,,
robert.habeck_21-09-2021_00:00_image2.jpeg,,,,,,,,
abaerbock_25-09-2021_00:00_video0.jpeg,,,,,,,,
abaerbock_25-09-2021_00:00_video0.jpeg,,,,,,,Annalena Baerbock,Annalena Baerbock
abaerbock_25-09-2021_00:00_video0.jpeg,,,,,,,,
abaerbock_25-09-2021_00:00_video0.jpeg,,,,,,,,
abaerbock_25-09-2021_00:00_video0.jpeg,,,,,,,,
abaerbock_25-09-2021_00:00_video0.jpeg,,,,,,,,
abaerbock_25-09-2021_00:00_video0.jpeg,,,,,,,,
abaerbock_25-09-2021_00:00_video0.jpeg,,,,,,,,
abaerbock_25-09-2021_00:00_video0.jpeg,,,,,,,,
abaerbock_25-09-2021_00:00_video0.jpeg,,,,,,,,
nicola_beer_24-09-2021_00:00_video6.jpeg,,,,,,,,
nicola_beer_24-09-2021_00:00_video6.jpeg,,,,,,,Nicola Beer,Nicola Beer
nicola_beer_24-09-2021_00:00_video6.jpeg,,,,,,,,
cdu_20-09-2021_00:00_video8.jpeg,,,,,,,,
fw_bayern_19-09-2021_00:00_video2.jpeg,,,,,,,,
fw_bayern_19-09-2021_00:00_video2.jpeg,,,,,,,,
afd.bund_24-09-2021_00:00_image3.jpeg,,,,,,,,
afd.bund_24-09-2021_00:00_image3.jpeg,,,,,,,,
afd.bund_24-09-2021_00:00_image3.jpeg,,,,,,,,
afd.bund_24-09-2021_00:00_image3.jpeg,,,,,,,,
afd.bund_24-09-2021_00:00_image3.jpeg,,,,,,,,
afd.bund_24-09-2021_00:00_image3.jpeg,,,,,,,,
afd.bund_24-09-2021_00:00_image3.jpeg,,,,,,,,
afd.bund_24-09-2021_00:00_image3.jpeg,,,,,,,,
abaerbock_24-09-2021_00:00_image7.jpeg,,,,,,,,
abaerbock_24-09-2021_00:00_image7.jpeg,,,,,,,Annalena Baerbock,Annalena Baerbock
abaerbock_24-09-2021_00:00_image7.jpeg,,,,,,,,
robert.habeck_17-09-2021_00:00_image9.jpeg,,,,,,,,
robert.habeck_17-09-2021_00:00_image9.jpeg,,,,,,,,
robert.habeck_17-09-2021_00:00_image9.jpeg,,,,,,,Robert Habeck,Robert Habeck
saskiaesken_13-09-2021_00:00_video3.jpeg,,,,,,,,
saskiaesken_13-09-2021_00:00_video3.jpeg,,,,,,,Saskia Esken,Saskia Esken
christlichsozialeunion_22-09-2021_00:00_video3.jpeg,,,,,,,,
fw_bayern_19-09-2021_00:00_image0.jpeg,,,,,,,,
fw_bayern_19-09-2021_00:00_image0.jpeg,,,,,,,,
spdde_19-09-2021_00:00_image0.jpeg,,,,,,,,
spdde_19-09-2021_00:00_image0.jpeg,,,,,,,,
spdde_19-09-2021_00:00_image0.jpeg,,,,,,,,
spdde_19-09-2021_00:00_image0.jpeg,,,,,,,,
spdde_19-09-2021_00:00_image0.jpeg,,,,,,,,
spdde_19-09-2021_00:00_image0.jpeg,,,,,,,,
spdde_19-09-2021_00:00_image0.jpeg,,,,,,,,
spdde_19-09-2021_00:00_image0.jpeg,,,,,,,,
spdde_19-09-2021_00:00_image0.jpeg,,,,,,,,
spdde_19-09-2021_00:00_image0.jpeg,,,,,,,,
spdde_19-09-2021_00:00_image0.jpeg,,,,,,,,
spdde_19-09-2021_00:00_image0.jpeg,,,,,,,,
spdde_19-09-2021_00:00_image0.jpeg,,,,,,,,
spdde_19-09-2021_00:00_image0.jpeg,,,,,,,,
markus.soeder_25-09-2021_00:00_video3.jpeg,,,,,,,,
markus.soeder_25-09-2021_00:00_video3.jpeg,,,,,,,,
markus.soeder_25-09-2021_00:00_video3.jpeg,,,,,,,,Christian Lindner
saskiaesken_13-09-2021_00:00_video0.jpeg,,,,,,,,
saskiaesken_13-09-2021_00:00_video0.jpeg,,,,,,,,
saskiaesken_13-09-2021_00:00_video0.jpeg,,,,,,,,
saskiaesken_13-09-2021_00:00_video0.jpeg,,,,,,,,
saskiaesken_13-09-2021_00:00_video0.jpeg,,,,,,,,Saskia Esken
abaerbock_24-09-2021_00:00_video0.jpeg,,,,,,,,
abaerbock_24-09-2021_00:00_video0.jpeg,,,,,,,,
abaerbock_24-09-2021_00:00_video0.jpeg,,,,,,,Annalena Baerbock,Annalena Baerbock
abaerbock_24-09-2021_00:00_video0.jpeg,,,,,,,,
abaerbock_24-09-2021_00:00_video0.jpeg,,,,,,,Annalena Baerbock,
abaerbock_24-09-2021_00:00_video0.jpeg,,,,,,,,
olafscholz_17-09-2021_00:00_video8.jpeg,,,,,,,,
olafscholz_17-09-2021_00:00_video8.jpeg,,,,,,,Olaf Scholz,Olaf Scholz
armin_laschet_25-09-2021_00:00_video8.jpeg,,,,,,,,
armin_laschet_25-09-2021_00:00_video8.jpeg,,,,,,,,
armin_laschet_25-09-2021_00:00_video8.jpeg,,,,,,,Markus Söder,Markus Söder
abaerbock_14-09-2021_00:00_image11.jpeg,,,,,,,,
abaerbock_14-09-2021_00:00_image11.jpeg,,,,,,,Annalena Baerbock,Annalena Baerbock
die_gruenen_20-09-2021_00:00_video0.jpeg,,,,,,,,
die_gruenen_20-09-2021_00:00_video0.jpeg,,,,,,,Annalena Baerbock,Annalena Baerbock
olafscholz_19-09-2021_00:00_video6.jpeg,,,,,,,,
olafscholz_19-09-2021_00:00_video6.jpeg,,,,,,,Olaf Scholz,Olaf Scholz
olafscholz_19-09-2021_00:00_video6.jpeg,,,,,,,,
olafscholz_19-09-2021_00:00_video6.jpeg,,,,,,,,
olafscholz_19-09-2021_00:00_video6.jpeg,,,,,,,,
afd.bund_23-09-2021_00:00_video4.jpeg,,,,,,,,
afd.bund_23-09-2021_00:00_video4.jpeg,,,,,,,,
afd.bund_23-09-2021_00:00_video4.jpeg,,,,,,,,
afd.bund_23-09-2021_00:00_video4.jpeg,,,,,,,,
afd.bund_23-09-2021_00:00_video4.jpeg,,,,,,,,
afd.bund_23-09-2021_00:00_video4.jpeg,,,,,,,,
afd.bund_23-09-2021_00:00_video4.jpeg,,,,,,,,
afd.bund_23-09-2021_00:00_video4.jpeg,,,,,,,,
afd.bund_23-09-2021_00:00_video4.jpeg,,,,,,,,Gregor Voht
afd.bund_23-09-2021_00:00_video4.jpeg,,,,,,,,
afd.bund_23-09-2021_00:00_video4.jpeg,,,,,,,,
afd.bund_23-09-2021_00:00_video4.jpeg,,,,,,,,
afd.bund_23-09-2021_00:00_video4.jpeg,,,,,,,,
armin_laschet_20-09-2021_00:00_image2.jpeg,,,,,,,,
armin_laschet_20-09-2021_00:00_image2.jpeg,,,,,,,Armin Laschet,Armin Laschet
armin_laschet_20-09-2021_00:00_image2.jpeg,,,,,,,,
armin_laschet_20-09-2021_00:00_image2.jpeg,,,,,,,Armin Laschet,Armin Laschet
robert.habeck_13-09-2021_00:00_image22.jpeg,,,,,,,,
robert.habeck_13-09-2021_00:00_image22.jpeg,,,,,,,,
robert.habeck_13-09-2021_00:00_image22.jpeg,,,,,,,,
robert.habeck_13-09-2021_00:00_image22.jpeg,,,,,,,,
robert.habeck_13-09-2021_00:00_image22.jpeg,,,,,,,,
robert.habeck_13-09-2021_00:00_image22.jpeg,,,,,,,,
robert.habeck_13-09-2021_00:00_image22.jpeg,,,,,,,,
robert.habeck_13-09-2021_00:00_image22.jpeg,,,,,,,,
afd.bund_19-09-2021_00:00_image2.jpeg,,,,,,,,
fw_bayern_14-09-2021_00:00_image1.jpeg,,,,,,,,
robert.habeck_18-09-2021_00:00_image10.jpeg,,,,,,,,
robert.habeck_18-09-2021_00:00_image10.jpeg,,,,,,,,
robert.habeck_18-09-2021_00:00_image10.jpeg,,,,,,,Annalena Baerbock,Annalena Baerbock
robert.habeck_18-09-2021_00:00_image10.jpeg,,,,,,,,
robert.habeck_18-09-2021_00:00_image10.jpeg,,,,,,,,
christianlindner_18-09-2021_00:00_image1.jpeg,,,,,,,,
christianlindner_18-09-2021_00:00_image1.jpeg,,,,,,,,
christianlindner_18-09-2021_00:00_image1.jpeg,,,,,,,,
christianlindner_18-09-2021_00:00_image1.jpeg,,,,,,,,
christianlindner_18-09-2021_00:00_image1.jpeg,,,,,,,,
christianlindner_18-09-2021_00:00_image1.jpeg,,,,,,,,
christianlindner_18-09-2021_00:00_image1.jpeg,,,,,,,,
christianlindner_18-09-2021_00:00_image1.jpeg,,,,,,,,
christianlindner_18-09-2021_00:00_image1.jpeg,,,,,,,,
christianlindner_18-09-2021_00:00_image1.jpeg,,,,,,,,
christianlindner_18-09-2021_00:00_image1.jpeg,,,,,,,,
christianlindner_18-09-2021_00:00_image1.jpeg,,,,,,,,
christianlindner_18-09-2021_00:00_image1.jpeg,,,,,,,,
christianlindner_18-09-2021_00:00_image1.jpeg,,,,,,,,
christianlindner_18-09-2021_00:00_image1.jpeg,,,,,,,,
christianlindner_18-09-2021_00:00_image1.jpeg,,,,,,,Christian Lindner,Christian Lindner
christianlindner_18-09-2021_00:00_image1.jpeg,,,,,,,,
christianlindner_18-09-2021_00:00_image1.jpeg,,,,,,,,
christianlindner_18-09-2021_00:00_image1.jpeg,,,,,,,,
christianlindner_18-09-2021_00:00_image1.jpeg,,,,,,,,
christianlindner_18-09-2021_00:00_image1.jpeg,,,,,,,,
christianlindner_18-09-2021_00:00_image1.jpeg,,,,,,,,
christianlindner_18-09-2021_00:00_image1.jpeg,,,,,,,,
christianlindner_18-09-2021_00:00_image1.jpeg,,,,,,,,
christianlindner_18-09-2021_00:00_image1.jpeg,,,,,,,,
christianlindner_18-09-2021_00:00_image1.jpeg,,,,,,,,
christianlindner_18-09-2021_00:00_image1.jpeg,,,,,,,,
christianlindner_18-09-2021_00:00_image1.jpeg,,,,,,,,
christianlindner_18-09-2021_00:00_image1.jpeg,,,,,,,,
christianlindner_18-09-2021_00:00_image1.jpeg,,,,,,,,
christianlindner_18-09-2021_00:00_image1.jpeg,,,,,,,,
christianlindner_18-09-2021_00:00_image1.jpeg,,,,,,,,
christianlindner_18-09-2021_00:00_image1.jpeg,,,,,,,,
christianlindner_18-09-2021_00:00_image1.jpeg,,,,,,,,
abaerbock_22-09-2021_00:00_image0.jpeg,,,,,,,,
robert.habeck_21-09-2021_00:00_image5.jpeg,,,,,,,,
armin_laschet_23-09-2021_00:00_video4.jpeg,,,,,,,,
armin_laschet_23-09-2021_00:00_video4.jpeg,,,,,,,Armin Laschet,Armin Laschet
olafscholz_23-09-2021_00:00_image1.jpeg,,,,,,,,
olafscholz_23-09-2021_00:00_image1.jpeg,,,,,,,Olaf Scholz,Olaf Scholz
olafscholz_23-09-2021_00:00_image1.jpeg,,,,,,,,
olafscholz_23-09-2021_00:00_image1.jpeg,,,,,,,,
olafscholz_23-09-2021_00:00_image1.jpeg,,,,,,,,
olafscholz_23-09-2021_00:00_image1.jpeg,,,,,,,,
olafscholz_23-09-2021_00:00_image1.jpeg,,,,,,,,
olafscholz_23-09-2021_00:00_image1.jpeg,,,,,,,,
olafscholz_23-09-2021_00:00_image1.jpeg,,,,,,,,
olafscholz_23-09-2021_00:00_image1.jpeg,,,,,,,,
olafscholz_23-09-2021_00:00_image1.jpeg,,,,,,,,
die_gruenen_18-09-2021_00:00_image0.jpeg,,,,,,,,
die_gruenen_18-09-2021_00:00_image0.jpeg,,,,,,,,
robert.habeck_21-09-2021_00:00_image0.jpeg,,,,,,,,
robert.habeck_21-09-2021_00:00_image0.jpeg,,,,,,,,
robert.habeck_21-09-2021_00:00_image0.jpeg,,,,,,,Robert Habeck,Robert Habeck
olafscholz_17-09-2021_00:00_image0.jpeg,,,,,,,,
olafscholz_17-09-2021_00:00_image0.jpeg,,,,,,,Olaf Scholz,Olaf Scholz
markus.soeder_21-09-2021_00:00_image0.jpeg,,,,,,,,
markus.soeder_21-09-2021_00:00_image0.jpeg,,,,,,,Markus Söder,Markus Söder
markus.soeder_21-09-2021_00:00_image0.jpeg,,,,,,,,
armin_laschet_21-09-2021_00:00_video4.jpeg,,,,,,,,
armin_laschet_21-09-2021_00:00_video4.jpeg,,,,,,,Armin Laschet,Armin Laschet
nicola_beer_22-09-2021_00:00_video0.jpeg,,,,,,,,
cdu_24-09-2021_00:00_video5.jpeg,,,,,,,,
abaerbock_20-09-2021_00:00_image6.jpeg,,,,,,,,
abaerbock_20-09-2021_00:00_image6.jpeg,,,,,,,,
abaerbock_20-09-2021_00:00_image6.jpeg,,,,,,,,
abaerbock_20-09-2021_00:00_image6.jpeg,,,,,,,Annalena Baerbock,Annalena Baerbock
abaerbock_20-09-2021_00:00_image6.jpeg,,,,,,,,
abaerbock_20-09-2021_00:00_image6.jpeg,,,,,,,,
abaerbock_20-09-2021_00:00_image6.jpeg,,,,,,,,
abaerbock_20-09-2021_00:00_image6.jpeg,,,,,,,,
abaerbock_20-09-2021_00:00_image6.jpeg,,,,,,,,
abaerbock_20-09-2021_00:00_image6.jpeg,,,,,,,,
abaerbock_16-09-2021_00:00_image2.jpeg,,,,,,,,
abaerbock_16-09-2021_00:00_image2.jpeg,,,,,,,Robert Habeck,Robert Habeck
abaerbock_16-09-2021_00:00_image2.jpeg,,,,,,,,
abaerbock_16-09-2021_00:00_image2.jpeg,,,,,,,,
abaerbock_16-09-2021_00:00_image2.jpeg,,,,,,,Annalena Baerbock,Annalena Baerbock
robert.habeck_18-09-2021_00:00_image16.jpeg,,,,,,,,
fw_bayern_17-09-2021_00:00_video5.jpeg,,,,,,,,
fw_bayern_17-09-2021_00:00_video5.jpeg,,,,,,,,
fw_bayern_17-09-2021_00:00_video5.jpeg,,,,,,,,
armin_laschet_23-09-2021_00:00_video16.jpeg,,,,,,,,
armin_laschet_23-09-2021_00:00_video16.jpeg,,,,,,,Armin Laschet,Armin Laschet
armin_laschet_23-09-2021_00:00_video16.jpeg,,,,,,,,
christlichsozialeunion_23-09-2021_00:00_video5.jpeg,,,,,,,,
cdu_19-09-2021_00:00_image6.jpeg,,,,,,,,
cdu_19-09-2021_00:00_image6.jpeg,,,,,,,Armin Laschet,Armin Laschet
cdu_19-09-2021_00:00_image6.jpeg,,,,,,,,
cdu_19-09-2021_00:00_image6.jpeg,,,,,,,,
cdu_19-09-2021_00:00_image6.jpeg,,,,,,,,
cdu_19-09-2021_00:00_image6.jpeg,,,,,,,Armin Laschet,Armin Laschet
cdu_19-09-2021_00:00_image6.jpeg,,,,,,,,
die_gruenen_24-09-2021_00:00_image0.jpeg,,,,,,,,
die_gruenen_24-09-2021_00:00_image0.jpeg,,,,,,,Annalena Baerbock,Annalena Baerbock
olafscholz_23-09-2021_00:00_video3.jpeg,,,,,,,,
olafscholz_23-09-2021_00:00_video3.jpeg,,,,,,,Olaf Scholz,Olaf Scholz
olafscholz_23-09-2021_00:00_video3.jpeg,,,,,,,,
cdu_18-09-2021_00:00_video3.jpeg,,,,,,,,
cdu_18-09-2021_00:00_video3.jpeg,,,,,,,Armin Laschet,Armin Laschet
abaerbock_24-09-2021_00:00_image1.jpeg,,,,,,,,
abaerbock_24-09-2021_00:00_image1.jpeg,,,,,,,Annalena Baerbock,Annalena Baerbock
christlichsozialeunion_24-09-2021_00:00_video6.jpeg,,,,,,,,
robert.habeck_22-09-2021_00:00_image9.jpeg,,,,,,,,
robert.habeck_22-09-2021_00:00_image9.jpeg,,,,,,,Robert Habeck,Robert Habeck
robert.habeck_22-09-2021_00:00_image9.jpeg,,,,,,,,
robert.habeck_22-09-2021_00:00_image9.jpeg,,,,,,,,
abaerbock_24-09-2021_00:00_video4.jpeg,,,,,,,,
olafscholz_22-09-2021_00:00_image0.jpeg,,,,,,,,
olafscholz_22-09-2021_00:00_image0.jpeg,,,,,,,,
olafscholz_22-09-2021_00:00_image0.jpeg,,,,,,,Olaf Scholz,Olaf Scholz
markus.soeder_24-09-2021_00:00_video3.jpeg,,,,,,,,
markus.soeder_24-09-2021_00:00_video3.jpeg,,,,,,,Annalena Baerbock,Annalena Baerbock
abaerbock_14-09-2021_00:00_video0.jpeg,,,,,,,,
abaerbock_14-09-2021_00:00_video0.jpeg,,,,,,,Annalena Baerbock,Annalena Baerbock
abaerbock_14-09-2021_00:00_video0.jpeg,,,,,,,,
abaerbock_14-09-2021_00:00_video0.jpeg,,,,,,,,
abaerbock_14-09-2021_00:00_video0.jpeg,,,,,,,,
abaerbock_14-09-2021_00:00_video0.jpeg,,,,,,,,
armin_laschet_18-09-2021_00:00_image4.jpeg,,,,,,,,
armin_laschet_18-09-2021_00:00_image4.jpeg,,,,,,,,
armin_laschet_18-09-2021_00:00_image4.jpeg,,,,,,,,
armin_laschet_18-09-2021_00:00_image4.jpeg,,,,,,,,
armin_laschet_18-09-2021_00:00_image4.jpeg,,,,,,,,
armin_laschet_18-09-2021_00:00_image4.jpeg,,,,,,,,
armin_laschet_18-09-2021_00:00_image4.jpeg,,,,,,,,
armin_laschet_18-09-2021_00:00_image4.jpeg,,,,,,,Armin Laschet,Armin Laschet
armin_laschet_18-09-2021_00:00_image4.jpeg,,,,,,,,
armin_laschet_18-09-2021_00:00_image4.jpeg,,,,,,,,
armin_laschet_18-09-2021_00:00_image4.jpeg,,,,,,,,
armin_laschet_18-09-2021_00:00_image4.jpeg,,,,,,,,
armin_laschet_18-09-2021_00:00_image4.jpeg,,,,,,,,
armin_laschet_18-09-2021_00:00_image4.jpeg,,,,,,,,
armin_laschet_18-09-2021_00:00_image4.jpeg,,,,,,,,
armin_laschet_18-09-2021_00:00_image4.jpeg,,,,,,,,
armin_laschet_18-09-2021_00:00_image4.jpeg,,,,,,,,
armin_laschet_18-09-2021_00:00_image4.jpeg,,,,,,,,
armin_laschet_18-09-2021_00:00_image4.jpeg,,,,,,,Armin Laschet,Armin Laschet
armin_laschet_18-09-2021_00:00_image4.jpeg,,,,,,,,
armin_laschet_18-09-2021_00:00_image4.jpeg,,,,,,,,
die_gruenen_25-09-2021_00:00_video11.jpeg,,,,,,,,
nicola_beer_22-09-2021_00:00_image5.jpeg,,,,,,,,
nicola_beer_22-09-2021_00:00_image5.jpeg,,,,,,,Nicola Beer,Nicola Beer
nicola_beer_22-09-2021_00:00_image5.jpeg,,,,,,,,
nicola_beer_22-09-2021_00:00_image5.jpeg,,,,,,,,
spdde_25-09-2021_00:00_image0.jpeg,,,,,,,,
spdde_25-09-2021_00:00_video8.jpeg,,,,,,,,
spdde_25-09-2021_00:00_video8.jpeg,,,,,,,,
spdde_25-09-2021_00:00_video8.jpeg,,,,,,,,
spdde_25-09-2021_00:00_video8.jpeg,,,,,,,,
spdde_25-09-2021_00:00_video8.jpeg,,,,,,,,
spdde_25-09-2021_00:00_video8.jpeg,,,,,,,,
spdde_25-09-2021_00:00_video8.jpeg,,,,,,,,
spdde_25-09-2021_00:00_video8.jpeg,,,,,,,,
spdde_25-09-2021_00:00_video8.jpeg,,,,,,,,
spdde_25-09-2021_00:00_video8.jpeg,,,,,,,,
spdde_25-09-2021_00:00_video8.jpeg,,,,,,,,
spdde_25-09-2021_00:00_video8.jpeg,,,,,,,,
cdu_17-09-2021_00:00_video0.jpeg,,,,,,,,
cdu_17-09-2021_00:00_video0.jpeg,,,,,,,,
cdu_17-09-2021_00:00_video0.jpeg,,,,,,,,
cdu_17-09-2021_00:00_video0.jpeg,,,,,,,,
cdu_17-09-2021_00:00_video0.jpeg,,,,,,,,
cdu_17-09-2021_00:00_video0.jpeg,,,,,,,Armin Laschet,Armin Laschet
cdu_17-09-2021_00:00_video0.jpeg,,,,,,,,
abaerbock_24-09-2021_00:00_image9.jpeg,,,,,,,,
abaerbock_24-09-2021_00:00_image9.jpeg,,,,,,,,
abaerbock_24-09-2021_00:00_image9.jpeg,,,,,,,,
abaerbock_24-09-2021_00:00_image9.jpeg,,,,,,,Annalena Baerbock,Annalena Baerbock
abaerbock_22-09-2021_00:00_image9.jpeg,,,,,,,,
abaerbock_22-09-2021_00:00_image9.jpeg,,,,,,,,
afd.bund_18-09-2021_00:00_image0.jpeg,,,,,,,,
afd.bund_18-09-2021_00:00_image0.jpeg,,,,,,,,
afd.bund_18-09-2021_00:00_image0.jpeg,,,,,,,,
afd.bund_18-09-2021_00:00_image0.jpeg,,,,,,,,
afd.bund_18-09-2021_00:00_image0.jpeg,,,,,,,,
afd.bund_18-09-2021_00:00_image0.jpeg,,,,,,,,
afd.bund_18-09-2021_00:00_image0.jpeg,,,,,,,,
die_gruenen_25-09-2021_00:00_video20.jpeg,,,,,,,,
die_gruenen_25-09-2021_00:00_video20.jpeg,,,,,,,,
die_gruenen_25-09-2021_00:00_video20.jpeg,,,,,,,,
die_gruenen_25-09-2021_00:00_video20.jpeg,,,,,,,,
die_gruenen_25-09-2021_00:00_video20.jpeg,,,,,,,,
die_gruenen_25-09-2021_00:00_video20.jpeg,,,,,,,,
abaerbock_21-09-2021_00:00_image5.jpeg,,,,,,,,
abaerbock_21-09-2021_00:00_image5.jpeg,,,,,,,,
abaerbock_21-09-2021_00:00_image5.jpeg,,,,,,,,
abaerbock_21-09-2021_00:00_image5.jpeg,,,,,,,,
abaerbock_21-09-2021_00:00_image5.jpeg,,,,,,,,
abaerbock_21-09-2021_00:00_image5.jpeg,,,,,,,,
abaerbock_21-09-2021_00:00_image5.jpeg,,,,,,,,
abaerbock_21-09-2021_00:00_image5.jpeg,,,,,,,,
abaerbock_21-09-2021_00:00_image5.jpeg,,,,,,,Annalena Baerbock,Annalena Baerbock
abaerbock_21-09-2021_00:00_image5.jpeg,,,,,,,,
abaerbock_21-09-2021_00:00_image5.jpeg,,,,,,,,
abaerbock_21-09-2021_00:00_image5.jpeg,,,,,,,,
armin_laschet_23-09-2021_00:00_image5.jpeg,,,,,,,,
cdu_14-09-2021_00:00_video5.jpeg,,,,,,,,
nicola_beer_22-09-2021_00:00_video8.jpeg,,,,,,,,
nicola_beer_22-09-2021_00:00_video8.jpeg,,,,,,,Nicola Beer,Nicola Beer
olafscholz_20-09-2021_00:00_image2.jpeg,,,,,,,,
olafscholz_20-09-2021_00:00_image2.jpeg,,,,,,,Olaf Scholz,Olaf Scholz
abaerbock_25-09-2021_00:00_image14.jpeg,,,,,,,,
abaerbock_23-09-2021_00:00_video0.jpeg,,,,,,,,
abaerbock_23-09-2021_00:00_video0.jpeg,,,,,,,Annalena Baerbock,Annalena Baerbock
abaerbock_23-09-2021_00:00_video0.jpeg,,,,,,,,
abaerbock_23-09-2021_00:00_video0.jpeg,,,,,,,,
markus.soeder_25-09-2021_00:00_image1.jpeg,,,,,,,,
markus.soeder_25-09-2021_00:00_image1.jpeg,,,,,,,,
markus.soeder_25-09-2021_00:00_image1.jpeg,,,,,,,Markus Söder,Markus Söder
markus.soeder_25-09-2021_00:00_image1.jpeg,,,,,,,,
markus.soeder_25-09-2021_00:00_image1.jpeg,,,,,,,Armin Laschet,Armin Laschet
markus.soeder_25-09-2021_00:00_image1.jpeg,,,,,,,,
markus.soeder_25-09-2021_00:00_image1.jpeg,,,,,,,,
markus.soeder_25-09-2021_00:00_image1.jpeg,,,,,,,,
markus.soeder_25-09-2021_00:00_image1.jpeg,,,,,,,,
markus.soeder_25-09-2021_00:00_image1.jpeg,,,,,,,,
markus.soeder_25-09-2021_00:00_image1.jpeg,,,,,,,,
markus.soeder_25-09-2021_00:00_image1.jpeg,,,,,,,,
markus.soeder_25-09-2021_00:00_image1.jpeg,,,,,,,,
markus.soeder_25-09-2021_00:00_image1.jpeg,,,,,,,,
markus.soeder_25-09-2021_00:00_image1.jpeg,,,,,,,,
markus.soeder_25-09-2021_00:00_image1.jpeg,,,,,,,,
markus.soeder_25-09-2021_00:00_image1.jpeg,,,,,,,,
markus.soeder_25-09-2021_00:00_image1.jpeg,,,,,,,,
markus.soeder_25-09-2021_00:00_image1.jpeg,,,,,,,,
markus.soeder_25-09-2021_00:00_image1.jpeg,,,,,,,,
markus.soeder_25-09-2021_00:00_image1.jpeg,,,,,,,,
markus.soeder_25-09-2021_00:00_image1.jpeg,,,,,,,,
markus.soeder_25-09-2021_00:00_image1.jpeg,,,,,,,,
markus.soeder_25-09-2021_00:00_image1.jpeg,,,,,,,,
engin_eroglu__16-09-2021_00:00_video4.jpeg,,,,,,,,
robert.habeck_18-09-2021_00:00_video10.jpeg,,,,,,,,
robert.habeck_18-09-2021_00:00_video10.jpeg,,,,,,,,
robert.habeck_18-09-2021_00:00_video10.jpeg,,,,,,,Robert Habeck,Robert Habeck
robert.habeck_18-09-2021_00:00_video10.jpeg,,,,,,,,
robert.habeck_18-09-2021_00:00_video10.jpeg,,,,,,,Annalena Baerbock,Annalena Baerbock
robert.habeck_18-09-2021_00:00_video10.jpeg,,,,,,,,
christlichsozialeunion_24-09-2021_00:00_video2.jpeg,,,,,,,,
christlichsozialeunion_24-09-2021_00:00_video2.jpeg,,,,,,,Markus Söder,Markus Söder
christlichsozialeunion_24-09-2021_00:00_video2.jpeg,,,,,,,,
christlichsozialeunion_24-09-2021_00:00_video2.jpeg,,,,,,,Markus Söder,
fw_bayern_16-09-2021_00:00_image0.jpeg,,,,,,,,
fw_bayern_16-09-2021_00:00_image0.jpeg,,,,,,,,
fw_bayern_16-09-2021_00:00_image0.jpeg,,,,,,,,
fw_bayern_16-09-2021_00:00_image0.jpeg,,,,,,,,
abaerbock_14-09-2021_00:00_video1.jpeg,,,,,,,,
abaerbock_14-09-2021_00:00_video1.jpeg,,,,,,,Annalena Baerbock,Annalena Baerbock
abaerbock_14-09-2021_00:00_video1.jpeg,,,,,,,,
abaerbock_14-09-2021_00:00_video1.jpeg,,,,,,,,
abaerbock_14-09-2021_00:00_video1.jpeg,,,,,,,,
abaerbock_14-09-2021_00:00_video1.jpeg,,,,,,,,
die_gruenen_25-09-2021_00:00_video5.jpeg,,,,,,,,
die_gruenen_25-09-2021_00:00_video5.jpeg,,,,,,,,
die_gruenen_25-09-2021_00:00_video5.jpeg,,,,,,,,
spdde_26-09-2021_00:00_video17.jpeg,,,,,,,,
spdde_26-09-2021_00:00_video17.jpeg,,,,,,,,
spdde_26-09-2021_00:00_video17.jpeg,,,,,,,,
spdde_26-09-2021_00:00_video17.jpeg,,,,,,,,
cdu_23-09-2021_00:00_video12.jpeg,,,,,,,,
cdu_23-09-2021_00:00_video12.jpeg,,,,,,,,
cdu_23-09-2021_00:00_video12.jpeg,,,,,,,,
cdu_23-09-2021_00:00_video12.jpeg,,,,,,,,
cdu_23-09-2021_00:00_video12.jpeg,,,,,,,,
cdu_23-09-2021_00:00_video12.jpeg,,,,,,,Armin Laschet,Armin Laschet
cdu_23-09-2021_00:00_video12.jpeg,,,,,,,,
die_gruenen_25-09-2021_00:00_video34.jpeg,,,,,,,,
die_gruenen_20-09-2021_00:00_image2.jpeg,,,,,,,,
die_gruenen_20-09-2021_00:00_image2.jpeg,,,,,,,,
die_gruenen_20-09-2021_00:00_image2.jpeg,,,,,,,,
die_gruenen_20-09-2021_00:00_image2.jpeg,,,,,,,,
die_gruenen_20-09-2021_00:00_image2.jpeg,,,,,,,,
die_gruenen_20-09-2021_00:00_image2.jpeg,,,,,,,,
die_gruenen_20-09-2021_00:00_image2.jpeg,,,,,,,,
olafscholz_24-09-2021_00:00_video5.jpeg,,,,,,,,
olafscholz_24-09-2021_00:00_video5.jpeg,,,,,,,,
olafscholz_24-09-2021_00:00_video5.jpeg,,,,,,,Olaf Scholz,Olaf Scholz
olafscholz_24-09-2021_00:00_video5.jpeg,,,,,,,,
olafscholz_24-09-2021_00:00_video5.jpeg,,,,,,,,
olafscholz_24-09-2021_00:00_video5.jpeg,,,,,,,,
olafscholz_24-09-2021_00:00_video5.jpeg,,,,,,,,
olafscholz_24-09-2021_00:00_video5.jpeg,,,,,,,,
olafscholz_24-09-2021_00:00_video5.jpeg,,,,,,,,
robert.habeck_18-09-2021_00:00_video11.jpeg,,,,,,,,
robert.habeck_18-09-2021_00:00_video11.jpeg,,,,,,,,
robert.habeck_18-09-2021_00:00_video11.jpeg,,,,,,,Robert Habeck,Robert Habeck
robert.habeck_18-09-2021_00:00_video11.jpeg,,,,,,,,
robert.habeck_18-09-2021_00:00_video11.jpeg,,,,,,,Annalena Baerbock,Annalena Baerbock
robert.habeck_18-09-2021_00:00_video11.jpeg,,,,,,,,
armin_laschet_19-09-2021_00:00_image6.jpeg,,,,,,,,
armin_laschet_19-09-2021_00:00_image6.jpeg,,,,,,,,
armin_laschet_19-09-2021_00:00_image6.jpeg,,,,,,,,
armin_laschet_19-09-2021_00:00_image6.jpeg,,,,,,,,
armin_laschet_19-09-2021_00:00_image6.jpeg,,,,,,,,
armin_laschet_19-09-2021_00:00_image6.jpeg,,,,,,,,
fw_bayern_26-09-2021_00:00_image1.jpeg,,,,,,,,
fw_bayern_26-09-2021_00:00_image1.jpeg,,,,,,,,
fw_bayern_26-09-2021_00:00_image1.jpeg,,,,,,,,
fw_bayern_26-09-2021_00:00_image1.jpeg,,,,,,,,
fw_bayern_16-09-2021_00:00_image3.jpeg,,,,,,,,
fw_bayern_16-09-2021_00:00_image3.jpeg,,,,,,,,
christianlindner_23-09-2021_00:00_image0.jpeg,,,,,,,,
christianlindner_23-09-2021_00:00_image0.jpeg,,,,,,,Christian Lindner,Christian Lindner
christianlindner_23-09-2021_00:00_image0.jpeg,,,,,,,,
christianlindner_23-09-2021_00:00_image0.jpeg,,,,,,,,
christianlindner_23-09-2021_00:00_image0.jpeg,,,,,,,,
christianlindner_23-09-2021_00:00_image0.jpeg,,,,,,,,
christianlindner_23-09-2021_00:00_image0.jpeg,,,,,,,,
christianlindner_23-09-2021_00:00_image0.jpeg,,,,,,,,
christianlindner_23-09-2021_00:00_image0.jpeg,,,,,,,,
robert.habeck_22-09-2021_00:00_image8.jpeg,,,,,,,,
robert.habeck_22-09-2021_00:00_image8.jpeg,,,,,,,,
robert.habeck_22-09-2021_00:00_image8.jpeg,,,,,,,,
robert.habeck_22-09-2021_00:00_image8.jpeg,,,,,,,,
robert.habeck_22-09-2021_00:00_image8.jpeg,,,,,,,,
robert.habeck_22-09-2021_00:00_image8.jpeg,,,,,,,,
robert.habeck_22-09-2021_00:00_image8.jpeg,,,,,,,,
robert.habeck_22-09-2021_00:00_image8.jpeg,,,,,,,,
robert.habeck_22-09-2021_00:00_image8.jpeg,,,,,,,,
robert.habeck_22-09-2021_00:00_image8.jpeg,,,,,,,,
robert.habeck_22-09-2021_00:00_image8.jpeg,,,,,,,,
robert.habeck_22-09-2021_00:00_image8.jpeg,,,,,,,,
robert.habeck_22-09-2021_00:00_image8.jpeg,,,,,,,,
robert.habeck_22-09-2021_00:00_image8.jpeg,,,,,,,,
robert.habeck_22-09-2021_00:00_image8.jpeg,,,,,,,,
robert.habeck_22-09-2021_00:00_image8.jpeg,,,,,,,,
robert.habeck_22-09-2021_00:00_image8.jpeg,,,,,,,,
robert.habeck_22-09-2021_00:00_image8.jpeg,,,,,,,,
robert.habeck_22-09-2021_00:00_image8.jpeg,,,,,,,,
robert.habeck_22-09-2021_00:00_image8.jpeg,,,,,,,,
robert.habeck_22-09-2021_00:00_image8.jpeg,,,,,,,,
robert.habeck_22-09-2021_00:00_image8.jpeg,,,,,,,,
robert.habeck_22-09-2021_00:00_image8.jpeg,,,,,,,,
robert.habeck_22-09-2021_00:00_image8.jpeg,,,,,,,,
christlichsozialeunion_23-09-2021_00:00_image0.jpeg,,,,,,,,
christlichsozialeunion_23-09-2021_00:00_image0.jpeg,,,,,,,Markus Söder,Markus Söder
abaerbock_22-09-2021_00:00_image6.jpeg,,,,,,,,
afd.bund_23-09-2021_00:00_video12.jpeg,,,,,,,,
afd.bund_23-09-2021_00:00_video12.jpeg,,,,,,,,
afd.bund_26-09-2021_00:00_image1.jpeg,,,,,,,,
afd.bund_26-09-2021_00:00_image1.jpeg,,,,,,,,
afd.bund_26-09-2021_00:00_image1.jpeg,,,,,,,Alice Weidel,Alice Weidel
afd.bund_26-09-2021_00:00_image1.jpeg,,,,,,,,
afd.bund_26-09-2021_00:00_image1.jpeg,,,,,,,,
afd.bund_26-09-2021_00:00_image1.jpeg,,,,,,,Jörg Meuthen,
afd.bund_26-09-2021_00:00_image1.jpeg,,,,,,,,
afd.bund_26-09-2021_00:00_image1.jpeg,,,,,,,,
fdp_22-09-2021_00:00_video2.jpeg,,,,,,,,
robert.habeck_24-09-2021_00:00_image3.jpeg,,,,,,,,
robert.habeck_24-09-2021_00:00_image3.jpeg,,,,,,,,
robert.habeck_24-09-2021_00:00_image3.jpeg,,,,,,,,
robert.habeck_24-09-2021_00:00_image3.jpeg,,,,,,,Robert Habeck,Robert Habeck
robert.habeck_24-09-2021_00:00_image3.jpeg,,,,,,,,
robert.habeck_24-09-2021_00:00_image3.jpeg,,,,,,,,
robert.habeck_24-09-2021_00:00_image3.jpeg,,,,,,,,
robert.habeck_24-09-2021_00:00_image3.jpeg,,,,,,,,
robert.habeck_24-09-2021_00:00_image3.jpeg,,,,,,,,
robert.habeck_24-09-2021_00:00_image3.jpeg,,,,,,,,
robert.habeck_24-09-2021_00:00_image3.jpeg,,,,,,,,
robert.habeck_24-09-2021_00:00_image3.jpeg,,,,,,,,
robert.habeck_24-09-2021_00:00_image3.jpeg,,,,,,,,
robert.habeck_24-09-2021_00:00_image3.jpeg,,,,,,,,
robert.habeck_24-09-2021_00:00_image3.jpeg,,,,,,,,
robert.habeck_24-09-2021_00:00_image3.jpeg,,,,,,,,
robert.habeck_24-09-2021_00:00_image3.jpeg,,,,,,,,
robert.habeck_24-09-2021_00:00_image3.jpeg,,,,,,,,
robert.habeck_24-09-2021_00:00_image3.jpeg,,,,,,,,
robert.habeck_24-09-2021_00:00_image3.jpeg,,,,,,,,
robert.habeck_24-09-2021_00:00_image3.jpeg,,,,,,,,
robert.habeck_24-09-2021_00:00_image3.jpeg,,,,,,,,
olafscholz_13-09-2021_00:00_video3.jpeg,,,,,,,,
saskiaesken_25-09-2021_00:00_video4.jpeg,,,,,,,,
saskiaesken_25-09-2021_00:00_video4.jpeg,,,,,,,,
saskiaesken_25-09-2021_00:00_video4.jpeg,,,,,,,,
saskiaesken_25-09-2021_00:00_video4.jpeg,,,,,,,,
saskiaesken_25-09-2021_00:00_video4.jpeg,,,,,,,,
saskiaesken_25-09-2021_00:00_video4.jpeg,,,,,,,,
saskiaesken_25-09-2021_00:00_video4.jpeg,,,,,,,,
saskiaesken_25-09-2021_00:00_video4.jpeg,,,,,,,,
saskiaesken_25-09-2021_00:00_video4.jpeg,,,,,,,,
saskiaesken_25-09-2021_00:00_video4.jpeg,,,,,,,,
saskiaesken_25-09-2021_00:00_video4.jpeg,,,,,,,,
saskiaesken_25-09-2021_00:00_video4.jpeg,,,,,,,,
saskiaesken_25-09-2021_00:00_video4.jpeg,,,,,,,,
saskiaesken_25-09-2021_00:00_video4.jpeg,,,,,,,,
saskiaesken_25-09-2021_00:00_video4.jpeg,,,,,,,,
saskiaesken_25-09-2021_00:00_video4.jpeg,,,,,,,,
saskiaesken_25-09-2021_00:00_video4.jpeg,,,,,,,,
saskiaesken_25-09-2021_00:00_video4.jpeg,,,,,,,,
saskiaesken_25-09-2021_00:00_video4.jpeg,,,,,,,,
saskiaesken_25-09-2021_00:00_video4.jpeg,,,,,,,,
saskiaesken_25-09-2021_00:00_video4.jpeg,,,,,,,,
christianlindner_25-09-2021_00:00_image4.jpeg,,,,,,,,
christianlindner_25-09-2021_00:00_image4.jpeg,,,,,,,,
christianlindner_25-09-2021_00:00_image4.jpeg,,,,,,,Christian Lindner,Christian Lindner
christianlindner_25-09-2021_00:00_image4.jpeg,,,,,,,,
robert.habeck_23-09-2021_00:00_image12.jpeg,,,,,,,,
robert.habeck_23-09-2021_00:00_image12.jpeg,,,,,,,Robert Habeck,Robert Habeck
robert.habeck_23-09-2021_00:00_image12.jpeg,,,,,,,,
robert.habeck_23-09-2021_00:00_image12.jpeg,,,,,,,,
robert.habeck_23-09-2021_00:00_image12.jpeg,,,,,,,,
christlichsozialeunion_20-09-2021_00:00_video8.jpeg,,,,,,,,
