,face_uuid,filename,Ground Truth,match_file,match_score,model,distance_metric,number_of_hits,Model,account_name
0,b248b1d2-1780-4b4c-8529-571b0246a9e5,olafscholz/2021-09-13_07-45-59_UTC.jpg,Olaf Scholz,addb18d2-ca87-4104-b149-5ecb974f1432.png,0.5209834336434738,Facenet512,euclidean_l2,40.0,Olaf Scholz,olafscholz
1,d83b5202-1f81-4b16-b8c8-360f0e6051e5,olafscholz/2021-09-14_10-23-23_UTC_1.jpg,Unknown,,,,,,Unknown,olafscholz
2,95c9174b-5389-4ccb-89ac-98de4be55d9e,olafscholz/2021-09-14_10-23-23_UTC_1.jpg,Olaf Scholz,fb89d12e-d3a5-48c2-b506-eca8454e847b.png,0.5476679079631442,Facenet512,euclidean_l2,40.0,Olaf Scholz,olafscholz
3,2d573a4a-21f5-464f-aef4-8700597752c1,olafscholz/2021-09-17_10-42-46_UTC_2.jpg,Unknown,,,,,,Unknown,olafscholz
4,3539ae42-9adf-4733-a703-024b662d8eff,olafscholz/2021-09-17_10-42-46_UTC_2.jpg,Unknown,,,,,,Unknown,olafscholz
5,37043cd2-95b5-482b-bfdd-f4e213b257fb,olafscholz/2021-09-17_10-42-46_UTC_2.jpg,Unknown,,,,,,Unknown,olafscholz
6,4c441268-34c9-4ee1-a7f2-82c5277a354e,olafscholz/2021-09-20_11-29-19_UTC.jpg,Olaf Scholz,c27ee252-e37c-4074-92b5-20e300431107.png,0.479990057622936,Facenet512,euclidean_l2,40.0,Olaf Scholz,olafscholz
7,fb1249e6-ca58-41c9-bac8-0579b3e710f8,olafscholz/2021-09-20_11-29-19_UTC.jpg,Unknown,,,,,,Unknown,olafscholz
8,22e466d8-2e55-489b-976c-85245345d8a6,olafscholz/2021-09-20_11-29-19_UTC.jpg,Unknown,,,,,,Unknown,olafscholz
9,09d2294b-a454-4977-b92c-8e2d4baf070f,olafscholz/2021-09-20_11-29-19_UTC.jpg,Unknown,,,,,,Unknown,olafscholz
10,aa62fa89-b337-42d6-9945-3c6cb3e62e1c,olafscholz/2021-09-20_11-29-19_UTC.jpg,Unknown,,,,,,Unknown,olafscholz
11,47d76ade-4763-44e7-a3b8-7341f6915efc,olafscholz/2021-09-16_19-01-33_UTC_2.jpg,Olaf Scholz,c27ee252-e37c-4074-92b5-20e300431107.png,0.6255995503669669,Facenet512,euclidean_l2,38.0,Olaf Scholz,olafscholz
12,052cb75e-6108-4f86-a02e-b02b365b42a9,olafscholz/2021-09-21_20-52-10_UTC.jpg,Unknown,,,,,,Unknown,olafscholz
13,955c61d6-2354-43e5-a3c9-acd5b9ec6003,olafscholz/2021-09-21_20-52-10_UTC.jpg,Olaf Scholz,f124d4ca-3c2d-40fd-a3a4-81e0a32b39d5.png,0.6487577258564595,Facenet512,euclidean_l2,38.0,Olaf Scholz,olafscholz
14,b60dae19-a56d-4cb4-95f6-f7866016ed34,olafscholz/2021-09-18_16-51-02_UTC.jpg,Unknown,,,,,,Unknown,olafscholz
15,66ce280b-f8cb-4c1d-8416-4798bef32921,olafscholz/2021-09-18_20-26-35_UTC_4.jpg,Unknown,,,,,,Unknown,olafscholz
16,051c9355-b9b8-4bad-9ad9-654e5551d4b7,olafscholz/2021-09-18_20-26-35_UTC_4.jpg,Olaf Scholz,,,,,,Unknown,olafscholz
17,c4580e8c-25fe-43bf-be44-6ace56cd43ee,olafscholz/2021-09-18_20-26-35_UTC_4.jpg,Unknown,,,,,,Unknown,olafscholz
18,01a5b2c5-3b5b-47f7-9b8e-51260e716997,olafscholz/2021-09-20_14-48-22_UTC.jpg,Unknown,,,,,,Unknown,olafscholz
19,1819de3d-0578-4e9c-8738-e9a85dafb87e,olafscholz/2021-09-20_14-48-22_UTC.jpg,Unknown,,,,,,Unknown,olafscholz
20,967c420d-25c5-41f9-a647-18c6a48d3461,olafscholz/2021-09-20_14-48-22_UTC.jpg,Unknown,,,,,,Unknown,olafscholz
21,f8652079-15dd-4abe-b715-f984733dc7ee,olafscholz/2021-09-20_14-48-22_UTC.jpg,Unknown,,,,,,Unknown,olafscholz
22,35690793-22f3-4f9f-ab01-8f9d3a2e4f03,olafscholz/2021-09-23_14-27-32_UTC.jpg,Olaf Scholz,,,,,,Unknown,olafscholz
23,02d7bc3d-e85a-437e-b1ad-f171fe8f7938,olafscholz/2021-09-18_20-26-35_UTC_3.jpg,Unknown,,,,,,Unknown,olafscholz
24,1592c5ab-5ca8-411c-96bb-7e53d62b49a5,olafscholz/2021-09-18_20-26-35_UTC_3.jpg,Unknown,9bc42743-ba76-4b29-8ae3-88daa99f6988.png,0.9440222144757686,Facenet512,euclidean_l2,2.0,Olaf Scholz,olafscholz
25,2562748e-04ee-46d2-87d3-143a7c96b97e,olafscholz/2021-09-18_20-26-35_UTC_3.jpg,Unknown,,,,,,Unknown,olafscholz
26,24aabd95-c4a0-450f-870d-72c7f1f03665,olafscholz/2021-09-18_20-26-35_UTC_3.jpg,Unknown,,,,,,Unknown,olafscholz
27,bcc66125-029b-415e-9054-806a77ffcb8e,olafscholz/2021-09-18_20-26-35_UTC_3.jpg,Unknown,,,,,,Unknown,olafscholz
28,1df47a38-2add-41cf-b9e0-8e7a9d900178,olafscholz/2021-09-18_20-26-35_UTC_3.jpg,Unknown,,,,,,Unknown,olafscholz
29,323acbd4-93e7-4a05-a362-def591c63f92,olafscholz/2021-09-18_20-26-35_UTC_3.jpg,Unknown,,,,,,Unknown,olafscholz
30,81f06c3d-71b1-4f3c-b0ea-fe5412769462,olafscholz/2021-09-18_20-26-35_UTC_3.jpg,Unknown,,,,,,Unknown,olafscholz
31,e8f3660e-8721-4a82-9482-d512f2cb1a70,olafscholz/2021-09-18_20-26-35_UTC_3.jpg,Unknown,,,,,,Unknown,olafscholz
32,54fdfdf9-9767-4215-a9f6-590765ca556a,olafscholz/2021-09-18_20-26-35_UTC_3.jpg,Unknown,,,,,,Unknown,olafscholz
33,784a1b5f-8d46-46e8-be1a-5ab0c357813c,olafscholz/2021-09-18_20-26-35_UTC_3.jpg,Unknown,,,,,,Unknown,olafscholz
34,22fda0c5-00ae-4427-a82b-48bb8e3c040e,olafscholz/2021-09-18_20-26-35_UTC_3.jpg,Unknown,,,,,,Unknown,olafscholz
35,24ffb1e1-f4ae-4008-b0a6-43871d2d6239,olafscholz/2021-09-18_20-26-35_UTC_3.jpg,Unknown,,,,,,Unknown,olafscholz
36,588982bd-84b6-446d-8af9-73e2699fc626,olafscholz/2021-09-18_20-26-35_UTC_3.jpg,Unknown,,,,,,Unknown,olafscholz
37,1a0dd5ef-6f41-4024-b1d2-5e6f82e66d7f,olafscholz/2021-09-18_20-26-35_UTC_3.jpg,Unknown,,,,,,Unknown,olafscholz
38,a8d020cb-35ab-4094-a7be-d7406166b81a,olafscholz/2021-09-18_20-26-35_UTC_3.jpg,Unknown,,,,,,Unknown,olafscholz
39,7af0edf1-6249-418a-b9ac-10ba16b897ed,olafscholz/2021-09-18_20-26-35_UTC_3.jpg,Unknown,,,,,,Unknown,olafscholz
40,700ff7f2-4c71-401f-8856-5d82cdef0932,olafscholz/2021-09-18_20-26-35_UTC_3.jpg,Unknown,,,,,,Unknown,olafscholz
41,ee650c13-7378-4c2b-86b2-7c293c04a4ab,olafscholz/2021-09-18_20-26-35_UTC_3.jpg,Unknown,,,,,,Unknown,olafscholz
42,faf05b60-fd71-4d7a-a46d-182c1822b662,olafscholz/2021-09-18_20-26-35_UTC_3.jpg,Unknown,9bc42743-ba76-4b29-8ae3-88daa99f6988.png,0.988781561974984,Facenet512,euclidean_l2,2.0,Olaf Scholz,olafscholz
43,472bb060-4aa1-45c4-8b8c-6667270510be,olafscholz/2021-09-21_11-26-43_UTC_1.jpg,Olaf Scholz,cf207ba3-2a6b-42b2-b0c6-b0fb9e7532f0.png,0.4741504488647467,Facenet512,euclidean_l2,40.0,Olaf Scholz,olafscholz
44,29b1a692-8802-42e1-ba02-e4f4f26f3e54,olafscholz/2021-09-21_11-26-43_UTC_1.jpg,Unknown,,,,,,Unknown,olafscholz
45,ddcf661f-890e-4148-a4c0-1583971e33b1,olafscholz/2021-09-16_19-01-33_UTC_3.jpg,Olaf Scholz,fb89d12e-d3a5-48c2-b506-eca8454e847b.png,0.5360590897403634,Facenet512,euclidean_l2,40.0,Olaf Scholz,olafscholz
46,a4863739-c0cd-48e3-b46f-3ad967a0c058,olafscholz/2021-09-18_12-22-03_UTC_2.jpg,Olaf Scholz,8c8b42f9-47e7-4df5-bffb-da674eab6953.png,0.7812632878655236,Facenet512,euclidean_l2,36.0,Olaf Scholz,olafscholz
47,b9a44094-e17d-484f-8ab5-c8ee6835b692,olafscholz/2021-09-26_09-32-19_UTC.jpg,Unknown,,,,,,Unknown,olafscholz
48,c8f0d3a3-2443-4a94-b103-f62f226c8aa4,olafscholz/2021-09-26_09-32-19_UTC.jpg,Olaf Scholz,77b54f7d-504a-4313-ab25-b66060e08f06.png,0.5177589051320362,Facenet512,euclidean_l2,40.0,Olaf Scholz,olafscholz
49,f1629eb7-0e68-4b69-960f-1f7e924f2356,olafscholz/2021-09-26_09-32-19_UTC.jpg,Unknown,,,,,,Unknown,olafscholz
50,490289b6-fa92-4c30-9575-426bce13fa5a,olafscholz/2021-09-26_09-32-19_UTC.jpg,Unknown,,,,,,Unknown,olafscholz
51,eab8448a-1e54-4f4e-91bf-53d80b99ae9d,olafscholz/2021-09-26_09-32-19_UTC.jpg,Unknown,,,,,,Unknown,olafscholz
52,97c93e80-629d-4db4-916e-a5ccd4b26daf,olafscholz/2021-09-14_20-32-47_UTC.jpg,Unknown,,,,,,Unknown,olafscholz
53,d96b6647-f128-46e2-b806-ebc052eb5d15,olafscholz/2021-09-14_20-32-47_UTC.jpg,Olaf Scholz,c27ee252-e37c-4074-92b5-20e300431107.png,0.526965474277702,Facenet512,euclidean_l2,40.0,Olaf Scholz,olafscholz
54,ea6d946c-2f53-40e1-be29-324e065e3e09,olafscholz/2021-09-14_20-32-47_UTC.jpg,Unknown,,,,,,Unknown,olafscholz
55,207e684f-37d2-45d0-be40-ad00aeff2e5c,olafscholz/2021-09-19_12-46-17_UTC.jpg,Olaf Scholz,b4140b08-8bd8-4631-a580-a48195a9970a.png,0.4187333671607483,Facenet512,euclidean_l2,38.0,Olaf Scholz,olafscholz
56,a9cd0063-324d-4904-9cb5-23d4e2c458fd,olafscholz/2021-09-25_09-36-17_UTC.jpg,Olaf Scholz,f124d4ca-3c2d-40fd-a3a4-81e0a32b39d5.png,0.4340931073941148,Facenet512,euclidean_l2,40.0,Olaf Scholz,olafscholz
57,9cb30eac-8559-4797-8052-df5dbd66ebf1,olafscholz/2021-09-14_10-23-23_UTC_3.jpg,Unknown,,,,,,Unknown,olafscholz
58,2bb0ff06-da76-4d9e-aa68-517798e9f1d8,olafscholz/2021-09-14_10-23-23_UTC_3.jpg,Unknown,,,,,,Unknown,olafscholz
59,3a31121e-8a13-4313-b67c-37c0ec4e8843,olafscholz/2021-09-14_10-23-23_UTC_3.jpg,Olaf Scholz,04a53ef1-618b-4c9c-97a8-a1187a75c05c.png,0.5754662536566167,Facenet512,euclidean_l2,40.0,Olaf Scholz,olafscholz
60,ca60fb2c-7138-41c9-88c4-1cb2609da02c,olafscholz/2021-09-15_16-06-34_UTC.jpg,Olaf Scholz,77b54f7d-504a-4313-ab25-b66060e08f06.png,0.2646695629470991,Facenet512,euclidean_l2,38.0,Olaf Scholz,olafscholz
61,2cc5c516-97cc-429e-8abe-75917447fbee,olafscholz/2021-09-14_15-18-17_UTC.jpg,Unknown,,,,,,Unknown,olafscholz
62,f366357e-1232-4913-b3c9-5b436688fd8f,olafscholz/2021-09-14_15-18-17_UTC.jpg,Unknown,,,,,,Unknown,olafscholz
63,284aace6-0126-4c2b-a514-2ce05733e90c,olafscholz/2021-09-14_15-18-17_UTC.jpg,Unknown,,,,,,Unknown,olafscholz
64,2e488d3b-165a-424a-96cd-5cd36b5c89e9,olafscholz/2021-09-14_15-18-17_UTC.jpg,Unknown,,,,,,Unknown,olafscholz
65,82a34ba9-5e26-4a99-92e1-4d4a77fdce1f,olafscholz/2021-09-20_18-06-50_UTC_3.jpg,Unknown,,,,,,Unknown,olafscholz
66,251c0e4d-b1d1-40ae-84d8-474f17411bcd,olafscholz/2021-09-20_18-06-50_UTC_3.jpg,Olaf Scholz,,,,,,Unknown,olafscholz
67,a053111e-fc0d-4bba-ae72-3926637394ae,olafscholz/2021-09-23_16-02-21_UTC.jpg,Olaf Scholz,77b54f7d-504a-4313-ab25-b66060e08f06.png,0.2641267930238455,Facenet512,euclidean_l2,38.0,Olaf Scholz,olafscholz
68,658b9cff-8dc7-4799-8231-a5cb57bd4f3b,olafscholz/2021-09-13_17-19-29_UTC.jpg,Olaf Scholz,91d6fa25-3671-4110-8beb-1c3296cdf4d0.png,0.4644416754631603,Facenet512,euclidean_l2,40.0,Olaf Scholz,olafscholz
69,00970bca-802a-4ba9-a218-669ef5ce586a,olafscholz/2021-09-13_17-19-29_UTC.jpg,Unknown,,,,,,Unknown,olafscholz
70,1412e2d8-37b3-47fa-876e-da14bc38d066,olafscholz/2021-09-13_17-19-29_UTC.jpg,Unknown,9bc42743-ba76-4b29-8ae3-88daa99f6988.png,0.9703512591888476,Facenet512,euclidean_l2,2.0,Olaf Scholz,olafscholz
71,6dae23de-b551-4acf-957a-27c151a42cfd,olafscholz/2021-09-13_17-19-29_UTC.jpg,Unknown,,,,,,Unknown,olafscholz
72,49749b86-9f6b-4524-99a2-668719879d10,olafscholz/2021-09-13_17-19-29_UTC.jpg,Unknown,,,,,,Unknown,olafscholz
73,640b0318-460b-40c5-968f-f5018343259f,olafscholz/2021-09-13_17-19-29_UTC.jpg,Unknown,,,,,,Unknown,olafscholz
74,d113906f-33d0-48ca-876a-30eedac0e0d3,olafscholz/2021-09-26_18-22-24_UTC.jpg,Unknown,,,,,,Unknown,olafscholz
75,9d4292ec-4c54-4c8b-b190-3fac04a762e7,olafscholz/2021-09-26_18-22-24_UTC.jpg,Olaf Scholz,,,,,,Unknown,olafscholz
76,a5f29cf0-6540-4eac-b53c-9e6c02ccd6fe,olafscholz/2021-09-26_18-22-24_UTC.jpg,Unknown,,,,,,Unknown,olafscholz
77,b1ff7dde-d21c-4922-a375-19e650dbfdea,olafscholz/2021-09-26_18-22-24_UTC.jpg,Unknown,,,,,,Unknown,olafscholz
78,4320e1e0-63ae-43e4-81ad-92391a13f64d,olafscholz/2021-09-26_18-22-24_UTC.jpg,Unknown,,,,,,Unknown,olafscholz
79,2de22228-ed1f-4135-b16a-f96ae8cd0f22,olafscholz/2021-09-26_18-22-24_UTC.jpg,Unknown,,,,,,Unknown,olafscholz
80,27df8beb-8ed5-4677-be3e-a20e5834cbbf,olafscholz/2021-09-26_18-22-24_UTC.jpg,Unknown,,,,,,Unknown,olafscholz
81,4b1bf646-83e0-4636-8c8d-02dab25de3ee,olafscholz/2021-09-26_18-22-24_UTC.jpg,Unknown,,,,,,Unknown,olafscholz
82,4bc801b0-98b9-4c53-afb9-0b8f12f07558,olafscholz/2021-09-22_16-01-08_UTC.jpg,Unknown,,,,,,Unknown,olafscholz
83,8611f9a7-8a78-46f8-bc6f-73c64bd6d98a,olafscholz/2021-09-18_12-22-03_UTC_1.jpg,Unknown,,,,,,Unknown,olafscholz
84,fa379dc4-837e-4fc9-9680-80a31a2114a5,olafscholz/2021-09-18_12-22-03_UTC_1.jpg,Unknown,,,,,,Unknown,olafscholz
85,e4b0cd74-deeb-4ce5-95f8-af425de1f167,olafscholz/2021-09-18_12-22-03_UTC_1.jpg,Unknown,,,,,,Unknown,olafscholz
86,4330552d-b382-4ca3-8988-846ffff752db,olafscholz/2021-09-18_12-22-03_UTC_1.jpg,Unknown,,,,,,Unknown,olafscholz
87,06b6c44e-6bfa-42a6-bfbe-b948885d65a9,olafscholz/2021-09-18_12-22-03_UTC_1.jpg,Unknown,,,,,,Unknown,olafscholz
88,8c7791eb-bd23-49a9-a730-25ad544797ee,olafscholz/2021-09-18_12-22-03_UTC_1.jpg,Unknown,,,,,,Unknown,olafscholz
89,b732eacd-e814-4180-84ce-6c7b048bd15c,olafscholz/2021-09-18_12-22-03_UTC_1.jpg,Unknown,,,,,,Unknown,olafscholz
90,3cfd42b6-5dc9-4632-aae4-506aabe675de,olafscholz/2021-09-18_12-22-03_UTC_1.jpg,Unknown,,,,,,Unknown,olafscholz
91,4b746b79-128b-4298-a764-4c8be5a6e0d6,olafscholz/2021-09-18_12-22-03_UTC_1.jpg,Unknown,,,,,,Unknown,olafscholz
92,eceaef98-9deb-4696-b493-cb15a833f1b4,olafscholz/2021-09-18_12-22-03_UTC_1.jpg,Unknown,,,,,,Unknown,olafscholz
93,515ebc1a-53d5-4b85-98b5-a294c89d27f1,olafscholz/2021-09-18_12-22-03_UTC_1.jpg,Unknown,,,,,,Unknown,olafscholz
94,28c23d80-a570-42a6-9038-6f26eb3d2a26,olafscholz/2021-09-18_12-22-03_UTC_1.jpg,Unknown,,,,,,Unknown,olafscholz
95,94f9c8eb-7724-4e05-8459-8bb5c5866353,olafscholz/2021-09-18_12-22-03_UTC_1.jpg,Unknown,,,,,,Unknown,olafscholz
96,e2b5a349-6e3b-4513-9710-d53912b663e5,olafscholz/2021-09-18_12-22-03_UTC_1.jpg,Unknown,,,,,,Unknown,olafscholz
97,eaa0265d-e404-470e-a927-fb334a259319,olafscholz/2021-09-18_12-22-03_UTC_1.jpg,Unknown,,,,,,Unknown,olafscholz
98,7d808fb0-81c0-462c-94c2-615c6f8510ff,olafscholz/2021-09-18_12-22-03_UTC_1.jpg,Unknown,,,,,,Unknown,olafscholz
99,512a13c4-04e6-4b46-9837-57f748f721fe,olafscholz/2021-09-18_12-22-03_UTC_1.jpg,Unknown,,,,,,Unknown,olafscholz
100,808af920-5fed-49a1-ac0f-ee6c93d6b4fc,olafscholz/2021-09-18_12-22-03_UTC_1.jpg,Unknown,,,,,,Unknown,olafscholz
101,56b1fdfd-4bad-4bff-9bb9-a6d665235a03,olafscholz/2021-09-18_12-22-03_UTC_1.jpg,Unknown,,,,,,Unknown,olafscholz
102,eda5750c-b79e-4cdf-969b-48f487698197,olafscholz/2021-09-18_12-22-03_UTC_1.jpg,Unknown,,,,,,Unknown,olafscholz
103,9643c1a4-2999-49d0-a5b1-5f5cc82937cb,olafscholz/2021-09-18_12-22-03_UTC_1.jpg,Unknown,,,,,,Unknown,olafscholz
104,e294b8eb-fd41-47a8-9d91-4bf61215a544,olafscholz/2021-09-18_12-22-03_UTC_1.jpg,Unknown,,,,,,Unknown,olafscholz
105,3fe9af09-0784-4500-8855-d2dec30eb877,olafscholz/2021-09-18_12-22-03_UTC_1.jpg,Unknown,,,,,,Unknown,olafscholz
106,8ce93742-6ff2-49e1-bf59-46c6def0e485,olafscholz/2021-09-18_12-22-03_UTC_1.jpg,Unknown,,,,,,Unknown,olafscholz
107,039cf8ce-93b1-4c8e-9f41-7f0b02c4eb0d,olafscholz/2021-09-18_12-22-03_UTC_1.jpg,Unknown,,,,,,Unknown,olafscholz
108,49376d6f-f950-4025-9f44-65b1c72eb969,olafscholz/2021-09-18_12-22-03_UTC_1.jpg,Unknown,,,,,,Unknown,olafscholz
109,5c185bfb-478f-493e-a247-7a27244ec5c2,olafscholz/2021-09-18_12-22-03_UTC_1.jpg,Unknown,,,,,,Unknown,olafscholz
110,44c69d65-e748-40cc-a5f6-5236ad14f874,olafscholz/2021-09-18_12-22-03_UTC_1.jpg,Unknown,,,,,,Unknown,olafscholz
111,2fb9194a-4341-4195-9e97-7a4b765fab72,olafscholz/2021-09-18_12-22-03_UTC_1.jpg,Unknown,,,,,,Unknown,olafscholz
112,163194d8-6f7d-4f4c-ad16-ad473e9b74e3,olafscholz/2021-09-18_12-22-03_UTC_1.jpg,Unknown,,,,,,Unknown,olafscholz
113,10c980ba-f5d1-4332-b82b-aed7e65fbcb0,olafscholz/2021-09-18_12-22-03_UTC_1.jpg,Unknown,,,,,,Unknown,olafscholz
114,00b23334-f70f-444d-a04f-6df3d2f05f1c,olafscholz/2021-09-18_12-22-03_UTC_1.jpg,Unknown,,,,,,Unknown,olafscholz
115,f5b611e7-9635-4e01-a38b-589507d60178,olafscholz/2021-09-18_12-22-03_UTC_1.jpg,Unknown,,,,,,Unknown,olafscholz
116,6d4c65c4-9f1b-4489-a511-382cb9a7e690,olafscholz/2021-09-18_12-22-03_UTC_1.jpg,Unknown,,,,,,Unknown,olafscholz
117,1ee0c530-e7dc-4896-b821-8d80fba6ead7,olafscholz/2021-09-18_12-22-03_UTC_1.jpg,Unknown,,,,,,Unknown,olafscholz
118,679ce7e5-ffb9-4cca-9f0a-b395798c6690,olafscholz/2021-09-18_12-22-03_UTC_1.jpg,Unknown,,,,,,Unknown,olafscholz
119,f348a145-6d62-4ac0-b852-d48a68872d77,olafscholz/2021-09-18_12-22-03_UTC_1.jpg,Unknown,,,,,,Unknown,olafscholz
120,108fa9d2-c1e9-4f5b-afcc-2de3eb725b0b,olafscholz/2021-09-18_12-22-03_UTC_1.jpg,Unknown,,,,,,Unknown,olafscholz
121,f366dc51-da20-444b-834f-e2b33f55040d,olafscholz/2021-09-18_12-22-03_UTC_1.jpg,Unknown,,,,,,Unknown,olafscholz
122,8a0eb907-9149-42a2-85a5-47676e648645,olafscholz/2021-09-18_12-22-03_UTC_1.jpg,Unknown,,,,,,Unknown,olafscholz
123,d8212266-1297-4191-a70d-e58f43507ce8,olafscholz/2021-09-18_12-22-03_UTC_1.jpg,Unknown,,,,,,Unknown,olafscholz
124,9966866e-2b67-4dba-88a1-c6023c75c01a,olafscholz/2021-09-18_12-22-03_UTC_1.jpg,Unknown,,,,,,Unknown,olafscholz
125,db7b9a60-f4a1-40c7-9c10-db0098aab097,olafscholz/2021-09-12_06-04-39_UTC.jpg,Olaf Scholz,cf207ba3-2a6b-42b2-b0c6-b0fb9e7532f0.png,0.3983739702460596,Facenet512,euclidean_l2,40.0,Olaf Scholz,olafscholz
126,6f6c0921-9f88-4a30-9157-a51786e31ab6,olafscholz/2021-09-16_15-57-44_UTC.jpg,Unknown,,,,,,Unknown,olafscholz
127,ff9ba86f-3db5-4286-ae0b-c48e45f36084,olafscholz/2021-09-16_15-57-44_UTC.jpg,Unknown,,,,,,Unknown,olafscholz
128,daad658b-5d62-4447-a6bf-55babd06a829,olafscholz/2021-09-16_15-57-44_UTC.jpg,Unknown,,,,,,Unknown,olafscholz
129,0f6a1465-fa8d-4b74-a83d-fcd5b71e5833,olafscholz/2021-09-16_15-57-44_UTC.jpg,Unknown,,,,,,Unknown,olafscholz
130,6219547d-73f6-440c-84bb-097384ca831c,olafscholz/2021-09-16_15-57-44_UTC.jpg,Unknown,,,,,,Unknown,olafscholz
131,bdbac270-b38c-43aa-9473-de57ecbf05ab,olafscholz/2021-09-16_15-57-44_UTC.jpg,Unknown,,,,,,Unknown,olafscholz
132,e2dfbe33-c0d7-48ee-bfa6-5ec0bf8650d5,olafscholz/2021-09-16_15-57-44_UTC.jpg,Unknown,,,,,,Unknown,olafscholz
133,537f2707-ba10-45b7-aadc-a352186ca7ee,olafscholz/2021-09-16_15-57-44_UTC.jpg,Unknown,,,,,,Unknown,olafscholz
134,f97857b2-efce-4766-8106-a31f1092e30b,olafscholz/2021-09-16_15-57-44_UTC.jpg,Unknown,,,,,,Unknown,olafscholz
135,0ef966cd-1c12-4214-acaa-cc01db921b1e,olafscholz/2021-09-16_15-57-44_UTC.jpg,Unknown,,,,,,Unknown,olafscholz
136,99dc4c63-85b6-478d-b903-8419a9087f9d,olafscholz/2021-09-16_15-57-44_UTC.jpg,Unknown,,,,,,Unknown,olafscholz
137,bbd38f60-159d-4cc3-ba26-00e475aecd2e,olafscholz/2021-09-16_15-57-44_UTC.jpg,Unknown,,,,,,Unknown,olafscholz
138,6a9a22e2-86ac-40b5-957f-11a8e792e913,olafscholz/2021-09-16_15-57-44_UTC.jpg,Unknown,,,,,,Unknown,olafscholz
139,4dfca664-3e1f-4004-bd70-3181385bc1c7,olafscholz/2021-09-16_15-57-44_UTC.jpg,Unknown,,,,,,Unknown,olafscholz
140,e53e0312-844a-432a-8e3b-00af0cc17494,olafscholz/2021-09-16_15-57-44_UTC.jpg,Unknown,,,,,,Unknown,olafscholz
141,25c9a524-e987-4a68-b208-47a82dda6902,olafscholz/2021-09-16_15-57-44_UTC.jpg,Unknown,,,,,,Unknown,olafscholz
142,387aab38-8f73-4711-8a3c-8e8d31c6b83a,olafscholz/2021-09-16_15-57-44_UTC.jpg,Unknown,,,,,,Unknown,olafscholz
143,5e983f8e-951b-473a-ae3e-43f4bd2164d9,olafscholz/2021-09-16_15-57-44_UTC.jpg,Unknown,,,,,,Unknown,olafscholz
144,13d2f161-6db9-4e6a-a593-fca576546926,olafscholz/2021-09-16_15-57-44_UTC.jpg,Unknown,,,,,,Unknown,olafscholz
145,ff73884a-4039-478b-b26c-f957f3f128e4,olafscholz/2021-09-16_15-57-44_UTC.jpg,Unknown,,,,,,Unknown,olafscholz
146,0e22cd75-bd0b-4db6-b09f-8a77f64827e1,olafscholz/2021-09-25_06-30-26_UTC.jpg,Unknown,,,,,,Unknown,olafscholz
147,26ef84d8-359c-4dcf-91d0-6933269c2f6a,olafscholz/2021-09-25_06-30-26_UTC.jpg,Unknown,,,,,,Unknown,olafscholz
148,8c397667-4727-4254-8d6c-dd5990670aa6,olafscholz/2021-09-25_06-30-26_UTC.jpg,Olaf Scholz,c27ee252-e37c-4074-92b5-20e300431107.png,0.455776637461567,Facenet512,euclidean_l2,40.0,Olaf Scholz,olafscholz
149,561ae5c2-cded-42e6-bf16-428a0cb6af62,olafscholz/2021-09-25_06-30-26_UTC.jpg,Unknown,,,,,,Unknown,olafscholz
150,ca2b6d83-335e-45bc-9655-8af809378dff,olafscholz/2021-09-25_06-30-26_UTC.jpg,Unknown,,,,,,Unknown,olafscholz
151,d3e0c288-cbc7-49cf-9ecd-13aa91dce349,olafscholz/2021-09-25_06-30-26_UTC.jpg,Unknown,,,,,,Unknown,olafscholz
152,aea960b5-f878-4771-b155-e0d9777aedd8,olafscholz/2021-09-25_06-30-26_UTC.jpg,Unknown,,,,,,Unknown,olafscholz
153,3991aaf1-764d-4004-a1a6-8254229b6440,olafscholz/2021-09-17_19-18-27_UTC.jpg,Unknown,,,,,,Unknown,olafscholz
154,7f92c3fb-6367-4a64-8401-d7d144d5f960,olafscholz/2021-09-17_19-18-27_UTC.jpg,Unknown,,,,,,Unknown,olafscholz
155,ffdd9d67-562a-42c9-b091-9aa31e344f7f,olafscholz/2021-09-17_19-18-27_UTC.jpg,Unknown,,,,,,Unknown,olafscholz
156,1783ef80-38d4-4a28-a69f-2b8806002169,olafscholz/2021-09-20_18-06-50_UTC_4.jpg,Unknown,,,,,,Unknown,olafscholz
157,76e3a482-9de5-4852-9a81-208037b942ee,olafscholz/2021-09-20_18-06-50_UTC_4.jpg,Unknown,,,,,,Unknown,olafscholz
158,29184bdc-eca9-4712-9f3e-bd14cc2a6653,olafscholz/2021-09-20_18-06-50_UTC_4.jpg,Unknown,,,,,,Unknown,olafscholz
159,f3102534-3d2d-45f3-9ec6-5a6921823fed,olafscholz/2021-09-20_18-06-50_UTC_4.jpg,Olaf Scholz,,,,,,Unknown,olafscholz
160,762e7aee-f898-46b7-af7b-54aa9148ce4b,olafscholz/2021-09-23_20-32-15_UTC.jpg,Unknown,,,,,,Unknown,olafscholz
161,3e731f8b-755a-4847-b79a-6f32b5f348d1,olafscholz/2021-09-23_20-32-15_UTC.jpg,Olaf Scholz,8d943c06-bff2-429b-a407-9931a3761618.png,0.4902866010641148,Facenet512,euclidean_l2,38.0,Olaf Scholz,olafscholz
162,54e49c7f-28ba-43ca-8750-6d1b50bb156d,olafscholz/2021-09-23_08-10-17_UTC.jpg,Olaf Scholz,fb89d12e-d3a5-48c2-b506-eca8454e847b.png,0.4255950569286246,Facenet512,euclidean_l2,40.0,Olaf Scholz,olafscholz
163,1bd89ece-e985-4a90-a430-d936f2b50cef,olafscholz/2021-09-23_08-10-17_UTC.jpg,Unknown,,,,,,Unknown,olafscholz
164,b82dc719-b511-48b9-b7d4-71b31d8f831f,olafscholz/2021-09-24_11-51-14_UTC_2.jpg,Olaf Scholz,97bef193-f3fe-4df6-b6d6-37ad2790018d.png,0.4846976627075968,Facenet512,euclidean_l2,40.0,Olaf Scholz,olafscholz
165,95787117-a35c-4a5c-996a-a2bfee65d760,olafscholz/2021-09-17_10-42-46_UTC_1.jpg,Olaf Scholz,baaa081f-7a38-4907-b92b-ba3d791c4012.png,0.4172513991989087,Facenet512,euclidean_l2,40.0,Olaf Scholz,olafscholz
166,9c8655e3-3659-48ab-8a47-32baf046d9d6,olafscholz/2021-09-17_10-42-46_UTC_1.jpg,Unknown,,,,,,Unknown,olafscholz
167,a5a86867-966c-4d14-a9d4-f3bee3aee99a,olafscholz/2021-09-17_10-42-46_UTC_1.jpg,Unknown,,,,,,Unknown,olafscholz
168,210168d7-4712-44e2-8f89-9a65075d3952,olafscholz/2021-09-17_10-42-46_UTC_1.jpg,Unknown,,,,,,Unknown,olafscholz
169,025ffc1c-709c-4b3f-a69e-bd8d8f822175,olafscholz/2021-09-17_10-42-46_UTC_1.jpg,Unknown,,,,,,Unknown,olafscholz
170,68233fdf-638b-4cfd-b210-f56c51688a9a,olafscholz/2021-09-17_10-42-46_UTC_1.jpg,Unknown,,,,,,Unknown,olafscholz
171,7bc3b2d3-3189-4aa5-af15-96b70379fbe5,olafscholz/2021-09-17_10-42-46_UTC_1.jpg,Unknown,,,,,,Unknown,olafscholz
172,48bba826-dad8-40aa-abcb-24bf4b1ac485,olafscholz/2021-09-20_18-06-50_UTC_1.jpg,Unknown,,,,,,Unknown,olafscholz
173,caf2904a-cdc3-4dba-af55-2c11f27f85ba,olafscholz/2021-09-20_18-06-50_UTC_1.jpg,Unknown,,,,,,Unknown,olafscholz
174,693c8321-72b7-43dc-bd95-53c7f8a86e6f,olafscholz/2021-09-20_18-06-50_UTC_1.jpg,Unknown,,,,,,Unknown,olafscholz
175,e8d3f3a6-d45c-4098-ab16-a8bfcb48eb2c,olafscholz/2021-09-20_18-06-50_UTC_1.jpg,Olaf Scholz,c27ee252-e37c-4074-92b5-20e300431107.png,0.4516526780697101,Facenet512,euclidean_l2,40.0,Olaf Scholz,olafscholz
176,b4605b7d-662c-48bc-8938-713c151bc42a,olafscholz/2021-09-20_18-06-50_UTC_1.jpg,Unknown,,,,,,Unknown,olafscholz
177,c05e42f2-686b-4e7d-a346-b7f4fc32e2e6,olafscholz/2021-09-20_18-06-50_UTC_1.jpg,Unknown,,,,,,Unknown,olafscholz
178,7f4425ad-c942-4806-8382-49d447f3d66a,olafscholz/2021-09-20_18-06-50_UTC_1.jpg,Unknown,,,,,,Unknown,olafscholz
179,ddcd73ad-eff5-4c58-a1bc-e0ecf73e38a2,olafscholz/2021-09-20_18-06-50_UTC_1.jpg,Unknown,,,,,,Unknown,olafscholz
180,d3987395-2181-43b4-94d3-bd0ea3a78932,olafscholz/2021-09-20_18-06-50_UTC_1.jpg,Unknown,,,,,,Unknown,olafscholz
181,be5ada91-9830-4e85-b6c3-47a82d34376b,olafscholz/2021-09-20_18-06-50_UTC_1.jpg,Unknown,,,,,,Unknown,olafscholz
182,03dd7c2d-0471-4e7f-9ddb-bfa5437b4279,olafscholz/2021-09-20_18-06-50_UTC_1.jpg,Unknown,,,,,,Unknown,olafscholz
183,32431ccb-6e58-4692-96c0-dd1f29e07a34,olafscholz/2021-09-20_18-06-50_UTC_1.jpg,Unknown,,,,,,Unknown,olafscholz
184,1edff056-1c8e-4658-9c4a-5282f5b04d3b,olafscholz/2021-09-20_18-06-50_UTC_1.jpg,Unknown,,,,,,Unknown,olafscholz
185,455c4312-0d3e-4535-8e72-a5a7c53e1e90,olafscholz/2021-09-20_18-06-50_UTC_1.jpg,Unknown,,,,,,Unknown,olafscholz
186,731557ea-9c91-4c53-8228-b043d9707883,olafscholz/2021-09-20_18-06-50_UTC_1.jpg,Unknown,,,,,,Unknown,olafscholz
187,c4b4546f-ad45-46cf-a279-afc247273ea8,olafscholz/2021-09-18_20-26-35_UTC_2.jpg,Olaf Scholz,f124d4ca-3c2d-40fd-a3a4-81e0a32b39d5.png,0.5637696147449702,Facenet512,euclidean_l2,40.0,Olaf Scholz,olafscholz
188,81a0b5c8-95f4-42be-bb93-2d6d158c0e66,olafscholz/2021-09-18_20-26-35_UTC_2.jpg,Olaf Scholz,91d6fa25-3671-4110-8beb-1c3296cdf4d0.png,0.7737757375061604,Facenet512,euclidean_l2,38.0,Olaf Scholz,olafscholz
189,26cb923b-55a6-4c84-afc1-531a314758c2,olafscholz/2021-09-18_20-26-35_UTC_2.jpg,Olaf Scholz,04a53ef1-618b-4c9c-97a8-a1187a75c05c.png,0.4063531102151708,Facenet512,euclidean_l2,40.0,Olaf Scholz,olafscholz
190,06da26ad-a4d4-4256-bbe5-4246fc9fc8be,olafscholz/2021-09-18_20-26-35_UTC_2.jpg,Unknown,,,,,,Unknown,olafscholz
191,bbd26edf-17a0-494c-bd0b-b3917b5f1d74,olafscholz/2021-09-18_20-26-35_UTC_2.jpg,Unknown,9bc42743-ba76-4b29-8ae3-88daa99f6988.png,1.0286528612691352,Facenet512,euclidean_l2,2.0,Olaf Scholz,olafscholz
192,89cca95d-ec78-4161-87cb-0be4126eea29,olafscholz/2021-09-18_20-26-35_UTC_2.jpg,Unknown,,,,,,Unknown,olafscholz
193,e5913b1a-1a58-419c-a065-83c1541c358d,olafscholz/2021-09-24_17-07-55_UTC.jpg,Unknown,,,,,,Unknown,olafscholz
194,363f0406-a4a0-4836-9e99-d863e079079f,olafscholz/2021-09-24_17-07-55_UTC.jpg,Saskia Esken,,,,,,Unknown,olafscholz
195,a5bf6320-e3e0-48a5-bb1b-357224aaba7e,olafscholz/2021-09-24_17-07-55_UTC.jpg,Unknown,,,,,,Unknown,olafscholz
196,dc78e350-1a2a-4392-8239-790913a98625,olafscholz/2021-09-24_17-07-55_UTC.jpg,Unknown,,,,,,Unknown,olafscholz
197,d097148c-39f1-4ab5-9091-96f9d7a59107,olafscholz/2021-09-24_17-07-55_UTC.jpg,Unknown,,,,,,Unknown,olafscholz
198,cdf763e9-938a-4348-88f2-77b407f2fccf,olafscholz/2021-09-24_17-07-55_UTC.jpg,Unknown,,,,,,Unknown,olafscholz
199,b93e639d-c1f8-4ce9-9033-aa065556d219,olafscholz/2021-09-19_06-31-01_UTC.jpg,Olaf Scholz,8c8b42f9-47e7-4df5-bffb-da674eab6953.png,0.8292635552471619,Facenet512,euclidean_l2,28.0,Olaf Scholz,olafscholz
200,be95c21f-f435-41e6-af59-cab0b0fa5b1d,olafscholz/2021-09-19_06-31-01_UTC.jpg,Unknown,,,,,,Unknown,olafscholz
201,e6a0da3c-82d1-46be-8a9d-993eeee95115,olafscholz/2021-09-16_19-01-33_UTC_1.jpg,Unknown,,,,,,Unknown,olafscholz
202,3c5c52d4-7cc9-4b10-ac77-dbefdc7bfb71,olafscholz/2021-09-16_19-01-33_UTC_1.jpg,Olaf Scholz,82f4d29e-1d17-4672-b015-52009fda2a23.png,0.6722949042912193,Facenet512,euclidean_l2,40.0,Olaf Scholz,olafscholz
203,60416ccb-c451-40dd-ba21-ab6d867373f7,olafscholz/2021-09-25_16-17-50_UTC.jpg,Olaf Scholz,c27ee252-e37c-4074-92b5-20e300431107.png,0.6964265396324137,Facenet512,euclidean_l2,40.0,Olaf Scholz,olafscholz
204,8b8ce03d-806f-4fa7-a31f-93f8885a979e,olafscholz/2021-09-20_18-06-50_UTC_2.jpg,Olaf Scholz,fb89d12e-d3a5-48c2-b506-eca8454e847b.png,0.5160408325023585,Facenet512,euclidean_l2,38.0,Olaf Scholz,olafscholz
205,0157e779-e30f-4e24-bf00-a68a52f866f6,olafscholz/2021-09-20_18-06-50_UTC_2.jpg,Unknown,,,,,,Unknown,olafscholz
206,87619fd9-fceb-40af-af9c-b87148fabde1,olafscholz/2021-09-14_10-23-23_UTC_2.jpg,Unknown,,,,,,Unknown,olafscholz
207,035036c5-8a89-4a1a-8b4b-fd576c90a711,olafscholz/2021-09-14_10-23-23_UTC_2.jpg,Olaf Scholz,c27ee252-e37c-4074-92b5-20e300431107.png,0.5695832737895519,Facenet512,euclidean_l2,38.0,Olaf Scholz,olafscholz
208,5eba7594-b2e7-4e61-97fe-a86685020664,armin_laschet/2021-09-25_12-43-21_UTC_1.jpg,Unknown,,,,,,Unknown,armin_laschet
209,79c91ab8-6fd8-448e-ad2f-28ebb76c9d29,armin_laschet/2021-09-25_12-43-21_UTC_1.jpg,Armin Laschet,c0c7aedd-97dc-4394-8336-f812c19fc1a2.png,0.5713191691036594,Facenet512,euclidean_l2,36.0,Armin Laschet,armin_laschet
210,8e4268d6-fd55-4c68-ba0c-d0adfd1093fe,armin_laschet/2021-09-16_13-50-14_UTC_2.jpg,Unknown,,,,,,Unknown,armin_laschet
211,5f48ec77-9997-4a66-ab96-cf9ed9bb9513,armin_laschet/2021-09-16_13-50-14_UTC_2.jpg,Unknown,,,,,,Unknown,armin_laschet
212,87006c56-2e53-4e5c-ab16-a5967e3686e1,armin_laschet/2021-09-16_13-50-14_UTC_2.jpg,Unknown,,,,,,Unknown,armin_laschet
213,c3899a31-31ba-4a69-97f3-2862b7502d0b,armin_laschet/2021-09-16_13-50-14_UTC_2.jpg,Unknown,,,,,,Unknown,armin_laschet
214,46570829-ff36-4726-9072-5d59026975d6,armin_laschet/2021-09-16_13-50-14_UTC_2.jpg,Unknown,,,,,,Unknown,armin_laschet
215,29020d11-51d9-4b07-b3cb-a44a5c2d0606,armin_laschet/2021-09-16_13-50-14_UTC_2.jpg,Unknown,,,,,,Unknown,armin_laschet
216,9b34fa25-4a85-4968-9873-00807795a68a,armin_laschet/2021-09-16_13-50-14_UTC_2.jpg,Unknown,,,,,,Unknown,armin_laschet
217,9ce1fd62-2f92-4168-a9b8-0ebfdad06a80,armin_laschet/2021-09-16_13-50-14_UTC_2.jpg,Unknown,,,,,,Unknown,armin_laschet
218,5b63e06c-a1c2-497e-921a-045b6d01c317,armin_laschet/2021-09-16_13-50-14_UTC_2.jpg,Unknown,,,,,,Unknown,armin_laschet
219,d05383cf-f531-44c8-9f86-046af7de988d,armin_laschet/2021-09-16_13-50-14_UTC_2.jpg,Unknown,,,,,,Unknown,armin_laschet
220,a480c88a-4359-4a44-99b5-89a23a846e27,armin_laschet/2021-09-16_13-50-14_UTC_2.jpg,Unknown,,,,,,Unknown,armin_laschet
221,b9d97946-70a2-4a7b-8844-17beeb7350fc,armin_laschet/2021-09-16_13-50-14_UTC_2.jpg,Unknown,,,,,,Unknown,armin_laschet
222,0cd219fe-0f79-4431-b7b3-adb2a895a6e4,armin_laschet/2021-09-16_13-50-14_UTC_2.jpg,Unknown,,,,,,Unknown,armin_laschet
223,1e19a944-ce54-4a50-af5f-1fb26ae46852,armin_laschet/2021-09-22_14-55-06_UTC_2.jpg,Unknown,,,,,,Unknown,armin_laschet
224,7c50af0d-d49f-4121-921b-173b16eb9a63,armin_laschet/2021-09-22_14-55-06_UTC_2.jpg,Unknown,,,,,,Unknown,armin_laschet
225,f0902030-6596-4e02-a702-9ac7c47c5e16,armin_laschet/2021-09-22_14-55-06_UTC_2.jpg,Unknown,,,,,,Unknown,armin_laschet
226,d4d4e4e0-f05f-47f5-8dc3-754335fd3e62,armin_laschet/2021-09-22_14-55-06_UTC_2.jpg,Unknown,,,,,,Unknown,armin_laschet
227,b57bfd65-c875-4f24-9273-ed43955386d2,armin_laschet/2021-09-22_14-55-06_UTC_2.jpg,Armin Laschet,,,,,,Unknown,armin_laschet
228,67c1b6e5-0143-4ab1-a00f-028ecc4fe865,armin_laschet/2021-09-18_19-12-07_UTC_5.jpg,Unknown,,,,,,Unknown,armin_laschet
229,356bf24d-d42d-4dac-9e3c-bda68e88021c,armin_laschet/2021-09-18_19-12-07_UTC_5.jpg,Unknown,,,,,,Unknown,armin_laschet
230,be4d0281-00f8-4c08-baf9-eb09fe94338b,armin_laschet/2021-09-18_19-12-07_UTC_5.jpg,Armin Laschet,5efa5b53-ada6-486e-8b66-4c6330a71ea7.png,0.6251140746648147,Facenet512,euclidean_l2,40.0,Armin Laschet,armin_laschet
231,f0572adc-11de-4c14-92d5-74519881dfec,armin_laschet/2021-09-18_19-12-07_UTC_5.jpg,Unknown,,,,,,Unknown,armin_laschet
232,15b922fd-28b1-4173-80f0-e3e330e30030,armin_laschet/2021-09-18_19-12-07_UTC_5.jpg,Unknown,,,,,,Unknown,armin_laschet
233,07e31bd0-af9f-4f55-add2-61bd627f7380,armin_laschet/2021-09-18_19-12-07_UTC_5.jpg,Unknown,,,,,,Unknown,armin_laschet
234,98766a9a-21c8-44d8-8cca-2d30a1d19195,armin_laschet/2021-09-18_19-12-07_UTC_5.jpg,Unknown,,,,,,Unknown,armin_laschet
235,28fe59b4-68d2-4f47-8678-3391d339074b,armin_laschet/2021-09-18_19-12-07_UTC_5.jpg,Unknown,9c3a43b8-03a7-453c-a980-1c4523abd5f3.png,0.8274689194908686,Facenet512,euclidean_l2,34.0,Armin Laschet,armin_laschet
236,cfdd4909-84ff-4364-95ed-e477c472ac66,armin_laschet/2021-09-18_19-12-07_UTC_5.jpg,Unknown,,,,,,Unknown,armin_laschet
237,ba69017f-3f42-4512-9cad-7adcc7f9e4bc,armin_laschet/2021-09-21_05-10-21_UTC_2.jpg,Armin Laschet,1f347af9-a36f-4727-923b-4c1a1e934ab9.png,0.7069435275520987,Facenet512,euclidean_l2,40.0,Armin Laschet,armin_laschet
238,2e7dc2ea-8b1b-4bd1-8d04-a021bc15e1c3,armin_laschet/2021-09-21_05-10-21_UTC_2.jpg,Unknown,,,,,,Unknown,armin_laschet
239,221235a9-a24b-4a52-8298-4bd42d15625a,robert.habeck/2021-09-22_08-19-21_UTC_4.jpg,Unknown,,,,,,Unknown,robert.habeck
240,59a592d8-bb4b-41d4-8e2a-51b51a047106,robert.habeck/2021-09-22_08-19-21_UTC_4.jpg,Unknown,,,,,,Unknown,robert.habeck
241,74e29139-a747-4e3c-ab3f-f1ee09dd12a2,robert.habeck/2021-09-19_15-16-41_UTC_1.jpg,Unknown,,,,,,Unknown,robert.habeck
242,92a2f7a1-717a-4010-8558-a737c16f62d6,robert.habeck/2021-09-19_15-16-41_UTC_1.jpg,Unknown,,,,,,Unknown,robert.habeck
243,16c3d1ec-31e0-4e8e-a424-a99d4a67f261,robert.habeck/2021-09-19_15-16-41_UTC_1.jpg,Robert Habeck,,,,,,Unknown,robert.habeck
244,580712b1-bb0b-4efa-a431-75fb0fa7322a,robert.habeck/2021-09-19_15-16-41_UTC_1.jpg,Unknown,,,,,,Unknown,robert.habeck
245,53f700f8-534c-4aef-b571-4abbe5e2b737,robert.habeck/2021-09-19_15-16-41_UTC_1.jpg,Unknown,,,,,,Unknown,robert.habeck
246,d4050e0f-5ddf-484c-a48e-0d9525f43e2a,robert.habeck/2021-09-19_15-16-41_UTC_1.jpg,Unknown,,,,,,Unknown,robert.habeck
247,71e1cfd0-6acf-479c-bdb3-c68864c4fdcf,robert.habeck/2021-09-19_15-16-41_UTC_1.jpg,Unknown,,,,,,Unknown,robert.habeck
248,5cd83dc0-5306-4d43-aaab-2f22d262dcd7,robert.habeck/2021-09-19_15-16-41_UTC_1.jpg,Unknown,,,,,,Unknown,robert.habeck
249,55beb75e-32e5-48bd-8e6a-2427f0a46adc,robert.habeck/2021-09-19_15-16-41_UTC_1.jpg,Unknown,,,,,,Unknown,robert.habeck
250,55628daa-21c7-4036-aaec-bd68474bd1d9,robert.habeck/2021-09-19_15-16-41_UTC_1.jpg,Unknown,,,,,,Unknown,robert.habeck
251,9cae3448-faea-42e4-8437-fbe0a8a5aa4e,robert.habeck/2021-09-19_15-16-41_UTC_1.jpg,Unknown,,,,,,Unknown,robert.habeck
252,f33da9ba-53c1-448e-b265-282ab5f68ea0,robert.habeck/2021-09-19_15-16-41_UTC_1.jpg,Unknown,,,,,,Unknown,robert.habeck
253,4f04e2bc-f4e6-447f-ab2b-0a9fb9fbf04a,robert.habeck/2021-09-26_18-24-46_UTC.jpg,Robert Habeck,,,,,,Unknown,robert.habeck
254,4d826a22-58a4-4211-9722-58c5c688ec78,robert.habeck/2021-09-25_07-38-35_UTC.jpg,Robert Habeck,,,,,,Unknown,robert.habeck
255,19fd937e-a3de-4f2b-b5d2-37658f099327,robert.habeck/2021-09-16_20-45-40_UTC_6.jpg,Robert Habeck,,,,,,Unknown,robert.habeck
256,e2d7f9d8-3992-4ee8-bd4c-59f2d997b0a0,robert.habeck/2021-09-16_20-45-40_UTC_6.jpg,Unknown,,,,,,Unknown,robert.habeck
257,48d7178e-8c87-4462-ac3e-2bb142c44ea0,robert.habeck/2021-09-23_09-08-52_UTC_7.jpg,Unknown,,,,,,Unknown,robert.habeck
258,c88e28ce-963a-4592-af62-1b972480c8ba,robert.habeck/2021-09-23_09-08-52_UTC_7.jpg,Robert Habeck,,,,,,Unknown,robert.habeck
259,dd28732f-a359-49eb-96e9-84acbe38491e,robert.habeck/2021-09-23_09-08-52_UTC_7.jpg,Unknown,,,,,,Unknown,robert.habeck
260,60983ed8-abc3-4fbd-9cd0-3634f790ce45,robert.habeck/2021-09-23_09-08-52_UTC_7.jpg,Unknown,,,,,,Unknown,robert.habeck
261,53b99344-9087-422c-a385-01245fc572c7,robert.habeck/2021-09-23_09-08-52_UTC_7.jpg,Unknown,,,,,,Unknown,robert.habeck
262,60190bbe-b512-4b1f-b763-b2374f5978de,robert.habeck/2021-09-23_09-08-52_UTC_7.jpg,Unknown,,,,,,Unknown,robert.habeck
263,d3a60ad7-9dec-4958-adfd-fbedd01979ef,robert.habeck/2021-09-23_09-08-52_UTC_7.jpg,Unknown,,,,,,Unknown,robert.habeck
264,91bdc3bd-1d80-4de8-b306-f5b8ec1df083,robert.habeck/2021-09-23_09-08-52_UTC_7.jpg,Unknown,,,,,,Unknown,robert.habeck
265,252da8cb-d8bd-417b-b6bc-c1c326755231,robert.habeck/2021-09-25_09-39-33_UTC.jpg,Robert Habeck,,,,,,Unknown,robert.habeck
266,e444d004-9e8b-4b06-9ac2-8c66b8b86c17,robert.habeck/2021-09-19_15-16-41_UTC_4.jpg,Annalena Baerbock,,,,,,Unknown,robert.habeck
267,b4b0aaed-fd6d-46bc-bb34-543771366a7b,robert.habeck/2021-09-19_15-16-41_UTC_4.jpg,Unknown,,,,,,Unknown,robert.habeck
268,43e69564-f351-401a-b87b-d4d5fd658a68,robert.habeck/2021-09-19_15-16-41_UTC_4.jpg,Unknown,,,,,,Unknown,robert.habeck
269,0266d187-719d-4651-90bb-f0522cb87354,robert.habeck/2021-09-19_15-16-41_UTC_4.jpg,Unknown,,,,,,Unknown,robert.habeck
270,481c862d-6cf6-407a-afd6-5ca4b932c4a3,robert.habeck/2021-09-19_15-16-41_UTC_4.jpg,Robert Habeck,,,,,,Unknown,robert.habeck
271,3fa768fb-1088-4cfd-962d-40fd7bba60a1,robert.habeck/2021-09-19_15-16-41_UTC_4.jpg,Unknown,,,,,,Unknown,robert.habeck
272,6309f837-9604-4834-92c5-72c7e678ba12,robert.habeck/2021-09-20_12-57-03_UTC.jpg,Robert Habeck,,,,,,Unknown,robert.habeck
273,8d0f9f4a-ffc2-4b48-97ad-169a4b943f12,robert.habeck/2021-09-21_07-27-48_UTC_7.jpg,Unknown,,,,,,Unknown,robert.habeck
274,54df6d89-84e5-4731-9850-e23c703733f9,armin_laschet/2021-09-12_20-45-47_UTC.jpg,Armin Laschet,f891fb5e-737c-4bf0-9c55-824f2cdff348.png,0.4398106813243635,Facenet512,euclidean_l2,40.0,Armin Laschet,armin_laschet
275,9a0c73de-6704-4a70-9304-b9c1c1d33952,robert.habeck/2021-09-18_06-07-12_UTC_1.jpg,Robert Habeck,,,,,,Unknown,robert.habeck
276,c32c34ed-42c8-4dcc-9d4a-1f7ae8978a18,robert.habeck/2021-09-15_08-15-16_UTC_2.jpg,Robert Habeck,,,,,,Unknown,robert.habeck
277,16078599-90f9-48cc-ba5b-741d355b0654,robert.habeck/2021-09-15_08-15-16_UTC_2.jpg,Unknown,,,,,,Unknown,robert.habeck
278,1412f745-36a8-48a5-bc6b-9ae46d73fce5,robert.habeck/2021-09-15_08-15-16_UTC_2.jpg,Unknown,,,,,,Unknown,robert.habeck
279,3e0d7373-87f5-4649-8eb3-175b52ba8422,robert.habeck/2021-09-15_08-15-16_UTC_2.jpg,Unknown,,,,,,Unknown,robert.habeck
280,d344c41d-31e2-46ef-9adb-186cd96760f8,robert.habeck/2021-09-15_08-15-16_UTC_2.jpg,Unknown,,,,,,Unknown,robert.habeck
281,49624413-4f06-4d77-90e8-4bfc0a52f6ff,robert.habeck/2021-09-15_08-15-16_UTC_2.jpg,Robert Habeck,,,,,,Unknown,robert.habeck
282,03dc5786-6ddc-4d8e-92fc-345037e2249f,robert.habeck/2021-09-16_20-45-40_UTC_2.jpg,Robert Habeck,,,,,,Unknown,robert.habeck
283,61118006-2c55-459b-9915-e61bd0d413b7,robert.habeck/2021-09-16_20-45-40_UTC_2.jpg,Unknown,,,,,,Unknown,robert.habeck
284,f3896772-c9b2-4dd2-b221-aae4c28f1dbc,robert.habeck/2021-09-18_06-07-12_UTC_4.jpg,Robert Habeck,,,,,,Unknown,robert.habeck
285,16d02727-1d69-4953-aff6-cb8aa949a267,robert.habeck/2021-09-18_06-07-12_UTC_4.jpg,Unknown,,,,,,Unknown,robert.habeck
286,08dfe450-9246-41e0-a609-c379e5206665,robert.habeck/2021-09-15_19-03-35_UTC_5.jpg,Unknown,,,,,,Unknown,robert.habeck
287,e3b45e7c-48fc-48f4-9d74-d2b11bf3a10f,robert.habeck/2021-09-15_19-03-35_UTC_5.jpg,Unknown,,,,,,Unknown,robert.habeck
288,4d531ae0-a620-4e57-b883-e4707734209a,robert.habeck/2021-09-18_06-07-12_UTC_5.jpg,Unknown,,,,,,Unknown,robert.habeck
289,c12f7f41-b9da-4ae2-b0bf-1c2853f4eb89,robert.habeck/2021-09-12_14-21-03_UTC.jpg,Unknown,,,,,,Unknown,robert.habeck
290,0c8db1bf-7481-4424-ac1e-ca767aa1d485,robert.habeck/2021-09-12_14-21-03_UTC.jpg,Unknown,,,,,,Unknown,robert.habeck
291,2700bcb3-971e-4a1a-b2e3-8bef84f3bbad,robert.habeck/2021-09-12_14-21-03_UTC.jpg,Unknown,,,,,,Unknown,robert.habeck
292,945181c9-2553-41e5-88fe-cd630f2abf4c,robert.habeck/2021-09-12_14-21-03_UTC.jpg,Unknown,,,,,,Unknown,robert.habeck
293,dcf3a3d6-17c0-4dab-9603-aee3ca186444,robert.habeck/2021-09-12_14-21-03_UTC.jpg,Unknown,,,,,,Unknown,robert.habeck
294,9fe84773-ad1a-4cc2-a147-1fcfd41a0c0a,robert.habeck/2021-09-12_14-21-03_UTC.jpg,Unknown,,,,,,Unknown,robert.habeck
295,71b2c2a8-c9eb-48ba-a37c-e13209907e7f,robert.habeck/2021-09-12_14-21-03_UTC.jpg,Unknown,,,,,,Unknown,robert.habeck
296,f584edc9-2ee8-4c3c-a8e0-f2b6fb6cbd00,robert.habeck/2021-09-12_14-21-03_UTC.jpg,Unknown,,,,,,Unknown,robert.habeck
297,dbbcc5f4-bd8b-4ca9-b2a2-26a7926f692a,robert.habeck/2021-09-12_14-21-03_UTC.jpg,Unknown,,,,,,Unknown,robert.habeck
298,b7dc1d37-6f27-4541-8285-cb300009ff81,robert.habeck/2021-09-12_14-21-03_UTC.jpg,Unknown,,,,,,Unknown,robert.habeck
299,e85055b5-f5d2-4203-93f0-c316c2d869eb,robert.habeck/2021-09-12_14-21-03_UTC.jpg,Unknown,,,,,,Unknown,robert.habeck
300,dfa4549a-a88c-4e2d-a966-89034c3b3554,robert.habeck/2021-09-12_14-21-03_UTC.jpg,Unknown,,,,,,Unknown,robert.habeck
301,53144ca4-a069-49e8-8bf1-6244c42a7248,robert.habeck/2021-09-12_14-21-03_UTC.jpg,Unknown,,,,,,Unknown,robert.habeck
302,56417b7f-7b27-4308-85ef-bd31024c6af1,robert.habeck/2021-09-12_14-21-03_UTC.jpg,Unknown,,,,,,Unknown,robert.habeck
303,3207811c-00d3-4afc-ae45-7c004f11d1ab,robert.habeck/2021-09-12_14-21-03_UTC.jpg,Unknown,,,,,,Unknown,robert.habeck
304,7e013c55-d5ca-4b40-8293-5aa47db41f26,robert.habeck/2021-09-12_14-21-03_UTC.jpg,Unknown,,,,,,Unknown,robert.habeck
305,ffb82232-ec92-484c-959c-a59275a7b691,robert.habeck/2021-09-12_14-21-03_UTC.jpg,Unknown,,,,,,Unknown,robert.habeck
306,b0415576-2984-4bdd-9105-afc7a6126aee,robert.habeck/2021-09-26_06-01-03_UTC.jpg,Robert Habeck,,,,,,Unknown,robert.habeck
307,9955a8ce-d9e3-473e-99cd-08dd58799988,robert.habeck/2021-09-16_10-06-22_UTC_7.jpg,Unknown,,,,,,Unknown,robert.habeck
308,9222be9e-978f-4015-b891-a66bf0e88104,robert.habeck/2021-09-16_10-06-22_UTC_7.jpg,Unknown,,,,,,Unknown,robert.habeck
309,d6946f13-622e-42a1-b2aa-bb4c9a333fbd,robert.habeck/2021-09-16_10-06-22_UTC_7.jpg,Unknown,,,,,,Unknown,robert.habeck
310,0fe9a67a-0913-4dc0-abb3-cd6771178963,robert.habeck/2021-09-16_20-45-40_UTC_5.jpg,Unknown,,,,,,Unknown,robert.habeck
311,66233301-869a-4cdd-8f45-6cee9b6196ad,robert.habeck/2021-09-16_20-45-40_UTC_5.jpg,Unknown,,,,,,Unknown,robert.habeck
312,a81f33c1-08be-4515-88d9-b17c09a8b6c6,robert.habeck/2021-09-16_20-45-40_UTC_5.jpg,Unknown,,,,,,Unknown,robert.habeck
313,506b3d0d-e273-4df6-be68-c59596cc4bbb,robert.habeck/2021-09-16_20-45-40_UTC_5.jpg,Unknown,,,,,,Unknown,robert.habeck
314,95ad1ac2-9071-49ff-9400-0d6351ac63ed,robert.habeck/2021-09-16_20-45-40_UTC_5.jpg,Unknown,,,,,,Unknown,robert.habeck
315,48b10a53-af71-48a1-9438-aae278dd3c6b,robert.habeck/2021-09-16_20-45-40_UTC_5.jpg,Unknown,,,,,,Unknown,robert.habeck
316,ee75ce93-bfd2-496a-9fab-5b55b32c4a04,robert.habeck/2021-09-16_20-45-40_UTC_5.jpg,Unknown,,,,,,Unknown,robert.habeck
317,ac4902cf-dd09-4d04-8ee5-d9a291a182ee,robert.habeck/2021-09-16_20-45-40_UTC_5.jpg,Unknown,,,,,,Unknown,robert.habeck
318,63b1fd56-abc2-45ef-837b-6dd253128d58,robert.habeck/2021-09-16_20-45-40_UTC_5.jpg,Unknown,,,,,,Unknown,robert.habeck
319,36ecc063-f524-4897-a052-93a1f933a4b7,robert.habeck/2021-09-16_20-45-40_UTC_5.jpg,Unknown,,,,,,Unknown,robert.habeck
320,78588439-8c41-4bb9-9183-cdb9b337055b,robert.habeck/2021-09-16_20-45-40_UTC_5.jpg,Unknown,,,,,,Unknown,robert.habeck
321,b78769fb-7a0e-4308-ba30-f23b894ea683,robert.habeck/2021-09-16_20-45-40_UTC_5.jpg,Unknown,,,,,,Unknown,robert.habeck
322,904311e6-8cea-4691-90f3-6edb15c29adc,robert.habeck/2021-09-16_20-45-40_UTC_5.jpg,Unknown,,,,,,Unknown,robert.habeck
323,abcaf3f0-9b0f-415a-a43e-2a975376d335,robert.habeck/2021-09-16_20-45-40_UTC_5.jpg,Unknown,,,,,,Unknown,robert.habeck
324,f7bf290f-3f59-49a2-a040-27498332cd09,robert.habeck/2021-09-16_20-45-40_UTC_5.jpg,Unknown,,,,,,Unknown,robert.habeck
325,dacb6d50-7528-4fbd-b8af-ad6c593ce315,robert.habeck/2021-09-16_20-45-40_UTC_5.jpg,Unknown,,,,,,Unknown,robert.habeck
326,8ef00108-e08f-43a1-9b36-4f6e40ba4692,robert.habeck/2021-09-16_20-45-40_UTC_5.jpg,Unknown,,,,,,Unknown,robert.habeck
327,bb101227-1416-4fc3-864b-4695cc7e0c70,armin_laschet/2021-09-17_12-59-07_UTC_3.jpg,Unknown,,,,,,Unknown,armin_laschet
328,9ac13a82-29a2-4675-95ef-4a53ed72b357,armin_laschet/2021-09-17_12-59-07_UTC_3.jpg,Unknown,,,,,,Unknown,armin_laschet
329,c6bf703f-3831-4ee0-8fe6-cc5c645bbbf5,armin_laschet/2021-09-17_12-59-07_UTC_3.jpg,Unknown,,,,,,Unknown,armin_laschet
330,5d758045-d889-473b-8842-ffdb8d9f5b03,armin_laschet/2021-09-17_12-59-07_UTC_3.jpg,Unknown,,,,,,Unknown,armin_laschet
331,93215f27-0971-49f2-80a7-fc0da0d96cde,armin_laschet/2021-09-17_12-59-07_UTC_3.jpg,Unknown,,,,,,Unknown,armin_laschet
332,a6118aec-42e5-4aaa-a0bf-c6a1053fb182,armin_laschet/2021-09-17_12-59-07_UTC_3.jpg,Armin Laschet,80b6f539-47d0-408e-8a0b-aadcffe513a5.png,0.7137723344736928,Facenet512,euclidean_l2,40.0,Armin Laschet,armin_laschet
333,8c589de3-9d84-4566-9a70-cacde1f55f4b,armin_laschet/2021-09-17_12-59-07_UTC_3.jpg,Unknown,,,,,,Unknown,armin_laschet
334,b7101680-c286-41a7-9c8c-907600a286ea,armin_laschet/2021-09-17_12-59-07_UTC_3.jpg,Unknown,,,,,,Unknown,armin_laschet
335,e51a0894-dfa6-4147-90ad-e960c8ee7fee,armin_laschet/2021-09-17_12-59-07_UTC_3.jpg,Armin Laschet,9c3a43b8-03a7-453c-a980-1c4523abd5f3.png,0.4281164494473054,Facenet512,euclidean_l2,40.0,Armin Laschet,armin_laschet
336,d3d0d639-9465-47d1-95cd-6aaa7d55df38,armin_laschet/2021-09-17_12-59-07_UTC_3.jpg,Unknown,,,,,,Unknown,armin_laschet
337,ec1f2268-6991-4111-b75b-e429ef4471e9,armin_laschet/2021-09-17_12-59-07_UTC_3.jpg,Unknown,,,,,,Unknown,armin_laschet
338,2aa41f8f-3641-4798-a2af-74bf591f425b,armin_laschet/2021-09-17_12-59-07_UTC_3.jpg,Unknown,,,,,,Unknown,armin_laschet
339,1966ba64-cf12-4546-8fee-e8f9d5297408,armin_laschet/2021-09-17_12-59-07_UTC_3.jpg,Unknown,,,,,,Unknown,armin_laschet
340,d08251fa-74c2-4c9c-af74-495c1300645b,armin_laschet/2021-09-17_12-59-07_UTC_3.jpg,Unknown,,,,,,Unknown,armin_laschet
341,c415578a-82b6-4467-8b67-f1d70ec62de0,armin_laschet/2021-09-17_12-59-07_UTC_3.jpg,Unknown,,,,,,Unknown,armin_laschet
342,c3befd08-8f39-42af-b921-2b8141ad1b6d,armin_laschet/2021-09-17_12-59-07_UTC_3.jpg,Unknown,,,,,,Unknown,armin_laschet
343,eafb6e0b-ba67-4965-8749-30d9e49bccd3,robert.habeck/2021-09-21_07-27-48_UTC_8.jpg,Unknown,,,,,,Unknown,robert.habeck
344,76d87cb4-0d8e-4c96-835c-d134c5fd7a30,robert.habeck/2021-09-22_08-19-21_UTC_3.jpg,Unknown,,,,,,Unknown,robert.habeck
345,a394d8af-a32f-4097-b805-47ea09ac79a8,robert.habeck/2021-09-22_08-19-21_UTC_3.jpg,Unknown,,,,,,Unknown,robert.habeck
346,569f31b7-5216-446c-910d-231eec78ecb2,robert.habeck/2021-09-22_08-19-21_UTC_3.jpg,Robert Habeck,,,,,,Unknown,robert.habeck
347,12260549-217c-4ba5-8680-8f21030eaa59,robert.habeck/2021-09-22_08-19-21_UTC_3.jpg,Unknown,,,,,,Unknown,robert.habeck
348,efc8ee3c-4e09-421e-ae53-64ee9d8c718f,robert.habeck/2021-09-22_08-19-21_UTC_3.jpg,Unknown,,,,,,Unknown,robert.habeck
349,c90768d8-2697-4185-839d-2d580c860548,robert.habeck/2021-09-15_19-03-35_UTC_3.jpg,Unknown,,,,,,Unknown,robert.habeck
350,7f96e8a7-e2a5-4a49-a6a4-8ec4bf15387d,robert.habeck/2021-09-15_19-03-35_UTC_3.jpg,Robert Habeck,,,,,,Unknown,robert.habeck
351,b78acb45-5929-4077-9444-28109b82b16f,robert.habeck/2021-09-24_20-23-24_UTC_5.jpg,Unknown,,,,,,Unknown,robert.habeck
352,1a5ec4fb-48f8-4bd7-82c0-33ff85697023,robert.habeck/2021-09-24_20-23-24_UTC_5.jpg,Unknown,,,,,,Unknown,robert.habeck
353,6dd75809-7cca-4303-83d3-d56a684c421b,robert.habeck/2021-09-24_20-23-24_UTC_5.jpg,Unknown,,,,,,Unknown,robert.habeck
354,9a78f222-2d21-478f-9464-99c245d2ec38,robert.habeck/2021-09-18_06-07-12_UTC_6.jpg,Unknown,,,,,,Unknown,robert.habeck
355,9a3fa62c-f20b-4bb7-b21b-1ca908d8e51f,robert.habeck/2021-09-18_06-07-12_UTC_6.jpg,Annalena Baerbock,,,,,,Unknown,robert.habeck
356,a618d66e-d88b-4dba-92f3-d294535a658f,robert.habeck/2021-09-19_15-16-41_UTC_3.jpg,Robert Habeck,,,,,,Unknown,robert.habeck
357,3c9eb95f-b926-4a98-a521-9c54690eb58c,robert.habeck/2021-09-24_09-22-06_UTC_6.jpg,Unknown,,,,,,Unknown,robert.habeck
358,cb67db5c-e7df-4183-8ff7-a3220e251a46,robert.habeck/2021-09-24_09-22-06_UTC_6.jpg,Robert Habeck,,,,,,Unknown,robert.habeck
359,c611da3c-036c-40b1-bff6-2fb1b56778e0,robert.habeck/2021-09-23_09-08-52_UTC_4.jpg,Unknown,,,,,,Unknown,robert.habeck
360,05037530-d46e-41e5-94bf-bcb1ef63633e,robert.habeck/2021-09-23_09-08-52_UTC_4.jpg,Unknown,,,,,,Unknown,robert.habeck
361,f92f9772-f2ad-4fd1-a3d8-e82cd2baa123,robert.habeck/2021-09-23_09-08-52_UTC_4.jpg,Unknown,,,,,,Unknown,robert.habeck
362,af0ac364-42d8-47bd-aa6c-21f91547b787,robert.habeck/2021-09-23_09-08-52_UTC_4.jpg,Unknown,,,,,,Unknown,robert.habeck
363,bce5922c-5d7a-44ad-b7ca-8741f30e147a,robert.habeck/2021-09-23_09-08-52_UTC_4.jpg,Unknown,,,,,,Unknown,robert.habeck
364,ed98823d-42b7-4586-9bca-26f8d0a77487,robert.habeck/2021-09-23_09-08-52_UTC_4.jpg,Unknown,,,,,,Unknown,robert.habeck
365,98191ec0-0717-4b4f-96c4-6ae6f86b0d5b,robert.habeck/2021-09-23_09-08-52_UTC_4.jpg,Unknown,,,,,,Unknown,robert.habeck
366,7ae9559f-3048-4871-9919-e69b71e0ed37,robert.habeck/2021-09-23_09-08-52_UTC_4.jpg,Unknown,,,,,,Unknown,robert.habeck
367,e8bdbb7a-1eb4-4047-8b96-fa766812acd4,robert.habeck/2021-09-23_09-08-52_UTC_4.jpg,Unknown,,,,,,Unknown,robert.habeck
368,0344a4e9-a4e4-4d52-b964-ae9376b3fcf9,robert.habeck/2021-09-23_09-08-52_UTC_4.jpg,Unknown,,,,,,Unknown,robert.habeck
369,83bf2968-d12b-46c9-9707-b7386b523d94,robert.habeck/2021-09-16_10-06-22_UTC_2.jpg,Robert Habeck,,,,,,Unknown,robert.habeck
370,0810b70b-9520-49fd-8378-74a3eb9bcf1f,robert.habeck/2021-09-26_09-17-25_UTC.jpg,Robert Habeck,,,,,,Unknown,robert.habeck
371,71491959-63ea-4dfd-b698-a48fdbee8232,armin_laschet/2021-09-17_12-59-07_UTC_2.jpg,Unknown,,,,,,Unknown,armin_laschet
372,8d6dbbc2-1f74-458b-ba65-977780cf58b7,armin_laschet/2021-09-17_12-59-07_UTC_2.jpg,Armin Laschet,9c3a43b8-03a7-453c-a980-1c4523abd5f3.png,0.7089656181451153,Facenet512,euclidean_l2,40.0,Armin Laschet,armin_laschet
373,b28991de-0bfe-494c-b6dc-6ec05043bf2e,armin_laschet/2021-09-17_12-59-07_UTC_2.jpg,Unknown,,,,,,Unknown,armin_laschet
374,f17eb3d8-fb70-4e91-a6de-e8174dc1599c,armin_laschet/2021-09-17_12-59-07_UTC_2.jpg,Unknown,,,,,,Unknown,armin_laschet
375,ec2ffd65-8ced-4b72-a317-526e6b66348b,armin_laschet/2021-09-17_12-59-07_UTC_2.jpg,Unknown,,,,,,Unknown,armin_laschet
376,d189f405-1b7d-4f0c-8978-7df7c96be78e,armin_laschet/2021-09-17_12-59-07_UTC_2.jpg,Unknown,,,,,,Unknown,armin_laschet
377,e890214f-63e8-4ad3-9576-f679c0df1900,armin_laschet/2021-09-17_12-59-07_UTC_2.jpg,Unknown,,,,,,Unknown,armin_laschet
378,612f3f58-b8c7-4d72-810b-2d82ab4a537d,armin_laschet/2021-09-17_12-59-07_UTC_2.jpg,Unknown,,,,,,Unknown,armin_laschet
379,47c38c58-ab85-4a98-baf5-982f0f9f7b88,robert.habeck/2021-09-15_19-03-35_UTC_2.jpg,Unknown,,,,,,Unknown,robert.habeck
380,80f782a9-f579-4c65-bdbe-48fdc1737333,robert.habeck/2021-09-15_19-03-35_UTC_2.jpg,Unknown,,,,,,Unknown,robert.habeck
381,ec6d14f2-d609-4211-b2b1-8e83371d8714,robert.habeck/2021-09-15_19-03-35_UTC_2.jpg,Unknown,,,,,,Unknown,robert.habeck
382,456b226f-bfcb-4581-8a6a-b0912ca04833,robert.habeck/2021-09-15_19-03-35_UTC_2.jpg,Unknown,,,,,,Unknown,robert.habeck
383,84104243-8371-4fb8-ab6f-8d5c3794ded4,robert.habeck/2021-09-15_19-03-35_UTC_2.jpg,Unknown,,,,,,Unknown,robert.habeck
384,f3057f08-1dc4-4d5f-912b-505cf9239cb4,robert.habeck/2021-09-15_19-03-35_UTC_2.jpg,Unknown,,,,,,Unknown,robert.habeck
385,c4d2654f-be59-4206-a076-9d8590cffecf,robert.habeck/2021-09-15_19-03-35_UTC_2.jpg,Unknown,,,,,,Unknown,robert.habeck
386,28e79970-0a85-433e-a84e-21900c2a857b,robert.habeck/2021-09-15_19-03-35_UTC_2.jpg,Unknown,,,,,,Unknown,robert.habeck
387,2acc8eb4-aa92-4929-9f59-d8ffc7a3ee44,robert.habeck/2021-09-15_19-03-35_UTC_2.jpg,Unknown,,,,,,Unknown,robert.habeck
388,dfc237df-98b2-4c92-923f-cdb8ea991b46,robert.habeck/2021-09-15_19-03-35_UTC_2.jpg,Unknown,,,,,,Unknown,robert.habeck
389,dccb7696-24d3-49e3-9113-8f9291773e8b,robert.habeck/2021-09-15_19-03-35_UTC_2.jpg,Unknown,,,,,,Unknown,robert.habeck
390,cb283e83-17cc-4387-be21-5dbf94a2f445,robert.habeck/2021-09-15_19-03-35_UTC_2.jpg,Unknown,,,,,,Unknown,robert.habeck
391,9d0ae3ed-37d6-4dc1-b408-5290348e89d1,robert.habeck/2021-09-15_19-03-35_UTC_2.jpg,Unknown,,,,,,Unknown,robert.habeck
392,28f06602-6e82-47aa-a88b-5796d6b4c8e5,robert.habeck/2021-09-15_19-03-35_UTC_2.jpg,Unknown,,,,,,Unknown,robert.habeck
393,1fb5c6fe-b8d8-4a25-8fe4-e3c865d3667a,robert.habeck/2021-09-15_19-03-35_UTC_2.jpg,Unknown,,,,,,Unknown,robert.habeck
394,c0d2ff89-316b-4fc2-96ea-47a6722ec5d9,robert.habeck/2021-09-15_19-03-35_UTC_2.jpg,Unknown,,,,,,Unknown,robert.habeck
395,54aee259-8764-4d9c-accc-8959b1c24375,robert.habeck/2021-09-15_19-03-35_UTC_2.jpg,Unknown,,,,,,Unknown,robert.habeck
396,c149c971-a95b-4313-b01a-59e932f06067,robert.habeck/2021-09-15_19-03-35_UTC_2.jpg,Unknown,,,,,,Unknown,robert.habeck
397,f51ec567-3a02-4c5f-90c0-82a9bef55ee5,robert.habeck/2021-09-15_19-03-35_UTC_2.jpg,Unknown,,,,,,Unknown,robert.habeck
398,91d7bfab-e506-4d4e-8e14-ac4b44b3259e,robert.habeck/2021-09-15_19-03-35_UTC_2.jpg,Unknown,,,,,,Unknown,robert.habeck
399,21f2d931-8503-46b2-b88c-2a64e8babc4d,robert.habeck/2021-09-15_19-03-35_UTC_2.jpg,Unknown,,,,,,Unknown,robert.habeck
400,39344f29-c202-412f-9794-c664e827db18,robert.habeck/2021-09-15_19-03-35_UTC_2.jpg,Unknown,,,,,,Unknown,robert.habeck
401,c54bd3a5-a95a-45c8-9f05-890121a194d0,robert.habeck/2021-09-15_19-03-35_UTC_2.jpg,Unknown,,,,,,Unknown,robert.habeck
402,741cca89-fa9a-4534-9042-f199728cd679,robert.habeck/2021-09-15_19-03-35_UTC_2.jpg,Unknown,,,,,,Unknown,robert.habeck
403,03524f7a-59fa-410f-9a38-7248ec00933e,robert.habeck/2021-09-15_19-03-35_UTC_2.jpg,Unknown,,,,,,Unknown,robert.habeck
404,70f235d4-d685-4625-9300-0820b374aaa0,robert.habeck/2021-09-15_19-03-35_UTC_2.jpg,Unknown,,,,,,Unknown,robert.habeck
405,33a031ad-68d8-46e2-b51a-963cbcc31631,robert.habeck/2021-09-15_19-03-35_UTC_2.jpg,Unknown,,,,,,Unknown,robert.habeck
406,4a05634f-dfb0-49b8-af5c-40c5f576dc8e,robert.habeck/2021-09-15_19-03-35_UTC_2.jpg,Unknown,,,,,,Unknown,robert.habeck
407,3b627840-a2ff-4b6c-b7e3-68a15086340d,robert.habeck/2021-09-15_19-03-35_UTC_2.jpg,Unknown,,,,,,Unknown,robert.habeck
408,3938b9b2-3e18-42eb-975f-d13f5d216567,robert.habeck/2021-09-15_19-03-35_UTC_2.jpg,Unknown,,,,,,Unknown,robert.habeck
409,3343aadb-b2c5-4539-afcb-ffb1f7252b56,robert.habeck/2021-09-15_19-03-35_UTC_2.jpg,Unknown,,,,,,Unknown,robert.habeck
410,f1cfcd70-6f54-4cfe-a7b1-335b58ac847d,robert.habeck/2021-09-15_19-03-35_UTC_2.jpg,Unknown,,,,,,Unknown,robert.habeck
411,0a59124c-93c6-4102-aa27-46b89d585fa9,robert.habeck/2021-09-15_19-03-35_UTC_2.jpg,Unknown,,,,,,Unknown,robert.habeck
412,4ec3874e-0a92-4172-b5f1-49a435a9074d,robert.habeck/2021-09-15_19-03-35_UTC_2.jpg,Unknown,,,,,,Unknown,robert.habeck
413,8e4c38f3-f0bf-402e-83f7-f70df33552c7,robert.habeck/2021-09-15_19-03-35_UTC_2.jpg,Unknown,,,,,,Unknown,robert.habeck
414,e41e26ac-e6b2-4853-a91b-395a54a0cc85,robert.habeck/2021-09-15_19-03-35_UTC_2.jpg,Unknown,,,,,,Unknown,robert.habeck
415,ced10289-e303-46ba-9600-e3d1915ab232,robert.habeck/2021-09-15_19-03-35_UTC_2.jpg,Unknown,,,,,,Unknown,robert.habeck
416,1a7618ad-972b-4921-9193-56ab0ad735a3,robert.habeck/2021-09-15_19-03-35_UTC_2.jpg,Unknown,,,,,,Unknown,robert.habeck
417,b25435c1-e0ee-44c9-8765-45f9d75a00e3,robert.habeck/2021-09-24_20-23-24_UTC_6.jpg,Robert Habeck,,,,,,Unknown,robert.habeck
418,f178c0bd-e27c-483b-8382-39a6dbe23d68,robert.habeck/2021-09-24_20-23-24_UTC_6.jpg,Unknown,,,,,,Unknown,robert.habeck
419,9e52b97e-b3b6-4b27-8fd8-8ce4a594e5eb,robert.habeck/2021-09-24_20-23-24_UTC_6.jpg,Unknown,,,,,,Unknown,robert.habeck
420,3aeddcf3-2541-4154-8451-51d3e209aa93,robert.habeck/2021-09-24_20-23-24_UTC_6.jpg,Unknown,,,,,,Unknown,robert.habeck
421,d6f8655e-1926-47ce-98dd-8eede704bc4b,robert.habeck/2021-09-23_09-08-52_UTC_1.jpg,Unknown,,,,,,Unknown,robert.habeck
422,8d1d9540-9e8f-4f95-a71d-c17738e7e779,robert.habeck/2021-09-23_09-08-52_UTC_1.jpg,Unknown,,,,,,Unknown,robert.habeck
423,f0ad2bb4-82a6-43e3-90cc-8838ef4a7b5e,robert.habeck/2021-09-23_09-08-52_UTC_1.jpg,Unknown,,,,,,Unknown,robert.habeck
424,6fd6a3ff-5a40-4a1f-8215-d97feedd1421,robert.habeck/2021-09-23_09-08-52_UTC_1.jpg,Robert Habeck,,,,,,Unknown,robert.habeck
425,d8ec7754-c45e-4548-96f0-caad2675fbcd,robert.habeck/2021-09-23_09-08-52_UTC_1.jpg,Unknown,,,,,,Unknown,robert.habeck
426,504102c6-4b71-4f14-b717-ddd118ed4c64,robert.habeck/2021-09-23_09-08-52_UTC_1.jpg,Unknown,,,,,,Unknown,robert.habeck
427,63fdbec9-acae-40bb-8a87-9552c47b55a1,robert.habeck/2021-09-23_09-08-52_UTC_1.jpg,Unknown,,,,,,Unknown,robert.habeck
428,85f6d57c-f1fa-454e-8a93-35575db548bf,robert.habeck/2021-09-23_09-08-52_UTC_1.jpg,Unknown,,,,,,Unknown,robert.habeck
429,2d790650-9172-4662-a21c-9797eac8bf64,robert.habeck/2021-09-23_09-08-52_UTC_1.jpg,Unknown,,,,,,Unknown,robert.habeck
430,9e45a24f-a29e-456a-8561-7cf2b1d9425d,robert.habeck/2021-09-23_09-08-52_UTC_1.jpg,Unknown,,,,,,Unknown,robert.habeck
431,053f3d19-53b8-41d0-abd2-47b898fe4116,robert.habeck/2021-09-23_09-08-52_UTC_1.jpg,Unknown,,,,,,Unknown,robert.habeck
432,5de084f4-9f48-46c7-9395-3457713e3da0,robert.habeck/2021-09-23_09-08-52_UTC_1.jpg,Unknown,,,,,,Unknown,robert.habeck
433,f402efd1-824b-47ea-8ede-f7f5512a615f,robert.habeck/2021-09-23_09-08-52_UTC_1.jpg,Unknown,,,,,,Unknown,robert.habeck
434,2d30ffc5-163b-40c4-8006-a90f3206e12a,robert.habeck/2021-09-23_09-08-52_UTC_1.jpg,Unknown,,,,,,Unknown,robert.habeck
435,3d13d791-7f9f-4a79-ba49-9adb912fc113,robert.habeck/2021-09-23_09-08-52_UTC_1.jpg,Unknown,,,,,,Unknown,robert.habeck
436,b48ac420-152f-4c28-b4a2-465adcddabd9,robert.habeck/2021-09-23_09-08-52_UTC_1.jpg,Unknown,,,,,,Unknown,robert.habeck
437,2e6cb75d-a2a2-4326-b1ca-7538db837d75,robert.habeck/2021-09-24_09-22-06_UTC_4.jpg,Robert Habeck,,,,,,Unknown,robert.habeck
438,a73a8f38-aebd-4879-a15a-bf9b884a83b1,robert.habeck/2021-09-24_09-22-06_UTC_4.jpg,Unknown,,,,,,Unknown,robert.habeck
439,8aa93729-f346-40d0-935a-743cd452f832,robert.habeck/2021-09-24_09-22-06_UTC_4.jpg,Unknown,,,,,,Unknown,robert.habeck
440,c2ef17a4-8975-4ddc-961f-7d87dc2fcd7b,robert.habeck/2021-09-24_20-23-24_UTC_2.jpg,Unknown,,,,,,Unknown,robert.habeck
441,3aef0f5c-425e-4fef-9581-3538dc032070,robert.habeck/2021-09-24_20-23-24_UTC_2.jpg,Unknown,,,,,,Unknown,robert.habeck
442,87da0c0a-7b3b-4cc9-a34c-3f7fcd5bd487,robert.habeck/2021-09-24_20-23-24_UTC_2.jpg,Unknown,,,,,,Unknown,robert.habeck
443,a86eccd2-e6b2-41bc-80d0-4268bacb0c59,robert.habeck/2021-09-24_20-23-24_UTC_2.jpg,Unknown,,,,,,Unknown,robert.habeck
444,8103b2fd-09bd-4c96-8a18-fdb92db1573f,robert.habeck/2021-09-24_20-23-24_UTC_2.jpg,Unknown,,,,,,Unknown,robert.habeck
445,0a642be2-0024-428e-b986-8ffabe7f2742,robert.habeck/2021-09-24_20-23-24_UTC_2.jpg,Unknown,,,,,,Unknown,robert.habeck
446,42355f61-041c-43e6-975a-3db30bfe972a,robert.habeck/2021-09-24_20-23-24_UTC_2.jpg,Unknown,,,,,,Unknown,robert.habeck
447,a1bdc92e-9bb6-4065-9144-43d47a2dc4c5,robert.habeck/2021-09-24_20-23-24_UTC_2.jpg,Unknown,,,,,,Unknown,robert.habeck
448,536d653f-13b5-441b-8aa3-e5c3f8e96f5b,robert.habeck/2021-09-24_20-23-24_UTC_2.jpg,Unknown,,,,,,Unknown,robert.habeck
449,6466f2d2-268f-4149-9168-3adb7c7e0f49,robert.habeck/2021-09-24_20-23-24_UTC_2.jpg,Unknown,,,,,,Unknown,robert.habeck
450,67025b5f-47e3-49b9-a653-8e5dfabd58df,robert.habeck/2021-09-24_20-23-24_UTC_2.jpg,Unknown,,,,,,Unknown,robert.habeck
451,c6e0efbf-3059-43c7-89e7-7bdf6d92ce91,robert.habeck/2021-09-24_20-23-24_UTC_2.jpg,Unknown,,,,,,Unknown,robert.habeck
452,cdef213a-a5b5-43e2-88c9-91642911b0b8,robert.habeck/2021-09-24_20-23-24_UTC_2.jpg,Unknown,,,,,,Unknown,robert.habeck
453,2b5f914e-901f-4482-a8e6-f1e039d2d9e7,robert.habeck/2021-09-24_20-23-24_UTC_2.jpg,Unknown,,,,,,Unknown,robert.habeck
454,27401fdc-6ae2-4611-9c71-21b7f793f8c9,robert.habeck/2021-09-24_20-23-24_UTC_2.jpg,Unknown,,,,,,Unknown,robert.habeck
455,00f068d3-9fc5-47c7-a854-e4c7a0ad9dff,robert.habeck/2021-09-24_20-23-24_UTC_2.jpg,Unknown,,,,,,Unknown,robert.habeck
456,1dd777c6-38cc-49a9-b352-1c9f28b62525,robert.habeck/2021-09-24_20-23-24_UTC_2.jpg,Unknown,,,,,,Unknown,robert.habeck
457,aee28061-0c7c-4fa0-8dbc-286321e3b710,robert.habeck/2021-09-24_20-23-24_UTC_2.jpg,Unknown,,,,,,Unknown,robert.habeck
458,ad9a8d79-22cc-4568-bd0a-864d8841fd8d,robert.habeck/2021-09-24_20-23-24_UTC_2.jpg,Unknown,,,,,,Unknown,robert.habeck
459,f8e78bb5-1b75-49d3-a853-06e1d196c2de,robert.habeck/2021-09-24_20-23-24_UTC_2.jpg,Unknown,,,,,,Unknown,robert.habeck
460,736faeae-0f9e-4619-b68b-ead6dcf98b6f,robert.habeck/2021-09-24_20-23-24_UTC_2.jpg,Unknown,,,,,,Unknown,robert.habeck
461,88ba3e83-4ed5-4af1-8a6b-e00bd5312ce4,robert.habeck/2021-09-24_20-23-24_UTC_2.jpg,Unknown,,,,,,Unknown,robert.habeck
462,698d7116-c6f2-4818-bfc8-78fbdbe38535,robert.habeck/2021-09-24_20-23-24_UTC_2.jpg,Unknown,,,,,,Unknown,robert.habeck
463,89eef53a-a6db-41b2-b441-082ceefaf70f,robert.habeck/2021-09-24_20-23-24_UTC_2.jpg,Unknown,,,,,,Unknown,robert.habeck
464,eb80b649-4370-49d6-bef8-2dc20e133e59,robert.habeck/2021-09-24_20-23-24_UTC_2.jpg,Unknown,,,,,,Unknown,robert.habeck
465,4d3cac2e-6ead-4bf9-b224-81688d6046c5,robert.habeck/2021-09-24_20-23-24_UTC_2.jpg,Unknown,,,,,,Unknown,robert.habeck
466,4ba914bb-d3a1-452f-b4e8-3d40e47c50b4,robert.habeck/2021-09-24_20-23-24_UTC_2.jpg,Unknown,,,,,,Unknown,robert.habeck
467,140582a1-a5c5-4768-a676-4d010045eaaf,robert.habeck/2021-09-24_20-23-24_UTC_2.jpg,Unknown,,,,,,Unknown,robert.habeck
468,a7aad748-85d8-4089-977b-a5c8045ad742,robert.habeck/2021-09-24_20-23-24_UTC_2.jpg,Unknown,,,,,,Unknown,robert.habeck
469,5f81bc56-b6bb-4740-a41f-7c01316c4037,robert.habeck/2021-09-24_20-23-24_UTC_2.jpg,Unknown,,,,,,Unknown,robert.habeck
470,e5ffab07-b0ef-430b-a190-6f31dabb1c92,robert.habeck/2021-09-24_20-23-24_UTC_2.jpg,Unknown,,,,,,Unknown,robert.habeck
471,47e7d597-9b3e-416c-ba9b-c7069c6f9201,robert.habeck/2021-09-24_20-23-24_UTC_2.jpg,Unknown,,,,,,Unknown,robert.habeck
472,50998cbf-0e68-4f29-b5ae-03ed118dd964,robert.habeck/2021-09-24_20-23-24_UTC_2.jpg,Unknown,,,,,,Unknown,robert.habeck
473,fa4c9bcb-bd6d-4190-b924-3c3544951399,robert.habeck/2021-09-24_20-23-24_UTC_2.jpg,Unknown,,,,,,Unknown,robert.habeck
474,24a2a6d7-9120-4221-9ce4-fb68f0a53b96,robert.habeck/2021-09-24_20-23-24_UTC_2.jpg,Unknown,,,,,,Unknown,robert.habeck
475,42ffe342-3d90-4c33-b768-9e5fd5011e11,robert.habeck/2021-09-24_20-23-24_UTC_2.jpg,Unknown,,,,,,Unknown,robert.habeck
476,ee9a6b31-e356-4cd1-8caf-97c43e8210a6,robert.habeck/2021-09-24_20-23-24_UTC_2.jpg,Unknown,,,,,,Unknown,robert.habeck
477,ef64ed7e-51d5-448a-96ec-91fa0bf72f35,robert.habeck/2021-09-24_20-23-24_UTC_2.jpg,Unknown,,,,,,Unknown,robert.habeck
478,eebc888b-5657-4cfa-a5e5-bda69ef71fac,robert.habeck/2021-09-24_20-23-24_UTC_2.jpg,Unknown,,,,,,Unknown,robert.habeck
479,a23dc67e-860f-4f71-95ff-8c94a8a5e609,robert.habeck/2021-09-24_20-23-24_UTC_2.jpg,Unknown,,,,,,Unknown,robert.habeck
480,74710f8c-f625-4870-b4f8-6bc9f3fb0762,robert.habeck/2021-09-24_20-23-24_UTC_2.jpg,Unknown,,,,,,Unknown,robert.habeck
481,4aeb33c9-77da-4798-88fc-892cb4ced3ef,robert.habeck/2021-09-24_20-23-24_UTC_2.jpg,Unknown,,,,,,Unknown,robert.habeck
482,d14b23b2-b382-4dd0-ac6a-abb5f3c40f7a,robert.habeck/2021-09-24_20-23-24_UTC_2.jpg,Unknown,,,,,,Unknown,robert.habeck
483,1fd45263-aaf5-4f5c-b5ab-7379018dbfc3,robert.habeck/2021-09-24_20-23-24_UTC_2.jpg,Unknown,,,,,,Unknown,robert.habeck
484,c89194ee-f977-4342-b5c7-a58474b5fc42,robert.habeck/2021-09-24_20-23-24_UTC_2.jpg,Unknown,,,,,,Unknown,robert.habeck
485,641ad982-084a-4bd6-9cab-55886336ebbe,robert.habeck/2021-09-24_20-23-24_UTC_2.jpg,Unknown,,,,,,Unknown,robert.habeck
486,6d2b8c80-d954-4817-a4a8-8c32f2105e61,robert.habeck/2021-09-24_20-23-24_UTC_2.jpg,Unknown,,,,,,Unknown,robert.habeck
487,3fa44757-8f90-4fb9-a833-c0a27ab1cf97,robert.habeck/2021-09-24_20-23-24_UTC_2.jpg,Unknown,,,,,,Unknown,robert.habeck
488,7a2ab651-7158-44a7-a428-b3523986673f,robert.habeck/2021-09-24_20-23-24_UTC_2.jpg,Unknown,,,,,,Unknown,robert.habeck
489,57e127fe-e9df-4691-b31e-3ba81f95e431,robert.habeck/2021-09-24_20-23-24_UTC_2.jpg,Unknown,,,,,,Unknown,robert.habeck
490,cfa62c7d-8cce-4899-bbce-471b08b5c548,robert.habeck/2021-09-24_20-23-24_UTC_2.jpg,Unknown,,,,,,Unknown,robert.habeck
491,e14c786d-9372-4cfd-afc3-20ae04a89b57,robert.habeck/2021-09-24_20-23-24_UTC_2.jpg,Unknown,,,,,,Unknown,robert.habeck
492,5e926f3e-74ae-4d49-98ab-71fbbb9ea3c3,robert.habeck/2021-09-24_20-23-24_UTC_2.jpg,Unknown,,,,,,Unknown,robert.habeck
493,3476095f-eb36-4317-918c-f2f1b75dae1b,robert.habeck/2021-09-24_20-23-24_UTC_2.jpg,Unknown,,,,,,Unknown,robert.habeck
494,5968cc17-7171-4160-92a0-eb15b1b9e386,robert.habeck/2021-09-24_20-23-24_UTC_2.jpg,Unknown,,,,,,Unknown,robert.habeck
495,9ef26da7-208a-440e-a9d6-d7155fa8da03,robert.habeck/2021-09-24_20-23-24_UTC_2.jpg,Unknown,,,,,,Unknown,robert.habeck
496,63a5afb4-eb9a-4713-b6be-3e296b34d8dd,robert.habeck/2021-09-24_20-23-24_UTC_2.jpg,Unknown,,,,,,Unknown,robert.habeck
497,0c57a7f6-08fb-49f7-bbd8-6ca4d12b29ea,robert.habeck/2021-09-24_20-23-24_UTC_2.jpg,Unknown,,,,,,Unknown,robert.habeck
498,4356d202-558b-4ef4-9954-51325c07f504,robert.habeck/2021-09-24_20-23-24_UTC_2.jpg,Unknown,,,,,,Unknown,robert.habeck
499,19a88b32-9512-414b-9ba7-c0f713df105e,robert.habeck/2021-09-24_20-23-24_UTC_2.jpg,Unknown,,,,,,Unknown,robert.habeck
500,879499e1-1759-48af-b832-6d34fc0f9dc6,robert.habeck/2021-09-24_20-23-24_UTC_2.jpg,Unknown,,,,,,Unknown,robert.habeck
501,1e7ca812-1032-4066-9eea-a32b3825745a,robert.habeck/2021-09-24_20-23-24_UTC_2.jpg,Unknown,,,,,,Unknown,robert.habeck
502,97d0119c-ee2e-46df-8e85-97eaa241d957,robert.habeck/2021-09-24_20-23-24_UTC_2.jpg,Unknown,,,,,,Unknown,robert.habeck
503,432c207b-5861-436d-af24-035a3308cb74,robert.habeck/2021-09-24_20-23-24_UTC_2.jpg,Unknown,,,,,,Unknown,robert.habeck
504,0a9d47df-2b29-4b95-bc73-ac74544d3ba2,robert.habeck/2021-09-24_20-23-24_UTC_2.jpg,Unknown,,,,,,Unknown,robert.habeck
505,6123bf90-dad7-4088-9785-0a554c00320a,robert.habeck/2021-09-24_20-23-24_UTC_2.jpg,Unknown,,,,,,Unknown,robert.habeck
506,12fc84d3-671a-48b8-8099-f59b865f9801,robert.habeck/2021-09-24_20-23-24_UTC_2.jpg,Unknown,,,,,,Unknown,robert.habeck
507,2ba5c5dc-e5cc-4a3b-8c31-dbf75ba9c419,robert.habeck/2021-09-24_20-23-24_UTC_2.jpg,Unknown,,,,,,Unknown,robert.habeck
508,ca89f9e9-dd78-4e85-8bc9-0fb3f529c17b,robert.habeck/2021-09-24_20-23-24_UTC_2.jpg,Unknown,,,,,,Unknown,robert.habeck
509,e325834e-58fe-4c63-8693-0db029b521d8,robert.habeck/2021-09-24_20-23-24_UTC_2.jpg,Unknown,,,,,,Unknown,robert.habeck
510,d984b0d3-30dd-4101-a966-0b9981b29c3b,robert.habeck/2021-09-24_20-23-24_UTC_2.jpg,Unknown,,,,,,Unknown,robert.habeck
511,2ee8c008-7100-41fc-8b86-912662e6d03c,robert.habeck/2021-09-24_20-23-24_UTC_2.jpg,Unknown,,,,,,Unknown,robert.habeck
512,782a9485-4ade-46b1-bf5c-d09319729eb0,robert.habeck/2021-09-24_20-23-24_UTC_2.jpg,Unknown,,,,,,Unknown,robert.habeck
513,fbc9b728-b009-4899-815c-fd4c1ce0a5f3,robert.habeck/2021-09-24_20-23-24_UTC_2.jpg,Unknown,,,,,,Unknown,robert.habeck
514,818ada89-719a-4763-9586-d32e3a978032,robert.habeck/2021-09-24_20-23-24_UTC_2.jpg,Unknown,,,,,,Unknown,robert.habeck
515,5893148b-0589-41bb-b086-64378c172408,robert.habeck/2021-09-24_20-23-24_UTC_2.jpg,Unknown,,,,,,Unknown,robert.habeck
516,e867949b-042a-4bc6-bf79-ca9f83c3e93b,robert.habeck/2021-09-24_20-23-24_UTC_2.jpg,Unknown,,,,,,Unknown,robert.habeck
517,e695e9d2-7741-49f8-a78f-1d1a7fe02778,robert.habeck/2021-09-24_20-23-24_UTC_2.jpg,Unknown,,,,,,Unknown,robert.habeck
518,ed0c7e8c-2b98-4e32-8d88-b45081ca5cc1,robert.habeck/2021-09-24_20-23-24_UTC_2.jpg,Unknown,,,,,,Unknown,robert.habeck
519,637c8ff4-4a17-4e80-9cce-6b7bf2e5b592,robert.habeck/2021-09-24_20-23-24_UTC_2.jpg,Unknown,,,,,,Unknown,robert.habeck
520,8e34994d-736e-432e-b03d-483b9f46bfaf,robert.habeck/2021-09-24_20-23-24_UTC_2.jpg,Unknown,,,,,,Unknown,robert.habeck
521,c6ea0cd9-f816-43ea-82f4-6aa0b152b241,robert.habeck/2021-09-24_20-23-24_UTC_2.jpg,Unknown,,,,,,Unknown,robert.habeck
522,55407f89-6a84-4cd3-8ee3-e3f177f7496f,robert.habeck/2021-09-24_20-23-24_UTC_2.jpg,Unknown,,,,,,Unknown,robert.habeck
523,8776abd8-748b-4d74-b47b-7acd5997b61d,robert.habeck/2021-09-24_20-23-24_UTC_2.jpg,Unknown,,,,,,Unknown,robert.habeck
524,6a49181c-45f5-4097-a66f-18b04d68aa0d,robert.habeck/2021-09-24_20-23-24_UTC_2.jpg,Unknown,,,,,,Unknown,robert.habeck
525,aff37afa-aaa4-4cec-a3dd-e81bc8251c47,robert.habeck/2021-09-24_20-23-24_UTC_2.jpg,Unknown,,,,,,Unknown,robert.habeck
526,32b0fd3a-033b-44e3-8a15-f1a750e37e49,robert.habeck/2021-09-24_20-23-24_UTC_2.jpg,Unknown,,,,,,Unknown,robert.habeck
527,eb4e4589-8edd-428b-a436-674a7858e2ee,robert.habeck/2021-09-24_20-23-24_UTC_2.jpg,Unknown,,,,,,Unknown,robert.habeck
528,0e9d100c-0369-455a-b006-61c31d8e2343,robert.habeck/2021-09-24_20-23-24_UTC_2.jpg,Unknown,,,,,,Unknown,robert.habeck
529,1433df0c-ba3e-460e-a475-479d2e4bec43,robert.habeck/2021-09-24_20-23-24_UTC_2.jpg,Unknown,,,,,,Unknown,robert.habeck
530,76c6ef70-0637-417a-811c-20c711a826e1,robert.habeck/2021-09-24_20-23-24_UTC_2.jpg,Unknown,,,,,,Unknown,robert.habeck
531,1cdc8da3-86aa-48f8-bff2-d32656dd9bae,robert.habeck/2021-09-24_20-23-24_UTC_2.jpg,Unknown,,,,,,Unknown,robert.habeck
532,7b6300da-751e-4247-87a8-be45f4d5b269,robert.habeck/2021-09-24_20-23-24_UTC_2.jpg,Unknown,,,,,,Unknown,robert.habeck
533,6a22418d-89cc-40af-8b23-fa131d1b2415,robert.habeck/2021-09-24_20-23-24_UTC_2.jpg,Unknown,,,,,,Unknown,robert.habeck
534,f25bae6d-3a63-4f01-a84c-a32ec566bf24,robert.habeck/2021-09-24_20-23-24_UTC_2.jpg,Unknown,,,,,,Unknown,robert.habeck
535,8b022c91-6263-407e-9f66-f05c03d3e842,robert.habeck/2021-09-24_20-23-24_UTC_2.jpg,Unknown,,,,,,Unknown,robert.habeck
536,c31edce7-2e9e-40b5-8ef7-8b61d8755da8,robert.habeck/2021-09-24_20-23-24_UTC_2.jpg,Unknown,,,,,,Unknown,robert.habeck
537,07eae1d8-7238-4b9d-a3bb-3502fb76c260,robert.habeck/2021-09-24_20-23-24_UTC_2.jpg,Unknown,,,,,,Unknown,robert.habeck
538,8fe6f1f2-eb7a-4d53-9091-713f880f333e,robert.habeck/2021-09-24_20-23-24_UTC_2.jpg,Unknown,,,,,,Unknown,robert.habeck
539,15763df7-00e4-4703-a707-eb6452dab47a,robert.habeck/2021-09-24_20-23-24_UTC_2.jpg,Unknown,,,,,,Unknown,robert.habeck
540,e13d1d4b-637d-4bab-93cd-b9b2891b9b9d,robert.habeck/2021-09-24_20-23-24_UTC_2.jpg,Unknown,,,,,,Unknown,robert.habeck
541,29075187-48c5-4448-bc4c-718520275467,robert.habeck/2021-09-24_20-23-24_UTC_2.jpg,Unknown,,,,,,Unknown,robert.habeck
542,dcdc1bbe-2576-45d4-9e77-42ab0c0f0e4a,robert.habeck/2021-09-24_20-23-24_UTC_2.jpg,Unknown,,,,,,Unknown,robert.habeck
543,eff7ecaa-8003-41dd-8aa5-c938b9e52c20,robert.habeck/2021-09-24_20-23-24_UTC_2.jpg,Unknown,,,,,,Unknown,robert.habeck
544,5217d7d5-a364-4158-be27-d5a04feaeecb,robert.habeck/2021-09-24_20-23-24_UTC_2.jpg,Unknown,,,,,,Unknown,robert.habeck
545,c168d217-73e6-4f5b-b9cb-acabfd59b398,robert.habeck/2021-09-24_20-23-24_UTC_2.jpg,Unknown,,,,,,Unknown,robert.habeck
546,e513e1be-e8e3-480b-a77a-7ea0ca88cde6,robert.habeck/2021-09-24_20-23-24_UTC_2.jpg,Unknown,,,,,,Unknown,robert.habeck
547,8b7fdde3-888f-498c-99cf-795889923a8c,robert.habeck/2021-09-24_20-23-24_UTC_2.jpg,Unknown,,,,,,Unknown,robert.habeck
548,6d7c6834-fe5e-4b4f-a944-0e76f146dc08,robert.habeck/2021-09-24_20-23-24_UTC_2.jpg,Unknown,,,,,,Unknown,robert.habeck
549,8a183f66-dde1-44af-b72c-b0ba219e6dfd,robert.habeck/2021-09-24_20-23-24_UTC_2.jpg,Unknown,,,,,,Unknown,robert.habeck
550,f62773ba-670b-4293-958d-c766bb4cd5d6,robert.habeck/2021-09-24_20-23-24_UTC_2.jpg,Unknown,,,,,,Unknown,robert.habeck
551,f90d1393-6da6-494f-8e8f-8d82e48b0270,robert.habeck/2021-09-24_20-23-24_UTC_2.jpg,Unknown,,,,,,Unknown,robert.habeck
552,dc595078-d417-4b41-a680-65fb4037fd1e,robert.habeck/2021-09-24_20-23-24_UTC_2.jpg,Unknown,,,,,,Unknown,robert.habeck
553,fb84e5f5-08a5-4b56-9bcc-11a57dd7a55e,robert.habeck/2021-09-24_20-23-24_UTC_2.jpg,Unknown,,,,,,Unknown,robert.habeck
554,8c8fa13a-0f65-459a-ac70-3c5f8563c76f,robert.habeck/2021-09-24_20-23-24_UTC_2.jpg,Unknown,,,,,,Unknown,robert.habeck
555,d6362fd5-150a-4fc6-8597-0f0a52155a89,robert.habeck/2021-09-24_20-23-24_UTC_2.jpg,Unknown,,,,,,Unknown,robert.habeck
556,fdd7f291-7c53-44c4-9dbe-ad8f82862627,robert.habeck/2021-09-24_20-23-24_UTC_2.jpg,Unknown,,,,,,Unknown,robert.habeck
557,3dfbfffc-2639-4fdc-bb1e-c4f65b22639e,robert.habeck/2021-09-24_20-23-24_UTC_2.jpg,Unknown,,,,,,Unknown,robert.habeck
558,f36ab877-6c8d-4808-bdb6-8b277791146a,robert.habeck/2021-09-24_20-23-24_UTC_2.jpg,Unknown,,,,,,Unknown,robert.habeck
559,1a272d03-bdbc-4e80-80d0-d6ad84343fab,robert.habeck/2021-09-24_20-23-24_UTC_2.jpg,Unknown,,,,,,Unknown,robert.habeck
560,d40ede7f-9e4a-4298-aa61-ddbc751adaef,robert.habeck/2021-09-24_20-23-24_UTC_2.jpg,Unknown,,,,,,Unknown,robert.habeck
561,eda327c5-2ef3-49d2-a4fe-6ef0d9388d89,robert.habeck/2021-09-24_20-23-24_UTC_2.jpg,Unknown,,,,,,Unknown,robert.habeck
562,33405f29-7a25-4e2b-9c7b-e3c0bc6e6841,robert.habeck/2021-09-24_20-23-24_UTC_2.jpg,Unknown,,,,,,Unknown,robert.habeck
563,4e5ae855-9fd7-4d5a-9cae-0f9290a2e4cf,robert.habeck/2021-09-24_20-23-24_UTC_2.jpg,Unknown,,,,,,Unknown,robert.habeck
564,48c0d669-4ab3-4fba-aab0-5de098deabbc,robert.habeck/2021-09-24_20-23-24_UTC_2.jpg,Unknown,,,,,,Unknown,robert.habeck
565,5284ba59-d874-4880-8b46-426f1da65811,robert.habeck/2021-09-24_20-23-24_UTC_2.jpg,Unknown,,,,,,Unknown,robert.habeck
566,3d9a145a-58d9-44cf-952d-e4ab3830312d,robert.habeck/2021-09-24_20-23-24_UTC_2.jpg,Unknown,,,,,,Unknown,robert.habeck
567,30ea15ef-9039-4c35-b520-0ca4c69fc6a8,robert.habeck/2021-09-24_20-23-24_UTC_2.jpg,Unknown,,,,,,Unknown,robert.habeck
568,869ac810-48bd-4a3a-917f-e489de7d58e8,robert.habeck/2021-09-24_20-23-24_UTC_2.jpg,Unknown,,,,,,Unknown,robert.habeck
569,3ede00a0-94d9-49c9-a423-23cde256013b,robert.habeck/2021-09-24_20-23-24_UTC_2.jpg,Unknown,,,,,,Unknown,robert.habeck
570,adff1b16-2b52-4649-99a4-2df22c08d162,robert.habeck/2021-09-24_20-23-24_UTC_2.jpg,Unknown,,,,,,Unknown,robert.habeck
571,82672e27-722f-4e82-8f62-c68ccdc5c673,robert.habeck/2021-09-24_20-23-24_UTC_2.jpg,Unknown,,,,,,Unknown,robert.habeck
572,a442a2d8-42f6-4e79-a5d6-4c6383fe9d90,robert.habeck/2021-09-24_20-23-24_UTC_2.jpg,Unknown,,,,,,Unknown,robert.habeck
573,24a0b608-506e-4e11-b44d-b1a0739fcf22,robert.habeck/2021-09-24_20-23-24_UTC_2.jpg,Unknown,,,,,,Unknown,robert.habeck
574,166672e1-e6f8-4ba2-8940-b2288f3d81ab,robert.habeck/2021-09-24_20-23-24_UTC_2.jpg,Unknown,,,,,,Unknown,robert.habeck
575,b3f0819a-5e73-4b14-91f9-b1dde0fb037e,robert.habeck/2021-09-24_20-23-24_UTC_2.jpg,Unknown,,,,,,Unknown,robert.habeck
576,6c4099b3-6b63-4c70-b789-6757550cd84c,robert.habeck/2021-09-24_20-23-24_UTC_2.jpg,Unknown,,,,,,Unknown,robert.habeck
577,6e8ce355-bad4-4f9d-9edb-a43062d62fc3,robert.habeck/2021-09-24_20-23-24_UTC_2.jpg,Unknown,,,,,,Unknown,robert.habeck
578,9e47327b-d04a-4655-a1ed-b5105d1aa95a,robert.habeck/2021-09-24_20-23-24_UTC_2.jpg,Unknown,,,,,,Unknown,robert.habeck
579,8ba7c4fa-d93d-4c13-8646-e9bf8b74afb9,robert.habeck/2021-09-24_20-23-24_UTC_2.jpg,Unknown,,,,,,Unknown,robert.habeck
580,76f624df-3233-4ed1-9cba-5114b17e1f87,robert.habeck/2021-09-24_20-23-24_UTC_2.jpg,Unknown,,,,,,Unknown,robert.habeck
581,cea06805-2526-48a7-b8d4-1a406c6dd9c1,robert.habeck/2021-09-24_20-23-24_UTC_2.jpg,Unknown,,,,,,Unknown,robert.habeck
582,a01e8697-d2c7-4ea9-8d6f-3eae94eac6aa,robert.habeck/2021-09-24_20-23-24_UTC_2.jpg,Unknown,,,,,,Unknown,robert.habeck
583,1a9d2f2e-eb09-4026-a70e-2ceeae7640f2,robert.habeck/2021-09-24_20-23-24_UTC_2.jpg,Unknown,,,,,,Unknown,robert.habeck
584,ea9527e1-d736-415e-a72a-b6fd6b9fbd69,robert.habeck/2021-09-24_20-23-24_UTC_2.jpg,Unknown,,,,,,Unknown,robert.habeck
585,2a6bc3dd-9e34-4dc8-a6af-1dbf8c0781cc,robert.habeck/2021-09-24_20-23-24_UTC_2.jpg,Unknown,,,,,,Unknown,robert.habeck
586,5960cd4c-9aa5-4cf4-8420-aa3a6c6396a3,robert.habeck/2021-09-24_20-23-24_UTC_2.jpg,Unknown,,,,,,Unknown,robert.habeck
587,ca5be9cb-08b1-47ee-a06a-14a029f44741,robert.habeck/2021-09-24_20-23-24_UTC_2.jpg,Unknown,,,,,,Unknown,robert.habeck
588,fc2d27aa-b3fd-418e-a88a-8daa7a8fa172,robert.habeck/2021-09-24_20-23-24_UTC_2.jpg,Unknown,,,,,,Unknown,robert.habeck
589,0ba58a8a-72bd-4e97-a1b1-cefb99a2dbd4,robert.habeck/2021-09-24_20-23-24_UTC_2.jpg,Unknown,,,,,,Unknown,robert.habeck
590,6a7b8328-bfdf-48e3-82fd-c3894dc5c534,robert.habeck/2021-09-24_20-23-24_UTC_2.jpg,Unknown,,,,,,Unknown,robert.habeck
591,5f05f791-aaba-49c4-be68-c62b76f79b2c,robert.habeck/2021-09-21_07-27-48_UTC_3.jpg,Robert Habeck,,,,,,Unknown,robert.habeck
592,5d26541e-b349-476e-bc36-bcf83cba5379,robert.habeck/2021-09-21_07-27-48_UTC_3.jpg,Unknown,,,,,,Unknown,robert.habeck
593,6d46e5ea-a0c9-4617-9889-7c1676ab66b4,robert.habeck/2021-09-21_07-27-48_UTC_3.jpg,Unknown,,,,,,Unknown,robert.habeck
594,dabdacda-dd5f-4c7f-b3aa-1f1af67a0bfa,robert.habeck/2021-09-21_07-27-48_UTC_3.jpg,Unknown,,,,,,Unknown,robert.habeck
595,bbfa9935-147c-42d7-899b-b666f1efa4b2,robert.habeck/2021-09-21_07-27-48_UTC_3.jpg,Unknown,,,,,,Unknown,robert.habeck
596,0f97be2d-6b46-4eed-9923-73774cd6700e,robert.habeck/2021-09-21_07-27-48_UTC_3.jpg,Unknown,,,,,,Unknown,robert.habeck
597,18eeefa3-5e1b-414c-9b6d-04dc43e3f7b9,robert.habeck/2021-09-21_07-27-48_UTC_3.jpg,Unknown,,,,,,Unknown,robert.habeck
598,74602ba1-db38-4b49-b300-5f463b3a3333,robert.habeck/2021-09-15_19-03-35_UTC_4.jpg,Unknown,,,,,,Unknown,robert.habeck
599,d638f2dd-5408-484e-b5cd-8d8653400215,robert.habeck/2021-09-15_19-03-35_UTC_4.jpg,Unknown,,,,,,Unknown,robert.habeck
600,e8d41d25-bced-4d63-ae59-cca6208a424c,robert.habeck/2021-09-15_19-03-35_UTC_4.jpg,Unknown,,,,,,Unknown,robert.habeck
601,39261386-79f1-4e29-ad0c-6bb9a309e618,robert.habeck/2021-09-15_19-03-35_UTC_4.jpg,Unknown,,,,,,Unknown,robert.habeck
602,579ae62c-1410-4a0a-a07c-25ce9235132c,robert.habeck/2021-09-15_19-03-35_UTC_4.jpg,Unknown,,,,,,Unknown,robert.habeck
603,df009a95-8ec7-4b12-ae0a-f9dd45df6d74,robert.habeck/2021-09-15_19-03-35_UTC_4.jpg,Unknown,,,,,,Unknown,robert.habeck
604,5d66fc0f-8b02-4937-a377-c68caacae0ea,robert.habeck/2021-09-15_19-03-35_UTC_4.jpg,Unknown,,,,,,Unknown,robert.habeck
605,533e1a87-c4df-4309-a823-5ed5dd074b63,robert.habeck/2021-09-15_19-03-35_UTC_4.jpg,Unknown,,,,,,Unknown,robert.habeck
606,277acdfe-307c-4e95-8a22-bd6d896d3b9b,robert.habeck/2021-09-15_19-03-35_UTC_4.jpg,Unknown,,,,,,Unknown,robert.habeck
607,8d1d39a1-73cc-4044-8b42-f2270e49e9a4,robert.habeck/2021-09-15_19-03-35_UTC_4.jpg,Unknown,,,,,,Unknown,robert.habeck
608,0426e40f-c8f2-4f45-b4b7-0995560df0c9,robert.habeck/2021-09-15_19-03-35_UTC_4.jpg,Unknown,,,,,,Unknown,robert.habeck
609,27571acb-87c4-4bec-8f27-fc95469b3067,robert.habeck/2021-09-15_19-03-35_UTC_4.jpg,Unknown,,,,,,Unknown,robert.habeck
610,54674372-fbfe-41d1-bbc5-eb5ccfcc85ac,robert.habeck/2021-09-15_19-03-35_UTC_4.jpg,Unknown,,,,,,Unknown,robert.habeck
611,2678998d-6e3e-4c23-9c77-f5f55c2d58ad,robert.habeck/2021-09-15_19-03-35_UTC_4.jpg,Unknown,,,,,,Unknown,robert.habeck
612,992a696e-5fed-4300-afec-b455e4a83741,robert.habeck/2021-09-15_19-03-35_UTC_4.jpg,Unknown,,,,,,Unknown,robert.habeck
613,c050559d-a05d-4504-a815-f8008a539eef,robert.habeck/2021-09-15_19-03-35_UTC_4.jpg,Unknown,,,,,,Unknown,robert.habeck
614,d0ac9d25-005f-4716-be6c-2ccf970c3034,robert.habeck/2021-09-15_19-03-35_UTC_4.jpg,Unknown,,,,,,Unknown,robert.habeck
615,b141a076-d51e-4865-9683-34f822b6a44e,robert.habeck/2021-09-15_19-03-35_UTC_4.jpg,Unknown,,,,,,Unknown,robert.habeck
616,8351d7be-bbb6-4034-be10-23007bee3e46,robert.habeck/2021-09-15_19-03-35_UTC_4.jpg,Unknown,,,,,,Unknown,robert.habeck
617,f6323471-fa00-410a-b8c5-7a04ed73de47,robert.habeck/2021-09-15_19-03-35_UTC_4.jpg,Unknown,,,,,,Unknown,robert.habeck
618,3de17cb3-94f0-4233-aedd-a430bbd4390d,robert.habeck/2021-09-15_19-03-35_UTC_4.jpg,Unknown,,,,,,Unknown,robert.habeck
619,a58e4d3f-8278-44f0-bc0d-fe5ca9dcdfcf,robert.habeck/2021-09-15_19-03-35_UTC_4.jpg,Unknown,,,,,,Unknown,robert.habeck
620,dadd3cef-0c4d-4381-8c4d-e3f48b13ec30,robert.habeck/2021-09-15_19-03-35_UTC_4.jpg,Unknown,,,,,,Unknown,robert.habeck
621,9d919cf7-3c54-4719-bb5e-04b5a1310dcb,robert.habeck/2021-09-15_19-03-35_UTC_4.jpg,Unknown,,,,,,Unknown,robert.habeck
622,3ac4d298-f9d7-4536-94bf-7a53cefb8095,robert.habeck/2021-09-15_19-03-35_UTC_4.jpg,Unknown,,,,,,Unknown,robert.habeck
623,89443abe-a8e6-4b2d-bda3-f03871642703,robert.habeck/2021-09-15_19-03-35_UTC_4.jpg,Unknown,,,,,,Unknown,robert.habeck
624,351c71a0-9b10-4a51-8ed3-94b57a7ca701,robert.habeck/2021-09-15_19-03-35_UTC_4.jpg,Unknown,,,,,,Unknown,robert.habeck
625,7c1ba41e-5aa7-4d58-bec5-47f5e9a8ac04,robert.habeck/2021-09-15_19-03-35_UTC_4.jpg,Unknown,,,,,,Unknown,robert.habeck
626,6e31ab19-47d2-437d-a571-1d233670a637,robert.habeck/2021-09-15_19-03-35_UTC_4.jpg,Unknown,,,,,,Unknown,robert.habeck
627,e998d0f1-fd79-4f16-88fd-601ad1d94c64,robert.habeck/2021-09-15_19-03-35_UTC_4.jpg,Unknown,,,,,,Unknown,robert.habeck
628,61f38423-399e-43d3-ab82-162a960ea91b,robert.habeck/2021-09-15_19-03-35_UTC_4.jpg,Unknown,,,,,,Unknown,robert.habeck
629,be46a9d4-9a16-4362-9dbf-fd198819cdd1,robert.habeck/2021-09-15_19-03-35_UTC_4.jpg,Unknown,,,,,,Unknown,robert.habeck
630,61b19a4c-6d20-40c5-bb74-5fe93ae118b8,robert.habeck/2021-09-15_19-03-35_UTC_4.jpg,Unknown,,,,,,Unknown,robert.habeck
631,8b408f8a-fcab-4dd3-94ce-86e2abdb7e43,robert.habeck/2021-09-15_19-03-35_UTC_4.jpg,Unknown,,,,,,Unknown,robert.habeck
632,43381843-dcf7-4e39-b27e-ea89ce9dc439,robert.habeck/2021-09-15_19-03-35_UTC_4.jpg,Unknown,,,,,,Unknown,robert.habeck
633,d5639e5b-d790-4d84-8ebb-f4dd9c733a13,robert.habeck/2021-09-15_19-03-35_UTC_4.jpg,Unknown,,,,,,Unknown,robert.habeck
634,8b57ccb3-d39c-4482-b64a-58bb42d36072,robert.habeck/2021-09-15_19-03-35_UTC_4.jpg,Unknown,,,,,,Unknown,robert.habeck
635,e9fc5aa6-edd4-43f2-becc-777b935f754d,robert.habeck/2021-09-15_19-03-35_UTC_4.jpg,Unknown,,,,,,Unknown,robert.habeck
636,33364356-2b38-4ee9-9ad9-a6ba4ccbbb06,robert.habeck/2021-09-15_19-03-35_UTC_4.jpg,Unknown,,,,,,Unknown,robert.habeck
637,be70d66b-518f-4dd8-b767-63ca0845496d,robert.habeck/2021-09-15_19-03-35_UTC_4.jpg,Unknown,,,,,,Unknown,robert.habeck
638,289101c4-7b1b-4017-88bb-b4f0df9a7344,robert.habeck/2021-09-15_19-03-35_UTC_4.jpg,Unknown,,,,,,Unknown,robert.habeck
639,04a9fef8-39a3-4171-b9a4-109eb83ec073,robert.habeck/2021-09-15_19-03-35_UTC_4.jpg,Unknown,,,,,,Unknown,robert.habeck
640,7ee0d8c6-e27b-4b9e-a6f7-acbff14f3375,robert.habeck/2021-09-15_19-03-35_UTC_4.jpg,Unknown,,,,,,Unknown,robert.habeck
641,772e7191-cdd4-4aab-b96e-6695d542a2db,robert.habeck/2021-09-15_19-03-35_UTC_4.jpg,Unknown,,,,,,Unknown,robert.habeck
642,a64794b0-24c3-46a1-8039-eeccd12a6313,robert.habeck/2021-09-15_19-03-35_UTC_4.jpg,Unknown,,,,,,Unknown,robert.habeck
643,aec6ac00-e7cd-41f5-b82c-76d014439189,robert.habeck/2021-09-15_19-03-35_UTC_4.jpg,Unknown,,,,,,Unknown,robert.habeck
644,a02d3221-c97f-47cd-a491-d38c7a51f7ee,robert.habeck/2021-09-15_19-03-35_UTC_4.jpg,Unknown,,,,,,Unknown,robert.habeck
645,c1fc528f-762d-42f0-bec0-3cf4c0d63db6,robert.habeck/2021-09-15_19-03-35_UTC_4.jpg,Unknown,,,,,,Unknown,robert.habeck
646,23d3de8b-2144-4ef6-8a19-c2cac2ba3c56,robert.habeck/2021-09-15_19-03-35_UTC_4.jpg,Unknown,,,,,,Unknown,robert.habeck
647,25895209-265e-4eb4-a69b-80ce2da86302,robert.habeck/2021-09-15_19-03-35_UTC_4.jpg,Unknown,,,,,,Unknown,robert.habeck
648,a5f045ee-43c1-48cf-9cde-ca0a1f85b5ed,robert.habeck/2021-09-15_19-03-35_UTC_4.jpg,Unknown,,,,,,Unknown,robert.habeck
649,55d95844-8a51-404a-84c8-ddc46a6f274e,robert.habeck/2021-09-15_19-03-35_UTC_4.jpg,Unknown,,,,,,Unknown,robert.habeck
650,65a6c21d-4d3b-4565-9157-b9961ecc40c2,robert.habeck/2021-09-15_19-03-35_UTC_4.jpg,Unknown,,,,,,Unknown,robert.habeck
651,9a59ed6d-080b-4ccc-a036-8fcfd33301ab,robert.habeck/2021-09-15_19-03-35_UTC_4.jpg,Unknown,,,,,,Unknown,robert.habeck
652,aa8306b9-6630-4085-9f66-9888250f9332,robert.habeck/2021-09-15_19-03-35_UTC_4.jpg,Unknown,,,,,,Unknown,robert.habeck
653,fd60d7b4-c513-455c-bfa6-f1fb38f79bd8,robert.habeck/2021-09-15_19-03-35_UTC_4.jpg,Unknown,,,,,,Unknown,robert.habeck
654,74d921c4-8f57-49af-a86d-979451a64383,robert.habeck/2021-09-15_19-03-35_UTC_4.jpg,Unknown,,,,,,Unknown,robert.habeck
655,549a1863-1422-421d-87a2-5434be2e987e,robert.habeck/2021-09-15_19-03-35_UTC_4.jpg,Unknown,,,,,,Unknown,robert.habeck
656,746409eb-d891-4cb1-a839-221212610c13,robert.habeck/2021-09-14_16-17-47_UTC_1.jpg,Robert Habeck,,,,,,Unknown,robert.habeck
657,eecf0dd8-447a-4e81-ba09-fa237c3f1d9f,robert.habeck/2021-09-14_16-17-47_UTC_1.jpg,Robert Habeck,,,,,,Unknown,robert.habeck
658,2a764218-9946-490e-a9e6-df77fbca29fa,robert.habeck/2021-09-19_15-16-41_UTC_2.jpg,Annalena Baerbock,,,,,,Unknown,robert.habeck
659,2e7a4a08-e834-4247-b90f-9e66cd439a87,robert.habeck/2021-09-19_15-16-41_UTC_2.jpg,Robert Habeck,,,,,,Unknown,robert.habeck
660,74a4da4f-eb28-4210-8396-6df28f42f460,robert.habeck/2021-09-15_15-48-44_UTC.jpg,Robert Habeck,,,,,,Unknown,robert.habeck
661,29dc40b0-1ea8-459e-b442-7e35e9e5e208,robert.habeck/2021-09-15_15-48-44_UTC.jpg,Unknown,,,,,,Unknown,robert.habeck
662,d8fb1bea-b189-4cd0-b158-e63fc41643b7,armin_laschet/2021-09-16_15-01-25_UTC.jpg,Armin Laschet,b95e4651-bf56-4f12-8d9c-4defe1aef9b0.png,0.4504950494174626,Facenet512,euclidean_l2,38.0,Armin Laschet,armin_laschet
663,5b6b438b-0683-4b0f-92b0-316e39f9d777,robert.habeck/2021-09-14_16-17-47_UTC_2.jpg,Unknown,,,,,,Unknown,robert.habeck
664,b411f23e-633e-4816-9fcb-a5c60bb3556c,robert.habeck/2021-09-14_16-17-47_UTC_2.jpg,Unknown,,,,,,Unknown,robert.habeck
665,3a7f8610-812b-4e14-ad5b-f42181c4d8c1,robert.habeck/2021-09-14_16-17-47_UTC_2.jpg,Unknown,,,,,,Unknown,robert.habeck
666,1cb00ec9-07c8-4a4b-855a-48e4fad1b8b4,robert.habeck/2021-09-14_16-17-47_UTC_2.jpg,Unknown,,,,,,Unknown,robert.habeck
667,8fadbd5d-aaec-4f83-8036-6b51aa8d9a4e,robert.habeck/2021-09-14_16-17-47_UTC_2.jpg,Unknown,,,,,,Unknown,robert.habeck
668,b227c27d-663b-4439-b018-1b0ff917bab7,robert.habeck/2021-09-14_16-17-47_UTC_2.jpg,Unknown,,,,,,Unknown,robert.habeck
669,e3e52a8c-d06d-4b78-b3a0-13155dba239e,robert.habeck/2021-09-23_18-53-13_UTC.jpg,Unknown,,,,,,Unknown,robert.habeck
670,8c751c2e-5db9-40d1-a585-3a70c05b529f,robert.habeck/2021-09-23_18-53-13_UTC.jpg,Robert Habeck,,,,,,Unknown,robert.habeck
671,d3703000-4dbf-4f39-9869-bb804b9d7509,robert.habeck/2021-09-24_20-23-24_UTC_4.jpg,Unknown,,,,,,Unknown,robert.habeck
672,cfb749b5-3e4b-48fc-8478-dad2b4130b59,robert.habeck/2021-09-24_20-23-24_UTC_4.jpg,Unknown,,,,,,Unknown,robert.habeck
673,a002b5ad-a827-4c7f-9399-49ffe00535f8,robert.habeck/2021-09-24_20-23-24_UTC_4.jpg,Unknown,,,,,,Unknown,robert.habeck
674,a630e635-9c2d-49a5-9e3b-79ac44e760e0,robert.habeck/2021-09-24_20-23-24_UTC_4.jpg,Unknown,,,,,,Unknown,robert.habeck
675,0a92d6df-9185-4c9b-8106-322b21b1e507,robert.habeck/2021-09-24_20-23-24_UTC_4.jpg,Unknown,,,,,,Unknown,robert.habeck
676,8c6626ba-ccde-40ca-81d6-5763f2643146,robert.habeck/2021-09-24_20-23-24_UTC_4.jpg,Unknown,,,,,,Unknown,robert.habeck
677,1396526a-5766-45b6-9b78-b47ea8fa2609,robert.habeck/2021-09-24_20-23-24_UTC_4.jpg,Unknown,,,,,,Unknown,robert.habeck
678,bd1ce90e-964b-45ad-b0ea-34b397a5cf2b,robert.habeck/2021-09-24_20-23-24_UTC_4.jpg,Unknown,,,,,,Unknown,robert.habeck
679,b0339e89-75e4-4654-86ea-f3c690f32cad,robert.habeck/2021-09-24_20-23-24_UTC_4.jpg,Unknown,,,,,,Unknown,robert.habeck
680,8e7533b4-627a-4eb4-904a-b0944214ff6c,robert.habeck/2021-09-24_20-23-24_UTC_4.jpg,Unknown,,,,,,Unknown,robert.habeck
681,8429d2e6-4059-475c-9612-479d72f6fafd,robert.habeck/2021-09-24_20-23-24_UTC_4.jpg,Unknown,,,,,,Unknown,robert.habeck
682,03dcf491-9e4b-4606-83f6-a4915f210eb5,robert.habeck/2021-09-21_07-27-48_UTC_6.jpg,Unknown,,,,,,Unknown,robert.habeck
683,9d5bb671-5a27-4351-9348-3dc3b1e26166,robert.habeck/2021-09-21_07-27-48_UTC_6.jpg,Unknown,,,,,,Unknown,robert.habeck
684,ee8134a9-8d14-4dd9-8232-a30c790c78f2,robert.habeck/2021-09-21_07-27-48_UTC_6.jpg,Unknown,,,,,,Unknown,robert.habeck
685,dcdbaf6a-38cc-4c8d-9e2b-b0c71d93e3d1,robert.habeck/2021-09-21_07-27-48_UTC_5.jpg,Unknown,,,,,,Unknown,robert.habeck
686,feabfaf8-a03c-4bb9-8acc-1b9a26958093,robert.habeck/2021-09-21_07-27-48_UTC_5.jpg,Unknown,,,,,,Unknown,robert.habeck
687,62374fb6-6329-43b6-8fca-4814687207c9,robert.habeck/2021-09-21_07-27-48_UTC_5.jpg,Unknown,,,,,,Unknown,robert.habeck
688,0fc223ad-d0af-4e29-bae8-bddaa8298860,robert.habeck/2021-09-21_07-27-48_UTC_5.jpg,Unknown,,,,,,Unknown,robert.habeck
689,fc0d6131-86fe-4130-9b65-c16468825f82,robert.habeck/2021-09-21_07-27-48_UTC_5.jpg,Unknown,,,,,,Unknown,robert.habeck
690,26449275-f5be-44ba-8ba0-4879f0d629b1,robert.habeck/2021-09-21_07-27-48_UTC_5.jpg,Unknown,,,,,,Unknown,robert.habeck
691,183fad53-d501-4866-b4f9-2f421b74297c,robert.habeck/2021-09-21_07-27-48_UTC_5.jpg,Unknown,,,,,,Unknown,robert.habeck
692,0b30e8d3-677d-46ea-a0f7-e9c6823f6e0c,robert.habeck/2021-09-21_07-27-48_UTC_5.jpg,Unknown,,,,,,Unknown,robert.habeck
693,738972e9-6f4c-459f-881c-61890b84e02e,robert.habeck/2021-09-21_07-27-48_UTC_5.jpg,Unknown,,,,,,Unknown,robert.habeck
694,377c22a7-0713-4cf9-9ec3-85970d61cea3,robert.habeck/2021-09-21_07-27-48_UTC_5.jpg,Unknown,,,,,,Unknown,robert.habeck
695,d23fe196-6487-41a3-a181-11023daf36f1,robert.habeck/2021-09-21_07-27-48_UTC_5.jpg,Unknown,,,,,,Unknown,robert.habeck
696,920b4960-3d5d-4f91-b9c3-08cd88f261d9,robert.habeck/2021-09-21_07-27-48_UTC_5.jpg,Unknown,,,,,,Unknown,robert.habeck
697,f46fd7fd-6f8c-4cc1-af67-30977daffd08,robert.habeck/2021-09-21_07-27-48_UTC_5.jpg,Unknown,,,,,,Unknown,robert.habeck
698,78d03aa7-1404-4678-9a9c-a4419149402c,robert.habeck/2021-09-21_07-27-48_UTC_5.jpg,Unknown,,,,,,Unknown,robert.habeck
699,9fb4f43e-d62f-4f96-bdd8-cd06308e418a,robert.habeck/2021-09-21_07-27-48_UTC_5.jpg,Unknown,,,,,,Unknown,robert.habeck
700,a348cb9f-0ea9-443b-ae7c-8b62275cf26e,robert.habeck/2021-09-21_07-27-48_UTC_5.jpg,Unknown,,,,,,Unknown,robert.habeck
701,d13c077c-0336-42e1-a6b8-ade89fca10c2,robert.habeck/2021-09-21_07-27-48_UTC_5.jpg,Unknown,,,,,,Unknown,robert.habeck
702,98d3d131-8dcc-499c-836f-99f730bee4bf,robert.habeck/2021-09-21_07-27-48_UTC_5.jpg,Unknown,,,,,,Unknown,robert.habeck
703,c840a23f-f78a-42ec-9370-87696812efeb,robert.habeck/2021-09-21_07-27-48_UTC_5.jpg,Unknown,,,,,,Unknown,robert.habeck
704,00e32824-bbf6-4ea3-99c6-663de00d194b,robert.habeck/2021-09-19_15-16-41_UTC_5.jpg,Robert Habeck,,,,,,Unknown,robert.habeck
705,b6d50cf0-979b-4bbe-8cda-e55a771810a7,robert.habeck/2021-09-23_09-08-52_UTC_3.jpg,Robert Habeck,,,,,,Unknown,robert.habeck
706,1720468d-1bc0-48dc-bec6-b47042681360,robert.habeck/2021-09-23_09-08-52_UTC_3.jpg,Unknown,,,,,,Unknown,robert.habeck
707,6b5605ee-b375-4f4e-8f19-b01a1ba5cab6,robert.habeck/2021-09-23_09-08-52_UTC_3.jpg,Unknown,,,,,,Unknown,robert.habeck
708,3ff398d6-c25c-425b-b35b-372c6161ea8d,robert.habeck/2021-09-23_09-08-52_UTC_3.jpg,Unknown,,,,,,Unknown,robert.habeck
709,e56b5f75-c268-4964-bb53-3222ea01a288,robert.habeck/2021-09-23_09-08-52_UTC_3.jpg,Unknown,,,,,,Unknown,robert.habeck
710,3da5fe02-8038-4976-8a69-79cab78435bc,robert.habeck/2021-09-23_09-08-52_UTC_3.jpg,Unknown,,,,,,Unknown,robert.habeck
711,9f580cda-407f-47ba-8ace-be4a0324a68e,robert.habeck/2021-09-24_09-22-06_UTC_7.jpg,Unknown,,,,,,Unknown,robert.habeck
712,d9509b13-5c91-4763-8470-6d2c81de7ecc,robert.habeck/2021-09-24_09-22-06_UTC_7.jpg,Robert Habeck,,,,,,Unknown,robert.habeck
713,09006bfd-f557-4f85-a596-d24536e4e60e,robert.habeck/2021-09-24_09-22-06_UTC_7.jpg,Unknown,,,,,,Unknown,robert.habeck
714,1b94d1d2-d2f9-472e-9379-20183e9e8d1d,robert.habeck/2021-09-24_09-22-06_UTC_7.jpg,Unknown,,,,,,Unknown,robert.habeck
715,9f647e54-fee0-4ec7-82a1-22e9896b566a,robert.habeck/2021-09-24_09-22-06_UTC_7.jpg,Unknown,,,,,,Unknown,robert.habeck
716,a762c09b-c6e3-432f-a653-53ad423a6f62,robert.habeck/2021-09-24_09-22-06_UTC_7.jpg,Unknown,,,,,,Unknown,robert.habeck
717,d2e93c3a-556d-4e28-836e-f9a7a7ae0b98,robert.habeck/2021-09-24_09-22-06_UTC_7.jpg,Unknown,,,,,,Unknown,robert.habeck
718,6cc727fc-1640-40c9-a816-158a900b34b7,robert.habeck/2021-09-24_09-22-06_UTC_7.jpg,Unknown,,,,,,Unknown,robert.habeck
719,36c3a33f-8f75-4e50-af57-26c203048919,robert.habeck/2021-09-24_09-22-06_UTC_7.jpg,Unknown,,,,,,Unknown,robert.habeck
720,e01922fa-07f4-4bd2-a07d-8c25751723ec,robert.habeck/2021-09-24_09-22-06_UTC_7.jpg,Unknown,,,,,,Unknown,robert.habeck
721,f498c5cd-002d-48ce-bda2-de7d0052665e,robert.habeck/2021-09-22_08-19-21_UTC_1.jpg,Unknown,,,,,,Unknown,robert.habeck
722,96eb9c99-9428-4f27-a657-2ae922dae0fa,robert.habeck/2021-09-22_08-19-21_UTC_1.jpg,Unknown,,,,,,Unknown,robert.habeck
723,9e86355e-8553-46fc-b58d-7f0e23ea80af,robert.habeck/2021-09-22_08-19-21_UTC_1.jpg,Unknown,,,,,,Unknown,robert.habeck
724,c6ca2e71-c031-439d-9a10-bd402d85a8ac,robert.habeck/2021-09-22_08-19-21_UTC_1.jpg,Unknown,,,,,,Unknown,robert.habeck
725,ffc43ce4-d3fb-4cc3-844c-5ceb7d33cbd8,robert.habeck/2021-09-22_08-19-21_UTC_1.jpg,Unknown,,,,,,Unknown,robert.habeck
726,1ab1674e-5245-4018-9dd4-a6de41d8a316,robert.habeck/2021-09-16_10-06-22_UTC_3.jpg,Unknown,,,,,,Unknown,robert.habeck
727,72201a79-b4fc-4208-aeb2-e008c741490f,armin_laschet/2021-09-19_20-18-11_UTC.jpg,Armin Laschet,d0e6d963-6d02-463b-a226-ce3f34b0fcc5.png,0.5551175923673319,Facenet512,euclidean_l2,40.0,Armin Laschet,armin_laschet
728,04120f86-1eae-491f-9f66-2caaaae80971,cdu/2021-09-21_18-48-32_UTC_2.jpg,Unknown,,,,,,Unknown,cdu
729,b264421e-b5da-4d22-8cf6-d92e18d96e2c,cdu/2021-09-21_18-48-32_UTC_2.jpg,Unknown,,,,,,Unknown,cdu
730,6d50465d-a5b7-4a4b-843a-b2d65d080b47,cdu/2021-09-21_18-48-32_UTC_2.jpg,Unknown,,,,,,Unknown,cdu
731,a6364875-6051-41d3-9c31-ac19e2ccbc2c,cdu/2021-09-21_18-48-32_UTC_2.jpg,Unknown,,,,,,Unknown,cdu
732,13dd8e8a-506c-4dfc-bceb-3af5eb02bce2,cdu/2021-09-21_18-48-32_UTC_2.jpg,Unknown,,,,,,Unknown,cdu
733,37ba183e-1b78-448c-8f2d-cc34799b6828,cdu/2021-09-21_18-48-32_UTC_2.jpg,Unknown,,,,,,Unknown,cdu
734,361a6f25-bc3f-4ae3-9232-f433a5587c0d,cdu/2021-09-21_18-48-32_UTC_2.jpg,Unknown,,,,,,Unknown,cdu
735,c0cb7b30-06c7-4a94-ba7e-3afa2f8d98e0,cdu/2021-09-21_18-48-32_UTC_2.jpg,Unknown,,,,,,Unknown,cdu
736,8a1b3d99-4a8f-40ae-9d46-015fc3ac0cca,cdu/2021-09-21_18-48-32_UTC_2.jpg,Unknown,,,,,,Unknown,cdu
737,c6897007-b6df-4bfc-988c-b02f24f5787e,cdu/2021-09-21_18-48-32_UTC_2.jpg,Unknown,,,,,,Unknown,cdu
738,b5b6cd86-38cd-4524-b248-a181a3a048f5,cdu/2021-09-21_18-48-32_UTC_2.jpg,Unknown,,,,,,Unknown,cdu
739,54b38c4b-5548-4ff2-ba41-4534ec0b7a01,cdu/2021-09-21_18-48-32_UTC_2.jpg,Unknown,,,,,,Unknown,cdu
740,d96ddb9d-9029-4e67-94f7-56fd785bb11b,cdu/2021-09-21_18-48-32_UTC_2.jpg,Unknown,,,,,,Unknown,cdu
741,226d932b-9cbb-4812-94fe-5ca45b51aa65,cdu/2021-09-21_18-48-32_UTC_2.jpg,Unknown,,,,,,Unknown,cdu
742,b7e00a2a-02d5-4123-860b-af8fe76bc5bc,cdu/2021-09-21_18-48-32_UTC_2.jpg,Armin Laschet,,,,,,Unknown,cdu
743,26d74fa1-e393-4839-aca0-bfbda600ef7d,cdu/2021-09-23_10-08-51_UTC_1.jpg,Unknown,,,,,,Unknown,cdu
744,4f69e6b4-4a2a-4bd4-958a-8eb11ede9171,cdu/2021-09-23_10-08-51_UTC_1.jpg,Unknown,,,,,,Unknown,cdu
745,e4774453-1275-4ceb-9628-1d45ea44ff11,cdu/2021-09-23_10-08-51_UTC_1.jpg,Unknown,,,,,,Unknown,cdu
746,e8369aed-83b5-4b38-ad34-cd18b8f7334c,cdu/2021-09-23_10-08-51_UTC_1.jpg,Unknown,,,,,,Unknown,cdu
747,55d2f999-2b16-4a5f-b285-94350f5b6ecf,cdu/2021-09-23_10-08-51_UTC_1.jpg,Unknown,,,,,,Unknown,cdu
748,6d79005a-f57d-40dc-8a80-c5785f1c295e,cdu/2021-09-23_10-08-51_UTC_1.jpg,Unknown,,,,,,Unknown,cdu
749,911c2356-b8c2-4e47-9df3-6f94680c7012,cdu/2021-09-23_10-08-51_UTC_1.jpg,Armin Laschet,c0c7aedd-97dc-4394-8336-f812c19fc1a2.png,0.7395975796924937,Facenet512,euclidean_l2,38.0,Armin Laschet,cdu
750,9e67bc04-d374-4bbf-b530-7b4eccac71fb,cdu/2021-09-23_10-08-51_UTC_1.jpg,Unknown,,,,,,Unknown,cdu
751,3be6e633-2863-4e9f-b9ec-b39cc1345e82,cdu/2021-09-23_10-08-51_UTC_1.jpg,Unknown,,,,,,Unknown,cdu
752,53288108-5afc-4996-a468-d88c148aa0d2,cdu/2021-09-23_10-08-51_UTC_1.jpg,Unknown,,,,,,Unknown,cdu
753,5a784b93-a0ee-47ac-b91a-4beaef35c6ca,cdu/2021-09-23_10-08-51_UTC_1.jpg,Unknown,,,,,,Unknown,cdu
754,094b0891-abd1-438b-8a06-3c97703cd7dd,cdu/2021-09-23_10-08-51_UTC_1.jpg,Unknown,,,,,,Unknown,cdu
755,574de9e6-efe4-44f4-957e-0c5531903978,cdu/2021-09-23_10-08-51_UTC_1.jpg,Unknown,,,,,,Unknown,cdu
756,8979ebac-13cf-4c8c-8e2c-40ad83d64998,cdu/2021-09-18_17-06-46_UTC_9.jpg,Unknown,,,,,,Unknown,cdu
757,4bbd501c-e7da-4044-bfa1-7315fa5b7887,cdu/2021-09-18_17-06-46_UTC_9.jpg,Unknown,,,,,,Unknown,cdu
758,8d1f02f4-a058-4de2-ace9-6e08cf4565e1,cdu/2021-09-18_17-06-46_UTC_9.jpg,Unknown,,,,,,Unknown,cdu
759,2c39108e-903c-498e-a8fd-cecb997c6718,cdu/2021-09-18_17-06-46_UTC_9.jpg,Unknown,,,,,,Unknown,cdu
760,f92ced52-05d2-4fa8-a9e4-e88a966a7f83,cdu/2021-09-18_17-06-46_UTC_9.jpg,Armin Laschet,5efa5b53-ada6-486e-8b66-4c6330a71ea7.png,0.5745149565683636,Facenet512,euclidean_l2,40.0,Armin Laschet,cdu
761,675ecd0c-68d6-4eea-88f9-d761519ec3b6,cdu/2021-09-14_05-32-44_UTC.jpg,Armin Laschet,laschet_armin.jpeg,0.4770899233385908,Facenet512,euclidean_l2,38.0,Armin Laschet,cdu
762,67d36a2e-bc7d-4aa6-9225-c10fa2b05b6a,cdu/2021-09-14_13-38-22_UTC.jpg,Unknown,,,,,,Unknown,cdu
763,3411e6be-4826-466f-bf67-960470d2592b,cdu/2021-09-21_20-02-32_UTC_2.jpg,Unknown,,,,,,Unknown,cdu
764,3c39abe0-1ef1-4459-84dd-8e0d57e8b7bf,cdu/2021-09-21_20-02-32_UTC_2.jpg,Armin Laschet,,,,,,Unknown,cdu
765,f5697120-a20d-4617-8625-75f620f3d2f3,cdu/2021-09-21_20-02-32_UTC_2.jpg,Unknown,,,,,,Unknown,cdu
766,12a86d48-186c-4532-a1cc-ee471575229f,cdu/2021-09-21_20-02-32_UTC_2.jpg,Unknown,,,,,,Unknown,cdu
767,737f0936-ee3d-42dd-a46d-1c8f70f2956c,cdu/2021-09-18_17-06-46_UTC_4.jpg,Armin Laschet,laschet_armin.jpeg,0.6223432947636685,Facenet512,euclidean_l2,40.0,Armin Laschet,cdu
768,cf153917-023d-49c7-840e-9bfd6604780d,cdu/2021-09-12_20-09-20_UTC.jpg,Armin Laschet,f891fb5e-737c-4bf0-9c55-824f2cdff348.png,0.4677933570229236,Facenet512,euclidean_l2,38.0,Armin Laschet,cdu
769,14511f34-5995-4967-8af7-aff93a914066,cdu/2021-09-23_07-44-39_UTC.jpg,Unknown,,,,,,Unknown,cdu
770,3723c51e-675a-4594-84b0-4d549c5011a6,cdu/2021-09-23_07-44-39_UTC.jpg,Unknown,,,,,,Unknown,cdu
771,3898699d-2db4-4630-b21c-c96df66d1083,cdu/2021-09-23_07-44-39_UTC.jpg,Armin Laschet,5efa5b53-ada6-486e-8b66-4c6330a71ea7.png,0.8877759764198153,Facenet512,euclidean_l2,6.0,Armin Laschet,cdu
772,fc0af6b2-57ff-4720-97ec-e6c0c5b65d1e,cdu/2021-09-23_07-44-39_UTC.jpg,Unknown,,,,,,Unknown,cdu
773,1b5d1190-62e9-4210-9120-be97d666f5ca,cdu/2021-09-15_09-26-42_UTC_4.jpg,Armin Laschet,f891fb5e-737c-4bf0-9c55-824f2cdff348.png,0.7813970888324694,Facenet512,euclidean_l2,24.0,Armin Laschet,cdu
774,9fa57a80-f908-464f-b635-0688fb1c5951,cdu/2021-09-15_09-26-42_UTC_4.jpg,Unknown,,,,,,Unknown,cdu
775,7b8d77a9-b6b0-45e6-933f-15c43aac5f92,armin_laschet/2021-09-22_14-55-06_UTC_1.jpg,Unknown,,,,,,Unknown,armin_laschet
776,2900d3e1-d65a-488e-8ae0-4ec877183baa,armin_laschet/2021-09-22_14-55-06_UTC_1.jpg,Armin Laschet,1f347af9-a36f-4727-923b-4c1a1e934ab9.png,0.7582858578394329,Facenet512,euclidean_l2,38.0,Armin Laschet,armin_laschet
777,6ae8dc0a-9dbc-495f-b753-c51bdd58cd8e,armin_laschet/2021-09-22_14-55-06_UTC_1.jpg,Unknown,,,,,,Unknown,armin_laschet
778,69805a3d-843f-4237-8168-e19985be5262,armin_laschet/2021-09-22_14-55-06_UTC_1.jpg,Unknown,,,,,,Unknown,armin_laschet
779,385fb6ec-ee05-45c5-847d-c4243acaf1e8,armin_laschet/2021-09-22_14-55-06_UTC_1.jpg,Unknown,,,,,,Unknown,armin_laschet
780,6021421b-dd39-42d4-bf05-98e380c57bae,cdu/2021-09-24_15-48-03_UTC_1.jpg,Markus Söder,,,,,,Unknown,cdu
781,644627b7-4506-472f-8efd-447f28c364eb,cdu/2021-09-24_15-48-03_UTC_1.jpg,Unknown,,,,,,Unknown,cdu
782,362faa1c-ed62-4c80-b2a0-1e4d58715059,cdu/2021-09-24_15-48-03_UTC_1.jpg,Armin Laschet,cc6b3530-cd71-4500-a5fe-d868c449b8d1.png,0.6556399885040541,Facenet512,euclidean_l2,40.0,Armin Laschet,cdu
783,ab331282-f81b-4126-8b3c-04c09fcde902,cdu/2021-09-24_15-48-03_UTC_1.jpg,Unknown,6eea9eca-17f8-4cce-b3dd-7cf5cb345415.png,0.9202367499963344,Facenet512,euclidean_l2,6.0,Armin Laschet,cdu
784,0b5162bf-2769-44d6-b080-d2cb33ef76f6,cdu/2021-09-24_15-48-03_UTC_1.jpg,Unknown,,,,,,Unknown,cdu
785,a5db1a77-719d-42f9-805a-b497f9e86202,cdu/2021-09-24_15-48-03_UTC_1.jpg,Unknown,,,,,,Unknown,cdu
786,be57fb31-7a92-41e1-a77e-f7b9c0c057ff,cdu/2021-09-24_15-48-03_UTC_1.jpg,Unknown,,,,,,Unknown,cdu
787,dec252cd-4a6f-481c-854b-2fcbfd93f328,cdu/2021-09-24_15-48-03_UTC_1.jpg,Unknown,,,,,,Unknown,cdu
788,ea480f42-e0c2-4007-a70c-85a049526b8e,cdu/2021-09-24_15-48-03_UTC_2.jpg,Markus Söder,,,,,,Unknown,cdu
789,90cfbde7-64ba-4571-be57-5569cfb679f7,cdu/2021-09-24_15-48-03_UTC_2.jpg,Unknown,,,,,,Unknown,cdu
790,e178a328-0a69-44d0-a175-c0cec93746b2,cdu/2021-09-24_15-48-03_UTC_2.jpg,Armin Laschet,1bd44b42-05b1-4e5e-9ecf-b19872c3a776.png,0.5086577681330684,Facenet512,euclidean_l2,40.0,Armin Laschet,cdu
791,6393320f-c269-4f86-b09a-0b5d1da3d42d,cdu/2021-09-24_15-48-03_UTC_2.jpg,Unknown,,,,,,Unknown,cdu
792,39a435f1-adb7-48d0-9700-fe5d809d3d2d,cdu/2021-09-24_15-48-03_UTC_2.jpg,Unknown,,,,,,Unknown,cdu
793,1652f238-9f11-4f13-be09-85ed0d1e1fbe,cdu/2021-09-18_13-19-15_UTC_10.jpg,Unknown,,,,,,Unknown,cdu
794,7f1f559a-33fd-4fc5-9e52-27449a411c93,cdu/2021-09-18_13-19-15_UTC_10.jpg,Unknown,,,,,,Unknown,cdu
795,d8d42e50-2957-484b-bd56-230d6928d501,cdu/2021-09-18_13-19-15_UTC_10.jpg,Unknown,,,,,,Unknown,cdu
796,cdda897e-96ca-43b1-9110-735051af8070,cdu/2021-09-18_13-19-15_UTC_10.jpg,Unknown,,,,,,Unknown,cdu
797,cd46351c-a418-4f43-b04b-602756020bdd,cdu/2021-09-18_13-19-15_UTC_10.jpg,Armin Laschet,5efa5b53-ada6-486e-8b66-4c6330a71ea7.png,0.6516958833475437,Facenet512,euclidean_l2,40.0,Armin Laschet,cdu
798,894f6531-dbd7-4287-a046-2da118c6a28d,cdu/2021-09-25_09-31-48_UTC.jpg,Armin Laschet,d0e6d963-6d02-463b-a226-ce3f34b0fcc5.png,0.5677523986867129,Facenet512,euclidean_l2,40.0,Armin Laschet,cdu
799,8b7a154c-0c08-4ad3-88b2-bb7af9c77ceb,cdu/2021-09-25_07-57-40_UTC.jpg,Armin Laschet,c0c7aedd-97dc-4394-8336-f812c19fc1a2.png,0.4729292707125436,Facenet512,euclidean_l2,38.0,Armin Laschet,cdu
800,125f255d-0e10-4bb3-9787-ce617330ffc0,cdu/2021-09-25_07-57-40_UTC.jpg,Unknown,,,,,,Unknown,cdu
801,0e5edf7c-2989-4069-a986-3e694badc839,cdu/2021-09-25_07-57-40_UTC.jpg,Unknown,,,,,,Unknown,cdu
802,10fae144-62c5-498c-ac12-479b74a7eb7f,cdu/2021-09-25_07-57-40_UTC.jpg,Unknown,,,,,,Unknown,cdu
803,59f2ab5b-c756-4844-addd-3023416d31f6,cdu/2021-09-20_10-21-05_UTC.jpg,Armin Laschet,b95e4651-bf56-4f12-8d9c-4defe1aef9b0.png,0.5420376111994764,Facenet512,euclidean_l2,40.0,Armin Laschet,cdu
804,e5135295-5261-421c-9205-8fc244218b68,cdu/2021-09-20_10-21-05_UTC.jpg,Markus Söder,,,,,,Unknown,cdu
805,a8b5db60-2c36-4759-aa45-4d3b5363ea06,cdu/2021-09-15_07-58-57_UTC.jpg,Unknown,,,,,,Unknown,cdu
806,294ed93b-270b-4f5a-94ed-da3117eff972,cdu/2021-09-13_17-44-47_UTC_1.jpg,Unknown,,,,,,Unknown,cdu
807,eabe84c6-00c9-4dc9-af82-7e34c373d48b,cdu/2021-09-24_16-26-59_UTC.jpg,Armin Laschet,d0e6d963-6d02-463b-a226-ce3f34b0fcc5.png,0.6808850505234997,Facenet512,euclidean_l2,40.0,Armin Laschet,cdu
808,a38987b9-4361-4e51-8ba3-e9d199376275,cdu/2021-09-15_09-26-42_UTC_3.jpg,Unknown,,,,,,Unknown,cdu
809,3bc7125c-ebf5-4f99-b89a-ebd796c0528d,armin_laschet/2021-09-17_12-59-07_UTC_1.jpg,Markus Söder,,,,,,Unknown,armin_laschet
810,a33e88ea-e775-404b-9542-bc0760551cb7,armin_laschet/2021-09-17_12-59-07_UTC_1.jpg,Unknown,,,,,,Unknown,armin_laschet
811,ae19410e-b5d9-4979-bbda-572796c172e2,armin_laschet/2021-09-17_12-59-07_UTC_1.jpg,Unknown,,,,,,Unknown,armin_laschet
812,48680bbd-3605-491e-b949-c2f0ea646b8f,armin_laschet/2021-09-17_12-59-07_UTC_1.jpg,Unknown,,,,,,Unknown,armin_laschet
813,1faae26e-aacd-4905-b0c4-36dc8f123996,armin_laschet/2021-09-17_12-59-07_UTC_1.jpg,Unknown,,,,,,Unknown,armin_laschet
814,6faf014c-b527-4014-9e33-2dada744f22d,armin_laschet/2021-09-17_12-59-07_UTC_1.jpg,Unknown,,,,,,Unknown,armin_laschet
815,2464d440-103d-4069-9d03-0ebd6a724bd3,armin_laschet/2021-09-17_12-59-07_UTC_1.jpg,Armin Laschet,,,,,,Unknown,armin_laschet
816,e3a9cd20-33b8-401a-bea2-66aa66059b0c,armin_laschet/2021-09-17_12-59-07_UTC_1.jpg,Unknown,,,,,,Unknown,armin_laschet
817,2cde711a-8e5a-44d9-ac5b-ded5f2da1db6,armin_laschet/2021-09-17_12-59-07_UTC_1.jpg,Unknown,,,,,,Unknown,armin_laschet
818,73f41363-a1ff-4012-bf5e-7baacbae1959,armin_laschet/2021-09-17_12-59-07_UTC_1.jpg,Unknown,,,,,,Unknown,armin_laschet
819,58fb5163-1c1f-46f4-a20e-6fbd73e56bc7,cdu/2021-09-21_11-34-09_UTC_4.jpg,Unknown,,,,,,Unknown,cdu
820,8dbab2c4-3b7b-42da-a302-5d19e3730221,cdu/2021-09-21_11-34-09_UTC_4.jpg,Armin Laschet,laschet_armin.jpeg,0.7053836671841666,Facenet512,euclidean_l2,40.0,Armin Laschet,cdu
821,a7bf7fd4-ce7a-484a-bedd-afd05d8c9e29,cdu/2021-09-21_11-34-09_UTC_4.jpg,Unknown,,,,,,Unknown,cdu
822,2f1bfe44-181f-494e-8bb7-cf71b9ec20cf,cdu/2021-09-21_11-34-09_UTC_4.jpg,Unknown,,,,,,Unknown,cdu
823,7098d605-835f-4de6-a88d-e17c1ca061b9,cdu/2021-09-21_11-34-09_UTC_4.jpg,Unknown,,,,,,Unknown,cdu
824,db6d02be-6081-4501-bd34-b850dfeb7bb1,cdu/2021-09-21_11-34-09_UTC_4.jpg,Unknown,,,,,,Unknown,cdu
825,2487a1e7-c8e5-41bb-80a8-13578bd53cbd,cdu/2021-09-21_11-34-09_UTC_4.jpg,Unknown,,,,,,Unknown,cdu
826,977706a4-932f-4265-81af-68afaa9655a5,cdu/2021-09-24_19-39-33_UTC_2.jpg,Armin Laschet,f7a956bb-513b-4ae7-9fb0-2adc7ab25076.png,0.814324138943703,Facenet512,euclidean_l2,16.0,Armin Laschet,cdu
827,1b42dbe9-1542-49c4-bd5f-a91a2d27fc6c,cdu/2021-09-24_19-39-33_UTC_2.jpg,Unknown,,,,,,Unknown,cdu
828,3f902544-1d31-4fcc-b2ee-7434d4af7155,cdu/2021-09-24_19-39-33_UTC_2.jpg,Unknown,,,,,,Unknown,cdu
829,ab79c8c7-52c8-4968-898c-5b8c3fed3a67,cdu/2021-09-24_19-39-33_UTC_2.jpg,Unknown,,,,,,Unknown,cdu
830,15aea17b-e319-4b93-9521-eb02447bcef5,cdu/2021-09-24_19-39-33_UTC_2.jpg,Unknown,,,,,,Unknown,cdu
831,7a5cd61e-bf02-4afe-bc84-84605d68f7a7,cdu/2021-09-24_19-39-33_UTC_2.jpg,Unknown,,,,,,Unknown,cdu
832,cc06a392-af24-44e6-b223-7322d16cc10c,cdu/2021-09-24_19-39-33_UTC_2.jpg,Unknown,,,,,,Unknown,cdu
833,bbe7dc83-977a-4f25-8154-749efa4b6976,cdu/2021-09-24_19-39-33_UTC_2.jpg,Unknown,,,,,,Unknown,cdu
834,d45ffd1f-5db8-4eb2-9f63-645ddc355303,cdu/2021-09-24_19-39-33_UTC_2.jpg,Unknown,,,,,,Unknown,cdu
835,215b5ebe-9dc5-4378-8a24-b39f0ca2a424,cdu/2021-09-24_19-39-33_UTC_2.jpg,Unknown,,,,,,Unknown,cdu
836,c976a662-8115-48fd-a361-6b110ebd473b,cdu/2021-09-24_19-39-33_UTC_2.jpg,Unknown,,,,,,Unknown,cdu
837,1adb9b09-9fe3-4556-bec4-5fff9a807a69,cdu/2021-09-24_19-39-33_UTC_2.jpg,Unknown,,,,,,Unknown,cdu
838,ec74fef0-cacd-47cb-b6a4-069d9e147f71,cdu/2021-09-24_19-39-33_UTC_2.jpg,Unknown,,,,,,Unknown,cdu
839,192d195f-22d5-4734-b7d4-0a11ff6a5a77,cdu/2021-09-24_19-39-33_UTC_2.jpg,Unknown,,,,,,Unknown,cdu
840,e070c20b-5cef-438c-a93a-759ee6dd257b,cdu/2021-09-16_17-02-39_UTC_2.jpg,Unknown,,,,,,Unknown,cdu
841,c33112a8-c232-4126-a74e-54aefa074dbf,cdu/2021-09-16_17-02-39_UTC_2.jpg,Unknown,,,,,,Unknown,cdu
842,98b8359a-42fb-4235-9c74-700e02aad0d6,cdu/2021-09-16_17-02-39_UTC_2.jpg,Unknown,,,,,,Unknown,cdu
843,6ec59a2e-25e3-4940-90a4-ff7a44de6561,cdu/2021-09-16_17-02-39_UTC_2.jpg,Unknown,,,,,,Unknown,cdu
844,3c20edfd-8626-467a-b193-02db0bec9b74,cdu/2021-09-16_17-02-39_UTC_2.jpg,Unknown,,,,,,Unknown,cdu
845,2f539fa0-dcd6-4544-894e-7ef9cbcca12f,cdu/2021-09-16_17-02-39_UTC_2.jpg,Unknown,,,,,,Unknown,cdu
846,b70d8295-6124-484f-8c5f-b81d4193785c,cdu/2021-09-16_17-02-39_UTC_2.jpg,Unknown,,,,,,Unknown,cdu
847,9b255602-9734-4694-8142-fbcdcb9e408f,cdu/2021-09-16_17-02-39_UTC_2.jpg,Unknown,,,,,,Unknown,cdu
848,906a7766-dbd1-493b-a5d2-23b8a05f683d,cdu/2021-09-16_17-02-39_UTC_2.jpg,Unknown,,,,,,Unknown,cdu
849,44375e81-e4eb-4d80-b572-e7fe2bcbb781,cdu/2021-09-16_17-02-39_UTC_2.jpg,Unknown,,,,,,Unknown,cdu
850,12493597-dfc0-4ccc-849a-d825c479f71c,cdu/2021-09-16_17-02-39_UTC_2.jpg,Unknown,,,,,,Unknown,cdu
851,0aee655e-9a9b-4775-9c36-b499374ede95,cdu/2021-09-16_17-02-39_UTC_2.jpg,Unknown,,,,,,Unknown,cdu
852,cf721226-ec0f-49de-94b1-75ab7d09b55f,cdu/2021-09-16_17-02-39_UTC_2.jpg,Unknown,,,,,,Unknown,cdu
853,14b09c69-79dd-446e-a24b-6706b9b25edd,cdu/2021-09-16_17-02-39_UTC_2.jpg,Unknown,,,,,,Unknown,cdu
854,bf98b63a-ce90-4d95-afc1-3c8ced7f7e94,cdu/2021-09-16_17-02-39_UTC_2.jpg,Unknown,,,,,,Unknown,cdu
855,ecb0f51b-b232-41c0-945b-c20b08a6dd00,cdu/2021-09-16_17-02-39_UTC_2.jpg,Unknown,,,,,,Unknown,cdu
856,50a23ab5-ec7b-4910-8aec-1b9d0ebb6afc,cdu/2021-09-16_17-02-39_UTC_2.jpg,Unknown,,,,,,Unknown,cdu
857,0f5dbdb4-b6bc-4f5c-a692-917dcfe10fe3,cdu/2021-09-16_17-02-39_UTC_2.jpg,Unknown,,,,,,Unknown,cdu
858,87c069ac-bd1f-40b8-961f-0a367b02f287,cdu/2021-09-16_17-02-39_UTC_2.jpg,Unknown,,,,,,Unknown,cdu
859,43a10fd8-dd42-4a0f-8fa2-23f16b59cccf,cdu/2021-09-16_17-02-39_UTC_2.jpg,Unknown,,,,,,Unknown,cdu
860,789ecf89-55f1-4754-8c92-6760118a5953,cdu/2021-09-16_17-02-39_UTC_2.jpg,Unknown,,,,,,Unknown,cdu
861,120edbb9-d528-4209-8b51-ac90ac9d87b4,cdu/2021-09-16_17-02-39_UTC_2.jpg,Unknown,,,,,,Unknown,cdu
862,f710c8f9-908b-4879-b6a3-cc613767f7c4,cdu/2021-09-16_17-02-39_UTC_2.jpg,Unknown,,,,,,Unknown,cdu
863,58a54a77-ee30-48ce-90cb-a740cd28d0b3,cdu/2021-09-16_17-02-39_UTC_2.jpg,Unknown,,,,,,Unknown,cdu
864,be2bcc84-ae0d-43b6-af32-5df9fc761ced,cdu/2021-09-16_17-02-39_UTC_2.jpg,Unknown,,,,,,Unknown,cdu
865,e62cff42-bf4d-4aa1-83d7-5d285878dc6a,cdu/2021-09-16_17-02-39_UTC_2.jpg,Unknown,,,,,,Unknown,cdu
866,a05c1b5d-afa4-4a58-a2d2-3615e112bda4,cdu/2021-09-16_17-02-39_UTC_2.jpg,Unknown,,,,,,Unknown,cdu
867,b2f99d22-b92c-4ebc-9cb3-94f6721cc1e1,cdu/2021-09-16_17-02-39_UTC_2.jpg,Unknown,,,,,,Unknown,cdu
868,9e301037-b235-427b-b2ef-459d93f473c8,cdu/2021-09-16_17-02-39_UTC_2.jpg,Unknown,,,,,,Unknown,cdu
869,2eba04e9-3bc3-4880-9e85-629fb56fb236,cdu/2021-09-16_17-02-39_UTC_2.jpg,Unknown,,,,,,Unknown,cdu
870,f04ea7aa-5c39-4f20-9b2e-c32fbdb94973,cdu/2021-09-16_17-02-39_UTC_2.jpg,Unknown,,,,,,Unknown,cdu
871,6cf13c36-5b6c-4580-b6c8-ef33f102a670,cdu/2021-09-16_17-02-39_UTC_2.jpg,Unknown,,,,,,Unknown,cdu
872,abba47f3-6317-493c-9b8c-4b73dd630531,cdu/2021-09-16_17-02-39_UTC_2.jpg,Unknown,,,,,,Unknown,cdu
873,82685574-d50f-4e89-b535-b26cf0e1db64,cdu/2021-09-15_19-53-11_UTC.jpg,Armin Laschet,laschet_armin.jpeg,0.7373451910579636,Facenet512,euclidean_l2,40.0,Armin Laschet,cdu
874,585934f3-99c7-4c8e-9751-f8cad5c60de5,cdu/2021-09-25_11-00-47_UTC.jpg,Armin Laschet,b95e4651-bf56-4f12-8d9c-4defe1aef9b0.png,0.5170177720632606,Facenet512,euclidean_l2,40.0,Armin Laschet,cdu
875,9d58119f-7fa4-4931-8c70-d26d9cdd5836,cdu/2021-09-24_19-39-33_UTC_9.jpg,Unknown,,,,,,Unknown,cdu
876,36fa1262-7c4d-4029-befb-5687ed890b28,cdu/2021-09-24_19-39-33_UTC_9.jpg,Unknown,,,,,,Unknown,cdu
877,b48a69cb-dcea-4e35-9d93-185518ea5ccf,cdu/2021-09-24_19-39-33_UTC_9.jpg,Armin Laschet,,,,,,Unknown,cdu
878,8de355f2-4b25-4973-a3f7-7d2268e7cb7a,cdu/2021-09-24_19-39-33_UTC_9.jpg,Unknown,,,,,,Unknown,cdu
879,05091932-2465-4f7b-a6d5-5b3c671deabb,cdu/2021-09-24_19-39-33_UTC_9.jpg,Unknown,,,,,,Unknown,cdu
880,19ab9a85-4162-4870-bd96-a91ef3837be6,cdu/2021-09-24_19-39-33_UTC_9.jpg,Unknown,,,,,,Unknown,cdu
881,76475454-2e28-4db2-badc-8bb35585b19a,cdu/2021-09-24_19-39-33_UTC_9.jpg,Unknown,,,,,,Unknown,cdu
882,ee8f254b-75cd-496f-b09f-63bdece6f800,cdu/2021-09-24_19-39-33_UTC_9.jpg,Unknown,,,,,,Unknown,cdu
883,cb9705d7-45f6-49c4-a3e7-9da1ffe2b943,cdu/2021-09-24_19-39-33_UTC_9.jpg,Unknown,,,,,,Unknown,cdu
884,57802663-d042-4830-9d7b-87204904a04d,cdu/2021-09-24_16-42-35_UTC.jpg,Armin Laschet,9c3a43b8-03a7-453c-a980-1c4523abd5f3.png,0.9135215433680328,Facenet512,euclidean_l2,18.0,Armin Laschet,cdu
885,27a21b30-0084-4fdd-9d96-85c22fd70a48,cdu/2021-09-24_15-38-55_UTC.jpg,Unknown,,,,,,Unknown,cdu
886,2b23e1ed-281d-4222-8212-b5dd5978df48,cdu/2021-09-21_20-02-32_UTC_3.jpg,Armin Laschet,cc6b3530-cd71-4500-a5fe-d868c449b8d1.png,0.7383201486512232,Facenet512,euclidean_l2,34.0,Armin Laschet,cdu
887,db37539e-7cba-4362-a235-f4bc4d2685ea,cdu/2021-09-16_17-02-39_UTC_10.jpg,Unknown,,,,,,Unknown,cdu
888,c91b8c74-c781-40f3-b55a-97186c256b40,cdu/2021-09-16_17-02-39_UTC_10.jpg,Armin Laschet,c0c7aedd-97dc-4394-8336-f812c19fc1a2.png,0.6176979964902616,Facenet512,euclidean_l2,38.0,Armin Laschet,cdu
889,4fc71bbc-55bb-408b-9578-ac6dd1c41c84,cdu/2021-09-16_17-02-39_UTC_10.jpg,Unknown,,,,,,Unknown,cdu
890,2440ace8-5016-4782-962f-6f5a8ef991ef,armin_laschet/2021-09-24_13-34-04_UTC_2.jpg,Unknown,,,,,,Unknown,armin_laschet
891,1fbb3125-bcce-4fe0-9a08-f034b0b957e4,armin_laschet/2021-09-24_13-34-04_UTC_2.jpg,Unknown,,,,,,Unknown,armin_laschet
892,1d7e6393-d1b1-4f72-bf64-edeb79171922,armin_laschet/2021-09-24_13-34-04_UTC_2.jpg,Unknown,,,,,,Unknown,armin_laschet
893,8481d087-4846-4f53-8721-1f7f46156a3f,armin_laschet/2021-09-24_13-34-04_UTC_2.jpg,Unknown,,,,,,Unknown,armin_laschet
894,c90c22c2-27bc-4332-a0b1-e2c7c552cb35,armin_laschet/2021-09-24_13-34-04_UTC_2.jpg,Unknown,,,,,,Unknown,armin_laschet
895,31fc5e56-9cd2-435b-b5a1-1484e5d4b272,armin_laschet/2021-09-24_13-34-04_UTC_2.jpg,Unknown,,,,,,Unknown,armin_laschet
896,4048b5d1-9037-4bae-8b42-a638de8605b4,armin_laschet/2021-09-24_13-34-04_UTC_2.jpg,Unknown,,,,,,Unknown,armin_laschet
897,f4ebb5b4-2784-4dbc-a6c1-7cb9504275b8,armin_laschet/2021-09-24_13-34-04_UTC_2.jpg,Unknown,,,,,,Unknown,armin_laschet
898,83ee328d-3c2d-4a2e-bdf1-bbcdfecc9293,armin_laschet/2021-09-24_13-34-04_UTC_2.jpg,Unknown,,,,,,Unknown,armin_laschet
899,b365ad80-6e81-4d59-a91e-6693a6ed6085,armin_laschet/2021-09-24_13-34-04_UTC_2.jpg,Unknown,,,,,,Unknown,armin_laschet
900,cf466984-59d1-4b88-a56d-5465eb440493,armin_laschet/2021-09-24_13-34-04_UTC_2.jpg,Unknown,,,,,,Unknown,armin_laschet
901,4d3fc709-2bd8-4ba6-bd70-5bc8e0b07a4b,armin_laschet/2021-09-24_13-34-04_UTC_2.jpg,Unknown,,,,,,Unknown,armin_laschet
902,7a6c83e7-a937-45b2-8e27-b27bc90aa03b,armin_laschet/2021-09-24_13-34-04_UTC_2.jpg,Unknown,,,,,,Unknown,armin_laschet
903,8e6178b3-b75b-4aa8-8d6f-5d1ac35f1f08,armin_laschet/2021-09-24_13-34-04_UTC_2.jpg,Unknown,,,,,,Unknown,armin_laschet
904,f189a1b1-16e9-4715-b194-72ceb2b02c4c,cdu/2021-09-18_13-19-15_UTC_3.jpg,Unknown,,,,,,Unknown,cdu
905,014979e8-13fe-4d05-af69-ac110a06597b,cdu/2021-09-18_13-19-15_UTC_3.jpg,Unknown,,,,,,Unknown,cdu
906,20ee44a9-5503-4a49-b81a-c5242c93dfe4,cdu/2021-09-18_13-19-15_UTC_3.jpg,Unknown,,,,,,Unknown,cdu
907,62e68a17-6144-4570-8802-03dbd4b24d88,cdu/2021-09-18_13-19-15_UTC_3.jpg,Unknown,,,,,,Unknown,cdu
908,dc790107-bff2-4851-b22c-5784b89b2fdc,cdu/2021-09-18_13-19-15_UTC_3.jpg,Unknown,,,,,,Unknown,cdu
909,bfaf0885-222f-42a0-b9af-9579010871c8,cdu/2021-09-18_13-19-15_UTC_3.jpg,Unknown,,,,,,Unknown,cdu
910,854bcf6e-0da9-473f-abe5-b893c53075c5,cdu/2021-09-24_19-39-33_UTC_6.jpg,Markus Söder,,,,,,Unknown,cdu
911,94c76c81-deb1-4a3f-9959-8e56add9dbc5,cdu/2021-09-20_16-32-49_UTC_4.jpg,Unknown,,,,,,Unknown,cdu
912,d9f3251d-c352-4e65-8fc8-258d61b90c71,cdu/2021-09-20_16-32-49_UTC_4.jpg,Unknown,,,,,,Unknown,cdu
913,bc931f31-3544-46e8-92ac-d6add61a71c9,cdu/2021-09-20_16-32-49_UTC_4.jpg,Unknown,,,,,,Unknown,cdu
914,5adec776-4468-4ad9-9bf7-86efe5de394f,cdu/2021-09-20_16-32-49_UTC_4.jpg,Unknown,,,,,,Unknown,cdu
915,449e01f9-df86-435d-90b4-9c341e5501e2,cdu/2021-09-20_16-32-49_UTC_4.jpg,Unknown,,,,,,Unknown,cdu
916,87e410d1-5caa-4c6f-8fc8-3a9453fd6146,cdu/2021-09-20_16-32-49_UTC_4.jpg,Armin Laschet,1f347af9-a36f-4727-923b-4c1a1e934ab9.png,1.0317106589307343,Facenet512,euclidean_l2,2.0,Armin Laschet,cdu
917,8f2bac54-b12f-475d-afdb-1008fc4fbefc,cdu/2021-09-20_16-32-49_UTC_4.jpg,Unknown,872af970-553e-4d30-abdc-252f937b8d70.png,0.9946049722539791,Facenet512,euclidean_l2,2.0,Armin Laschet,cdu
918,658d3f21-312f-4ccf-9234-5c8744deb151,cdu/2021-09-20_16-32-49_UTC_4.jpg,Unknown,,,,,,Unknown,cdu
919,465d3162-3336-4362-ab18-5e87e9c46906,cdu/2021-09-18_17-06-46_UTC_5.jpg,Unknown,,,,,,Unknown,cdu
920,aaaa4607-5c32-4797-a87b-f118ac6745e5,cdu/2021-09-18_17-06-46_UTC_5.jpg,Unknown,,,,,,Unknown,cdu
921,11f14196-e968-4fed-b3fa-25258c5865fa,cdu/2021-09-18_17-06-46_UTC_5.jpg,Unknown,,,,,,Unknown,cdu
922,60a55591-ea52-4881-95b4-0f8779d9f3a9,cdu/2021-09-18_17-06-46_UTC_5.jpg,Unknown,,,,,,Unknown,cdu
923,317f3cba-c2f1-47da-860d-0f11dc33947c,cdu/2021-09-18_17-06-46_UTC_5.jpg,Unknown,,,,,,Unknown,cdu
924,ce948590-dd0c-4b10-91ad-82e3867a0acc,cdu/2021-09-18_17-06-46_UTC_5.jpg,Unknown,,,,,,Unknown,cdu
925,b8802374-14f5-450b-ba67-f947348f4393,cdu/2021-09-18_17-06-46_UTC_5.jpg,Unknown,,,,,,Unknown,cdu
926,3e07ced2-eb36-4d88-ad0a-403ba61ff33d,cdu/2021-09-18_17-06-46_UTC_5.jpg,Unknown,,,,,,Unknown,cdu
927,567da156-8646-422f-8d7f-f4e4a97afab3,cdu/2021-09-18_17-06-46_UTC_5.jpg,Unknown,,,,,,Unknown,cdu
928,2e1ad417-7c08-4ec7-bc29-4edd179c0001,cdu/2021-09-18_17-06-46_UTC_5.jpg,Unknown,,,,,,Unknown,cdu
929,89aedede-4d00-4922-9b49-f66826f5d63d,cdu/2021-09-18_17-06-46_UTC_5.jpg,Unknown,,,,,,Unknown,cdu
930,91252fba-4d58-47e6-897a-83efe6ff839e,cdu/2021-09-18_17-06-46_UTC_5.jpg,Unknown,,,,,,Unknown,cdu
931,8d2ddcbb-981c-41d5-9cfd-fbc152eb4111,cdu/2021-09-18_17-06-46_UTC_5.jpg,Unknown,,,,,,Unknown,cdu
932,6c26f603-f6f5-4509-bebf-cf1be66a3d0f,cdu/2021-09-18_17-06-46_UTC_5.jpg,Unknown,,,,,,Unknown,cdu
933,163517d3-50a2-4881-8aea-f7cb69e0970e,cdu/2021-09-18_17-06-46_UTC_5.jpg,Unknown,,,,,,Unknown,cdu
934,212a9516-c5c9-4b9a-9605-e3407e67334a,cdu/2021-09-18_17-06-46_UTC_5.jpg,Unknown,,,,,,Unknown,cdu
935,d7c24fd7-a583-4f40-9e6b-194339a37fa2,cdu/2021-09-18_17-06-46_UTC_5.jpg,Unknown,,,,,,Unknown,cdu
936,21b545a0-e864-4c6f-9db8-cd1fe89fcfad,cdu/2021-09-18_17-06-46_UTC_5.jpg,Unknown,,,,,,Unknown,cdu
937,214c5a2d-7631-467b-81fd-dbde3cfdc051,cdu/2021-09-18_17-06-46_UTC_5.jpg,Unknown,,,,,,Unknown,cdu
938,28842f57-0b72-43ca-aff1-6c72a6044666,cdu/2021-09-18_17-06-46_UTC_5.jpg,Unknown,,,,,,Unknown,cdu
939,0b882c2c-ff48-45ce-8836-ae9e32385464,cdu/2021-09-18_17-06-46_UTC_5.jpg,Unknown,,,,,,Unknown,cdu
940,7092f5df-7687-4608-8a90-16a6950a86ef,cdu/2021-09-18_17-06-46_UTC_5.jpg,Unknown,,,,,,Unknown,cdu
941,7fcd5359-9617-4108-93ce-e41a8498e071,cdu/2021-09-18_17-06-46_UTC_5.jpg,Unknown,,,,,,Unknown,cdu
942,2c8ad66a-fe68-49be-8629-de6e6612c3b8,cdu/2021-09-18_17-06-46_UTC_5.jpg,Unknown,,,,,,Unknown,cdu
943,ced08d97-20d9-4342-baa9-c4364798d805,cdu/2021-09-18_07-14-58_UTC.jpg,Unknown,,,,,,Unknown,cdu
944,778df0f9-fc35-48fd-b705-d3288faad5f3,cdu/2021-09-18_10-16-45_UTC_2.jpg,Unknown,,,,,,Unknown,cdu
945,75197f5f-979f-4d3d-8764-4a61b5e8536a,cdu/2021-09-18_10-16-45_UTC_2.jpg,Armin Laschet,5efa5b53-ada6-486e-8b66-4c6330a71ea7.png,0.6953465808141016,Facenet512,euclidean_l2,40.0,Armin Laschet,cdu
946,52c121e9-af32-4fe3-9fed-8371dc1a441c,cdu/2021-09-18_10-16-45_UTC_2.jpg,Unknown,,,,,,Unknown,cdu
947,0b84d94a-4a72-424c-b774-3da28660eccd,cdu/2021-09-18_10-16-45_UTC_2.jpg,Unknown,,,,,,Unknown,cdu
948,0bfcdc91-9dc6-4457-ae07-98cac073049d,cdu/2021-09-18_10-16-45_UTC_2.jpg,Unknown,,,,,,Unknown,cdu
949,7e2d3e5c-ae55-4d33-87f5-efbaab5d9867,cdu/2021-09-18_10-16-45_UTC_2.jpg,Unknown,,,,,,Unknown,cdu
950,cb8bc53e-c460-4dcb-aae0-4041049baf5c,cdu/2021-09-18_10-16-45_UTC_2.jpg,Unknown,,,,,,Unknown,cdu
951,daab5d7c-90c9-4f1f-924f-cbb7791d22f6,cdu/2021-09-18_10-16-45_UTC_5.jpg,Unknown,,,,,,Unknown,cdu
952,28973135-d694-4bdd-812b-a4824d5ebc48,cdu/2021-09-18_10-16-45_UTC_5.jpg,Unknown,,,,,,Unknown,cdu
953,8062532b-dcf2-4f39-b358-540233be9dbd,cdu/2021-09-18_10-16-45_UTC_5.jpg,Armin Laschet,544c4dd7-ae0f-4d1e-825f-3d9e1eca7fd3.png,0.6570030675562665,Facenet512,euclidean_l2,40.0,Armin Laschet,cdu
954,07e781de-a67b-440e-b9e9-8af60f542035,cdu/2021-09-18_10-16-45_UTC_5.jpg,Unknown,,,,,,Unknown,cdu
955,325eba09-7d35-4736-af7b-8af540d3240a,cdu/2021-09-18_10-16-45_UTC_5.jpg,Unknown,,,,,,Unknown,cdu
956,3af4e589-a72f-4f0e-9077-56ba7b687604,cdu/2021-09-18_10-16-45_UTC_5.jpg,Unknown,,,,,,Unknown,cdu
957,4eab5752-1bee-4d3c-bc6f-6c272fa87af9,cdu/2021-09-18_10-16-45_UTC_5.jpg,Unknown,,,,,,Unknown,cdu
958,311ca6c9-afb8-49a5-b879-7dbdf93a0158,cdu/2021-09-18_10-16-45_UTC_5.jpg,Unknown,,,,,,Unknown,cdu
959,5fab64e3-c397-4782-ad4e-298ed8dc5296,cdu/2021-09-18_10-16-45_UTC_5.jpg,Unknown,,,,,,Unknown,cdu
960,f746b074-9184-4172-b5cb-7bdcb15c72c8,cdu/2021-09-18_10-16-45_UTC_5.jpg,Unknown,,,,,,Unknown,cdu
961,1d0f28a1-8e5c-4f1b-b311-110373a7c165,cdu/2021-09-23_10-08-51_UTC_6.jpg,Armin Laschet,c0c7aedd-97dc-4394-8336-f812c19fc1a2.png,0.5507119316562412,Facenet512,euclidean_l2,38.0,Armin Laschet,cdu
962,bc4d4ba7-5c93-44ae-b363-740945167c46,cdu/2021-09-23_10-08-51_UTC_6.jpg,Unknown,,,,,,Unknown,cdu
963,c15b6960-098f-4df6-9406-5cb0c9247304,cdu/2021-09-23_10-08-51_UTC_6.jpg,Unknown,5efa5b53-ada6-486e-8b66-4c6330a71ea7.png,1.035085340741422,Facenet512,euclidean_l2,2.0,Armin Laschet,cdu
964,5c6047d0-147f-428c-8705-b815e67ae00b,cdu/2021-09-18_13-19-15_UTC_8.jpg,Unknown,,,,,,Unknown,cdu
965,a2b284c0-c33b-4d66-a94e-be4ac1591cf8,cdu/2021-09-18_13-19-15_UTC_8.jpg,Unknown,,,,,,Unknown,cdu
966,8ef5b2d5-abf2-4949-afad-386a7c618d34,cdu/2021-09-18_13-19-15_UTC_8.jpg,Armin Laschet,,,,,,Unknown,cdu
967,351b53ae-73ae-4d90-ad9b-bf2e4c6b89cd,cdu/2021-09-18_13-19-15_UTC_8.jpg,Unknown,,,,,,Unknown,cdu
968,1f183799-d077-4766-83e9-e0e7ecceef65,cdu/2021-09-25_07-16-11_UTC.jpg,Armin Laschet,cc6b3530-cd71-4500-a5fe-d868c449b8d1.png,0.5965286808917563,Facenet512,euclidean_l2,40.0,Armin Laschet,cdu
969,af8cf6bb-c771-4d7f-9f24-703776f53981,armin_laschet/2021-09-24_12-06-26_UTC.jpg,Armin Laschet,544c4dd7-ae0f-4d1e-825f-3d9e1eca7fd3.png,0.6051923058595616,Facenet512,euclidean_l2,40.0,Armin Laschet,armin_laschet
970,02bf3538-ee12-4903-9a70-8042f5fa041d,cdu/2021-09-15_09-26-42_UTC_2.jpg,Armin Laschet,6b5fba44-8fb8-4e07-98e3-960e82e765a9.png,0.9353422868870016,Facenet512,euclidean_l2,2.0,Armin Laschet,cdu
971,8600b35c-c15e-4713-b23f-0de6c1399ea4,cdu/2021-09-15_09-26-42_UTC_2.jpg,Unknown,,,,,,Unknown,cdu
972,7d5498c8-b8a6-4770-bd72-372dd97957fe,cdu/2021-09-15_12-50-53_UTC.jpg,Unknown,,,,,,Unknown,cdu
973,387e92ed-51fe-4b4a-a37e-ae4a07dc9dcf,cdu/2021-09-24_17-15-13_UTC.jpg,Armin Laschet,laschet_armin.jpeg,0.490768684562683,Facenet512,euclidean_l2,38.0,Armin Laschet,cdu
974,4bf6b98e-0643-4335-8d06-c9bb9950a7a9,cdu/2021-09-18_13-19-15_UTC_6.jpg,Unknown,,,,,,Unknown,cdu
975,0598f5c4-6b48-4f0f-8655-984c5b5615ce,cdu/2021-09-18_13-19-15_UTC_6.jpg,Unknown,,,,,,Unknown,cdu
976,19a6f055-21e0-42c3-a9ea-364414a4e7b5,cdu/2021-09-18_13-19-15_UTC_6.jpg,Unknown,,,,,,Unknown,cdu
977,96df72d0-240b-40da-a02f-a7d012666958,cdu/2021-09-18_13-19-15_UTC_6.jpg,Unknown,,,,,,Unknown,cdu
978,b6a85907-d3b7-4d78-98de-9f9c8bb4cbcd,cdu/2021-09-18_13-19-15_UTC_6.jpg,Unknown,,,,,,Unknown,cdu
979,70e47e0c-4191-4ef0-aef1-e082aac3a515,cdu/2021-09-18_13-19-15_UTC_6.jpg,Unknown,,,,,,Unknown,cdu
980,f2d1a6c4-0a06-42cf-96ed-01cad15d1acd,cdu/2021-09-18_13-19-15_UTC_6.jpg,Unknown,,,,,,Unknown,cdu
981,20412b54-243a-412d-aac9-e3d6dbe9da9b,cdu/2021-09-18_13-19-15_UTC_6.jpg,Unknown,,,,,,Unknown,cdu
982,efd7e3b8-6dd4-466c-8d38-24ebcf8283d6,cdu/2021-09-18_13-19-15_UTC_6.jpg,Unknown,,,,,,Unknown,cdu
983,c8f2fbbb-412b-4d9f-85bd-5be4db80691e,cdu/2021-09-18_13-19-15_UTC_6.jpg,Unknown,,,,,,Unknown,cdu
984,3ae61989-39eb-4f9a-99a4-1901486db763,cdu/2021-09-18_13-19-15_UTC_6.jpg,Unknown,,,,,,Unknown,cdu
985,dbe8a755-d300-48bc-ab74-6ff3778733b1,cdu/2021-09-23_16-10-56_UTC_5.jpg,Unknown,c9b28a08-82fc-4524-9287-70b4dbc96c5b.png,0.9535002920885256,Facenet512,euclidean_l2,12.0,Armin Laschet,cdu
986,b7b418fd-9c99-44b4-9048-aa491c07acf4,cdu/2021-09-23_16-10-56_UTC_5.jpg,Unknown,,,,,,Unknown,cdu
987,4966862a-220b-4677-8dff-47d20e149f39,cdu/2021-09-23_16-10-56_UTC_5.jpg,Armin Laschet,c0c7aedd-97dc-4394-8336-f812c19fc1a2.png,0.6065753892126362,Facenet512,euclidean_l2,36.0,Armin Laschet,cdu
988,1b7e13ee-6fdb-4fa7-9519-4faa6d0f3b14,cdu/2021-09-23_16-10-56_UTC_5.jpg,Unknown,,,,,,Unknown,cdu
989,76140e40-d36c-4cd9-bd72-baaf27697243,cdu/2021-09-23_16-10-56_UTC_5.jpg,Unknown,,,,,,Unknown,cdu
990,d85d6ec5-fcec-43ff-a36a-9409d245a757,cdu/2021-09-24_19-39-33_UTC_10.jpg,Unknown,,,,,,Unknown,cdu
991,4a7a98fa-7e7a-4ba8-8dd8-6e67efac66fd,cdu/2021-09-24_19-39-33_UTC_10.jpg,Unknown,,,,,,Unknown,cdu
992,577624ca-254e-4ba7-9a42-6399c9fb8813,cdu/2021-09-24_19-39-33_UTC_10.jpg,Unknown,,,,,,Unknown,cdu
993,850292da-4ad7-441c-88c2-fe1cc8e28f6a,cdu/2021-09-24_19-39-33_UTC_10.jpg,Armin Laschet,,,,,,Unknown,cdu
994,b4ae64b1-538d-475b-b525-dd320d269827,cdu/2021-09-24_19-39-33_UTC_10.jpg,Unknown,,,,,,Unknown,cdu
995,1e62bf6b-d721-45f6-a5d6-3217b59a8d1b,cdu/2021-09-24_19-39-33_UTC_10.jpg,Unknown,,,,,,Unknown,cdu
996,f3e6f11a-bf93-4455-a346-fa12e156529c,cdu/2021-09-25_08-41-54_UTC.jpg,Unknown,,,,,,Unknown,cdu
997,39337df2-a969-4724-b035-78053a25a955,cdu/2021-09-25_08-41-54_UTC.jpg,Unknown,cc6b3530-cd71-4500-a5fe-d868c449b8d1.png,0.910579771096156,Facenet512,euclidean_l2,10.0,Armin Laschet,cdu
998,f46e1343-7fe6-4eba-a05a-fdaccb00cf68,cdu/2021-09-25_08-41-54_UTC.jpg,Armin Laschet,f7a956bb-513b-4ae7-9fb0-2adc7ab25076.png,0.8141138043727648,Facenet512,euclidean_l2,20.0,Armin Laschet,cdu
999,e252575b-e3e4-4bd0-9d64-6cbe6dfd0446,cdu/2021-09-25_08-41-54_UTC.jpg,Unknown,,,,,,Unknown,cdu
1000,eb8b95dd-8bcb-403e-8bc2-a0e72e44b858,cdu/2021-09-25_08-41-54_UTC.jpg,Unknown,,,,,,Unknown,cdu
1001,67df19aa-da35-494a-bea5-4138d5c7abe0,cdu/2021-09-25_08-41-54_UTC.jpg,Unknown,,,,,,Unknown,cdu
1002,7e8aedf7-a4ce-4d94-ad6f-23f85729cbdd,cdu/2021-09-25_08-41-54_UTC.jpg,Unknown,,,,,,Unknown,cdu
1003,9989cf70-85d3-48da-8919-d9f0a26cc3f3,cdu/2021-09-18_10-16-45_UTC_4.jpg,Unknown,f891fb5e-737c-4bf0-9c55-824f2cdff348.png,0.9873341863780885,Facenet512,euclidean_l2,2.0,Armin Laschet,cdu
1004,cb110fbf-b4aa-469c-a943-862dfab34721,cdu/2021-09-18_10-16-45_UTC_4.jpg,Unknown,,,,,,Unknown,cdu
1005,d9737b4e-40f7-45e2-862b-ab8ae1f5db56,cdu/2021-09-18_10-16-45_UTC_4.jpg,Unknown,,,,,,Unknown,cdu
1006,3fbf9297-6d96-4144-b767-d8bce25f3816,cdu/2021-09-18_10-16-45_UTC_4.jpg,Unknown,,,,,,Unknown,cdu
1007,20e6911e-5c53-420f-a619-fa660bf53f8c,cdu/2021-09-18_10-16-45_UTC_4.jpg,Unknown,,,,,,Unknown,cdu
1008,103162e1-a532-4f23-bcde-e419338b06d2,cdu/2021-09-18_10-16-45_UTC_4.jpg,Unknown,,,,,,Unknown,cdu
1009,0b4a7330-eb29-4354-b290-e7c5bb75b74a,cdu/2021-09-18_10-16-45_UTC_4.jpg,Armin Laschet,,,,,,Unknown,cdu
1010,b0365ca8-683d-4347-b571-ff898803ee11,cdu/2021-09-18_10-16-45_UTC_4.jpg,Unknown,,,,,,Unknown,cdu
1011,9f98e907-126a-42f4-a09a-fc4df65726ca,cdu/2021-09-18_10-16-45_UTC_4.jpg,Unknown,,,,,,Unknown,cdu
1012,8cab9364-b559-4cf0-9e37-bf37c167d646,cdu/2021-09-18_10-16-45_UTC_4.jpg,Unknown,,,,,,Unknown,cdu
1013,6439c0bf-c112-4bd3-a329-17107fe22d1d,cdu/2021-09-13_12-04-40_UTC_2.jpg,Unknown,,,,,,Unknown,cdu
1014,77e58591-48dc-4151-8ed3-967386212f83,cdu/2021-09-15_14-06-44_UTC.jpg,Armin Laschet,laschet_armin.jpeg,0.6009421895506408,Facenet512,euclidean_l2,38.0,Armin Laschet,cdu
1015,b767c1ed-0e45-4313-a1e5-c92971a86b5e,armin_laschet/2021-09-26_23-29-21_UTC_3.jpg,Unknown,,,,,,Unknown,armin_laschet
1016,32e2f6ed-97ab-42ff-a830-d68d7f3fd503,armin_laschet/2021-09-26_23-29-21_UTC_3.jpg,Unknown,,,,,,Unknown,armin_laschet
1017,211a82fa-9099-4613-b37d-18fd4477530b,armin_laschet/2021-09-26_23-29-21_UTC_3.jpg,Unknown,,,,,,Unknown,armin_laschet
1018,a1d63d53-4469-47fd-8f77-616751c34660,armin_laschet/2021-09-26_23-29-21_UTC_3.jpg,Armin Laschet,872af970-553e-4d30-abdc-252f937b8d70.png,0.6795702243920733,Facenet512,euclidean_l2,40.0,Armin Laschet,armin_laschet
1019,8a85d36a-ed8c-4a49-bf76-5499cf5c50a7,armin_laschet/2021-09-26_23-29-21_UTC_3.jpg,Unknown,,,,,,Unknown,armin_laschet
1020,f5d7dfb1-24ce-443f-b64d-a43202838941,armin_laschet/2021-09-26_23-29-21_UTC_3.jpg,Unknown,,,,,,Unknown,armin_laschet
1021,6933f137-4a35-4bd5-b926-7fd82f1e0ab6,armin_laschet/2021-09-26_23-29-21_UTC_3.jpg,Unknown,,,,,,Unknown,armin_laschet
1022,7366094a-a095-4f90-8f14-41fc4a486aaa,armin_laschet/2021-09-26_23-29-21_UTC_3.jpg,Unknown,,,,,,Unknown,armin_laschet
1023,0851df2c-f4ab-4a0d-b3d4-6bdb59dd8141,armin_laschet/2021-09-26_23-29-21_UTC_3.jpg,Unknown,,,,,,Unknown,armin_laschet
1024,c3b862f4-b220-4b0c-8de5-f856c3d24545,armin_laschet/2021-09-17_12-59-07_UTC_4.jpg,Unknown,,,,,,Unknown,armin_laschet
1025,c4c1c90c-04d9-45bf-ad04-9aabda41b2a3,armin_laschet/2021-09-17_12-59-07_UTC_4.jpg,Unknown,,,,,,Unknown,armin_laschet
1026,1f42a9c7-460e-4406-aa32-5803f5a850fa,armin_laschet/2021-09-17_12-59-07_UTC_4.jpg,Unknown,,,,,,Unknown,armin_laschet
1027,9cbf5160-e363-47b6-9186-c24635504a09,armin_laschet/2021-09-17_12-59-07_UTC_4.jpg,Unknown,,,,,,Unknown,armin_laschet
1028,30daa5a5-990d-4c36-acfb-f6e0bec1c3f9,armin_laschet/2021-09-17_12-59-07_UTC_4.jpg,Armin Laschet,,,,,,Unknown,armin_laschet
1029,ba3d5652-43bf-47c9-9b14-df6852d88a22,armin_laschet/2021-09-17_12-59-07_UTC_4.jpg,Unknown,,,,,,Unknown,armin_laschet
1030,e0acafe2-4f5f-4cfe-bf2e-f53b0af040d1,armin_laschet/2021-09-17_12-59-07_UTC_4.jpg,Unknown,,,,,,Unknown,armin_laschet
1031,e0037193-c48a-4934-aea6-744e56923b44,armin_laschet/2021-09-17_12-59-07_UTC_4.jpg,Unknown,,,,,,Unknown,armin_laschet
1032,39ceca41-e198-4236-8c68-503cea6a837f,armin_laschet/2021-09-17_12-59-07_UTC_4.jpg,Unknown,,,,,,Unknown,armin_laschet
1033,af2ddaba-96a7-4baa-b443-f9d5385a2d40,cdu/2021-09-22_07-58-36_UTC.jpg,Unknown,,,,,,Unknown,cdu
1034,659814ba-6945-4a8f-baa6-dc2708ae07fa,cdu/2021-09-25_06-34-25_UTC.jpg,Armin Laschet,cc6b3530-cd71-4500-a5fe-d868c449b8d1.png,0.957055284807614,Facenet512,euclidean_l2,8.0,Armin Laschet,cdu
1035,f747143f-8e2e-4edd-8f4a-340801e23dcf,cdu/2021-09-23_12-30-11_UTC.jpg,Armin Laschet,80b6f539-47d0-408e-8a0b-aadcffe513a5.png,0.3932854201611704,Facenet512,euclidean_l2,40.0,Armin Laschet,cdu
1036,aad6e2e1-3f77-472f-ba9f-662e803fc12e,cdu/2021-09-17_06-33-04_UTC.jpg,Unknown,,,,,,Unknown,cdu
1037,1214e2f1-7329-44a3-a1ce-d88ca07c5e0e,cdu/2021-09-17_06-33-04_UTC.jpg,Unknown,,,,,,Unknown,cdu
1038,c44d3253-f70f-46c8-9019-b407a97ccb63,cdu/2021-09-23_15-17-25_UTC.jpg,Armin Laschet,d0e6d963-6d02-463b-a226-ce3f34b0fcc5.png,0.7836528172648809,Facenet512,euclidean_l2,40.0,Armin Laschet,cdu
1039,5b0f6d91-728b-480e-8284-ae697f4dc61a,cdu/2021-09-22_17-17-37_UTC.jpg,Unknown,,,,,,Unknown,cdu
1040,e619fe8d-c7c3-44cc-91e8-40084cdf7266,cdu/2021-09-24_19-39-33_UTC_4.jpg,Armin Laschet,9c3a43b8-03a7-453c-a980-1c4523abd5f3.png,0.6941917177152717,Facenet512,euclidean_l2,40.0,Armin Laschet,cdu
1041,a6b29e61-0227-4709-9162-3ff5617a17cb,cdu/2021-09-24_16-13-02_UTC.jpg,Markus Söder,,,,,,Unknown,cdu
1042,62f0634b-4c46-432d-995c-a2cdd3e66d9c,cdu/2021-09-16_17-02-39_UTC_1.jpg,Armin Laschet,5efa5b53-ada6-486e-8b66-4c6330a71ea7.png,0.6719314044028744,Facenet512,euclidean_l2,40.0,Armin Laschet,cdu
1043,d262aefc-00e4-4ab0-9835-a807a61efd16,cdu/2021-09-16_17-02-39_UTC_1.jpg,Unknown,,,,,,Unknown,cdu
1044,bddcb440-9061-43d5-bde3-4f27d8404d54,cdu/2021-09-16_17-02-39_UTC_1.jpg,Unknown,,,,,,Unknown,cdu
1045,64aa8135-31b2-47d4-91b3-732859a95f6f,cdu/2021-09-16_17-02-39_UTC_1.jpg,Unknown,,,,,,Unknown,cdu
1046,fb1b5522-8812-4d18-89c7-dd88a3bf4e18,cdu/2021-09-21_18-48-32_UTC_4.jpg,Unknown,,,,,,Unknown,cdu
1047,db2b04b8-d0f2-4d25-816e-2ea5b6a3f822,cdu/2021-09-21_18-48-32_UTC_4.jpg,Unknown,,,,,,Unknown,cdu
1048,d81e6c55-8ce7-49c2-bc2e-7faf67927343,cdu/2021-09-21_18-48-32_UTC_4.jpg,Armin Laschet,5efa5b53-ada6-486e-8b66-4c6330a71ea7.png,0.7112835257369737,Facenet512,euclidean_l2,40.0,Armin Laschet,cdu
1049,6b410c9f-c857-4604-90c0-4bedccd2673a,cdu/2021-09-21_18-48-32_UTC_4.jpg,Unknown,,,,,,Unknown,cdu
1050,695dd02d-d173-4947-8542-028d1056735c,cdu/2021-09-21_18-48-32_UTC_4.jpg,Unknown,,,,,,Unknown,cdu
1051,a9a076ec-3dd7-41b1-9929-76bff04ea46f,cdu/2021-09-21_18-48-32_UTC_4.jpg,Unknown,,,,,,Unknown,cdu
1052,0e067393-0e36-4041-9491-619eb966684f,cdu/2021-09-21_18-48-32_UTC_4.jpg,Unknown,,,,,,Unknown,cdu
1053,1b135420-3b4b-43e9-bd12-82f56d057dc5,cdu/2021-09-21_18-48-32_UTC_4.jpg,Unknown,,,,,,Unknown,cdu
1054,adafae77-3a24-4b1c-8b85-f8852202f5f3,cdu/2021-09-21_18-48-32_UTC_4.jpg,Unknown,,,,,,Unknown,cdu
1055,8357632f-e3c4-4c1d-812a-0ff728e3dc91,armin_laschet/2021-09-24_13-34-04_UTC_7.jpg,Unknown,,,,,,Unknown,armin_laschet
1056,042f16d7-3b98-4421-b1ff-aff4486f4ae8,armin_laschet/2021-09-24_13-34-04_UTC_7.jpg,Unknown,,,,,,Unknown,armin_laschet
1057,c1914361-4196-42bf-b06d-f065dc7afd02,armin_laschet/2021-09-24_13-34-04_UTC_7.jpg,Unknown,,,,,,Unknown,armin_laschet
1058,7e1a2c59-3707-4631-aac8-0b4a81255cfe,armin_laschet/2021-09-24_13-34-04_UTC_7.jpg,Unknown,,,,,,Unknown,armin_laschet
1059,c35acef3-873c-46ac-ac9c-d442f619ccee,armin_laschet/2021-09-24_13-34-04_UTC_7.jpg,Unknown,,,,,,Unknown,armin_laschet
1060,48a6133a-ebd8-4560-ad9f-08c29e7dcfe1,armin_laschet/2021-09-24_13-34-04_UTC_7.jpg,Unknown,,,,,,Unknown,armin_laschet
1061,04e600a0-27c2-40ad-bf9b-08c7594a5355,armin_laschet/2021-09-24_13-34-04_UTC_7.jpg,Unknown,,,,,,Unknown,armin_laschet
1062,06eceebf-800a-4a48-9567-c1f2fcca0766,armin_laschet/2021-09-24_13-34-04_UTC_7.jpg,Unknown,,,,,,Unknown,armin_laschet
1063,db363559-cd4d-4a5b-be1f-6ef82d1d8e39,armin_laschet/2021-09-24_13-34-04_UTC_7.jpg,Unknown,,,,,,Unknown,armin_laschet
1064,b49ec055-cbb3-4d47-8efc-ff5c854af7c1,armin_laschet/2021-09-24_13-34-04_UTC_7.jpg,Unknown,,,,,,Unknown,armin_laschet
1065,a08cf09a-6118-41dd-a2c5-92b8c758af89,armin_laschet/2021-09-24_13-34-04_UTC_7.jpg,Unknown,,,,,,Unknown,armin_laschet
1066,e5b632ac-51a8-4296-adb3-d039a91bba27,armin_laschet/2021-09-24_13-34-04_UTC_7.jpg,Unknown,,,,,,Unknown,armin_laschet
1067,06d7a847-0892-43e6-a9c0-b68dc0c558de,armin_laschet/2021-09-24_13-34-04_UTC_7.jpg,Unknown,,,,,,Unknown,armin_laschet
1068,5d2b3a5a-c075-4a6a-ac03-7de9c91719e0,armin_laschet/2021-09-24_13-34-04_UTC_7.jpg,Unknown,,,,,,Unknown,armin_laschet
1069,b0d49186-319a-4d89-a4e1-8495f82e757f,cdu/2021-09-13_12-04-40_UTC_3.jpg,Unknown,,,,,,Unknown,cdu
1070,306da349-8cb1-468e-9397-0cfa650d5bcf,cdu/2021-09-13_12-04-40_UTC_3.jpg,Unknown,,,,,,Unknown,cdu
1071,72a05a3c-b29d-4ccb-9cf7-ad8593f4fc8f,cdu/2021-09-13_12-04-40_UTC_3.jpg,Armin Laschet,,,,,,Unknown,cdu
1072,b7fbd42f-6128-4bf8-b63a-51dafaeaeaed,cdu/2021-09-21_18-48-32_UTC_1.jpg,Unknown,,,,,,Unknown,cdu
1073,edc1ad1d-a75e-44cc-95ca-b9699fafcc6d,cdu/2021-09-21_18-48-32_UTC_1.jpg,Armin Laschet,5efa5b53-ada6-486e-8b66-4c6330a71ea7.png,0.6393787060453165,Facenet512,euclidean_l2,34.0,Armin Laschet,cdu
1074,6559643d-8a42-4e49-8e16-abc511e62e80,cdu/2021-09-21_18-48-32_UTC_1.jpg,Unknown,,,,,,Unknown,cdu
1075,fce9ad96-6dc4-4887-ba09-789b65625e80,cdu/2021-09-21_18-48-32_UTC_1.jpg,Unknown,,,,,,Unknown,cdu
1076,48a801d5-0b2b-4596-bf2e-339700c7503d,cdu/2021-09-21_18-48-32_UTC_1.jpg,Unknown,,,,,,Unknown,cdu
1077,26b5ca6c-4eab-4afe-89bf-91bd429b208a,cdu/2021-09-21_18-48-32_UTC_1.jpg,Unknown,,,,,,Unknown,cdu
1078,0511c557-3d11-4771-b0ef-a4a5452b2057,cdu/2021-09-21_18-48-32_UTC_1.jpg,Unknown,,,,,,Unknown,cdu
1079,610a22d8-932a-4ef1-b22c-8ca2aeb64a49,cdu/2021-09-21_18-48-32_UTC_1.jpg,Unknown,,,,,,Unknown,cdu
1080,41b11ac2-c46e-47cd-9800-d58be18b3ac3,cdu/2021-09-21_18-48-32_UTC_1.jpg,Unknown,,,,,,Unknown,cdu
1081,cb0e612d-8629-42a8-a2fc-1e422fbb9545,cdu/2021-09-21_18-48-32_UTC_1.jpg,Unknown,,,,,,Unknown,cdu
1082,7410db3d-20e8-4b2e-bf6d-1097c67f40c7,cdu/2021-09-21_18-48-32_UTC_1.jpg,Unknown,,,,,,Unknown,cdu
1083,a674c5f0-0b48-4322-8e8c-3cd4b3f77093,cdu/2021-09-21_18-48-32_UTC_1.jpg,Unknown,,,,,,Unknown,cdu
1084,e839fb00-ff78-4bdc-bad8-1e7c78c1173c,cdu/2021-09-20_16-32-49_UTC_2.jpg,Unknown,,,,,,Unknown,cdu
1085,766897b9-85c4-4068-970d-75f95799966c,cdu/2021-09-20_16-32-49_UTC_2.jpg,Armin Laschet,,,,,,Unknown,cdu
1086,5c2cfdad-91b7-4b7a-94c5-82d9b5fa20c6,cdu/2021-09-16_17-02-39_UTC_4.jpg,Unknown,,,,,,Unknown,cdu
1087,24cfee95-4b7e-4618-85dc-c11e38fe903a,cdu/2021-09-16_17-02-39_UTC_4.jpg,Unknown,,,,,,Unknown,cdu
1088,1d1afae1-a22a-4af4-b1c9-2b117c3f39bc,cdu/2021-09-16_17-02-39_UTC_4.jpg,Unknown,,,,,,Unknown,cdu
1089,2a8622e1-cb8b-406e-a01f-742320f21140,cdu/2021-09-16_17-02-39_UTC_4.jpg,Unknown,,,,,,Unknown,cdu
1090,0643e899-4a10-4ef1-8ddf-d7a208f808c4,cdu/2021-09-16_17-02-39_UTC_4.jpg,Armin Laschet,,,,,,Unknown,cdu
1091,f69bdc58-73a8-420b-9f74-b9653c177d83,cdu/2021-09-16_17-02-39_UTC_4.jpg,Unknown,,,,,,Unknown,cdu
1092,4274fe43-6170-4015-8b6d-c195eba58b09,cdu/2021-09-16_17-02-39_UTC_4.jpg,Unknown,,,,,,Unknown,cdu
1093,12594f0d-a7ec-4864-bf79-008768796cd6,cdu/2021-09-16_17-02-39_UTC_4.jpg,Unknown,,,,,,Unknown,cdu
1094,cabe0f89-c99d-4e54-a95a-f9b5ecf97ec5,cdu/2021-09-16_17-02-39_UTC_4.jpg,Unknown,,,,,,Unknown,cdu
1095,6dd15658-d53c-470d-9d8f-0d4781c27d80,cdu/2021-09-23_10-08-51_UTC_4.jpg,Unknown,,,,,,Unknown,cdu
1096,bdbb63e3-6535-4962-a62b-8571584783c6,cdu/2021-09-23_10-08-51_UTC_4.jpg,Unknown,,,,,,Unknown,cdu
1097,7adae84d-5c00-41ec-8812-0557bcadb665,cdu/2021-09-23_10-08-51_UTC_4.jpg,Armin Laschet,1bd44b42-05b1-4e5e-9ecf-b19872c3a776.png,0.7653965781528688,Facenet512,euclidean_l2,18.0,Armin Laschet,cdu
1098,5877f97c-1967-4b2a-94f0-55cba41a5623,cdu/2021-09-23_10-08-51_UTC_4.jpg,Unknown,6eea9eca-17f8-4cce-b3dd-7cf5cb345415.png,0.913622056556019,Facenet512,euclidean_l2,12.0,Armin Laschet,cdu
1099,91007f89-7a86-4724-8fb6-e07d9115b5a1,cdu/2021-09-23_10-08-51_UTC_4.jpg,Unknown,,,,,,Unknown,cdu
1100,73ec3485-0406-49b3-9b44-f6986c1f3176,cdu/2021-09-18_13-19-15_UTC_4.jpg,Unknown,,,,,,Unknown,cdu
1101,3c356415-f37b-4264-8e2e-9c831765da03,cdu/2021-09-18_13-19-15_UTC_4.jpg,Unknown,,,,,,Unknown,cdu
1102,b2335109-68db-4a33-b144-69ee05730cef,cdu/2021-09-18_13-19-15_UTC_4.jpg,Armin Laschet,1bd44b42-05b1-4e5e-9ecf-b19872c3a776.png,0.8875804096807219,Facenet512,euclidean_l2,26.0,Armin Laschet,cdu
1103,1cfb9b7e-72b6-4fde-93fd-e132427c5dd3,cdu/2021-09-18_13-19-15_UTC_4.jpg,Armin Laschet,c0c7aedd-97dc-4394-8336-f812c19fc1a2.png,0.7816688486253917,Facenet512,euclidean_l2,36.0,Armin Laschet,cdu
1104,9fece54f-3dea-4d11-b248-94fb1efc12aa,cdu/2021-09-18_13-19-15_UTC_4.jpg,Unknown,,,,,,Unknown,cdu
1105,21a7cf58-b241-40fb-bcdc-4be492e04e8a,cdu/2021-09-18_13-19-15_UTC_4.jpg,Unknown,,,,,,Unknown,cdu
1106,d5377d0f-a57c-4b94-875a-c30e2177ea84,cdu/2021-09-18_13-19-15_UTC_4.jpg,Unknown,,,,,,Unknown,cdu
1107,63daaab9-bfb3-4023-8e75-abedf0305568,cdu/2021-09-18_13-19-15_UTC_4.jpg,Unknown,,,,,,Unknown,cdu
1108,9505c6ef-9376-477b-88f5-556827e019e4,cdu/2021-09-18_13-19-15_UTC_4.jpg,Unknown,,,,,,Unknown,cdu
1109,0ce4b809-b1b6-4622-8b9a-4d8fed03dbf9,cdu/2021-09-18_13-19-15_UTC_4.jpg,Armin Laschet,,,,,,Unknown,cdu
1110,c761a2d2-71a1-486f-8519-9617ddda1cda,cdu/2021-09-18_13-19-15_UTC_4.jpg,Armin Laschet,c0c7aedd-97dc-4394-8336-f812c19fc1a2.png,0.7713440692417428,Facenet512,euclidean_l2,20.0,Armin Laschet,cdu
1111,add4f902-ec76-482c-b4fb-1248043cc480,cdu/2021-09-18_13-19-15_UTC_4.jpg,Unknown,,,,,,Unknown,cdu
1112,52a0590b-daac-4d80-b206-64e70fd76f70,cdu/2021-09-18_13-19-15_UTC_4.jpg,Unknown,,,,,,Unknown,cdu
1113,15eaa1e3-102a-493a-8482-419f8e7b877f,cdu/2021-09-18_13-19-15_UTC_4.jpg,Armin Laschet,cc6b3530-cd71-4500-a5fe-d868c449b8d1.png,1.0241118062085617,Facenet512,euclidean_l2,2.0,Armin Laschet,cdu
1114,babbd18b-c655-465d-b180-995a865d6f46,cdu/2021-09-18_13-19-15_UTC_4.jpg,Armin Laschet,6eea9eca-17f8-4cce-b3dd-7cf5cb345415.png,0.8580207961798835,Facenet512,euclidean_l2,28.0,Armin Laschet,cdu
1115,c1a0b3e1-3ef2-4ffc-8dec-337a139b9fab,cdu/2021-09-18_13-19-15_UTC_4.jpg,Unknown,,,,,,Unknown,cdu
1116,baaf04c0-a2c7-453b-a24b-2a2779f280cc,cdu/2021-09-18_13-19-15_UTC_4.jpg,Unknown,,,,,,Unknown,cdu
1117,125e8966-d8bb-4201-a6f2-ddc60c322541,cdu/2021-09-18_13-19-15_UTC_4.jpg,Unknown,,,,,,Unknown,cdu
1118,d92d80f3-5560-4f39-ab24-e7ca580634f0,cdu/2021-09-18_13-19-15_UTC_4.jpg,Unknown,,,,,,Unknown,cdu
1119,33507aa2-0d91-45a7-a92c-0f421461d6d6,cdu/2021-09-25_13-50-24_UTC_1.jpg,Unknown,,,,,,Unknown,cdu
1120,f3f85cc1-2efd-4298-a9d7-c9c1ddab9fcc,cdu/2021-09-25_13-50-24_UTC_1.jpg,Unknown,,,,,,Unknown,cdu
1121,c3c1ff33-e69e-4356-9f8e-7605d369ff10,cdu/2021-09-25_13-50-24_UTC_1.jpg,Armin Laschet,1f347af9-a36f-4727-923b-4c1a1e934ab9.png,0.8123509463204958,Facenet512,euclidean_l2,24.0,Armin Laschet,cdu
1122,5a1ab83b-e337-4b3f-81d1-fd53ea960f9d,cdu/2021-09-25_13-50-24_UTC_1.jpg,Unknown,,,,,,Unknown,cdu
1123,33b13af4-d8d4-4a62-9032-23b6b32b7754,cdu/2021-09-25_13-50-24_UTC_1.jpg,Unknown,,,,,,Unknown,cdu
1124,4b3f36a7-4565-4e7c-8e01-57331265c134,cdu/2021-09-20_19-55-34_UTC.jpg,Unknown,,,,,,Unknown,cdu
1125,0f695d45-465f-4147-b7b5-d8aa2d18127e,cdu/2021-09-18_10-16-45_UTC_1.jpg,Unknown,,,,,,Unknown,cdu
1126,6931f623-3682-459d-933d-dd527800efe1,cdu/2021-09-18_10-16-45_UTC_1.jpg,Armin Laschet,d0e6d963-6d02-463b-a226-ce3f34b0fcc5.png,0.7766159440437519,Facenet512,euclidean_l2,40.0,Armin Laschet,cdu
1127,a0fb685c-cbef-481e-862c-ec5469fa8819,cdu/2021-09-18_10-16-45_UTC_1.jpg,Unknown,,,,,,Unknown,cdu
1128,5d5a8c49-ea65-4007-8270-7191d282be90,cdu/2021-09-18_10-16-45_UTC_1.jpg,Unknown,,,,,,Unknown,cdu
1129,eb3fccf5-3e58-4fc6-a8af-04d599304725,cdu/2021-09-18_10-16-45_UTC_1.jpg,Unknown,,,,,,Unknown,cdu
1130,ff94482e-0449-4be2-bfdc-61682a88ebc3,cdu/2021-09-18_10-16-45_UTC_1.jpg,Unknown,,,,,,Unknown,cdu
1131,5874ce84-e67d-4685-bf68-ff25d4edc1b2,cdu/2021-09-18_10-16-45_UTC_1.jpg,Unknown,,,,,,Unknown,cdu
1132,a92a8cd9-8f8b-4c59-b328-b8d75dda7272,cdu/2021-09-18_10-16-45_UTC_1.jpg,Unknown,,,,,,Unknown,cdu
1133,777c2e71-0a9c-467a-9fe9-41424d91f554,cdu/2021-09-18_10-16-45_UTC_1.jpg,Unknown,,,,,,Unknown,cdu
1134,c33f62a0-369e-4882-a07e-4bb7574c2a0a,cdu/2021-09-18_10-16-45_UTC_1.jpg,Unknown,,,,,,Unknown,cdu
1135,62ddf787-c9be-438a-8efb-c068a55a8d07,cdu/2021-09-18_10-16-45_UTC_1.jpg,Unknown,,,,,,Unknown,cdu
1136,e676f9aa-0a10-4ad2-981c-375cab4d7d67,cdu/2021-09-18_10-16-45_UTC_1.jpg,Unknown,,,,,,Unknown,cdu
1137,fff3e295-1417-4483-8220-cc8c5380f10b,cdu/2021-09-18_10-16-45_UTC_1.jpg,Unknown,,,,,,Unknown,cdu
1138,02155897-eef9-429f-9791-53a194bf41b3,cdu/2021-09-18_10-16-45_UTC_1.jpg,Unknown,,,,,,Unknown,cdu
1139,277c1f34-f6d2-4064-ad32-3708c7179435,armin_laschet/2021-09-23_13-50-48_UTC_6.jpg,Armin Laschet,5efa5b53-ada6-486e-8b66-4c6330a71ea7.png,0.7901726104902513,Facenet512,euclidean_l2,28.0,Armin Laschet,armin_laschet
1140,d7d84080-cec3-4dc3-b556-4b9fdc78d113,armin_laschet/2021-09-23_13-50-48_UTC_6.jpg,Unknown,6b5fba44-8fb8-4e07-98e3-960e82e765a9.png,0.9966144209523567,Facenet512,euclidean_l2,2.0,Armin Laschet,armin_laschet
1141,432fd668-98e2-405d-9faf-a08f0e283166,armin_laschet/2021-09-23_13-50-48_UTC_6.jpg,Unknown,,,,,,Unknown,armin_laschet
1142,abdd96ce-4248-4929-9a15-99301a0be2fe,armin_laschet/2021-09-23_13-50-48_UTC_6.jpg,Unknown,,,,,,Unknown,armin_laschet
1143,3e213c4e-e43d-4abd-bc06-e83c2682028b,armin_laschet/2021-09-23_13-50-48_UTC_6.jpg,Unknown,,,,,,Unknown,armin_laschet
1144,01b75136-edc6-409f-b199-28e4d3bdf306,armin_laschet/2021-09-23_13-50-48_UTC_6.jpg,Unknown,,,,,,Unknown,armin_laschet
1145,3de1f57b-69a1-488a-b989-0adbb602f8ad,armin_laschet/2021-09-23_13-50-48_UTC_6.jpg,Unknown,,,,,,Unknown,armin_laschet
1146,a37f3b88-e512-45e2-b9c1-3d0cefd58694,armin_laschet/2021-09-23_13-50-48_UTC_6.jpg,Unknown,,,,,,Unknown,armin_laschet
1147,f3b15abb-4043-46f9-aabd-b0d221bca3b1,armin_laschet/2021-09-13_17-02-10_UTC_2.jpg,Armin Laschet,,,,,,Unknown,armin_laschet
1148,9d873615-046a-489b-9487-221256ad0084,armin_laschet/2021-09-13_17-02-10_UTC_2.jpg,Unknown,,,,,,Unknown,armin_laschet
1149,accffc5d-dfae-4b1a-852f-d8d46843c2ac,armin_laschet/2021-09-22_09-18-33_UTC_2.jpg,Unknown,,,,,,Unknown,armin_laschet
1150,fbe289d3-4f5f-4dd0-8b34-9c0e42cbbe41,armin_laschet/2021-09-22_09-18-33_UTC_2.jpg,Unknown,,,,,,Unknown,armin_laschet
1151,fc83f308-7a94-441f-a021-76daaa17affd,armin_laschet/2021-09-22_09-18-33_UTC_2.jpg,Unknown,,,,,,Unknown,armin_laschet
1152,08da6fea-2544-4cae-a138-fc6ba470ab09,armin_laschet/2021-09-22_09-18-33_UTC_2.jpg,Armin Laschet,6eea9eca-17f8-4cce-b3dd-7cf5cb345415.png,0.895729905802195,Facenet512,euclidean_l2,18.0,Armin Laschet,armin_laschet
1153,d4c9ed4f-08c1-4cb8-9d4a-4e2aa1ea9aec,armin_laschet/2021-09-22_09-18-33_UTC_2.jpg,Unknown,,,,,,Unknown,armin_laschet
1154,1f26f739-7e51-4e87-8a53-93a2e999ff54,armin_laschet/2021-09-22_09-18-33_UTC_2.jpg,Unknown,,,,,,Unknown,armin_laschet
1155,2c6da4f6-7a7a-4ea1-abbb-a5f0013505ff,armin_laschet/2021-09-22_09-18-33_UTC_2.jpg,Unknown,,,,,,Unknown,armin_laschet
1156,cf3a2c59-f3aa-49d7-bef3-0b774b6733cf,armin_laschet/2021-09-22_09-18-33_UTC_2.jpg,Unknown,,,,,,Unknown,armin_laschet
1157,966da02d-d9fc-43b9-9235-67182989d5cf,armin_laschet/2021-09-24_13-34-04_UTC_5.jpg,Unknown,,,,,,Unknown,armin_laschet
1158,2a49a145-e6a4-4ef9-9f73-42b4f3fc57d9,armin_laschet/2021-09-24_13-34-04_UTC_5.jpg,Unknown,,,,,,Unknown,armin_laschet
1159,38409c0e-7cc4-48f2-9aa6-5cf25f37cdfb,armin_laschet/2021-09-24_13-34-04_UTC_5.jpg,Armin Laschet,c0c7aedd-97dc-4394-8336-f812c19fc1a2.png,0.7229223854184953,Facenet512,euclidean_l2,34.0,Armin Laschet,armin_laschet
1160,339921f3-ed82-44c0-a25a-f274628bc800,armin_laschet/2021-09-24_13-34-04_UTC_5.jpg,Unknown,,,,,,Unknown,armin_laschet
1161,a29e8f73-db6f-4e08-b8b5-401543b3ae8c,armin_laschet/2021-09-24_13-34-04_UTC_5.jpg,Unknown,,,,,,Unknown,armin_laschet
1162,97327ed8-45ce-4635-98cb-c2c901efef1b,armin_laschet/2021-09-24_13-34-04_UTC_5.jpg,Unknown,,,,,,Unknown,armin_laschet
1163,3c465183-1b65-4c5e-ac60-c5e41f2643d1,armin_laschet/2021-09-18_19-12-07_UTC_7.jpg,Unknown,872af970-553e-4d30-abdc-252f937b8d70.png,1.0170894423165442,Facenet512,euclidean_l2,2.0,Armin Laschet,armin_laschet
1164,a346fb90-4f42-43fd-bdee-e08f96a77f72,armin_laschet/2021-09-18_19-12-07_UTC_7.jpg,Unknown,,,,,,Unknown,armin_laschet
1165,0d0bb689-065f-4c70-89c8-3a06b2a550e0,armin_laschet/2021-09-18_19-12-07_UTC_7.jpg,Unknown,f891fb5e-737c-4bf0-9c55-824f2cdff348.png,0.975696682312034,Facenet512,euclidean_l2,8.0,Armin Laschet,armin_laschet
1166,e7e76144-1553-44f9-a261-750f5f0fff2f,armin_laschet/2021-09-18_19-12-07_UTC_7.jpg,Armin Laschet,,,,,,Unknown,armin_laschet
1167,3aa57a39-e5c0-46b0-9f6d-edc26798657a,armin_laschet/2021-09-18_19-12-07_UTC_7.jpg,Unknown,,,,,,Unknown,armin_laschet
1168,aad3cfe1-d6e4-4786-b634-c5859a6ac3e2,armin_laschet/2021-09-18_19-12-07_UTC_7.jpg,Unknown,,,,,,Unknown,armin_laschet
1169,8b9db2b8-7e9c-46f5-85f2-982705b66879,armin_laschet/2021-09-18_19-12-07_UTC_7.jpg,Unknown,,,,,,Unknown,armin_laschet
1170,1c4ffcab-e2c3-4061-a7a7-ac2db4785603,armin_laschet/2021-09-18_19-12-07_UTC_7.jpg,Unknown,,,,,,Unknown,armin_laschet
1171,505df688-45ae-492e-b074-74e68d58cdce,armin_laschet/2021-09-18_19-12-07_UTC_7.jpg,Unknown,,,,,,Unknown,armin_laschet
1172,22dc85fd-4b11-4cdc-8e12-355894f64ddb,armin_laschet/2021-09-18_19-12-07_UTC_7.jpg,Unknown,,,,,,Unknown,armin_laschet
1173,62d90e44-f70d-47b4-a859-2408c0dff032,armin_laschet/2021-09-18_19-12-07_UTC_7.jpg,Unknown,,,,,,Unknown,armin_laschet
1174,71882963-297d-4f08-a415-c6875401e42e,armin_laschet/2021-09-18_19-12-07_UTC_7.jpg,Unknown,,,,,,Unknown,armin_laschet
1175,0ed826c7-98f5-46e7-ac55-7cab2bb9d018,armin_laschet/2021-09-18_19-12-07_UTC_7.jpg,Armin Laschet,1bd44b42-05b1-4e5e-9ecf-b19872c3a776.png,0.8827435013276874,Facenet512,euclidean_l2,26.0,Armin Laschet,armin_laschet
1176,fd7e4259-5543-4904-a27a-7f9b02da4074,armin_laschet/2021-09-21_11-03-21_UTC_3.jpg,Armin Laschet,d0e6d963-6d02-463b-a226-ce3f34b0fcc5.png,0.6092870301140461,Facenet512,euclidean_l2,40.0,Armin Laschet,armin_laschet
1177,33fc96b4-71dd-48f1-87ef-793bead0245b,armin_laschet/2021-09-21_11-03-21_UTC_3.jpg,Unknown,,,,,,Unknown,armin_laschet
1178,71b167a5-d7b2-4b46-a7cd-f9e169cf30d5,armin_laschet/2021-09-24_13-34-04_UTC_1.jpg,Unknown,,,,,,Unknown,armin_laschet
1179,ab79cd1f-1d85-489e-bdce-6dfc176b5ab0,armin_laschet/2021-09-24_13-34-04_UTC_1.jpg,Unknown,,,,,,Unknown,armin_laschet
1180,bcb45015-d8b5-4067-8d7e-f97d218c9cc8,armin_laschet/2021-09-24_13-34-04_UTC_1.jpg,Unknown,,,,,,Unknown,armin_laschet
1181,9673bc10-6cce-49ca-8f06-2f2b071cbd48,armin_laschet/2021-09-24_13-34-04_UTC_1.jpg,Unknown,,,,,,Unknown,armin_laschet
1182,bc76025a-aa39-4a49-94b7-39bfba395e1a,armin_laschet/2021-09-24_13-34-04_UTC_1.jpg,Unknown,,,,,,Unknown,armin_laschet
1183,a275f59c-89a8-43a4-bacf-9e6038c31318,armin_laschet/2021-09-24_13-34-04_UTC_1.jpg,Unknown,,,,,,Unknown,armin_laschet
1184,a9a91b81-f3b6-4c9f-988f-869db0e22e02,armin_laschet/2021-09-24_13-34-04_UTC_1.jpg,Armin Laschet,c0c7aedd-97dc-4394-8336-f812c19fc1a2.png,0.7395975796924937,Facenet512,euclidean_l2,38.0,Armin Laschet,armin_laschet
1185,cb96bbf4-762e-437e-8661-4b9af1b6b63f,armin_laschet/2021-09-24_13-34-04_UTC_1.jpg,Unknown,,,,,,Unknown,armin_laschet
1186,e5491d7f-ef69-4314-81a9-d0fb314294d2,armin_laschet/2021-09-24_13-34-04_UTC_1.jpg,Unknown,,,,,,Unknown,armin_laschet
1187,e7ba8231-9789-4884-970b-8e117ab24a08,armin_laschet/2021-09-24_13-34-04_UTC_1.jpg,Unknown,,,,,,Unknown,armin_laschet
1188,b3d71118-3854-4713-9603-4fab1cd269f5,armin_laschet/2021-09-24_13-34-04_UTC_1.jpg,Unknown,,,,,,Unknown,armin_laschet
1189,605a4dab-b9e3-4ff4-a030-241baf739663,armin_laschet/2021-09-24_13-34-04_UTC_1.jpg,Unknown,,,,,,Unknown,armin_laschet
1190,e5b37b4f-75e8-4fe6-a7b1-a3c825a702e4,armin_laschet/2021-09-24_13-34-04_UTC_1.jpg,Unknown,,,,,,Unknown,armin_laschet
1191,a350351a-076c-44b7-8434-da6fcc7d0b86,armin_laschet/2021-09-21_11-03-21_UTC_4.jpg,Armin Laschet,laschet_armin.jpeg,0.5394432104428465,Facenet512,euclidean_l2,40.0,Armin Laschet,armin_laschet
1192,7234c42e-2b3a-41b1-97f0-d4853882154f,armin_laschet/2021-09-15_12-38-48_UTC.jpg,Armin Laschet,b95e4651-bf56-4f12-8d9c-4defe1aef9b0.png,0.3324802854256238,Facenet512,euclidean_l2,40.0,Armin Laschet,armin_laschet
1193,90b29d23-5a4d-4f5b-a678-866a1bd1b608,armin_laschet/2021-09-25_12-43-21_UTC_4.jpg,Unknown,,,,,,Unknown,armin_laschet
1194,e07437e2-69a4-4d12-ba63-ba05e04e12e4,armin_laschet/2021-09-25_12-43-21_UTC_4.jpg,Unknown,,,,,,Unknown,armin_laschet
1195,9ae6feb7-4ab7-421d-8064-dd52e6eec303,armin_laschet/2021-09-25_12-43-21_UTC_4.jpg,Unknown,,,,,,Unknown,armin_laschet
1196,809ca3d9-b403-405c-a7cd-7798a41276c1,armin_laschet/2021-09-25_12-43-21_UTC_4.jpg,Unknown,,,,,,Unknown,armin_laschet
1197,d6d99f0e-42b9-4320-b7ea-f3df5eca20ee,armin_laschet/2021-09-25_12-43-21_UTC_4.jpg,Unknown,,,,,,Unknown,armin_laschet
1198,02cafca3-6dc3-4bbb-a978-85929a6af114,armin_laschet/2021-09-21_11-03-21_UTC_2.jpg,Unknown,,,,,,Unknown,armin_laschet
1199,1d86f932-5aee-4dc1-8ecb-2f7c91e6ba3e,armin_laschet/2021-09-21_11-03-21_UTC_2.jpg,Unknown,,,,,,Unknown,armin_laschet
1200,526c2645-173f-4924-bc39-58af9063518b,armin_laschet/2021-09-21_11-03-21_UTC_2.jpg,Armin Laschet,f891fb5e-737c-4bf0-9c55-824f2cdff348.png,0.7637995898112037,Facenet512,euclidean_l2,40.0,Armin Laschet,armin_laschet
1201,bda83b8d-2fd7-473d-bfb7-773e569a9741,armin_laschet/2021-09-23_13-50-48_UTC_3.jpg,Armin Laschet,5efa5b53-ada6-486e-8b66-4c6330a71ea7.png,0.7148905878510391,Facenet512,euclidean_l2,22.0,Armin Laschet,armin_laschet
1202,8989bbd4-25b7-4562-97a9-996e2f6b7d7f,armin_laschet/2021-09-19_20-08-29_UTC.jpg,Armin Laschet,b95e4651-bf56-4f12-8d9c-4defe1aef9b0.png,0.6053086224651343,Facenet512,euclidean_l2,40.0,Armin Laschet,armin_laschet
1203,b949ea8d-0eb4-4f78-9fc5-f86ab5649110,armin_laschet/2021-09-18_19-12-07_UTC_6.jpg,Armin Laschet,,,,,,Unknown,armin_laschet
1204,d1ef5674-4e7c-463e-bc85-cef94ce0a373,armin_laschet/2021-09-19_10-05-39_UTC.jpg,Armin Laschet,b95e4651-bf56-4f12-8d9c-4defe1aef9b0.png,0.5814730362987787,Facenet512,euclidean_l2,40.0,Armin Laschet,armin_laschet
1205,00ea504a-0078-42cd-8057-916dc42676d2,armin_laschet/2021-09-23_13-50-48_UTC_5.jpg,Unknown,,,,,,Unknown,armin_laschet
1206,dd6cf8c5-cf7a-4884-9396-8592ebf9d897,armin_laschet/2021-09-23_13-50-48_UTC_5.jpg,Armin Laschet,5efa5b53-ada6-486e-8b66-4c6330a71ea7.png,1.0128556267955595,Facenet512,euclidean_l2,2.0,Armin Laschet,armin_laschet
1207,cbb1d3c2-4e1e-4a2c-921f-f1d05dbde814,armin_laschet/2021-09-23_13-50-48_UTC_5.jpg,Unknown,,,,,,Unknown,armin_laschet
1208,003fc2c8-8701-47fd-9b30-daf0cedac1ec,armin_laschet/2021-09-25_12-43-21_UTC_3.jpg,Armin Laschet,c1a12a4c-30ca-47ec-b1c5-11409ded5262.png,0.6816285701133984,Facenet512,euclidean_l2,40.0,Armin Laschet,armin_laschet
1209,650e676e-ad76-424f-a663-ba4e341e612d,armin_laschet/2021-09-25_12-43-21_UTC_3.jpg,Unknown,,,,,,Unknown,armin_laschet
1210,ae8e19cb-5ca9-489d-a1c4-76284ca1cabd,armin_laschet/2021-09-18_19-12-07_UTC_8.jpg,Unknown,cc6b3530-cd71-4500-a5fe-d868c449b8d1.png,0.7652217181939986,Facenet512,euclidean_l2,24.0,Armin Laschet,armin_laschet
1211,3fcd0064-6c32-4545-86ba-e5e8901c2f97,armin_laschet/2021-09-18_19-12-07_UTC_8.jpg,Unknown,,,,,,Unknown,armin_laschet
1212,06d0b690-cc39-4069-b70b-a2a12eba1c66,armin_laschet/2021-09-18_19-12-07_UTC_8.jpg,Unknown,,,,,,Unknown,armin_laschet
1213,cdf29b5b-85e6-48bc-9944-a7fe4195faa7,armin_laschet/2021-09-18_19-12-07_UTC_8.jpg,Unknown,,,,,,Unknown,armin_laschet
1214,a6d0cf26-f9ac-4374-b97e-6db3ce344d3b,armin_laschet/2021-09-18_19-12-07_UTC_8.jpg,Unknown,,,,,,Unknown,armin_laschet
1215,9fb8bfd0-75bc-4170-b197-c37f2047dc2a,armin_laschet/2021-09-18_19-12-07_UTC_8.jpg,Unknown,,,,,,Unknown,armin_laschet
1216,09d7c02d-35c8-4994-89bb-a2429d1b0941,armin_laschet/2021-09-23_08-01-29_UTC.jpg,Armin Laschet,b95e4651-bf56-4f12-8d9c-4defe1aef9b0.png,0.4145873892229396,Facenet512,euclidean_l2,38.0,Armin Laschet,armin_laschet
1217,c6d80c20-0813-4022-86ad-8279d02a5739,armin_laschet/2021-09-21_11-03-21_UTC_1.jpg,Armin Laschet,7cdeee40-f222-4b03-a819-4db32fc47d20.png,0.587584798374197,Facenet512,euclidean_l2,40.0,Armin Laschet,armin_laschet
1218,5687ee55-f863-4f2a-84cb-083395ba5bf8,armin_laschet/2021-09-22_14-55-06_UTC_5.jpg,Unknown,,,,,,Unknown,armin_laschet
1219,b283f554-8805-4c3f-af51-36f2d14d5736,armin_laschet/2021-09-22_14-55-06_UTC_5.jpg,Unknown,,,,,,Unknown,armin_laschet
1220,b7d6b539-1c12-44bc-a30c-ecc25320a29f,armin_laschet/2021-09-22_14-55-06_UTC_5.jpg,Unknown,,,,,,Unknown,armin_laschet
1221,fd4b7b18-31e1-4fd4-a6dd-f78f43abb0a0,armin_laschet/2021-09-22_14-55-06_UTC_5.jpg,Unknown,,,,,,Unknown,armin_laschet
1222,088abeae-5ee8-4537-accc-d542972360d5,armin_laschet/2021-09-22_14-55-06_UTC_5.jpg,Unknown,,,,,,Unknown,armin_laschet
1223,b3203854-94f8-4019-bf43-5f6e5494a758,armin_laschet/2021-09-22_14-55-06_UTC_5.jpg,Unknown,,,,,,Unknown,armin_laschet
1224,2d22fef1-8485-481c-a4fb-f9f55e7a64a5,armin_laschet/2021-09-22_14-55-06_UTC_5.jpg,Unknown,,,,,,Unknown,armin_laschet
1225,c3dadc6b-5764-4e6f-a384-00a88466894f,armin_laschet/2021-09-22_14-55-06_UTC_5.jpg,Unknown,,,,,,Unknown,armin_laschet
1226,ebf9e849-9c31-4d3d-bdec-ee01abcb7f04,armin_laschet/2021-09-22_14-55-06_UTC_5.jpg,Unknown,,,,,,Unknown,armin_laschet
1227,618ea7ec-e794-4a14-8a01-0ec9fafe104e,armin_laschet/2021-09-22_14-55-06_UTC_5.jpg,Armin Laschet,,,,,,Unknown,armin_laschet
1228,e789d869-f73c-4e3f-8ace-b65c36647c56,armin_laschet/2021-09-22_14-55-06_UTC_5.jpg,Unknown,,,,,,Unknown,armin_laschet
1229,553a7df4-e4ab-44c7-9c67-50ae18627e67,spdde/2021-09-24_17-55-02_UTC_7.jpg,Unknown,,,,,,Unknown,spdde
1230,4609a6b0-cf87-4e4c-abd0-aebe70c34d8c,spdde/2021-09-24_17-55-02_UTC_7.jpg,Unknown,,,,,,Unknown,spdde
1231,c77d2517-4c5d-4e56-87f7-370fef8d73a6,spdde/2021-09-24_17-55-02_UTC_7.jpg,Unknown,,,,,,Unknown,spdde
1232,359c30ef-b653-405f-bd79-f5d6985c8418,spdde/2021-09-24_17-55-02_UTC_7.jpg,Unknown,,,,,,Unknown,spdde
1233,85433710-f064-40ac-821c-ed0c3afb8c4c,spdde/2021-09-19_19-30-37_UTC.jpg,Unknown,,,,,,Unknown,spdde
1234,68d2782e-bc39-470e-b5c6-54cd7ef0b98a,spdde/2021-09-19_18-50-21_UTC.jpg,Olaf Scholz,e1ab3325-0777-4d5b-8146-cbfa9ed3ffc2.png,0.2716630654280496,Facenet512,euclidean_l2,38.0,Olaf Scholz,spdde
1235,062d7296-8752-4a85-8607-9ed1cb8d5f32,spdde/2021-09-18_14-42-04_UTC_1.jpg,Unknown,,,,,,Unknown,spdde
1236,ca61f57a-8a9b-49d2-b66f-568c355a327d,spdde/2021-09-18_14-42-04_UTC_1.jpg,Unknown,,,,,,Unknown,spdde
1237,8118c670-0a82-4fd8-9df2-8bff9d75faa2,spdde/2021-09-15_08-54-16_UTC_1.jpg,Unknown,,,,,,Unknown,spdde
1238,ebe9f6c0-b334-49a8-b5a1-85cfc6ea0aee,spdde/2021-09-18_14-42-04_UTC_3.jpg,Olaf Scholz,91d6fa25-3671-4110-8beb-1c3296cdf4d0.png,0.5117950186859463,Facenet512,euclidean_l2,40.0,Olaf Scholz,spdde
1239,5019b3fa-e214-4314-a527-185104fa39aa,spdde/2021-09-12_19-33-17_UTC.jpg,Unknown,,,,,,Unknown,spdde
1240,8c336da2-e4ec-4cde-b858-b0a1af25af41,spdde/2021-09-12_19-33-17_UTC.jpg,Unknown,,,,,,Unknown,spdde
1241,05250813-04eb-43a1-aaa2-3c7b3e23307b,spdde/2021-09-12_19-33-17_UTC.jpg,Olaf Scholz,04a53ef1-618b-4c9c-97a8-a1187a75c05c.png,0.2690967947334159,Facenet512,euclidean_l2,38.0,Olaf Scholz,spdde
1242,dbd0c6f6-13e6-40ef-9a95-c083bbdb6b5c,spdde/2021-09-15_11-00-56_UTC.jpg,Olaf Scholz,91d6fa25-3671-4110-8beb-1c3296cdf4d0.png,0.4805976694490683,Facenet512,euclidean_l2,40.0,Olaf Scholz,spdde
1243,d527ad0d-1527-4a64-a5e7-c18351001cf4,spdde/2021-09-15_11-00-56_UTC.jpg,Unknown,,,,,,Unknown,spdde
1244,fff6da55-080a-4606-b096-5b0c36e9e690,spdde/2021-09-12_19-52-28_UTC.jpg,Unknown,,,,,,Unknown,spdde
1245,b7a35be5-6adf-40bf-b194-8c73d02fb94c,spdde/2021-09-12_19-52-28_UTC.jpg,Unknown,,,,,,Unknown,spdde
1246,5af38b45-fa6b-4bf3-a749-12e289659e73,spdde/2021-09-14_18-00-57_UTC_4.jpg,Olaf Scholz,fb89d12e-d3a5-48c2-b506-eca8454e847b.png,0.4316553437240892,Facenet512,euclidean_l2,40.0,Olaf Scholz,spdde
1247,bb6c72ba-843f-4679-a7af-60a18c3527c9,spdde/2021-09-14_18-00-57_UTC_4.jpg,Unknown,,,,,,Unknown,spdde
1248,04414e89-58d6-4ae6-9845-30fc0ef46323,armin_laschet/2021-09-15_09-28-48_UTC_3.jpg,Armin Laschet,cc6b3530-cd71-4500-a5fe-d868c449b8d1.png,0.653891380792454,Facenet512,euclidean_l2,40.0,Armin Laschet,armin_laschet
1249,d1dd1eba-a866-4a96-a5c3-f9ba10717a9f,engin_eroglu_/2021-09-25_14-46-21_UTC.jpg,Engin Eroglu,,,,,,Unknown,engin_eroglu_
1250,035c1aad-564c-4c61-95c1-73515d1ebbad,engin_eroglu_/2021-09-16_14-54-39_UTC.jpg,Engin Eroglu,,,,,,Unknown,engin_eroglu_
1251,a2d50c67-5fe2-4820-b9ef-acf8270e2a87,engin_eroglu_/2021-09-13_15-00-22_UTC_1.jpg,Engin Eroglu,,,,,,Unknown,engin_eroglu_
1252,687db508-e7b5-4127-8101-0f1afe83b103,engin_eroglu_/2021-09-14_09-55-45_UTC.jpg,Engin Eroglu,,,,,,Unknown,engin_eroglu_
1253,ceecee1a-efd4-4da2-acd0-710ae0c5d00f,engin_eroglu_/2021-09-15_09-00-34_UTC.jpg,Engin Eroglu,,,,,,Unknown,engin_eroglu_
1254,5baa91fe-a41d-49d9-9dbd-e958f29ab7db,dielinke/2021-09-25_07-01-38_UTC.jpg,Unknown,,,,,,Unknown,dielinke
1255,f1e4f9e0-96ec-44b6-ae50-a719b046b03d,dielinke/2021-09-14_09-29-23_UTC.jpg,Unknown,,,,,,Unknown,dielinke
1256,8cf2041b-d3b2-488d-a9c4-aa1791aa535a,dielinke/2021-09-14_09-29-23_UTC.jpg,Unknown,,,,,,Unknown,dielinke
1257,5e073e7f-ac3d-4b10-b2ab-9683a70b8dbf,dielinke/2021-09-14_09-29-23_UTC.jpg,Unknown,,,,,,Unknown,dielinke
1258,8a3dec8f-c95d-48af-9f03-3afada2ec46d,dielinke/2021-09-14_09-29-23_UTC.jpg,Unknown,,,,,,Unknown,dielinke
1259,7627aa48-c605-4b19-81a4-cc496c847817,dielinke/2021-09-24_13-08-21_UTC_1.jpg,Unknown,,,,,,Unknown,dielinke
1260,6136b232-b2f0-479c-a81f-33078fe67fdb,dielinke/2021-09-24_13-08-21_UTC_1.jpg,Unknown,,,,,,Unknown,dielinke
1261,9c963e67-e460-45cc-bdcd-91582b25fcb8,dielinke/2021-09-24_13-08-21_UTC_1.jpg,Unknown,,,,,,Unknown,dielinke
1262,d587885a-835c-4a6c-b805-919e9b287682,dielinke/2021-09-24_13-08-21_UTC_1.jpg,Unknown,,,,,,Unknown,dielinke
1263,8ad74103-7c9f-4256-8b33-1037ed3fb77c,dielinke/2021-09-24_13-08-21_UTC_1.jpg,Unknown,,,,,,Unknown,dielinke
1264,390a2fe0-c909-496b-9a8f-59f6dec9d409,dielinke/2021-09-24_13-08-21_UTC_1.jpg,Unknown,,,,,,Unknown,dielinke
1265,bc2e609c-469d-4226-9d25-e04a0f89daeb,dielinke/2021-09-24_13-08-21_UTC_1.jpg,Unknown,,,,,,Unknown,dielinke
1266,0d652330-ad2e-4648-9c93-75de8a86e349,dielinke/2021-09-24_13-08-21_UTC_1.jpg,Unknown,,,,,,Unknown,dielinke
1267,60660673-ce4d-45ee-9170-f1e956bf9b53,dielinke/2021-09-24_13-08-21_UTC_1.jpg,Unknown,,,,,,Unknown,dielinke
1268,f69e8f4b-fff2-4057-9725-d5490fd1eafd,dielinke/2021-09-24_13-08-21_UTC_1.jpg,Unknown,,,,,,Unknown,dielinke
1269,40538d43-9ce2-4f74-958c-66d58cde0b26,dielinke/2021-09-24_13-08-21_UTC_1.jpg,Unknown,,,,,,Unknown,dielinke
1270,d0811b76-cb0d-47c2-ba7b-8bb30025a21d,dielinke/2021-09-24_13-08-21_UTC_1.jpg,Unknown,,,,,,Unknown,dielinke
1271,40ee6758-12f7-419b-8f12-d0515a6ba996,dielinke/2021-09-24_13-08-21_UTC_1.jpg,Unknown,,,,,,Unknown,dielinke
1272,bc2ebb05-f579-47c8-8f24-3deed05fb319,dielinke/2021-09-24_13-08-21_UTC_1.jpg,Unknown,,,,,,Unknown,dielinke
1273,9a46e3bd-2999-408e-9bb6-800122aed456,dielinke/2021-09-24_13-08-21_UTC_1.jpg,Unknown,,,,,,Unknown,dielinke
1274,d8eb0bbc-35c2-40b1-bfbc-29636157ba91,dielinke/2021-09-24_13-08-21_UTC_1.jpg,Unknown,,,,,,Unknown,dielinke
1275,c0b03e18-286f-4106-b35c-0b4090753064,dielinke/2021-09-24_13-08-21_UTC_1.jpg,Unknown,,,,,,Unknown,dielinke
1276,0807c1c0-556b-4b0e-8522-dcb6d1d02f45,dielinke/2021-09-24_13-08-21_UTC_1.jpg,Unknown,,,,,,Unknown,dielinke
1277,3981524d-395b-4ebe-b1d7-411c642d57db,dielinke/2021-09-24_13-08-21_UTC_1.jpg,Unknown,,,,,,Unknown,dielinke
1278,a21965ce-031d-45a9-91a9-6d2930a8f7ab,dielinke/2021-09-24_13-08-21_UTC_1.jpg,Unknown,,,,,,Unknown,dielinke
1279,cd4962c0-2198-4c1c-805b-933f177748b4,dielinke/2021-09-24_13-08-21_UTC_1.jpg,Unknown,,,,,,Unknown,dielinke
1280,e56d5d4b-a5fa-4105-9f49-f123560a3f1b,dielinke/2021-09-22_07-45-52_UTC_2.jpg,Unknown,,,,,,Unknown,dielinke
1281,46441fc7-55ef-4fa8-b8f9-f620cdd24704,dielinke/2021-09-22_07-45-52_UTC_2.jpg,Unknown,,,,,,Unknown,dielinke
1282,e75323d9-dc46-45a6-98f4-21633d792bc5,dielinke/2021-09-21_11-23-59_UTC.jpg,Unknown,,,,,,Unknown,dielinke
1283,887a64f1-39b8-49c6-807b-983394294ea0,dielinke/2021-09-21_11-23-59_UTC.jpg,Unknown,,,,,,Unknown,dielinke
1284,0e950b62-2d18-4a74-8cf8-adfaf949f669,armin_laschet/2021-09-22_09-18-33_UTC_1.jpg,Unknown,,,,,,Unknown,armin_laschet
1285,66f19a7d-b8ae-45ed-9f38-432e3c14adfa,armin_laschet/2021-09-22_09-18-33_UTC_1.jpg,Unknown,,,,,,Unknown,armin_laschet
1286,44c5ea4f-0659-47bf-ba84-f56f475448b5,armin_laschet/2021-09-22_09-18-33_UTC_1.jpg,Armin Laschet,1f347af9-a36f-4727-923b-4c1a1e934ab9.png,0.9184651058993548,Facenet512,euclidean_l2,22.0,Armin Laschet,armin_laschet
1287,6ffffd48-9d3f-4876-bb80-2060982593d4,armin_laschet/2021-09-22_09-18-33_UTC_1.jpg,Unknown,d0e6d963-6d02-463b-a226-ce3f34b0fcc5.png,0.9301042530689014,Facenet512,euclidean_l2,10.0,Armin Laschet,armin_laschet
1288,3ba886fa-3a9f-4455-9af6-dcc90cad0c3e,dielinke/2021-09-24_16-58-00_UTC_5.jpg,Unknown,,,,,,Unknown,dielinke
1289,5c343928-526d-485b-b293-f23f4322f23f,dielinke/2021-09-24_16-58-00_UTC_5.jpg,Unknown,,,,,,Unknown,dielinke
1290,180d773d-208d-4cd7-9524-32ea312a1445,dielinke/2021-09-24_16-58-00_UTC_5.jpg,Unknown,,,,,,Unknown,dielinke
1291,66738b96-8289-47c8-b1b3-a54f06e620f1,dielinke/2021-09-24_16-58-00_UTC_5.jpg,Unknown,,,,,,Unknown,dielinke
1292,bf4642e0-3478-4b2e-b503-3908909ba04d,dielinke/2021-09-24_16-58-00_UTC_5.jpg,Unknown,,,,,,Unknown,dielinke
1293,caf874f3-5917-40c1-99e1-0e7f8943f579,dielinke/2021-09-24_16-58-00_UTC_5.jpg,Unknown,,,,,,Unknown,dielinke
1294,16c555ec-b152-4998-9dd6-053e23fbb5f6,dielinke/2021-09-24_16-58-00_UTC_5.jpg,Unknown,,,,,,Unknown,dielinke
1295,ea18e2f9-c522-4da9-8fee-1696bd560fea,dielinke/2021-09-20_13-07-56_UTC_3.jpg,Unknown,,,,,,Unknown,dielinke
1296,f3210af6-8472-4e6b-8fbf-e4f47155f453,dielinke/2021-09-24_16-58-00_UTC_1.jpg,Unknown,,,,,,Unknown,dielinke
1297,529c677c-3140-4ab3-b8da-1a5426b78b71,dielinke/2021-09-22_07-45-52_UTC_5.jpg,Unknown,,,,,,Unknown,dielinke
1298,a8542993-ad55-4070-8fe2-7daffdca73c3,dielinke/2021-09-22_07-45-52_UTC_5.jpg,Unknown,,,,,,Unknown,dielinke
1299,ac3999d3-457d-4eec-bf1a-dcb9e7103c4f,dielinke/2021-09-22_07-45-52_UTC_5.jpg,Unknown,,,,,,Unknown,dielinke
1300,96316958-5cfa-4332-bf3d-32f8503e8e41,dielinke/2021-09-22_07-45-52_UTC_5.jpg,Unknown,,,,,,Unknown,dielinke
1301,842bb467-3cdb-4ae4-bde3-dd9ae5765382,dielinke/2021-09-12_20-22-16_UTC.jpg,Unknown,,,,,,Unknown,dielinke
1302,9060a862-a226-43d2-b5bf-9cf3302c9ffa,dielinke/2021-09-12_20-22-16_UTC.jpg,Unknown,,,,,,Unknown,dielinke
1303,8149eb5e-15b4-4670-be55-46d2dca20041,dielinke/2021-09-12_20-22-16_UTC.jpg,Unknown,,,,,,Unknown,dielinke
1304,7962baac-3160-4e31-a75c-dec7875d5d23,dielinke/2021-09-19_12-45-54_UTC.jpg,Unknown,,,,,,Unknown,dielinke
1305,9df83299-b422-4392-a629-17a3b4af75a3,dielinke/2021-09-24_13-08-21_UTC_4.jpg,Unknown,,,,,,Unknown,dielinke
1306,c9e8c320-2c39-4163-a0fa-dfe440368334,dielinke/2021-09-24_13-08-21_UTC_4.jpg,Unknown,,,,,,Unknown,dielinke
1307,20a467ec-c8fb-41b7-a784-b1ab2b5d6e50,dielinke/2021-09-15_10-08-22_UTC.jpg,Unknown,,,,,,Unknown,dielinke
1308,c4bbb2cb-3d44-4427-9cbf-b4282fb76e45,dielinke/2021-09-24_16-58-00_UTC_3.jpg,Unknown,,,,,,Unknown,dielinke
1309,1f80cbd0-08f7-48b7-9080-3dc2ddff933f,dielinke/2021-09-21_09-36-45_UTC.jpg,Unknown,,,,,,Unknown,dielinke
1310,a0c5bf8d-1e58-48fd-90f1-55715be65054,armin_laschet/2021-09-22_09-18-33_UTC_3.jpg,Unknown,,,,,,Unknown,armin_laschet
1311,4abee729-acfe-41a4-bceb-13f505f31897,dielinke/2021-09-23_16-25-13_UTC.jpg,Unknown,,,,,,Unknown,dielinke
1312,65ece185-cdca-43be-8049-32d59957633b,dielinke/2021-09-23_16-25-13_UTC.jpg,Unknown,,,,,,Unknown,dielinke
1313,ba0f0643-0068-472d-97fb-35e9e9bd4e49,dielinke/2021-09-24_08-58-39_UTC.jpg,Unknown,,,,,,Unknown,dielinke
1314,d83acb14-3952-4a14-9e57-6976f1d088ce,dielinke/2021-09-24_13-08-21_UTC_3.jpg,Unknown,,,,,,Unknown,dielinke
1315,6d78aaf7-d829-49b4-a196-9661dc0aa4e0,dielinke/2021-09-24_13-08-21_UTC_3.jpg,Unknown,,,,,,Unknown,dielinke
1316,33d33820-f48e-496f-a5f2-3c426b760754,dielinke/2021-09-24_13-08-21_UTC_3.jpg,Unknown,,,,,,Unknown,dielinke
1317,3c497d57-74fe-4ba2-b028-c6019099b2e1,dielinke/2021-09-24_13-08-21_UTC_3.jpg,Unknown,,,,,,Unknown,dielinke
1318,ca4f0628-1e56-417d-a996-0035e4df0477,dielinke/2021-09-24_13-08-21_UTC_3.jpg,Unknown,,,,,,Unknown,dielinke
1319,b0ef647f-7f79-40f1-b67b-031349299475,dielinke/2021-09-24_13-08-21_UTC_3.jpg,Unknown,,,,,,Unknown,dielinke
1320,755382a7-df36-4ac0-a033-1c857513c96e,dielinke/2021-09-24_13-08-21_UTC_3.jpg,Unknown,,,,,,Unknown,dielinke
1321,a46b7864-3042-42e6-bb5e-76806b2e34c7,dielinke/2021-09-24_13-08-21_UTC_3.jpg,Unknown,,,,,,Unknown,dielinke
1322,7a4ee4ca-2545-4d1a-b0e8-630e19a57d50,dielinke/2021-09-24_13-08-21_UTC_3.jpg,Unknown,,,,,,Unknown,dielinke
1323,0ae5b4e3-a172-4160-bed8-445f15d894ef,dielinke/2021-09-24_13-08-21_UTC_3.jpg,Unknown,,,,,,Unknown,dielinke
1324,328f866f-09fd-41e9-a67c-b2b6c0277094,dielinke/2021-09-24_13-08-21_UTC_3.jpg,Unknown,,,,,,Unknown,dielinke
1325,fc9fef9f-65ec-479c-8bac-d9bc2d48a507,dielinke/2021-09-20_13-07-56_UTC_6.jpg,Unknown,,,,,,Unknown,dielinke
1326,962ef995-23ae-4aa7-be7a-b8826ed6e74a,dielinke/2021-09-24_16-58-00_UTC_4.jpg,Unknown,,,,,,Unknown,dielinke
1327,915a36d2-4203-4040-b4f8-02925534366e,dielinke/2021-09-24_16-58-00_UTC_4.jpg,Unknown,,,,,,Unknown,dielinke
1328,d8546127-ea9a-4d4d-ba7d-fa9da0e26390,dielinke/2021-09-24_16-58-00_UTC_4.jpg,Unknown,,,,,,Unknown,dielinke
1329,1faee3ee-8e74-46e8-9732-83e2d1fd408b,dielinke/2021-09-13_20-05-12_UTC.jpg,Unknown,,,,,,Unknown,dielinke
1330,37959267-94e6-42dd-91f3-d15d8d499dd0,dielinke/2021-09-24_16-58-00_UTC_6.jpg,Unknown,,,,,,Unknown,dielinke
1331,98a870c4-5ad5-42fc-a8f9-f13ba54b42e8,dielinke/2021-09-24_16-58-00_UTC_6.jpg,Unknown,,,,,,Unknown,dielinke
1332,d99286e8-d261-4241-8d8d-e2133377a807,dielinke/2021-09-24_16-58-00_UTC_6.jpg,Unknown,,,,,,Unknown,dielinke
1333,c828943b-30ec-4f97-8afc-8c1e2fea65cb,dielinke/2021-09-22_07-45-52_UTC_6.jpg,Unknown,,,,,,Unknown,dielinke
1334,f0dd26b8-9b8c-46be-9fcb-fbe9692205d8,dielinke/2021-09-14_15-17-09_UTC.jpg,Unknown,,,,,,Unknown,dielinke
1335,f2082361-b900-4683-ba00-f6b323b56300,dielinke/2021-09-24_13-08-21_UTC_2.jpg,Unknown,,,,,,Unknown,dielinke
1336,d8f52c24-2692-4523-9e4d-e82c82b1d50a,dielinke/2021-09-24_13-08-21_UTC_2.jpg,Unknown,,,,,,Unknown,dielinke
1337,b1d9765f-bbf5-4026-93ce-b685f686a4dd,dielinke/2021-09-24_13-08-21_UTC_2.jpg,Unknown,,,,,,Unknown,dielinke
1338,04481c2c-a8a9-4179-a6d6-b7138e698fd5,dielinke/2021-09-24_13-08-21_UTC_2.jpg,Unknown,,,,,,Unknown,dielinke
1339,160d4d70-410a-466b-8023-d2d7822623b4,dielinke/2021-09-24_13-08-21_UTC_2.jpg,Unknown,,,,,,Unknown,dielinke
1340,7a1b68ca-d186-46fb-93e7-99fd9f718668,dielinke/2021-09-24_13-08-21_UTC_2.jpg,Unknown,,,,,,Unknown,dielinke
1341,a51aa463-913f-4b86-b1dc-dca34ee6189c,dielinke/2021-09-24_13-08-21_UTC_2.jpg,Unknown,,,,,,Unknown,dielinke
1342,5bb29b3e-9dfa-4747-b8e5-f8bbdb6e00e1,dielinke/2021-09-24_13-08-21_UTC_2.jpg,Unknown,,,,,,Unknown,dielinke
1343,4ceba598-ef66-42e5-9092-918ba7af2e19,dielinke/2021-09-24_13-08-21_UTC_2.jpg,Unknown,,,,,,Unknown,dielinke
1344,19663917-8c2b-4406-9a4d-11daa17d03bf,dielinke/2021-09-24_13-08-21_UTC_2.jpg,Unknown,,,,,,Unknown,dielinke
1345,9181508b-73d9-40b2-878e-235a6d384fcd,dielinke/2021-09-24_13-08-21_UTC_2.jpg,Unknown,,,,,,Unknown,dielinke
1346,c64dc3b3-6764-446b-b3db-91ad075147d0,dielinke/2021-09-24_13-08-21_UTC_2.jpg,Unknown,,,,,,Unknown,dielinke
1347,e767a4e4-6251-449a-bdf5-56911a5432e6,dielinke/2021-09-24_13-08-21_UTC_2.jpg,Unknown,,,,,,Unknown,dielinke
1348,98d9ec72-c325-4281-b929-b2d5a2ef14e8,dielinke/2021-09-24_13-08-21_UTC_2.jpg,Unknown,,,,,,Unknown,dielinke
1349,1a29aa5b-1a77-4741-8163-9cc1b339557d,dielinke/2021-09-24_13-08-21_UTC_2.jpg,Unknown,,,,,,Unknown,dielinke
1350,2dfb6e05-01f3-4e39-8e2a-01be67efbc61,dielinke/2021-09-24_13-08-21_UTC_2.jpg,Unknown,,,,,,Unknown,dielinke
1351,5abf5b44-441b-45de-9540-b3b934d3a33d,armin_laschet/2021-09-18_19-12-07_UTC_1.jpg,Unknown,,,,,,Unknown,armin_laschet
1352,fd09b2e7-9f86-4a8b-9533-84b7073fe4c0,armin_laschet/2021-09-18_19-12-07_UTC_1.jpg,Unknown,,,,,,Unknown,armin_laschet
1353,2685701b-86b9-416b-ade4-4cd25d84c3e6,armin_laschet/2021-09-18_19-12-07_UTC_1.jpg,Unknown,,,,,,Unknown,armin_laschet
1354,f59aee8b-2564-4cd7-be00-458854087917,armin_laschet/2021-09-18_19-12-07_UTC_1.jpg,Unknown,,,,,,Unknown,armin_laschet
1355,818e85c6-c820-4fc1-9cdc-d5db3da4f843,armin_laschet/2021-09-18_19-12-07_UTC_1.jpg,Unknown,,,,,,Unknown,armin_laschet
1356,46ecf250-7c8a-492f-aeaf-0e99c0b5d69f,armin_laschet/2021-09-18_19-12-07_UTC_1.jpg,Unknown,,,,,,Unknown,armin_laschet
1357,34dc5c38-d8e2-423a-811c-f837440bb98d,armin_laschet/2021-09-18_19-12-07_UTC_1.jpg,Unknown,,,,,,Unknown,armin_laschet
1358,1f90900c-e72b-4c5f-b186-c76bb792fef8,armin_laschet/2021-09-18_19-12-07_UTC_1.jpg,Armin Laschet,,,,,,Unknown,armin_laschet
1359,8e282be2-3d42-4480-b0d9-eee76fed9bc2,armin_laschet/2021-09-18_19-12-07_UTC_1.jpg,Unknown,,,,,,Unknown,armin_laschet
1360,905c3cd3-5e81-42c3-8259-0e2f64617c84,armin_laschet/2021-09-18_19-12-07_UTC_1.jpg,Unknown,,,,,,Unknown,armin_laschet
1361,f4205416-38c9-4173-afd4-665ed5397a7f,armin_laschet/2021-09-18_19-12-07_UTC_1.jpg,Unknown,,,,,,Unknown,armin_laschet
1362,a30549b4-8ea6-4c50-8f5a-26c482fc813c,dielinke/2021-09-24_16-58-00_UTC_2.jpg,Unknown,,,,,,Unknown,dielinke
1363,e4fd003c-7677-43ee-8d57-14d99a34cdcc,dielinke/2021-09-24_16-58-00_UTC_2.jpg,Unknown,,,,,,Unknown,dielinke
1364,3e02a409-e07c-405e-993b-e3b37f5436d6,dielinke/2021-09-24_16-58-00_UTC_2.jpg,Unknown,,,,,,Unknown,dielinke
1365,67ec3a5f-6fdf-4629-b43c-3a9302881a66,fdp/2021-09-24_10-01-04_UTC.jpg,Unknown,b2b81709-caad-45cc-b632-78901d5ab389.png,1.0384286427092992,Facenet512,euclidean_l2,2.0,Christian Lindner,fdp
1366,ac85db34-7f0d-4303-8cc9-2adb6f602eaa,fdp/2021-09-24_10-01-04_UTC.jpg,Unknown,,,,,,Unknown,fdp
1367,1f51e30a-2df5-46d9-9b70-917368d7de98,fdp/2021-09-17_11-01-04_UTC.jpg,Christian Lindner,aba5bb44-8485-4f0d-9b60-c596194fa33b.png,0.5202839843901679,Facenet512,euclidean_l2,20.0,Christian Lindner,fdp
1368,9eb6bca7-7de4-435b-bc9c-f604877a1cf4,fdp/2021-09-23_07-01-25_UTC.jpg,Christian Lindner,510f4815-9191-4558-aab2-b98e5cb8f643.png,0.5306321013652995,Facenet512,euclidean_l2,20.0,Christian Lindner,fdp
1369,3fd2dc39-5ab8-4fd3-8b60-41c85cc2d8ae,fdp/2021-09-23_13-15-04_UTC.jpg,Christian Lindner,cebfea5f-bce7-498c-9d1a-5b80c9e97361.png,0.795499440936838,Facenet512,euclidean_l2,18.0,Christian Lindner,fdp
1370,30a6c23c-74d8-4f58-b015-d81ea84fa415,fdp/2021-09-14_11-01-16_UTC.jpg,Christian Lindner,3e230648-0328-4861-ada8-f718b0287f5e.png,0.6916010816444524,Facenet512,euclidean_l2,20.0,Christian Lindner,fdp
1371,cc8d065e-bb1c-4af2-8d05-193a113c46ff,fdp/2021-09-25_09-01-43_UTC.jpg,Christian Lindner,3e230648-0328-4861-ada8-f718b0287f5e.png,0.9020019034792768,Facenet512,euclidean_l2,10.0,Christian Lindner,fdp
1372,4853cbc3-c452-46e1-bade-a46635a1fc14,fdp/2021-09-14_13-30-06_UTC.jpg,Unknown,,,,,,Unknown,fdp
1373,2ec47e53-71f6-49bc-b52d-ab2ea32ff430,fdp/2021-09-13_07-09-10_UTC.jpg,Unknown,,,,,,Unknown,fdp
1374,702bf7e8-36fb-4f4f-ac2d-3b0c379ee1e2,fdp/2021-09-22_15-59-21_UTC.jpg,Christian Lindner,aba5bb44-8485-4f0d-9b60-c596194fa33b.png,0.6621471892176208,Facenet512,euclidean_l2,14.0,Christian Lindner,fdp
1375,c176fd12-97ea-4b67-895d-ed622a888a70,armin_laschet/2021-09-20_14-38-01_UTC.jpg,Armin Laschet,1e103923-022b-4d3f-a32e-e9c848a00e70.png,0.7020739215045187,Facenet512,euclidean_l2,40.0,Armin Laschet,armin_laschet
1376,2e424f66-62a3-44b0-9317-a4bcc1b810de,armin_laschet/2021-09-20_14-38-01_UTC.jpg,Unknown,,,,,,Unknown,armin_laschet
1377,896d63fe-deda-4f88-a416-0313765f5b95,fdp/2021-09-15_13-02-08_UTC_1.jpg,Unknown,,,,,,Unknown,fdp
1378,c198fc73-f0f2-4e0e-bc4a-8d58f8630eec,fdp/2021-09-21_13-31-22_UTC.jpg,Christian Lindner,d9fbc863-1aed-44af-8419-b4d18c9b5d48.png,0.7999888355518122,Facenet512,euclidean_l2,18.0,Christian Lindner,fdp
1379,07ca94b1-99db-456b-a34f-cc81d2ed712b,fdp/2021-09-12_09-38-30_UTC.jpg,Christian Lindner,aba5bb44-8485-4f0d-9b60-c596194fa33b.png,0.9339141116953704,Facenet512,euclidean_l2,8.0,Christian Lindner,fdp
1380,cce42f62-0de9-449d-ab12-14579f109870,fdp/2021-09-12_09-38-30_UTC.jpg,Unknown,,,,,,Unknown,fdp
1381,50e18d6c-736f-43a6-afce-90b0f8d47b01,fdp/2021-09-23_18-56-37_UTC.jpg,Christian Lindner,3e230648-0328-4861-ada8-f718b0287f5e.png,0.2355713879846256,Facenet512,euclidean_l2,20.0,Christian Lindner,fdp
1382,c5aed92f-a0e7-4d74-9175-9c2bf64f435e,fdp/2021-09-12_12-01-02_UTC.jpg,Christian Lindner,aba5bb44-8485-4f0d-9b60-c596194fa33b.png,0.4402441809532161,Facenet512,euclidean_l2,20.0,Christian Lindner,fdp
1383,e9eba447-772b-4a86-8d2c-10f74d1a9677,fdp/2021-09-15_11-18-34_UTC.jpg,Unknown,,,,,,Unknown,fdp
1384,dd82f86e-b17c-438d-bf2c-4ea7e872fdc2,fdp/2021-09-19_12-52-45_UTC.jpg,Christian Lindner,2384c946-7f3b-4280-8257-c73c1bb814b1.png,0.627930014526626,Facenet512,euclidean_l2,20.0,Christian Lindner,fdp
1385,d0f9ddc6-4b2d-4450-a71a-6fe6438dd554,fdp/2021-09-19_12-52-45_UTC.jpg,Unknown,,,,,,Unknown,fdp
1386,84d58a98-c145-407b-bfae-a5d627a9c238,saskiaesken/2021-09-17_13-50-10_UTC_3.jpg,Saskia Esken,,,,,,Unknown,saskiaesken
1387,842a9eae-2196-4001-a9fe-0f1330847dec,saskiaesken/2021-09-18_11-43-18_UTC_2.jpg,Unknown,,,,,,Unknown,saskiaesken
1388,ac85aa94-7cce-4163-a2b9-f52ab46d2509,saskiaesken/2021-09-18_11-43-18_UTC_2.jpg,Saskia Esken,,,,,,Unknown,saskiaesken
1389,c8fdd952-ba42-43ca-8b32-f6c1e4f87772,saskiaesken/2021-09-18_11-43-18_UTC_2.jpg,Unknown,,,,,,Unknown,saskiaesken
1390,34451d91-fe32-491a-8a0f-eccc5a0b04dd,saskiaesken/2021-09-18_11-43-18_UTC_2.jpg,Unknown,,,,,,Unknown,saskiaesken
1391,84c4bc40-0cbb-4b75-856b-f712b4f68da5,saskiaesken/2021-09-25_15-04-13_UTC_3.jpg,Saskia Esken,,,,,,Unknown,saskiaesken
1392,a396aac6-b30e-4397-b073-d35e7ffff88e,saskiaesken/2021-09-25_15-04-13_UTC_3.jpg,Unknown,,,,,,Unknown,saskiaesken
1393,b6931091-c6bc-4ee3-b5c8-62429a09f420,saskiaesken/2021-09-25_15-04-13_UTC_3.jpg,Unknown,,,,,,Unknown,saskiaesken
1394,d02afcc8-df12-41ac-a551-d76485b0de40,saskiaesken/2021-09-25_15-04-13_UTC_3.jpg,Unknown,,,,,,Unknown,saskiaesken
1395,cd41bd05-140e-46ee-b260-04117e0c2cfb,armin_laschet/2021-09-24_20-50-28_UTC_4.jpg,Unknown,,,,,,Unknown,armin_laschet
1396,437b1f01-8427-470d-b696-f343db97b2e6,armin_laschet/2021-09-24_20-50-28_UTC_4.jpg,Markus Söder,,,,,,Unknown,armin_laschet
1397,d61d4d76-82b0-4b64-9fbf-c47d8e7a6337,armin_laschet/2021-09-24_20-50-28_UTC_4.jpg,Armin Laschet,c1a12a4c-30ca-47ec-b1c5-11409ded5262.png,0.4867576659488765,Facenet512,euclidean_l2,40.0,Armin Laschet,armin_laschet
1398,28efe74d-799d-4190-b56a-32e0f74be5b3,armin_laschet/2021-09-24_20-50-28_UTC_4.jpg,Unknown,,,,,,Unknown,armin_laschet
1399,c3006394-6c86-43d3-bbb4-13aff4ff717c,armin_laschet/2021-09-24_20-50-28_UTC_4.jpg,Unknown,,,,,,Unknown,armin_laschet
1400,760cf9f7-4c54-42d2-979f-6493ee518c72,saskiaesken/2021-09-18_17-01-37_UTC.jpg,Saskia Esken,,,,,,Unknown,saskiaesken
1401,612e6590-a7b3-4f36-b783-588cc0c6a8ce,saskiaesken/2021-09-16_08-41-08_UTC_2.jpg,Unknown,,,,,,Unknown,saskiaesken
1402,6240d98e-3598-43d6-aed9-fb8a798032d9,saskiaesken/2021-09-16_08-41-08_UTC_2.jpg,Saskia Esken,,,,,,Unknown,saskiaesken
1403,40b434d0-1676-4924-9d4d-d72dca3d2cdc,saskiaesken/2021-09-16_08-41-08_UTC_3.jpg,Saskia Esken,,,,,,Unknown,saskiaesken
1404,4c283167-7458-41cf-a6fa-b298a2997dd2,saskiaesken/2021-09-18_11-43-18_UTC_1.jpg,Saskia Esken,,,,,,Unknown,saskiaesken
1405,fdf70c72-f116-4149-9d95-d2833d6d2a5f,saskiaesken/2021-09-14_12-36-03_UTC.jpg,Unknown,,,,,,Unknown,saskiaesken
1406,e6809b07-9b1f-4e12-a499-9b8e8c4464e6,saskiaesken/2021-09-14_12-36-03_UTC.jpg,Saskia Esken,,,,,,Unknown,saskiaesken
1407,c8d18c19-aa34-4ba4-bffc-21861704e918,saskiaesken/2021-09-25_15-04-13_UTC_4.jpg,Unknown,,,,,,Unknown,saskiaesken
1408,862497fa-4930-4b42-bdb2-18c5fdc7c270,saskiaesken/2021-09-25_15-04-13_UTC_4.jpg,Unknown,,,,,,Unknown,saskiaesken
1409,fdebc44c-7f04-4961-b982-bbb84cdacb7f,saskiaesken/2021-09-25_15-04-13_UTC_4.jpg,Unknown,,,,,,Unknown,saskiaesken
1410,8fdafcff-4757-48a6-81b7-44e609835b0a,saskiaesken/2021-09-25_15-04-13_UTC_4.jpg,Saskia Esken,,,,,,Unknown,saskiaesken
1411,d74656b7-f0d5-4424-a1db-ddfa7a876a12,saskiaesken/2021-09-16_08-41-08_UTC_4.jpg,Saskia Esken,,,,,,Unknown,saskiaesken
1412,2bfeae36-6c52-40ca-84f9-2ece32b94775,saskiaesken/2021-09-23_15-54-19_UTC.jpg,Saskia Esken,,,,,,Unknown,saskiaesken
1413,0abf9c9f-19d5-4b4c-be0e-e1be2051b208,saskiaesken/2021-09-17_13-50-10_UTC_2.jpg,Saskia Esken,,,,,,Unknown,saskiaesken
1414,22e377ad-30d6-4b14-879f-9ff123344443,saskiaesken/2021-09-17_13-50-10_UTC_2.jpg,Olaf Scholz,,,,,,Unknown,saskiaesken
1415,db1e1360-8a9a-42b8-a8c2-85073b84aed2,saskiaesken/2021-09-16_08-41-08_UTC_1.jpg,Saskia Esken,,,,,,Unknown,saskiaesken
1416,8b6de1df-eb74-4613-9465-0d0cea0d2aa9,saskiaesken/2021-09-16_08-41-08_UTC_1.jpg,Unknown,,,,,,Unknown,saskiaesken
1417,064534cb-6ae0-4f1c-9206-3fbd42224d60,armin_laschet/2021-09-23_13-50-48_UTC_4.jpg,Unknown,,,,,,Unknown,armin_laschet
1418,bf5db638-11b7-4278-bc8a-30fd449fe611,armin_laschet/2021-09-23_13-50-48_UTC_4.jpg,Armin Laschet,544c4dd7-ae0f-4d1e-825f-3d9e1eca7fd3.png,0.6545612760798065,Facenet512,euclidean_l2,38.0,Armin Laschet,armin_laschet
1419,f7cdc577-5d94-4d8c-bc3d-9f89846dba8a,armin_laschet/2021-09-23_13-50-48_UTC_4.jpg,Unknown,,,,,,Unknown,armin_laschet
1420,bbf267c1-7a20-4b77-bf12-93b7a00fab7d,saskiaesken/2021-09-22_05-15-14_UTC.jpg,Saskia Esken,,,,,,Unknown,saskiaesken
1421,5acb45db-4f19-4161-a992-05465214246c,saskiaesken/2021-09-22_05-15-14_UTC.jpg,Unknown,,,,,,Unknown,saskiaesken
1422,b4f2dc67-e4e7-4953-b1a7-31664cd7f1d8,saskiaesken/2021-09-22_05-15-14_UTC.jpg,Unknown,,,,,,Unknown,saskiaesken
1423,e208c435-e4da-4f3a-ab51-9151535be392,saskiaesken/2021-09-22_05-15-14_UTC.jpg,Unknown,,,,,,Unknown,saskiaesken
1424,e50d6f5d-383c-4d49-a484-53b88632d87f,saskiaesken/2021-09-22_05-15-14_UTC.jpg,Unknown,,,,,,Unknown,saskiaesken
1425,3b64e029-1a82-4146-89fe-d8de630fb292,saskiaesken/2021-09-22_05-15-14_UTC.jpg,Unknown,,,,,,Unknown,saskiaesken
1426,a02cb925-0244-4c00-9627-6058512d9c9b,saskiaesken/2021-09-13_12-05-17_UTC.jpg,Saskia Esken,,,,,,Unknown,saskiaesken
1427,1fcac2ac-98a1-44f8-b28c-98838bdd0c94,saskiaesken/2021-09-25_15-04-13_UTC_1.jpg,Saskia Esken,,,,,,Unknown,saskiaesken
1428,2a9404d3-df94-4a40-a9db-494e24b7b1d6,saskiaesken/2021-09-25_15-04-13_UTC_1.jpg,Unknown,,,,,,Unknown,saskiaesken
1429,9783b90e-854a-46eb-ba5b-51f2cc19df83,saskiaesken/2021-09-25_15-04-13_UTC_1.jpg,Unknown,,,,,,Unknown,saskiaesken
1430,a75cd1ec-5e70-4942-8a65-851e5e161a50,saskiaesken/2021-09-12_22-35-08_UTC.jpg,Saskia Esken,,,,,,Unknown,saskiaesken
1431,84eba751-81d3-4af5-8bf2-d376b8aae9bd,saskiaesken/2021-09-12_22-35-08_UTC.jpg,Unknown,,,,,,Unknown,saskiaesken
1432,bfb8aa5c-109e-4119-b3be-497d42ff2ab2,saskiaesken/2021-09-17_13-50-10_UTC_1.jpg,Olaf Scholz,,,,,,Unknown,saskiaesken
1433,e3ac3b3c-231b-4f79-9ab6-c5da20cf74c0,saskiaesken/2021-09-17_13-50-10_UTC_1.jpg,Saskia Esken,,,,,,Unknown,saskiaesken
1434,4dd84c0b-57f1-4774-bff6-c7d7c3c949e0,saskiaesken/2021-09-18_11-43-18_UTC_4.jpg,Saskia Esken,,,,,,Unknown,saskiaesken
1435,eb16d09c-4ca9-463f-b701-b9dee8317b2a,saskiaesken/2021-09-18_11-43-18_UTC_4.jpg,Unknown,,,,,,Unknown,saskiaesken
1436,b5a51f9f-a110-4be4-adcd-93dfcffd8058,saskiaesken/2021-09-17_15-18-03_UTC_2.jpg,Unknown,,,,,,Unknown,saskiaesken
1437,1ad27565-165b-4ccc-a3e1-4a6fca819d44,saskiaesken/2021-09-17_15-18-03_UTC_2.jpg,Unknown,,,,,,Unknown,saskiaesken
1438,80e0ee40-e1eb-40ae-a0bb-dd7891a71d0f,saskiaesken/2021-09-17_15-18-03_UTC_2.jpg,Saskia Esken,,,,,,Unknown,saskiaesken
1439,f975b659-d394-4ceb-8f5e-73c07bcc8b11,saskiaesken/2021-09-17_15-18-03_UTC_2.jpg,Unknown,,,,,,Unknown,saskiaesken
1440,7f0070e0-db8e-4437-a67d-7e5dc97ea13c,saskiaesken/2021-09-17_15-18-03_UTC_2.jpg,Unknown,,,,,,Unknown,saskiaesken
1441,713a66aa-5d44-41ee-b371-8b3ff3a4c74b,saskiaesken/2021-09-21_13-47-48_UTC_2.jpg,Unknown,,,,,,Unknown,saskiaesken
1442,1cf96f69-3e24-4ac7-b0f4-d405bb8e328c,saskiaesken/2021-09-21_13-47-48_UTC_2.jpg,Unknown,,,,,,Unknown,saskiaesken
1443,d90c9fd9-f395-4422-863f-7944d21d48fc,saskiaesken/2021-09-21_13-47-48_UTC_2.jpg,Saskia Esken,,,,,,Unknown,saskiaesken
1444,04ba2bb8-1fc3-4ab8-bf65-75a434eb177a,saskiaesken/2021-09-21_13-47-48_UTC_2.jpg,Unknown,,,,,,Unknown,saskiaesken
1445,82795af1-192f-4afb-9b16-b4e030ded14b,saskiaesken/2021-09-21_15-50-41_UTC.jpg,Saskia Esken,,,,,,Unknown,saskiaesken
1446,4ec2f0b1-33b9-49e4-b945-d80cc92fb8f9,saskiaesken/2021-09-18_11-43-18_UTC_3.jpg,Unknown,,,,,,Unknown,saskiaesken
1447,3369f0b4-917f-4b62-a010-b5b3489c3163,saskiaesken/2021-09-18_11-43-18_UTC_3.jpg,Saskia Esken,,,,,,Unknown,saskiaesken
1448,4db86c91-c4e3-401c-91f4-774d3e5da4f5,saskiaesken/2021-09-18_11-43-18_UTC_3.jpg,Unknown,,,,,,Unknown,saskiaesken
1449,3ede6eb0-6554-4cfc-bae2-2c7a2284ff21,saskiaesken/2021-09-18_11-43-18_UTC_3.jpg,Unknown,,,,,,Unknown,saskiaesken
1450,116576a8-96f3-4bc7-90bb-0f9d492b9912,saskiaesken/2021-09-18_11-43-18_UTC_3.jpg,Unknown,,,,,,Unknown,saskiaesken
1451,278b49eb-0717-4b3c-8373-ef977019fade,saskiaesken/2021-09-18_11-43-18_UTC_3.jpg,Unknown,,,,,,Unknown,saskiaesken
1452,a8fceaf4-5390-47aa-b7af-843277e4eb8c,saskiaesken/2021-09-18_11-43-18_UTC_3.jpg,Unknown,,,,,,Unknown,saskiaesken
1453,e28e978d-4726-41d4-959a-dff7cca8fc05,armin_laschet/2021-09-24_18-27-21_UTC.jpg,Armin Laschet,d0e6d963-6d02-463b-a226-ce3f34b0fcc5.png,0.6417657031540224,Facenet512,euclidean_l2,34.0,Armin Laschet,armin_laschet
1454,0b865816-5383-4ffc-8124-324288f552ca,saskiaesken/2021-09-16_19-26-40_UTC.jpg,Saskia Esken,,,,,,Unknown,saskiaesken
1455,aa32e170-681e-4648-86e5-1cfe75308372,saskiaesken/2021-09-25_15-04-13_UTC_2.jpg,Saskia Esken,,,,,,Unknown,saskiaesken
1456,cecdba54-5718-4581-aade-e02991c421b2,saskiaesken/2021-09-25_15-04-13_UTC_2.jpg,Unknown,,,,,,Unknown,saskiaesken
1457,021abcf7-ef04-47fd-a99c-33fc6c21f74a,saskiaesken/2021-09-25_15-04-13_UTC_2.jpg,Unknown,,,,,,Unknown,saskiaesken
1458,8fdd6523-c14e-45d6-abb5-b5bdd1a31167,saskiaesken/2021-09-25_15-04-13_UTC_2.jpg,Unknown,,,,,,Unknown,saskiaesken
1459,98fad3b8-541d-4f54-bbde-25c3401786b2,saskiaesken/2021-09-25_15-04-13_UTC_2.jpg,Unknown,,,,,,Unknown,saskiaesken
1460,a51e0d91-ac95-408b-8172-3ee443d70234,saskiaesken/2021-09-21_13-47-48_UTC_1.jpg,Unknown,,,,,,Unknown,saskiaesken
1461,ae8ded5b-6cb2-4de8-9c58-69c70f3b4c97,saskiaesken/2021-09-21_13-47-48_UTC_1.jpg,Unknown,,,,,,Unknown,saskiaesken
1462,9a60e30e-bd5d-4fdc-8092-6939e04e4f73,saskiaesken/2021-09-21_13-47-48_UTC_1.jpg,Saskia Esken,,,,,,Unknown,saskiaesken
1463,cc613c5e-2ba9-446b-ae8d-9d0750c13251,saskiaesken/2021-09-21_13-47-48_UTC_1.jpg,Unknown,,,,,,Unknown,saskiaesken
1464,78677704-a964-4fed-be31-f9629b33c57a,saskiaesken/2021-09-21_13-47-48_UTC_1.jpg,Unknown,,,,,,Unknown,saskiaesken
1465,6b95bd6c-2db2-4370-9c76-795147cd4960,saskiaesken/2021-09-21_13-47-48_UTC_1.jpg,Unknown,,,,,,Unknown,saskiaesken
1466,9fc3b714-094c-4e5a-a19d-4fa6ecf60ec3,saskiaesken/2021-09-21_13-47-48_UTC_1.jpg,Unknown,,,,,,Unknown,saskiaesken
1467,28562720-e796-499c-830e-24f73982645c,saskiaesken/2021-09-21_13-47-48_UTC_1.jpg,Unknown,,,,,,Unknown,saskiaesken
1468,7beee422-6a1d-46f2-8976-a68e5d085036,saskiaesken/2021-09-21_13-47-48_UTC_1.jpg,Unknown,,,,,,Unknown,saskiaesken
1469,4d7bc675-c0f3-41d9-b662-72163bde9b8e,saskiaesken/2021-09-17_13-50-10_UTC_4.jpg,Saskia Esken,,,,,,Unknown,saskiaesken
1470,047789e8-52f5-4884-a002-aab61f352544,saskiaesken/2021-09-17_13-50-10_UTC_4.jpg,Unknown,,,,,,Unknown,saskiaesken
1471,05f35793-b35d-494d-9f5c-600008a00e4e,saskiaesken/2021-09-17_15-18-03_UTC_1.jpg,Unknown,,,,,,Unknown,saskiaesken
1472,a9fcc795-0268-47f5-babe-8f20a0d8c30e,saskiaesken/2021-09-17_15-18-03_UTC_1.jpg,Unknown,,,,,,Unknown,saskiaesken
1473,52152979-07eb-4831-ae1e-e31e0790fdb2,saskiaesken/2021-09-17_15-18-03_UTC_1.jpg,Saskia Esken,,,,,,Unknown,saskiaesken
1474,5c7ec36d-efaf-4bd0-abad-461fc311563d,saskiaesken/2021-09-17_15-18-03_UTC_1.jpg,Unknown,,,,,,Unknown,saskiaesken
1475,e3f25790-7fe6-4621-b68e-82bc347d1d8d,saskiaesken/2021-09-17_15-18-03_UTC_1.jpg,Unknown,,,,,,Unknown,saskiaesken
1476,e2b5c05e-a783-4e78-beac-57c350fbb69b,grey_gor/2016-09-23_03-14-34_UTC.jpg,Unknown,,,,,,Unknown,grey_gor
1477,0b6482ff-b406-4eff-8b2d-24e9208fb320,christianlindner/2021-09-17_16-42-20_UTC_6.jpg,Unknown,,,,,,Unknown,christianlindner
1478,6f153878-a8a5-4e99-8612-8c20830b3d06,christianlindner/2021-09-17_16-42-20_UTC_6.jpg,Unknown,,,,,,Unknown,christianlindner
1479,f04dc9e5-59a1-41e8-9105-cea795d3cfa9,christianlindner/2021-09-17_16-42-20_UTC_6.jpg,Unknown,,,,,,Unknown,christianlindner
1480,14d97e03-51fe-426e-a297-197c40d083a1,christianlindner/2021-09-17_16-42-20_UTC_6.jpg,Unknown,,,,,,Unknown,christianlindner
1481,161fa7af-808a-40d0-b6f8-6dd8b782bb87,christianlindner/2021-09-17_16-42-20_UTC_6.jpg,Unknown,,,,,,Unknown,christianlindner
1482,5c446618-6caa-4d9b-aeda-0185cf8a6df4,christianlindner/2021-09-17_16-42-20_UTC_6.jpg,Unknown,,,,,,Unknown,christianlindner
1483,dbd2a51b-e4a2-4ab7-a4eb-ba9d03f30569,christianlindner/2021-09-22_20-20-19_UTC_3.jpg,Unknown,,,,,,Unknown,christianlindner
1484,12e6a011-8070-4669-a7af-4cb8e03fd711,christianlindner/2021-09-22_20-20-19_UTC_3.jpg,Unknown,,,,,,Unknown,christianlindner
1485,cc00ae0f-2a0a-433a-9ca6-6fe5b3f99325,christianlindner/2021-09-17_19-33-56_UTC_1.jpg,Unknown,,,,,,Unknown,christianlindner
1486,3891e58a-d740-45d0-bed8-a0b6cb02b3d0,christianlindner/2021-09-17_19-33-56_UTC_1.jpg,Christian Lindner,aba5bb44-8485-4f0d-9b60-c596194fa33b.png,0.6749149262931277,Facenet512,euclidean_l2,20.0,Christian Lindner,christianlindner
1487,dd4cf437-959a-475f-a710-d39ea1a3ccea,christianlindner/2021-09-26_10-50-55_UTC_7.jpg,Christian Lindner,cebfea5f-bce7-498c-9d1a-5b80c9e97361.png,0.5865962881934476,Facenet512,euclidean_l2,20.0,Christian Lindner,christianlindner
1488,9b8cc52c-2dab-4d63-a94e-f28f92d192b9,christianlindner/2021-09-26_10-50-55_UTC_7.jpg,Unknown,,,,,,Unknown,christianlindner
1489,ed627048-1b06-45e2-9039-b463c7770381,christianlindner/2021-09-26_10-50-55_UTC_7.jpg,Unknown,,,,,,Unknown,christianlindner
1490,3ca82414-3df9-4ac0-bbf3-f231892e6cec,armin_laschet/2021-09-23_13-50-48_UTC_2.jpg,Armin Laschet,1f347af9-a36f-4727-923b-4c1a1e934ab9.png,0.9174001010197576,Facenet512,euclidean_l2,24.0,Armin Laschet,armin_laschet
1491,9c512f35-2ea3-46bb-b5cc-872258aaeea0,armin_laschet/2021-09-23_13-50-48_UTC_2.jpg,Unknown,,,,,,Unknown,armin_laschet
1492,f3d6fa9d-dbfa-4668-8af1-e0258ed7b2ee,armin_laschet/2021-09-23_13-50-48_UTC_2.jpg,Unknown,,,,,,Unknown,armin_laschet
1493,b889a32d-3b94-46d0-ac30-073888a17115,armin_laschet/2021-09-23_13-50-48_UTC_2.jpg,Unknown,,,,,,Unknown,armin_laschet
1494,f9f88d41-c07a-4da1-bccd-28ab0a7b6a62,armin_laschet/2021-09-23_13-50-48_UTC_2.jpg,Unknown,,,,,,Unknown,armin_laschet
1495,09d39d5b-55c0-4ee3-bc25-6ac4a139f669,armin_laschet/2021-09-23_13-50-48_UTC_2.jpg,Unknown,,,,,,Unknown,armin_laschet
1496,ad4468f2-e256-4bec-ac99-0c6dd16451ef,armin_laschet/2021-09-23_13-50-48_UTC_2.jpg,Unknown,,,,,,Unknown,armin_laschet
1497,bba47a86-3bff-4d87-ac1a-187ab5fd2af3,armin_laschet/2021-09-23_13-50-48_UTC_2.jpg,Unknown,,,,,,Unknown,armin_laschet
1498,5150fa4e-73ba-4e7c-910c-118f58f6b17d,armin_laschet/2021-09-23_13-50-48_UTC_2.jpg,Unknown,,,,,,Unknown,armin_laschet
1499,534a297a-fd23-4dfd-86a4-4f9154a404da,armin_laschet/2021-09-23_13-50-48_UTC_2.jpg,Unknown,,,,,,Unknown,armin_laschet
1500,cc0b5be5-9a14-457a-bb2a-b080568946a0,christianlindner/2021-09-15_18-37-22_UTC_7.jpg,Unknown,,,,,,Unknown,christianlindner
1501,d43fc24a-ca00-4251-9ea6-93b2695b9647,christianlindner/2021-09-15_18-37-22_UTC_7.jpg,Unknown,,,,,,Unknown,christianlindner
1502,7a3f6eb0-d64f-4e2a-ab36-800ef7ad6266,christianlindner/2021-09-15_18-37-22_UTC_7.jpg,Unknown,,,,,,Unknown,christianlindner
1503,7f66625a-bf8c-48eb-823e-04135b88a54f,christianlindner/2021-09-15_18-37-22_UTC_7.jpg,Unknown,,,,,,Unknown,christianlindner
1504,abf76762-c08b-4194-b45c-fa5634e52359,christianlindner/2021-09-15_18-37-22_UTC_7.jpg,Unknown,,,,,,Unknown,christianlindner
1505,8761b002-1608-4c30-a387-a1b26838510e,christianlindner/2021-09-14_10-08-32_UTC.jpg,Christian Lindner,3e230648-0328-4861-ada8-f718b0287f5e.png,0.6048104364730067,Facenet512,euclidean_l2,20.0,Christian Lindner,christianlindner
1506,41f12c06-46ee-4013-add8-7c7f1af6fc16,christianlindner/2021-09-26_10-50-55_UTC_3.jpg,Unknown,,,,,,Unknown,christianlindner
1507,46e088fd-e591-45fa-baa1-cf1131456d0d,christianlindner/2021-09-26_10-50-55_UTC_3.jpg,Unknown,,,,,,Unknown,christianlindner
1508,0e3d531f-d87c-4cbe-9774-4c2fb0381586,christianlindner/2021-09-26_10-50-55_UTC_3.jpg,Christian Lindner,,,,,,Unknown,christianlindner
1509,805a4cbd-e97a-4c61-937d-13821bf9e64f,christianlindner/2021-09-26_10-50-55_UTC_3.jpg,Unknown,,,,,,Unknown,christianlindner
1510,fc8dcb0b-07b0-44c9-a817-93280de0c012,christianlindner/2021-09-26_10-50-55_UTC_3.jpg,Unknown,,,,,,Unknown,christianlindner
1511,95887895-3cb9-4c51-98ca-f5230636a384,christianlindner/2021-09-26_10-50-55_UTC_3.jpg,Unknown,,,,,,Unknown,christianlindner
1512,e6b895e3-d444-4baf-bc82-01824d5fd847,christianlindner/2021-09-26_10-50-55_UTC_3.jpg,Unknown,,,,,,Unknown,christianlindner
1513,60a36060-35b4-471c-8f91-1cc2c855c460,christianlindner/2021-09-26_10-50-55_UTC_3.jpg,Unknown,,,,,,Unknown,christianlindner
1514,04d48bdd-4db7-42d0-b907-218fe6bec266,christianlindner/2021-09-26_10-50-55_UTC_3.jpg,Unknown,,,,,,Unknown,christianlindner
1515,2a9f46b3-3224-409b-a05b-72a7ab8657e2,christianlindner/2021-09-26_10-50-55_UTC_3.jpg,Unknown,,,,,,Unknown,christianlindner
1516,a678dad6-51f8-48f0-8b44-930e43acf0a4,christianlindner/2021-09-26_10-50-55_UTC_3.jpg,Unknown,,,,,,Unknown,christianlindner
1517,d2e17cca-22ba-4819-99c3-2a66bbd32b96,christianlindner/2021-09-26_10-50-55_UTC_3.jpg,Unknown,,,,,,Unknown,christianlindner
1518,b8f756a1-95fd-4533-a4a0-8d8dac5a29e7,christianlindner/2021-09-26_10-50-55_UTC_3.jpg,Unknown,,,,,,Unknown,christianlindner
1519,8b57e5d8-c646-4d0c-bda1-49e0249aab84,christianlindner/2021-09-26_10-50-55_UTC_3.jpg,Unknown,,,,,,Unknown,christianlindner
1520,05cfe6c0-279b-4613-aa8f-421af8ab8c6e,christianlindner/2021-09-26_10-50-55_UTC_3.jpg,Unknown,,,,,,Unknown,christianlindner
1521,34dfb774-3a0f-4bef-a0c5-b7b3e61334ad,christianlindner/2021-09-26_10-50-55_UTC_3.jpg,Unknown,,,,,,Unknown,christianlindner
1522,05e21903-f900-4551-b41e-3dc3fee9b1f5,christianlindner/2021-09-26_10-50-55_UTC_3.jpg,Unknown,,,,,,Unknown,christianlindner
1523,4e2ec6c2-6f04-4446-93a4-5826ae4d31b8,christianlindner/2021-09-26_10-50-55_UTC_3.jpg,Unknown,,,,,,Unknown,christianlindner
1524,07ec59ac-7f37-4a9d-97ec-1aaf1cb95b32,christianlindner/2021-09-26_10-50-55_UTC_3.jpg,Unknown,,,,,,Unknown,christianlindner
1525,8f384d53-6159-44f4-bd48-64a93d9f6e84,christianlindner/2021-09-26_10-50-55_UTC_4.jpg,Unknown,,,,,,Unknown,christianlindner
1526,61edfc82-2579-4304-be23-ed41b428ac18,christianlindner/2021-09-26_10-50-55_UTC_4.jpg,Unknown,,,,,,Unknown,christianlindner
1527,fe5f5c0f-9a62-43d9-82c9-475e130785d3,christianlindner/2021-09-26_10-50-55_UTC_4.jpg,Unknown,,,,,,Unknown,christianlindner
1528,d26fe89d-28ae-48c9-9b6a-a0e51b2e54ca,christianlindner/2021-09-26_10-50-55_UTC_4.jpg,Unknown,,,,,,Unknown,christianlindner
1529,1e8a17db-5e97-4bff-b492-620ddb0838af,christianlindner/2021-09-26_10-50-55_UTC_4.jpg,Unknown,,,,,,Unknown,christianlindner
1530,75575323-cb99-4d30-9b1c-fd97a3326888,christianlindner/2021-09-26_10-50-55_UTC_4.jpg,Christian Lindner,cebfea5f-bce7-498c-9d1a-5b80c9e97361.png,0.8175990261660459,Facenet512,euclidean_l2,12.0,Christian Lindner,christianlindner
1531,0b921319-e76a-40ec-b986-ac0d39386940,christianlindner/2021-09-26_10-50-55_UTC_4.jpg,Unknown,,,,,,Unknown,christianlindner
1532,a80da6c1-daf7-466a-9b0a-80b21c9fb7ba,christianlindner/2021-09-26_10-50-55_UTC_4.jpg,Unknown,,,,,,Unknown,christianlindner
1533,8e965bff-789f-4c0a-b2dc-2083cddcdd95,christianlindner/2021-09-26_10-50-55_UTC_4.jpg,Unknown,,,,,,Unknown,christianlindner
1534,b5ec8a76-e313-4464-a7d2-7ea6ad9622a7,christianlindner/2021-09-26_10-50-55_UTC_4.jpg,Unknown,,,,,,Unknown,christianlindner
1535,ad92eae0-92c8-4914-92fc-5e0a88caaf13,christianlindner/2021-09-26_10-50-55_UTC_4.jpg,Unknown,,,,,,Unknown,christianlindner
1536,12117b12-a1d4-42a7-a4da-a5813f08d3fc,christianlindner/2021-09-26_10-50-55_UTC_4.jpg,Unknown,,,,,,Unknown,christianlindner
1537,5cf63fae-619b-49f7-9795-7a7b8c9de315,christianlindner/2021-09-26_10-50-55_UTC_4.jpg,Unknown,,,,,,Unknown,christianlindner
1538,e7b9258a-90e0-46a5-907d-89dbe96a0412,christianlindner/2021-09-26_10-50-55_UTC_4.jpg,Unknown,,,,,,Unknown,christianlindner
1539,6530452f-5043-41d2-ab71-9fcad4669cc7,christianlindner/2021-09-26_10-50-55_UTC_4.jpg,Unknown,,,,,,Unknown,christianlindner
1540,5e5cd680-8a3e-4bb2-8434-3a910ebd2d8a,christianlindner/2021-09-26_10-50-55_UTC_4.jpg,Unknown,,,,,,Unknown,christianlindner
1541,03aaef9e-6fd1-41b5-b736-7eea09fee4ca,christianlindner/2021-09-26_10-50-55_UTC_4.jpg,Unknown,,,,,,Unknown,christianlindner
1542,b28062ac-2452-44ff-9047-e288ba06bd4b,christianlindner/2021-09-26_10-50-55_UTC_4.jpg,Unknown,,,,,,Unknown,christianlindner
1543,33f16354-2a54-4b29-9d53-49ca98a05099,christianlindner/2021-09-26_10-50-55_UTC_4.jpg,Unknown,,,,,,Unknown,christianlindner
1544,bc7ba9f4-0e00-4aff-b5cd-00772952626a,christianlindner/2021-09-26_10-50-55_UTC_4.jpg,Unknown,,,,,,Unknown,christianlindner
1545,f086ad60-e5c1-482c-8a42-6542c657275f,christianlindner/2021-09-26_10-50-55_UTC_4.jpg,Unknown,,,,,,Unknown,christianlindner
1546,34fc237d-ef45-4a2d-b3d1-1a439cb7d909,christianlindner/2021-09-23_17-53-41_UTC.jpg,Christian Lindner,lindner_christian_gross.jpeg,0.5982948926886442,Facenet512,euclidean_l2,20.0,Christian Lindner,christianlindner
1547,f6bc7882-4bc6-4698-8a46-727e9ec6d99e,christianlindner/2021-09-26_10-04-07_UTC.jpg,Christian Lindner,aba5bb44-8485-4f0d-9b60-c596194fa33b.png,0.6424931572913501,Facenet512,euclidean_l2,20.0,Christian Lindner,christianlindner
1548,906f59bf-011b-4396-b563-9a20cc2b7e56,christianlindner/2021-09-26_17-24-53_UTC_2.jpg,Unknown,,,,,,Unknown,christianlindner
1549,b8213b6b-478e-40a5-9326-3c85cb3d4381,christianlindner/2021-09-26_17-24-53_UTC_2.jpg,Unknown,,,,,,Unknown,christianlindner
1550,c2a571ec-8c09-4622-87ff-1e9a1cf64bbc,christianlindner/2021-09-26_17-24-53_UTC_2.jpg,Unknown,,,,,,Unknown,christianlindner
1551,77bd0116-ed35-4fd1-8c9e-67436ee2709d,christianlindner/2021-09-26_17-24-53_UTC_2.jpg,Christian Lindner,3e230648-0328-4861-ada8-f718b0287f5e.png,0.7170117752483783,Facenet512,euclidean_l2,18.0,Christian Lindner,christianlindner
1552,6271cc0d-f7e7-4518-b295-e4a66f5f3a64,christianlindner/2021-09-26_17-24-53_UTC_2.jpg,Nicola Beer,,,,,,Unknown,christianlindner
1553,6e6d8fca-867a-48e9-99ba-04edd7a2e23d,christianlindner/2021-09-26_17-24-53_UTC_2.jpg,Unknown,,,,,,Unknown,christianlindner
1554,18847027-c569-4231-8522-27b57a414b1c,christianlindner/2021-09-26_17-24-53_UTC_2.jpg,Unknown,,,,,,Unknown,christianlindner
1555,7490c674-32db-4c5e-91ee-822f3fdbc3bc,christianlindner/2021-09-26_17-24-53_UTC_2.jpg,Unknown,,,,,,Unknown,christianlindner
1556,cd5565c4-9493-4b24-8936-a6db4450efc2,christianlindner/2021-09-26_17-24-53_UTC_2.jpg,Unknown,,,,,,Unknown,christianlindner
1557,0fa2dd30-b443-419b-b99d-e2ac0fd183a5,christianlindner/2021-09-26_17-24-53_UTC_2.jpg,Unknown,,,,,,Unknown,christianlindner
1558,861dbb71-564c-4fb0-8cbd-01dc60eaecc5,christianlindner/2021-09-26_17-24-53_UTC_2.jpg,Unknown,,,,,,Unknown,christianlindner
1559,1597a067-3229-4d7a-b49b-58291620953c,christianlindner/2021-09-26_17-24-53_UTC_2.jpg,Unknown,,,,,,Unknown,christianlindner
1560,2d68e0af-4816-4b3a-a1d5-e4e56e086c73,christianlindner/2021-09-26_17-24-53_UTC_2.jpg,Unknown,,,,,,Unknown,christianlindner
1561,0e748b25-d213-4198-8785-f5048b48fd1d,christianlindner/2021-09-15_18-37-22_UTC_1.jpg,Unknown,,,,,,Unknown,christianlindner
1562,0b371590-b319-4f7a-9165-2fbb41e11da7,christianlindner/2021-09-15_18-37-22_UTC_1.jpg,Unknown,,,,,,Unknown,christianlindner
1563,67705d6c-ce88-4f96-88b7-4096dcf82551,christianlindner/2021-09-15_18-37-22_UTC_1.jpg,Unknown,,,,,,Unknown,christianlindner
1564,d94616c4-658f-4244-9b76-ec33b3223f52,christianlindner/2021-09-15_18-37-22_UTC_1.jpg,Unknown,,,,,,Unknown,christianlindner
1565,4d8bc151-4cc4-432f-9acb-5221f3e4f01d,christianlindner/2021-09-15_18-37-22_UTC_1.jpg,Unknown,,,,,,Unknown,christianlindner
1566,363c02a4-522a-4dce-9346-8e823e9fd603,christianlindner/2021-09-15_18-37-22_UTC_1.jpg,Unknown,,,,,,Unknown,christianlindner
1567,6b070e74-3015-4a68-af66-db8e36c29fc0,christianlindner/2021-09-15_18-37-22_UTC_1.jpg,Unknown,,,,,,Unknown,christianlindner
1568,4193e0f0-58a7-4b87-877b-b25e0923f050,christianlindner/2021-09-15_18-37-22_UTC_1.jpg,Unknown,,,,,,Unknown,christianlindner
1569,72dc9de7-d155-4164-b085-f20967f3e524,christianlindner/2021-09-15_18-37-22_UTC_1.jpg,Unknown,,,,,,Unknown,christianlindner
1570,9fcaf0af-3c85-4eb5-89e2-c7c3cd59f96b,christianlindner/2021-09-15_18-37-22_UTC_1.jpg,Unknown,,,,,,Unknown,christianlindner
1571,2b16052a-3a11-47cf-93f0-c00077f4fdab,christianlindner/2021-09-15_18-37-22_UTC_1.jpg,Unknown,,,,,,Unknown,christianlindner
1572,26f84cff-6652-41ad-9e00-5154ad0bb4c5,christianlindner/2021-09-15_18-37-22_UTC_1.jpg,Unknown,,,,,,Unknown,christianlindner
1573,ea5fca7f-8630-4052-bb0b-cc9645bc7b02,christianlindner/2021-09-15_18-37-22_UTC_1.jpg,Unknown,,,,,,Unknown,christianlindner
1574,42ffe4cd-3ca4-4dbd-971b-8e2c9f71505f,christianlindner/2021-09-15_18-37-22_UTC_1.jpg,Unknown,,,,,,Unknown,christianlindner
1575,df81a1f3-d3f7-4bfe-8de9-33468087ada7,christianlindner/2021-09-15_18-37-22_UTC_1.jpg,Unknown,,,,,,Unknown,christianlindner
1576,3d6804d3-dbba-44e9-93b2-4d4bc74ea0ef,christianlindner/2021-09-15_18-37-22_UTC_1.jpg,Unknown,,,,,,Unknown,christianlindner
1577,a15e8eb6-6ea0-4f80-b301-be7a12913a32,christianlindner/2021-09-15_18-37-22_UTC_1.jpg,Unknown,,,,,,Unknown,christianlindner
1578,4cb10e67-3d18-47c0-8080-130e94e26f0b,christianlindner/2021-09-15_18-37-22_UTC_1.jpg,Unknown,,,,,,Unknown,christianlindner
1579,87100a73-193b-4652-b979-4d6f16756271,christianlindner/2021-09-15_18-37-22_UTC_1.jpg,Unknown,,,,,,Unknown,christianlindner
1580,fa798fd9-710a-4410-8cc5-590291a6ca5c,christianlindner/2021-09-15_18-37-22_UTC_1.jpg,Unknown,,,,,,Unknown,christianlindner
1581,903ee796-f8dd-4577-a516-e726178fded1,christianlindner/2021-09-15_18-37-22_UTC_1.jpg,Unknown,,,,,,Unknown,christianlindner
1582,8c0af95a-c07c-4195-a754-239e4986ab7c,christianlindner/2021-09-15_18-37-22_UTC_1.jpg,Unknown,,,,,,Unknown,christianlindner
1583,23fbc6eb-6a5d-4028-b490-49d12e4af5c2,christianlindner/2021-09-15_18-37-22_UTC_1.jpg,Unknown,,,,,,Unknown,christianlindner
1584,72623d67-b2dd-494b-a6ae-1c0f8f38a619,christianlindner/2021-09-15_18-37-22_UTC_1.jpg,Unknown,,,,,,Unknown,christianlindner
1585,dd4dfb46-f23f-49b7-8e0e-eea3128ed2ea,christianlindner/2021-09-15_18-37-22_UTC_1.jpg,Christian Lindner,,,,,,Unknown,christianlindner
1586,465af44c-1342-469b-96e7-ed6d8b283a25,christianlindner/2021-09-15_18-37-22_UTC_1.jpg,Unknown,,,,,,Unknown,christianlindner
1587,d1be0125-f4b6-43c6-9e99-d37e969930bd,christianlindner/2021-09-15_18-37-22_UTC_1.jpg,Unknown,,,,,,Unknown,christianlindner
1588,4e65bfab-402e-4438-8eb7-cb7e9eb13073,christianlindner/2021-09-15_18-37-22_UTC_1.jpg,Unknown,,,,,,Unknown,christianlindner
1589,9caf541a-a5db-42b0-a329-e3497d1765bb,christianlindner/2021-09-15_18-37-22_UTC_1.jpg,Unknown,,,,,,Unknown,christianlindner
1590,2aacd815-3fcc-40ad-b1ae-cca980d70faa,christianlindner/2021-09-15_18-37-22_UTC_1.jpg,Unknown,,,,,,Unknown,christianlindner
1591,df98536a-0ae4-4633-8586-c15330462aa2,christianlindner/2021-09-15_18-37-22_UTC_1.jpg,Unknown,,,,,,Unknown,christianlindner
1592,da20c819-c09f-4b2d-8649-d73ee68a4d4a,christianlindner/2021-09-15_18-37-22_UTC_1.jpg,Unknown,,,,,,Unknown,christianlindner
1593,78cbd697-c204-45d9-b209-0c351a8b20d3,christianlindner/2021-09-15_18-37-22_UTC_1.jpg,Unknown,,,,,,Unknown,christianlindner
1594,c7efea00-c534-4758-a5a0-f01525112696,christianlindner/2021-09-15_18-37-22_UTC_1.jpg,Unknown,,,,,,Unknown,christianlindner
1595,65378a37-72f6-4dcd-bdb3-5b23a954ae0c,christianlindner/2021-09-15_18-37-22_UTC_1.jpg,Unknown,,,,,,Unknown,christianlindner
1596,adfd27c4-f614-4f5e-bd28-9872100c70fe,christianlindner/2021-09-15_18-37-22_UTC_1.jpg,Unknown,,,,,,Unknown,christianlindner
1597,6fd5cb20-7149-45ec-8295-cb6fdabd2b27,christianlindner/2021-09-15_18-37-22_UTC_1.jpg,Unknown,,,,,,Unknown,christianlindner
1598,c53f893e-ec9d-4280-b7c0-5b3521927468,christianlindner/2021-09-15_18-37-22_UTC_1.jpg,Unknown,,,,,,Unknown,christianlindner
1599,d03e5723-8c6a-4191-a567-909aaf6b0f60,christianlindner/2021-09-15_18-37-22_UTC_1.jpg,Unknown,,,,,,Unknown,christianlindner
1600,e7bb44dd-11cf-447c-a63f-175f76594b70,christianlindner/2021-09-15_18-37-22_UTC_1.jpg,Unknown,,,,,,Unknown,christianlindner
1601,9a58cdcb-b27d-4c25-b257-21f85d082e64,christianlindner/2021-09-15_18-37-22_UTC_1.jpg,Unknown,,,,,,Unknown,christianlindner
1602,56b3a758-166f-49e0-bf94-84b7575fd23f,christianlindner/2021-09-15_18-37-22_UTC_1.jpg,Unknown,,,,,,Unknown,christianlindner
1603,f8a8ca13-4fbf-42ec-b845-ee183c5d3a7e,christianlindner/2021-09-15_18-37-22_UTC_1.jpg,Unknown,,,,,,Unknown,christianlindner
1604,5b7179c3-2cf5-4b92-86ea-5fdc9901f09d,christianlindner/2021-09-15_18-37-22_UTC_1.jpg,Unknown,,,,,,Unknown,christianlindner
1605,c497592b-e38d-4072-a6d5-f20e7a8a1c1b,christianlindner/2021-09-15_18-37-22_UTC_1.jpg,Unknown,,,,,,Unknown,christianlindner
1606,1bedadf4-e574-4899-b14e-2f4d08d330c4,christianlindner/2021-09-15_18-37-22_UTC_6.jpg,Unknown,,,,,,Unknown,christianlindner
1607,5adb6fa2-31ea-4362-a88d-2b6baafb9905,christianlindner/2021-09-15_18-37-22_UTC_6.jpg,Unknown,,,,,,Unknown,christianlindner
1608,22fc253c-10eb-4242-84d7-9a3242eeddf4,christianlindner/2021-09-15_18-37-22_UTC_6.jpg,Unknown,,,,,,Unknown,christianlindner
1609,b57cd0dc-f295-4334-802b-6c8fda8819a2,christianlindner/2021-09-15_18-37-22_UTC_6.jpg,Unknown,,,,,,Unknown,christianlindner
1610,3b4c70ef-9539-4a0e-83e3-53b32563f1ce,christianlindner/2021-09-15_18-37-22_UTC_6.jpg,Unknown,,,,,,Unknown,christianlindner
1611,5846419f-f2f5-4264-9ba7-11d1e0d0931d,christianlindner/2021-09-15_18-37-22_UTC_6.jpg,Unknown,,,,,,Unknown,christianlindner
1612,722cbabe-a1f0-491f-a6d3-d207e183c9c4,christianlindner/2021-09-15_18-37-22_UTC_6.jpg,Unknown,,,,,,Unknown,christianlindner
1613,2ce7bdad-7e12-4901-8644-1e5e7e3e7ec7,christianlindner/2021-09-15_18-37-22_UTC_6.jpg,Unknown,,,,,,Unknown,christianlindner
1614,ae221eb1-9fd6-4a7d-93da-30a420bb629c,christianlindner/2021-09-15_18-37-22_UTC_6.jpg,Unknown,,,,,,Unknown,christianlindner
1615,4e745435-9077-4cc4-8c05-3e50173fecae,christianlindner/2021-09-15_18-37-22_UTC_6.jpg,Unknown,,,,,,Unknown,christianlindner
1616,d6b09bd1-d679-421a-8124-e8d7eb73a79e,christianlindner/2021-09-15_18-37-22_UTC_6.jpg,Unknown,,,,,,Unknown,christianlindner
1617,b2631f32-3b45-4f02-ad5d-c196020b7f18,christianlindner/2021-09-15_18-37-22_UTC_6.jpg,Unknown,,,,,,Unknown,christianlindner
1618,295a3251-b807-424b-87c5-1b4f59ae17e6,christianlindner/2021-09-15_18-37-22_UTC_6.jpg,Unknown,,,,,,Unknown,christianlindner
1619,16895290-d7e7-454f-9279-20ac5a7905f0,christianlindner/2021-09-15_18-37-22_UTC_6.jpg,Unknown,,,,,,Unknown,christianlindner
1620,a775f83f-78ea-401c-b326-062c89bd5b04,christianlindner/2021-09-15_18-37-22_UTC_6.jpg,Unknown,,,,,,Unknown,christianlindner
1621,5652d765-1db5-4c87-8c7b-7a5ed984628b,christianlindner/2021-09-15_18-37-22_UTC_6.jpg,Unknown,,,,,,Unknown,christianlindner
1622,c7df32c3-a752-4442-8dd3-cb9a90b77e20,christianlindner/2021-09-15_18-37-22_UTC_6.jpg,Unknown,,,,,,Unknown,christianlindner
1623,eacad7bd-8969-4c39-8861-8c149bef9899,christianlindner/2021-09-15_18-37-22_UTC_6.jpg,Unknown,,,,,,Unknown,christianlindner
1624,0f39324e-9759-4a33-92c1-e35531a9b086,christianlindner/2021-09-15_18-37-22_UTC_6.jpg,Unknown,,,,,,Unknown,christianlindner
1625,52e29be5-600f-4692-aa4d-f4c75f44ed26,christianlindner/2021-09-15_18-37-22_UTC_6.jpg,Unknown,,,,,,Unknown,christianlindner
1626,1c635f44-1f6c-4b81-8c57-1dd10204f492,christianlindner/2021-09-15_18-37-22_UTC_6.jpg,Unknown,,,,,,Unknown,christianlindner
1627,2a6b7d37-7af3-45a2-8da9-8bae6c7acc78,christianlindner/2021-09-15_18-37-22_UTC_6.jpg,Unknown,,,,,,Unknown,christianlindner
1628,ff4c8a44-c335-4a64-8962-e9413c133902,christianlindner/2021-09-15_18-37-22_UTC_6.jpg,Unknown,,,,,,Unknown,christianlindner
1629,02497c0c-0279-4c90-a1f0-1707e99e2cf2,christianlindner/2021-09-15_18-37-22_UTC_6.jpg,Unknown,,,,,,Unknown,christianlindner
1630,83fcbdea-69cd-4ae0-9a34-5efdc6d136f0,christianlindner/2021-09-15_18-37-22_UTC_6.jpg,Christian Lindner,,,,,,Unknown,christianlindner
1631,6668db3a-aa28-4a62-8773-dacb93e04407,christianlindner/2021-09-15_18-37-22_UTC_6.jpg,Unknown,,,,,,Unknown,christianlindner
1632,f83d5b0c-75fb-46af-bd04-392bee9bfd36,christianlindner/2021-09-15_18-37-22_UTC_6.jpg,Unknown,,,,,,Unknown,christianlindner
1633,f0b9e733-cc67-41b8-9388-0ad3bd2937c0,christianlindner/2021-09-15_18-37-22_UTC_6.jpg,Unknown,,,,,,Unknown,christianlindner
1634,15507845-30ec-4e30-84a1-97a4495532eb,christianlindner/2021-09-15_18-37-22_UTC_6.jpg,Unknown,,,,,,Unknown,christianlindner
1635,f97f75d1-f664-4fad-a514-a78bab1f07bd,christianlindner/2021-09-15_18-37-22_UTC_6.jpg,Unknown,,,,,,Unknown,christianlindner
1636,0e5dc452-b618-47a8-9dec-d332b9eaaea4,christianlindner/2021-09-15_18-37-22_UTC_6.jpg,Unknown,,,,,,Unknown,christianlindner
1637,dbcca5ab-e294-4d89-b9c4-ea0a29bb0a84,christianlindner/2021-09-15_18-37-22_UTC_6.jpg,Unknown,,,,,,Unknown,christianlindner
1638,6c78e86d-6d51-4564-96bd-03d639908de4,christianlindner/2021-09-15_18-37-22_UTC_6.jpg,Unknown,,,,,,Unknown,christianlindner
1639,26991d97-aa7d-46ee-a84c-8ad237dba537,christianlindner/2021-09-15_18-37-22_UTC_6.jpg,Unknown,,,,,,Unknown,christianlindner
1640,a91f27dc-3407-4e83-93ad-1ac8fe30b7b9,christianlindner/2021-09-15_18-37-22_UTC_6.jpg,Unknown,,,,,,Unknown,christianlindner
1641,8affce9c-c002-4c14-8690-4983735cfbcd,christianlindner/2021-09-15_18-37-22_UTC_6.jpg,Unknown,,,,,,Unknown,christianlindner
1642,8196b834-6af0-4230-b053-551499cda335,christianlindner/2021-09-15_18-37-22_UTC_6.jpg,Unknown,,,,,,Unknown,christianlindner
1643,99e77715-d405-45ac-aefd-e651f4c0c069,christianlindner/2021-09-15_18-37-22_UTC_6.jpg,Unknown,,,,,,Unknown,christianlindner
1644,f0738941-c1b3-4ad2-8dcc-815cf2465a72,christianlindner/2021-09-15_18-37-22_UTC_6.jpg,Unknown,,,,,,Unknown,christianlindner
1645,4281108d-5207-45b0-a7b4-6221d328350a,christianlindner/2021-09-15_18-37-22_UTC_6.jpg,Unknown,,,,,,Unknown,christianlindner
1646,0a13dec1-9fe7-4dd9-b3cb-6220af78d305,christianlindner/2021-09-15_18-37-22_UTC_6.jpg,Unknown,,,,,,Unknown,christianlindner
1647,346fa1fa-94f9-4743-983e-dfc0cc06076d,christianlindner/2021-09-15_18-37-22_UTC_6.jpg,Unknown,,,,,,Unknown,christianlindner
1648,ac14eb19-ec53-4523-bab9-23e1913d4c1d,christianlindner/2021-09-15_18-37-22_UTC_6.jpg,Unknown,,,,,,Unknown,christianlindner
1649,94e6013d-c1bf-4a8a-ab8e-2960d57fff32,christianlindner/2021-09-15_18-37-22_UTC_6.jpg,Unknown,,,,,,Unknown,christianlindner
1650,dc4ef163-fcb7-4d4b-baf3-94f63d84997a,christianlindner/2021-09-15_18-37-22_UTC_6.jpg,Unknown,,,,,,Unknown,christianlindner
1651,f712fe41-7148-4a48-a411-18169891a302,christianlindner/2021-09-15_18-37-22_UTC_6.jpg,Unknown,,,,,,Unknown,christianlindner
1652,cd0e2c97-c6c0-4ed4-a963-e7edc435f72c,christianlindner/2021-09-15_18-37-22_UTC_6.jpg,Unknown,,,,,,Unknown,christianlindner
1653,8b7e115c-9436-47d6-a13b-baa61a648be4,christianlindner/2021-09-15_18-37-22_UTC_6.jpg,Unknown,,,,,,Unknown,christianlindner
1654,b444dc4d-6857-4064-aa8d-70788faf003b,christianlindner/2021-09-15_18-37-22_UTC_6.jpg,Unknown,,,,,,Unknown,christianlindner
1655,1257a1e0-9aa5-4ff5-9aa6-d0db7bc07f1f,christianlindner/2021-09-15_18-37-22_UTC_6.jpg,Unknown,,,,,,Unknown,christianlindner
1656,10e07657-c5a6-472b-aabe-9541b40e8669,christianlindner/2021-09-15_18-37-22_UTC_6.jpg,Unknown,,,,,,Unknown,christianlindner
1657,59cb30d6-fad8-4f4a-a749-567a6f915c90,christianlindner/2021-09-15_18-37-22_UTC_6.jpg,Unknown,,,,,,Unknown,christianlindner
1658,f9d848ad-4617-4058-8d64-91cf9fa58177,christianlindner/2021-09-15_18-37-22_UTC_6.jpg,Unknown,,,,,,Unknown,christianlindner
1659,a8ab5aad-cf7e-4b24-b306-d29434d031eb,christianlindner/2021-09-15_18-37-22_UTC_6.jpg,Unknown,,,,,,Unknown,christianlindner
1660,5bf812f7-d5b2-478e-8810-a505548a3931,christianlindner/2021-09-15_18-37-22_UTC_6.jpg,Unknown,,,,,,Unknown,christianlindner
1661,762c01da-ae7b-42a6-9c25-639e465e8f8d,christianlindner/2021-09-15_18-37-22_UTC_6.jpg,Unknown,,,,,,Unknown,christianlindner
1662,825a2ce9-b198-4b0a-b6b8-c8dd9e37518b,christianlindner/2021-09-15_18-37-22_UTC_6.jpg,Unknown,,,,,,Unknown,christianlindner
1663,40ae4092-5f0f-4123-a777-73da7a8ddd9c,christianlindner/2021-09-15_18-37-22_UTC_6.jpg,Unknown,,,,,,Unknown,christianlindner
1664,34e3eb6e-0644-4bb4-aa93-86d28a1f03c2,christianlindner/2021-09-15_18-37-22_UTC_6.jpg,Unknown,,,,,,Unknown,christianlindner
1665,3afeac9b-b024-4681-9831-9c28c7929656,christianlindner/2021-09-15_18-37-22_UTC_6.jpg,Unknown,,,,,,Unknown,christianlindner
1666,c0b70276-b2da-4741-bf60-98b87be9a338,christianlindner/2021-09-15_18-37-22_UTC_6.jpg,Unknown,,,,,,Unknown,christianlindner
1667,ad2958bb-718c-4bd0-b5f6-6e56e0cf41c7,christianlindner/2021-09-15_18-37-22_UTC_6.jpg,Unknown,,,,,,Unknown,christianlindner
1668,7919d054-53d4-43ea-9c7d-98caba63be1a,christianlindner/2021-09-15_18-37-22_UTC_6.jpg,Unknown,,,,,,Unknown,christianlindner
1669,f5e81ff4-9ff1-4cf4-9b71-b3813a0878e7,christianlindner/2021-09-15_18-37-22_UTC_6.jpg,Unknown,,,,,,Unknown,christianlindner
1670,9d287271-dc9c-47a3-9118-f7f0590110fb,christianlindner/2021-09-15_18-37-22_UTC_6.jpg,Unknown,,,,,,Unknown,christianlindner
1671,53e8e961-978e-418e-9527-65939714e8d3,christianlindner/2021-09-15_18-37-22_UTC_6.jpg,Unknown,,,,,,Unknown,christianlindner
1672,c3b45b57-da93-4bef-a3c6-ceb8769d5e6b,christianlindner/2021-09-15_18-37-22_UTC_6.jpg,Unknown,,,,,,Unknown,christianlindner
1673,b7ff5ad2-d59a-4692-aa67-ad1d4ab5476f,christianlindner/2021-09-15_18-37-22_UTC_6.jpg,Unknown,,,,,,Unknown,christianlindner
1674,1987afe8-3c51-4c60-a315-a1eb2d9d7f2e,christianlindner/2021-09-15_18-37-22_UTC_6.jpg,Unknown,,,,,,Unknown,christianlindner
1675,af92aadd-b29e-4dea-b73c-a234038efaa6,christianlindner/2021-09-15_18-37-22_UTC_6.jpg,Unknown,,,,,,Unknown,christianlindner
1676,1d74c8ee-97d9-4791-9522-4b5480ccfeb9,christianlindner/2021-09-15_18-37-22_UTC_6.jpg,Unknown,,,,,,Unknown,christianlindner
1677,8ad1e7db-fe74-4237-9506-3bc181c616bd,christianlindner/2021-09-15_18-37-22_UTC_6.jpg,Unknown,,,,,,Unknown,christianlindner
1678,76f78d1b-9c98-4840-94c4-004ad6a522c7,christianlindner/2021-09-15_18-37-22_UTC_6.jpg,Unknown,,,,,,Unknown,christianlindner
1679,ebb2dfd6-c740-417c-a887-0f38f940cb69,christianlindner/2021-09-15_18-37-22_UTC_6.jpg,Unknown,,,,,,Unknown,christianlindner
1680,b5136353-a07c-4574-a3a4-88dd4523ce36,christianlindner/2021-09-15_18-37-22_UTC_6.jpg,Unknown,,,,,,Unknown,christianlindner
1681,8d02e121-0c61-4a83-afcb-072bbf2ef42a,christianlindner/2021-09-15_18-37-22_UTC_6.jpg,Unknown,,,,,,Unknown,christianlindner
1682,b84e37b1-aad1-49f4-a908-c145d0dc2571,christianlindner/2021-09-15_18-37-22_UTC_6.jpg,Unknown,,,,,,Unknown,christianlindner
1683,c4a5ef50-241c-49cf-85a6-9f8bab0106b2,christianlindner/2021-09-15_18-37-22_UTC_6.jpg,Unknown,,,,,,Unknown,christianlindner
1684,143b5f1e-f0a0-41f1-bcad-04ae922ad8c0,christianlindner/2021-09-15_18-37-22_UTC_6.jpg,Unknown,,,,,,Unknown,christianlindner
1685,43bf5366-00f0-4511-9963-e5fd3c5ff6a1,christianlindner/2021-09-15_18-37-22_UTC_6.jpg,Unknown,,,,,,Unknown,christianlindner
1686,03dca386-b5b6-4f0f-bfd3-20decfbeb92f,christianlindner/2021-09-15_18-37-22_UTC_6.jpg,Unknown,,,,,,Unknown,christianlindner
1687,38a2bdf0-6db5-4a09-a8c4-a535d88d8e37,christianlindner/2021-09-15_18-37-22_UTC_6.jpg,Unknown,,,,,,Unknown,christianlindner
1688,f052dfb1-bb5f-4552-a42a-247dffb432e2,christianlindner/2021-09-15_18-37-22_UTC_6.jpg,Unknown,,,,,,Unknown,christianlindner
1689,0adc4c37-502d-426c-96c8-d4b01e99fc4b,christianlindner/2021-09-15_18-37-22_UTC_6.jpg,Unknown,,,,,,Unknown,christianlindner
1690,46795c21-5ffc-4e0c-af3d-353dd4f48d87,christianlindner/2021-09-15_18-37-22_UTC_6.jpg,Unknown,,,,,,Unknown,christianlindner
1691,dfced37d-c790-4c50-855c-e5bc43b833ca,christianlindner/2021-09-15_18-37-22_UTC_6.jpg,Unknown,,,,,,Unknown,christianlindner
1692,171e4f45-882e-4505-9e9c-4d2263991c40,christianlindner/2021-09-15_18-37-22_UTC_6.jpg,Unknown,,,,,,Unknown,christianlindner
1693,bc0d7940-4142-469f-bd82-383e1e43e680,christianlindner/2021-09-15_18-37-22_UTC_6.jpg,Unknown,,,,,,Unknown,christianlindner
1694,308fd23c-a7b8-4ef9-83e3-cebf3482ad05,christianlindner/2021-09-15_18-37-22_UTC_6.jpg,Unknown,,,,,,Unknown,christianlindner
1695,a9c2b7c0-b35e-4248-8115-caacf3ce1055,christianlindner/2021-09-22_20-20-19_UTC_6.jpg,Unknown,,,,,,Unknown,christianlindner
1696,abbc5a49-fec8-40f4-8f34-74d24b0c0d64,christianlindner/2021-09-22_20-20-19_UTC_6.jpg,Unknown,,,,,,Unknown,christianlindner
1697,34087b26-cad5-4823-ba3a-1367a34e3276,armin_laschet/2021-09-23_13-50-48_UTC_1.jpg,Unknown,,,,,,Unknown,armin_laschet
1698,06aaaafa-accd-49b2-9ee2-5c5f7ce7b241,armin_laschet/2021-09-23_13-50-48_UTC_1.jpg,Unknown,,,,,,Unknown,armin_laschet
1699,0ab70c94-68ba-4ad3-ac2b-f77356572e97,armin_laschet/2021-09-23_13-50-48_UTC_1.jpg,Unknown,,,,,,Unknown,armin_laschet
1700,f23c48a5-007b-4fd6-b0f1-eaa93f2cca4b,armin_laschet/2021-09-23_13-50-48_UTC_1.jpg,Unknown,,,,,,Unknown,armin_laschet
1701,000436e5-3323-4672-85a3-37fc264aaa1d,armin_laschet/2021-09-23_13-50-48_UTC_1.jpg,Unknown,,,,,,Unknown,armin_laschet
1702,eab86717-ecff-476d-9925-7ee6164ab74f,armin_laschet/2021-09-23_13-50-48_UTC_1.jpg,Unknown,,,,,,Unknown,armin_laschet
1703,d73067fd-da0d-4a2f-b074-a9308d40517a,armin_laschet/2021-09-23_13-50-48_UTC_1.jpg,Unknown,,,,,,Unknown,armin_laschet
1704,c6eaf124-36cf-4d90-aee1-1b94b864c975,armin_laschet/2021-09-23_13-50-48_UTC_1.jpg,Armin Laschet,9c3a43b8-03a7-453c-a980-1c4523abd5f3.png,0.6767504270922275,Facenet512,euclidean_l2,40.0,Armin Laschet,armin_laschet
1705,c1aad499-bc3b-4220-ac49-49dbea3e4c99,armin_laschet/2021-09-23_13-50-48_UTC_1.jpg,Unknown,,,,,,Unknown,armin_laschet
1706,d4e22b63-9ae2-407e-916c-16ff9da023d3,armin_laschet/2021-09-23_13-50-48_UTC_1.jpg,Unknown,,,,,,Unknown,armin_laschet
1707,b415a19c-0aa0-4017-844f-e292f19fd020,armin_laschet/2021-09-23_13-50-48_UTC_1.jpg,Unknown,,,,,,Unknown,armin_laschet
1708,4af1e2bc-2a95-47d4-9263-e7a6573d096a,armin_laschet/2021-09-23_13-50-48_UTC_1.jpg,Unknown,,,,,,Unknown,armin_laschet
1709,b8c0d5dc-3971-4f99-b072-e53a3ba01035,armin_laschet/2021-09-23_13-50-48_UTC_1.jpg,Unknown,,,,,,Unknown,armin_laschet
1710,652986ab-224f-4492-98be-d4e4b698a781,armin_laschet/2021-09-23_13-50-48_UTC_1.jpg,Unknown,,,,,,Unknown,armin_laschet
1711,38d38b2f-ea4a-4974-8744-c9eaac50545e,armin_laschet/2021-09-23_13-50-48_UTC_1.jpg,Unknown,,,,,,Unknown,armin_laschet
1712,6066123e-30f5-4826-be38-0ea80833f6a6,armin_laschet/2021-09-23_13-50-48_UTC_1.jpg,Unknown,,,,,,Unknown,armin_laschet
1713,b5dd9b5c-1ed4-40de-8a15-17f7bac6967b,armin_laschet/2021-09-23_13-50-48_UTC_1.jpg,Unknown,,,,,,Unknown,armin_laschet
1714,18aa4b82-3589-4373-91c8-ceec1f5729ac,armin_laschet/2021-09-18_19-12-07_UTC_4.jpg,Unknown,,,,,,Unknown,armin_laschet
1715,b32eb2fc-1951-4d0e-8d6a-27673147cb39,armin_laschet/2021-09-18_19-12-07_UTC_4.jpg,Unknown,,,,,,Unknown,armin_laschet
1716,12650b3e-73b4-4044-b6b6-0e2cd1c60e96,armin_laschet/2021-09-18_19-12-07_UTC_4.jpg,Unknown,,,,,,Unknown,armin_laschet
1717,a3d87b8a-e427-4091-ac47-587e49bccf54,armin_laschet/2021-09-18_19-12-07_UTC_4.jpg,Armin Laschet,c0c7aedd-97dc-4394-8336-f812c19fc1a2.png,0.6357058203423439,Facenet512,euclidean_l2,28.0,Armin Laschet,armin_laschet
1718,ba7c04a9-eadb-40b0-9f57-90469eabba25,armin_laschet/2021-09-18_19-12-07_UTC_4.jpg,Armin Laschet,c1a12a4c-30ca-47ec-b1c5-11409ded5262.png,0.8578974927190218,Facenet512,euclidean_l2,36.0,Armin Laschet,armin_laschet
1719,543b5365-da63-4261-a28f-18a2d36fef84,armin_laschet/2021-09-18_19-12-07_UTC_4.jpg,Unknown,,,,,,Unknown,armin_laschet
1720,9abe81a9-3b52-4aa8-8db0-3415ffbbc01f,armin_laschet/2021-09-18_19-12-07_UTC_4.jpg,Unknown,,,,,,Unknown,armin_laschet
1721,82a893cc-db65-461e-a0cb-fd9763f1889b,armin_laschet/2021-09-18_19-12-07_UTC_4.jpg,Unknown,,,,,,Unknown,armin_laschet
1722,f14aa368-73b5-45b6-bcaa-62b4b0f139cb,armin_laschet/2021-09-18_19-12-07_UTC_4.jpg,Unknown,cc6b3530-cd71-4500-a5fe-d868c449b8d1.png,0.8357860940721279,Facenet512,euclidean_l2,36.0,Armin Laschet,armin_laschet
1723,816fdf1f-0fff-4c1c-9e17-cdda7df451d9,armin_laschet/2021-09-18_19-12-07_UTC_4.jpg,Unknown,,,,,,Unknown,armin_laschet
1724,82532fe4-ff1e-493f-bc95-15ddaf95286a,armin_laschet/2021-09-18_19-12-07_UTC_4.jpg,Armin Laschet,cc6b3530-cd71-4500-a5fe-d868c449b8d1.png,0.6398493907214496,Facenet512,euclidean_l2,40.0,Armin Laschet,armin_laschet
1725,49dcc9b9-df0d-4d63-ae63-989616f00e3c,armin_laschet/2021-09-18_19-12-07_UTC_4.jpg,Unknown,,,,,,Unknown,armin_laschet
1726,07f4fb6c-601a-4609-a3bd-4484e0b41b73,armin_laschet/2021-09-18_19-12-07_UTC_4.jpg,Unknown,,,,,,Unknown,armin_laschet
1727,6fc6a569-812d-4bd3-8e64-0bcb2127871d,armin_laschet/2021-09-18_19-12-07_UTC_4.jpg,Unknown,,,,,,Unknown,armin_laschet
1728,c8902bcd-dd4f-45da-a11d-98d3848df510,armin_laschet/2021-09-18_19-12-07_UTC_4.jpg,Unknown,,,,,,Unknown,armin_laschet
1729,7aee6697-e8f8-4105-829e-8fa077c24aab,armin_laschet/2021-09-18_19-12-07_UTC_4.jpg,Unknown,,,,,,Unknown,armin_laschet
1730,209b6853-711f-4446-9802-ebafad1b1eb1,armin_laschet/2021-09-18_19-12-07_UTC_4.jpg,Unknown,cc6b3530-cd71-4500-a5fe-d868c449b8d1.png,0.9430278419429178,Facenet512,euclidean_l2,10.0,Armin Laschet,armin_laschet
1731,474efd6e-05d1-48b0-8dc5-90942527481b,armin_laschet/2021-09-18_19-12-07_UTC_4.jpg,Unknown,6b5fba44-8fb8-4e07-98e3-960e82e765a9.png,1.0255910091912608,Facenet512,euclidean_l2,6.0,Armin Laschet,armin_laschet
1732,f0c29c2b-35c2-4331-87f7-0afda099f964,armin_laschet/2021-09-18_19-12-07_UTC_4.jpg,Unknown,,,,,,Unknown,armin_laschet
1733,8c6976d8-fef1-47da-bdd4-849fd295a738,armin_laschet/2021-09-18_19-12-07_UTC_4.jpg,Unknown,cc6b3530-cd71-4500-a5fe-d868c449b8d1.png,1.0110575030905231,Facenet512,euclidean_l2,4.0,Armin Laschet,armin_laschet
1734,3e58fda7-3643-441e-bea3-3d9d35b1b168,christianlindner/2021-09-24_14-03-00_UTC_3.jpg,Unknown,,,,,,Unknown,christianlindner
1735,1d087dc6-b80c-4f10-a972-4897a2c44103,christianlindner/2021-09-26_10-50-55_UTC_2.jpg,Unknown,,,,,,Unknown,christianlindner
1736,cb29eaa5-c4c4-4bed-b544-12afe0c5c65f,christianlindner/2021-09-26_10-50-55_UTC_2.jpg,Unknown,,,,,,Unknown,christianlindner
1737,135e0dc1-f6c2-4f1a-ba4a-de80f9935112,christianlindner/2021-09-26_10-50-55_UTC_2.jpg,Unknown,,,,,,Unknown,christianlindner
1738,2c6238c0-ec98-4712-b14d-c37bc1e00c6e,christianlindner/2021-09-26_10-50-55_UTC_2.jpg,Unknown,,,,,,Unknown,christianlindner
1739,a208ee9a-0840-423d-bb65-76b37b6a1bf4,christianlindner/2021-09-26_10-50-55_UTC_2.jpg,Unknown,,,,,,Unknown,christianlindner
1740,0e56b820-3aaa-4f91-9026-c34dd7f12fe9,christianlindner/2021-09-26_10-50-55_UTC_2.jpg,Unknown,,,,,,Unknown,christianlindner
1741,8838055e-cd5c-4e60-968b-0c0b3e8b32c9,christianlindner/2021-09-26_10-50-55_UTC_2.jpg,Unknown,,,,,,Unknown,christianlindner
1742,9058e515-40ce-4d6e-802b-9cfdbfd9de48,christianlindner/2021-09-26_10-50-55_UTC_2.jpg,Unknown,,,,,,Unknown,christianlindner
1743,9eadb9ad-e5e3-4a85-82c4-63eb3ebe3c72,christianlindner/2021-09-26_10-50-55_UTC_2.jpg,Unknown,,,,,,Unknown,christianlindner
1744,a8e65d5e-7f7b-4fa0-9b87-db8d497fcf74,christianlindner/2021-09-26_10-50-55_UTC_2.jpg,Unknown,,,,,,Unknown,christianlindner
1745,501c1589-1416-4a30-84fe-1a5a3cdca5f1,christianlindner/2021-09-26_10-50-55_UTC_2.jpg,Unknown,,,,,,Unknown,christianlindner
1746,2976591f-3d3c-4e42-8542-8f028618916d,christianlindner/2021-09-26_10-50-55_UTC_2.jpg,Unknown,,,,,,Unknown,christianlindner
1747,33e06135-d6fd-4cbd-afc5-71e3a69c0bec,christianlindner/2021-09-26_10-50-55_UTC_2.jpg,Unknown,,,,,,Unknown,christianlindner
1748,cb76da6d-6c53-45ba-b6f5-971b496cc9fc,christianlindner/2021-09-26_10-50-55_UTC_2.jpg,Unknown,,,,,,Unknown,christianlindner
1749,abcc0954-5fd6-404a-8bd8-b42bae665525,christianlindner/2021-09-26_10-50-55_UTC_2.jpg,Unknown,,,,,,Unknown,christianlindner
1750,000abada-62e9-48b0-af39-317b4c375fe5,christianlindner/2021-09-26_10-50-55_UTC_2.jpg,Unknown,,,,,,Unknown,christianlindner
1751,06de800c-5c8c-4ef2-9371-880b46b6616e,christianlindner/2021-09-26_10-50-55_UTC_2.jpg,Unknown,,,,,,Unknown,christianlindner
1752,3c7ac92e-2181-4d28-8b55-90aead26b52f,christianlindner/2021-09-26_10-50-55_UTC_2.jpg,Unknown,,,,,,Unknown,christianlindner
1753,26bb864e-7fd2-48cb-9161-56c8c2b08011,christianlindner/2021-09-26_10-50-55_UTC_2.jpg,Unknown,,,,,,Unknown,christianlindner
1754,fa4b741b-71d9-4695-b84a-328d0c05eef7,christianlindner/2021-09-26_10-50-55_UTC_2.jpg,Unknown,,,,,,Unknown,christianlindner
1755,2e11e624-ec25-43e8-ae69-33570573b703,christianlindner/2021-09-26_10-50-55_UTC_2.jpg,Unknown,,,,,,Unknown,christianlindner
1756,f2e9ba1c-fc78-4c83-86c7-92fbdc38598b,christianlindner/2021-09-26_10-50-55_UTC_2.jpg,Unknown,,,,,,Unknown,christianlindner
1757,d29a7da8-0172-4ce5-8e28-e0a1637b926e,christianlindner/2021-09-26_10-50-55_UTC_2.jpg,Unknown,,,,,,Unknown,christianlindner
1758,fd05a089-3629-4584-8979-894315633eee,christianlindner/2021-09-26_10-50-55_UTC_2.jpg,Unknown,,,,,,Unknown,christianlindner
1759,10cfd562-7721-42d5-8837-71900f391067,christianlindner/2021-09-26_10-50-55_UTC_2.jpg,Unknown,,,,,,Unknown,christianlindner
1760,596e7312-39c9-4048-8a54-368268531ca8,christianlindner/2021-09-26_10-50-55_UTC_2.jpg,Unknown,,,,,,Unknown,christianlindner
1761,ea76ebdd-e635-4820-a5e8-8d980d202859,christianlindner/2021-09-26_10-50-55_UTC_2.jpg,Unknown,,,,,,Unknown,christianlindner
1762,2ec6673a-d5bf-4a66-9f78-f88e3b87d765,christianlindner/2021-09-26_10-50-55_UTC_2.jpg,Unknown,,,,,,Unknown,christianlindner
1763,0c0a625d-7a33-4ac3-941e-2de101bd3adc,christianlindner/2021-09-26_10-50-55_UTC_2.jpg,Unknown,,,,,,Unknown,christianlindner
1764,d3d87e2c-e8c7-4228-bd1d-9094c39149ce,christianlindner/2021-09-26_10-50-55_UTC_2.jpg,Unknown,,,,,,Unknown,christianlindner
1765,e20eb6e0-180a-4e12-be0a-b542f4fb71c2,christianlindner/2021-09-26_10-50-55_UTC_2.jpg,Unknown,,,,,,Unknown,christianlindner
1766,41e662f5-0901-4672-955c-dcd8cea999ea,christianlindner/2021-09-26_10-50-55_UTC_2.jpg,Unknown,2384c946-7f3b-4280-8257-c73c1bb814b1.png,1.012193771202141,Facenet512,euclidean_l2,2.0,Christian Lindner,christianlindner
1767,bc6953a4-2b3c-403a-9125-382ad0234e3e,christianlindner/2021-09-26_10-50-55_UTC_2.jpg,Unknown,,,,,,Unknown,christianlindner
1768,af106cc6-9057-4893-98b1-9f9b54a2675e,christianlindner/2021-09-26_10-50-55_UTC_2.jpg,Unknown,,,,,,Unknown,christianlindner
1769,8cef67f5-193b-4802-9d4b-bda8094e0175,christianlindner/2021-09-26_10-50-55_UTC_2.jpg,Unknown,,,,,,Unknown,christianlindner
1770,a191a434-e31f-478e-a0bb-8fd1fe27e1a1,christianlindner/2021-09-26_10-50-55_UTC_2.jpg,Unknown,,,,,,Unknown,christianlindner
1771,f67690b2-0aee-48b2-9488-02c936b0779f,christianlindner/2021-09-26_10-50-55_UTC_2.jpg,Unknown,,,,,,Unknown,christianlindner
1772,526612ad-e48f-4616-b930-65399800c816,christianlindner/2021-09-26_10-50-55_UTC_2.jpg,Unknown,,,,,,Unknown,christianlindner
1773,9ee233c6-84f2-4e12-9392-36f432fa5dca,christianlindner/2021-09-26_10-50-55_UTC_2.jpg,Unknown,,,,,,Unknown,christianlindner
1774,94a3bf90-818a-4652-bd79-2ab08aa15265,christianlindner/2021-09-26_10-50-55_UTC_2.jpg,Unknown,,,,,,Unknown,christianlindner
1775,23cf4d67-3074-49af-9d51-1396915c92fd,christianlindner/2021-09-26_10-50-55_UTC_2.jpg,Unknown,,,,,,Unknown,christianlindner
1776,c7595f92-fd69-4ab3-b2be-cb98c1995dbf,christianlindner/2021-09-26_10-50-55_UTC_2.jpg,Unknown,,,,,,Unknown,christianlindner
1777,f4e9f53b-ddcd-4c04-85c8-fffc975d0a69,christianlindner/2021-09-26_10-50-55_UTC_2.jpg,Unknown,,,,,,Unknown,christianlindner
1778,879216b3-f568-43db-8086-c8f3638fd4af,christianlindner/2021-09-26_10-50-55_UTC_2.jpg,Unknown,,,,,,Unknown,christianlindner
1779,44037b52-51fc-4596-8190-2bf7e0c80770,christianlindner/2021-09-26_10-50-55_UTC_2.jpg,Unknown,,,,,,Unknown,christianlindner
1780,a11ca653-03a9-4c45-8843-88c24fde927c,christianlindner/2021-09-26_10-50-55_UTC_2.jpg,Unknown,,,,,,Unknown,christianlindner
1781,0a2d3bd4-8da3-4385-be66-a27622609c81,christianlindner/2021-09-26_10-50-55_UTC_2.jpg,Unknown,,,,,,Unknown,christianlindner
1782,8500e66b-fd21-4b2b-a0a5-3e7c8c45d517,christianlindner/2021-09-26_10-50-55_UTC_2.jpg,Unknown,,,,,,Unknown,christianlindner
1783,4941a3aa-d83e-4e76-a174-e24b32598c17,christianlindner/2021-09-26_10-50-55_UTC_2.jpg,Unknown,,,,,,Unknown,christianlindner
1784,ab6b4b5e-feb5-428a-bd6f-a9a783797124,christianlindner/2021-09-26_10-50-55_UTC_2.jpg,Unknown,,,,,,Unknown,christianlindner
1785,4c2ef4e4-656c-49f0-9895-3fa532122d88,christianlindner/2021-09-26_10-50-55_UTC_2.jpg,Unknown,,,,,,Unknown,christianlindner
1786,36876f4e-182d-456a-8297-f6876141432a,christianlindner/2021-09-26_10-50-55_UTC_2.jpg,Unknown,,,,,,Unknown,christianlindner
1787,f3ddf1d4-8e2f-4121-bee0-ec41d7083de9,christianlindner/2021-09-26_10-50-55_UTC_2.jpg,Unknown,,,,,,Unknown,christianlindner
1788,bad414fc-0093-49d0-aea9-f7b3308645f5,christianlindner/2021-09-26_10-50-55_UTC_2.jpg,Unknown,,,,,,Unknown,christianlindner
1789,6ca6318a-0d56-45ab-9c92-6cda7e250c4e,christianlindner/2021-09-26_10-50-55_UTC_2.jpg,Unknown,,,,,,Unknown,christianlindner
1790,bbcabe11-126f-4b6e-b12e-09aa70c74675,christianlindner/2021-09-26_10-50-55_UTC_2.jpg,Unknown,,,,,,Unknown,christianlindner
1791,a6d0dd90-c098-452f-a0cc-81301c9841d4,christianlindner/2021-09-26_10-50-55_UTC_2.jpg,Unknown,,,,,,Unknown,christianlindner
1792,afde8338-cf8d-4258-95bd-a76c7a646e82,christianlindner/2021-09-26_10-50-55_UTC_2.jpg,Unknown,,,,,,Unknown,christianlindner
1793,4f0de9e6-c2fe-428d-acf4-ba595682b23e,christianlindner/2021-09-26_10-50-55_UTC_2.jpg,Unknown,,,,,,Unknown,christianlindner
1794,d081d71f-8aa2-4429-b835-e2ba2b077699,christianlindner/2021-09-26_10-50-55_UTC_2.jpg,Unknown,,,,,,Unknown,christianlindner
1795,9d80186c-654d-4479-b683-86efa67a3bbd,christianlindner/2021-09-26_10-50-55_UTC_2.jpg,Unknown,,,,,,Unknown,christianlindner
1796,9f3aee5e-5c1d-41d1-8774-fa95259beae9,christianlindner/2021-09-26_10-50-55_UTC_2.jpg,Unknown,,,,,,Unknown,christianlindner
1797,726deada-3911-4a93-bc79-81a681a5c348,christianlindner/2021-09-26_10-50-55_UTC_2.jpg,Unknown,,,,,,Unknown,christianlindner
1798,028fb663-8889-422b-9fd1-44294f3645a1,christianlindner/2021-09-26_10-50-55_UTC_2.jpg,Unknown,,,,,,Unknown,christianlindner
1799,cfb1dc56-778e-461c-a129-b6eed9a4ed3d,christianlindner/2021-09-26_10-50-55_UTC_2.jpg,Unknown,,,,,,Unknown,christianlindner
1800,7def7c0a-50a7-47e6-9993-5fd764b33d84,christianlindner/2021-09-26_10-50-55_UTC_2.jpg,Unknown,,,,,,Unknown,christianlindner
1801,679770f5-f68d-49ae-adcb-23144272e6ec,christianlindner/2021-09-26_10-50-55_UTC_2.jpg,Unknown,,,,,,Unknown,christianlindner
1802,03553b18-0363-4dec-b010-7d2c36846798,christianlindner/2021-09-26_10-50-55_UTC_2.jpg,Unknown,,,,,,Unknown,christianlindner
1803,3b8bbecc-e51e-42ea-8ede-b32016da92fe,christianlindner/2021-09-26_10-50-55_UTC_2.jpg,Unknown,,,,,,Unknown,christianlindner
1804,418ca883-21ac-460b-aa0a-976ad284338b,christianlindner/2021-09-26_10-50-55_UTC_2.jpg,Unknown,,,,,,Unknown,christianlindner
1805,2087c104-2a07-45e6-bd1b-be06de7ef4be,christianlindner/2021-09-26_10-50-55_UTC_2.jpg,Unknown,,,,,,Unknown,christianlindner
1806,25406640-bc07-4d0f-9b1b-5fd2a35f1824,christianlindner/2021-09-26_10-50-55_UTC_2.jpg,Unknown,,,,,,Unknown,christianlindner
1807,2c92143f-0bab-4569-b06a-9c65b9ed3839,christianlindner/2021-09-26_10-50-55_UTC_2.jpg,Unknown,,,,,,Unknown,christianlindner
1808,f6c19bfd-2a5c-48ba-9522-606318480013,christianlindner/2021-09-26_10-50-55_UTC_2.jpg,Unknown,,,,,,Unknown,christianlindner
1809,6f53e942-13ac-47e8-ab18-df956b65c14b,christianlindner/2021-09-26_10-50-55_UTC_2.jpg,Unknown,,,,,,Unknown,christianlindner
1810,d8079f1a-294b-42ff-9358-0fb19177005a,christianlindner/2021-09-26_10-50-55_UTC_2.jpg,Unknown,,,,,,Unknown,christianlindner
1811,56c1e72e-bf1f-454e-8eac-f4dfd76aa938,christianlindner/2021-09-26_10-50-55_UTC_2.jpg,Unknown,,,,,,Unknown,christianlindner
1812,352c424e-8a15-4467-9391-ec3aad180909,christianlindner/2021-09-26_10-50-55_UTC_2.jpg,Unknown,,,,,,Unknown,christianlindner
1813,7e90f58f-99f5-45a8-9b7f-8fbf7a3870a4,christianlindner/2021-09-26_10-50-55_UTC_2.jpg,Unknown,,,,,,Unknown,christianlindner
1814,c00ea424-d730-448e-869f-ec261062985e,christianlindner/2021-09-26_10-50-55_UTC_2.jpg,Unknown,,,,,,Unknown,christianlindner
1815,e9933427-614b-48dc-b1a6-74533444ad13,christianlindner/2021-09-26_10-50-55_UTC_2.jpg,Unknown,,,,,,Unknown,christianlindner
1816,066819b7-4153-4a54-a7b9-0f96ee64fc21,christianlindner/2021-09-26_10-50-55_UTC_2.jpg,Unknown,,,,,,Unknown,christianlindner
1817,47e79cd2-494e-4759-a285-07a01927c4e7,christianlindner/2021-09-26_10-50-55_UTC_2.jpg,Unknown,,,,,,Unknown,christianlindner
1818,081b4119-55a6-40e5-8279-f783f08a32da,christianlindner/2021-09-26_10-50-55_UTC_2.jpg,Unknown,,,,,,Unknown,christianlindner
1819,e5dba040-df63-4571-857d-6c85ed7bb4c9,christianlindner/2021-09-26_10-50-55_UTC_2.jpg,Unknown,,,,,,Unknown,christianlindner
1820,0cbe4755-ba45-4829-b93f-7719c79b2b0e,christianlindner/2021-09-26_10-50-55_UTC_2.jpg,Unknown,,,,,,Unknown,christianlindner
1821,c8dd06f8-6003-40d5-b48f-c2f96fbeae38,christianlindner/2021-09-26_10-50-55_UTC_2.jpg,Unknown,,,,,,Unknown,christianlindner
1822,05a03a8a-37a0-4969-8144-19f57dc9aa9f,christianlindner/2021-09-26_10-50-55_UTC_2.jpg,Unknown,,,,,,Unknown,christianlindner
1823,93479004-ee47-46c6-9f6e-2f3e00af7b1d,christianlindner/2021-09-26_10-50-55_UTC_2.jpg,Unknown,,,,,,Unknown,christianlindner
1824,c61554ea-be62-4c0d-ab52-3e02c988141a,christianlindner/2021-09-26_10-50-55_UTC_2.jpg,Unknown,,,,,,Unknown,christianlindner
1825,f38e1976-e590-4a79-9ae6-8ea8910a7717,christianlindner/2021-09-26_10-50-55_UTC_2.jpg,Unknown,,,,,,Unknown,christianlindner
1826,6d307ab0-87e5-476e-8725-953f5f0ba4c0,christianlindner/2021-09-26_10-50-55_UTC_2.jpg,Unknown,,,,,,Unknown,christianlindner
1827,0470cb8e-0693-41c7-9b4b-63604bcc5c39,christianlindner/2021-09-26_10-50-55_UTC_2.jpg,Unknown,,,,,,Unknown,christianlindner
1828,087518ca-1f29-4fb4-b0ad-bee7e98da726,christianlindner/2021-09-26_10-50-55_UTC_2.jpg,Unknown,,,,,,Unknown,christianlindner
1829,8350b1c7-d5b9-4ff9-b6a5-1ef5a0a2c775,christianlindner/2021-09-26_10-50-55_UTC_2.jpg,Unknown,,,,,,Unknown,christianlindner
1830,14780e10-32df-4c01-83da-c1b64f900780,christianlindner/2021-09-26_10-50-55_UTC_2.jpg,Unknown,,,,,,Unknown,christianlindner
1831,111558d1-36bf-48e1-bcc2-7e2bfe40773c,christianlindner/2021-09-26_10-50-55_UTC_2.jpg,Unknown,,,,,,Unknown,christianlindner
1832,343a9ff8-1581-417f-ad2c-28d2af41e445,christianlindner/2021-09-26_10-50-55_UTC_2.jpg,Unknown,,,,,,Unknown,christianlindner
1833,ca05c0a5-9b09-463a-abee-7e91a158e9c0,christianlindner/2021-09-26_10-50-55_UTC_2.jpg,Unknown,,,,,,Unknown,christianlindner
1834,27f70ff3-1c3d-4f61-bb30-c6169dd7f11a,christianlindner/2021-09-26_10-50-55_UTC_2.jpg,Unknown,,,,,,Unknown,christianlindner
1835,4f55d3a5-697f-45dd-b1f2-a3124e761a11,christianlindner/2021-09-26_10-50-55_UTC_2.jpg,Unknown,,,,,,Unknown,christianlindner
1836,38553e5e-6e2a-440c-9ea2-485202ddd36f,christianlindner/2021-09-18_09-33-42_UTC.jpg,Christian Lindner,aba5bb44-8485-4f0d-9b60-c596194fa33b.png,0.6758297450918279,Facenet512,euclidean_l2,20.0,Christian Lindner,christianlindner
1837,1b3476d9-a1ad-4f61-83f5-2862974a0d0a,christianlindner/2021-09-13_10-08-20_UTC_1.jpg,Christian Lindner,aba5bb44-8485-4f0d-9b60-c596194fa33b.png,0.7511800289712736,Facenet512,euclidean_l2,18.0,Christian Lindner,christianlindner
1838,dbcf2291-b067-452d-8936-59c2730ece60,christianlindner/2021-09-13_10-08-20_UTC_1.jpg,Unknown,,,,,,Unknown,christianlindner
1839,bcf29aea-2e6c-4b93-8cb8-a82b7e81bdb8,christianlindner/2021-09-13_10-08-20_UTC_1.jpg,Unknown,,,,,,Unknown,christianlindner
1840,6e4c8431-b067-4a32-9c7b-fe94fad7420e,christianlindner/2021-09-17_19-33-56_UTC_9.jpg,Unknown,,,,,,Unknown,christianlindner
1841,9e01efeb-745b-49f8-a0c7-141dc6ded740,christianlindner/2021-09-17_19-33-56_UTC_9.jpg,Unknown,,,,,,Unknown,christianlindner
1842,3536344b-dc89-4ed2-81ed-6514bb5f8125,christianlindner/2021-09-17_19-33-56_UTC_9.jpg,Unknown,,,,,,Unknown,christianlindner
1843,fc535521-2677-4fc4-965e-dbadc4b6d553,christianlindner/2021-09-17_19-33-56_UTC_9.jpg,Unknown,,,,,,Unknown,christianlindner
1844,f81fecf9-62d6-4866-a2f2-45f8d9e56732,christianlindner/2021-09-21_14-50-34_UTC_6.jpg,Unknown,,,,,,Unknown,christianlindner
1845,7e60d99c-37f2-4ad1-a094-d348363424bb,christianlindner/2021-09-21_14-50-34_UTC_6.jpg,Unknown,,,,,,Unknown,christianlindner
1846,a1b8911d-b781-4c30-8d64-fdab46313099,christianlindner/2021-09-21_14-50-34_UTC_6.jpg,Unknown,,,,,,Unknown,christianlindner
1847,281e7687-49a0-43d5-8299-ac70bbc7fb90,christianlindner/2021-09-21_14-50-34_UTC_6.jpg,Unknown,,,,,,Unknown,christianlindner
1848,7f0890c8-a9ee-4474-a0a2-fd41bf8d9db1,christianlindner/2021-09-21_14-50-34_UTC_6.jpg,Unknown,,,,,,Unknown,christianlindner
1849,4b0ac6b9-7ddf-4080-85d2-b3f17f784dfe,christianlindner/2021-09-21_14-50-34_UTC_6.jpg,Unknown,,,,,,Unknown,christianlindner
1850,a13fc3fb-80a7-434c-8673-9febbe3f2204,christianlindner/2021-09-21_14-50-34_UTC_6.jpg,Unknown,,,,,,Unknown,christianlindner
1851,e009a1ba-8135-4f2f-9799-28c89ab76fd0,christianlindner/2021-09-21_14-50-34_UTC_6.jpg,Unknown,,,,,,Unknown,christianlindner
1852,b2bbb428-8d4c-46e3-addd-974cf5a04abe,christianlindner/2021-09-21_14-50-34_UTC_6.jpg,Unknown,,,,,,Unknown,christianlindner
1853,00c3333b-1e24-4933-b94f-05455dbdbd8c,christianlindner/2021-09-21_14-50-34_UTC_6.jpg,Unknown,,,,,,Unknown,christianlindner
1854,c88cc918-a194-4d7e-9fcf-d1326d9f3795,christianlindner/2021-09-21_14-50-34_UTC_6.jpg,Unknown,,,,,,Unknown,christianlindner
1855,a954f973-2537-4e2d-a683-5b2b86051976,christianlindner/2021-09-21_14-50-34_UTC_6.jpg,Unknown,,,,,,Unknown,christianlindner
1856,f57db990-cc7b-4188-911a-42f722f33f86,christianlindner/2021-09-21_14-50-34_UTC_6.jpg,Unknown,,,,,,Unknown,christianlindner
1857,dc2c69bd-f0f5-4733-924a-1aa6e6d66230,christianlindner/2021-09-21_14-50-34_UTC_6.jpg,Unknown,,,,,,Unknown,christianlindner
1858,df996da7-b3b8-49aa-b28a-d7684a07880a,christianlindner/2021-09-21_14-50-34_UTC_6.jpg,Unknown,,,,,,Unknown,christianlindner
1859,a882ad72-9161-4019-8356-4c730195efbd,christianlindner/2021-09-21_14-50-34_UTC_6.jpg,Unknown,,,,,,Unknown,christianlindner
1860,3b0b001a-6437-4807-85fd-934ef9bd1742,christianlindner/2021-09-21_14-50-34_UTC_6.jpg,Unknown,,,,,,Unknown,christianlindner
1861,dd752ee2-3b2a-4159-ad86-c039320ffb94,christianlindner/2021-09-21_14-50-34_UTC_6.jpg,Unknown,,,,,,Unknown,christianlindner
1862,7f82f54e-4a0a-4e41-986b-8353b53004a2,christianlindner/2021-09-21_14-50-34_UTC_6.jpg,Unknown,,,,,,Unknown,christianlindner
1863,68a137a8-21ec-4629-94c0-e28b7c2b20dc,christianlindner/2021-09-21_14-50-34_UTC_6.jpg,Unknown,,,,,,Unknown,christianlindner
1864,e9f115df-a2aa-4c1f-9e16-d0b3de8b1387,christianlindner/2021-09-21_14-50-34_UTC_6.jpg,Unknown,,,,,,Unknown,christianlindner
1865,301fc669-0868-4bd4-9c5c-721139f7da62,christianlindner/2021-09-21_14-50-34_UTC_6.jpg,Unknown,,,,,,Unknown,christianlindner
1866,10577171-cd70-4d92-a77b-34dd2d49d5d2,christianlindner/2021-09-21_14-50-34_UTC_6.jpg,Unknown,,,,,,Unknown,christianlindner
1867,a698f554-8a9c-44fa-beb7-32074807edb3,christianlindner/2021-09-21_14-50-34_UTC_6.jpg,Unknown,,,,,,Unknown,christianlindner
1868,9b7bec99-8675-4b7f-82ef-e1192b1714e2,christianlindner/2021-09-21_14-50-34_UTC_6.jpg,Unknown,,,,,,Unknown,christianlindner
1869,4035dd2c-512d-4c38-96e0-402afa78f3cc,christianlindner/2021-09-21_14-50-34_UTC_6.jpg,Unknown,,,,,,Unknown,christianlindner
1870,534c5b34-4ef1-4563-a52a-3030ece11bb6,christianlindner/2021-09-21_14-50-34_UTC_6.jpg,Unknown,,,,,,Unknown,christianlindner
1871,b71886d5-c5e5-465b-ac4c-73b20b7536c8,christianlindner/2021-09-21_14-50-34_UTC_6.jpg,Unknown,,,,,,Unknown,christianlindner
1872,ea530211-3fdf-49a9-a139-cab8317497ff,christianlindner/2021-09-21_14-50-34_UTC_6.jpg,Unknown,,,,,,Unknown,christianlindner
1873,68fccf44-8afe-4404-a49e-9d64f9fa3c62,christianlindner/2021-09-21_14-50-34_UTC_6.jpg,Unknown,,,,,,Unknown,christianlindner
1874,52973d37-f21f-4689-971f-db403ffbcf2b,christianlindner/2021-09-21_14-50-34_UTC_6.jpg,Unknown,,,,,,Unknown,christianlindner
1875,69e56c5f-eccc-4d3a-a9e2-261f045879b8,christianlindner/2021-09-21_14-50-34_UTC_6.jpg,Unknown,,,,,,Unknown,christianlindner
1876,34f35aa0-fde0-46e6-91ac-91a83aabe521,christianlindner/2021-09-21_14-50-34_UTC_6.jpg,Unknown,,,,,,Unknown,christianlindner
1877,1f526cb4-fc5d-4b3e-949f-dd89d4da44a4,christianlindner/2021-09-21_14-50-34_UTC_6.jpg,Unknown,,,,,,Unknown,christianlindner
1878,29b4f435-a4a7-4fe1-8860-92ee92234419,christianlindner/2021-09-16_18-15-11_UTC_2.jpg,Christian Lindner,2384c946-7f3b-4280-8257-c73c1bb814b1.png,0.7299683622968298,Facenet512,euclidean_l2,20.0,Christian Lindner,christianlindner
1879,0cadebdd-c608-4ffd-907c-29d5c0ecd76d,christianlindner/2021-09-16_18-15-11_UTC_2.jpg,Unknown,,,,,,Unknown,christianlindner
1880,f981e057-dbb3-4f31-9045-fff0df1a2a75,christianlindner/2021-09-19_15-17-46_UTC_1.jpg,Unknown,,,,,,Unknown,christianlindner
1881,f5eeadfe-f32c-4944-90ad-a94b9a19174d,christianlindner/2021-09-19_15-17-46_UTC_1.jpg,Unknown,,,,,,Unknown,christianlindner
1882,d0b2de54-ed4d-4193-97d4-8886e27b10a6,christianlindner/2021-09-19_15-17-46_UTC_1.jpg,Unknown,,,,,,Unknown,christianlindner
1883,3518550d-e405-43bf-8333-cd6a5baefda6,christianlindner/2021-09-19_15-17-46_UTC_1.jpg,Unknown,,,,,,Unknown,christianlindner
1884,4d4bbe13-8bf6-493c-97ef-e6c4f8b8b73f,christianlindner/2021-09-19_15-17-46_UTC_1.jpg,Unknown,,,,,,Unknown,christianlindner
1885,29685bb1-6b4f-43f3-ba2c-2ddfa95dbee5,christianlindner/2021-09-19_15-17-46_UTC_1.jpg,Unknown,,,,,,Unknown,christianlindner
1886,83d1abf2-71b8-494b-91ef-afc12dc47514,christianlindner/2021-09-19_15-17-46_UTC_1.jpg,Unknown,,,,,,Unknown,christianlindner
1887,001560f1-3270-4d45-be28-f858ecbd92eb,christianlindner/2021-09-19_15-17-46_UTC_1.jpg,Unknown,,,,,,Unknown,christianlindner
1888,8ce3d9ec-1b95-4198-9555-88459a0423c0,christianlindner/2021-09-19_15-17-46_UTC_1.jpg,Unknown,,,,,,Unknown,christianlindner
1889,d4dc00bc-3d7b-4b07-926c-900b6252070f,christianlindner/2021-09-19_15-17-46_UTC_1.jpg,Unknown,,,,,,Unknown,christianlindner
1890,6b1be54b-45d0-44b6-87b0-55d42478b51d,christianlindner/2021-09-19_15-17-46_UTC_1.jpg,Unknown,,,,,,Unknown,christianlindner
1891,8fa75d5a-e58d-43eb-ad95-fe18605956b5,christianlindner/2021-09-19_15-17-46_UTC_1.jpg,Unknown,,,,,,Unknown,christianlindner
1892,bc5e0833-5c76-4209-8436-3f4c54eee34b,christianlindner/2021-09-19_15-17-46_UTC_1.jpg,Unknown,,,,,,Unknown,christianlindner
1893,a9437dce-e306-4bc6-befd-b923550f7e26,christianlindner/2021-09-19_15-17-46_UTC_1.jpg,Unknown,,,,,,Unknown,christianlindner
1894,3f597719-7417-4cf6-92b1-9467eaeeffaa,christianlindner/2021-09-19_15-17-46_UTC_1.jpg,Unknown,,,,,,Unknown,christianlindner
1895,60925a6f-0bc3-4379-9dd3-b88e0c2bb789,christianlindner/2021-09-19_15-17-46_UTC_1.jpg,Unknown,,,,,,Unknown,christianlindner
1896,7b855087-6df0-4d38-8845-9da4ae9babd3,christianlindner/2021-09-19_15-17-46_UTC_1.jpg,Unknown,,,,,,Unknown,christianlindner
1897,007c24b0-f6b2-411b-9a3d-53f896804f32,christianlindner/2021-09-19_15-17-46_UTC_1.jpg,Unknown,,,,,,Unknown,christianlindner
1898,5bbe81d7-f7a4-46c7-9e65-63de9fd406d2,christianlindner/2021-09-19_15-17-46_UTC_1.jpg,Unknown,,,,,,Unknown,christianlindner
1899,d0f0025a-da84-46a2-a846-43d884f9150a,christianlindner/2021-09-19_15-17-46_UTC_1.jpg,Unknown,,,,,,Unknown,christianlindner
1900,255cdb9f-fae5-4ecc-b0a3-bd78826740ff,christianlindner/2021-09-19_15-17-46_UTC_1.jpg,Unknown,,,,,,Unknown,christianlindner
1901,f95ed962-ccac-4648-aacd-e78f2eb58323,christianlindner/2021-09-19_15-17-46_UTC_1.jpg,Unknown,,,,,,Unknown,christianlindner
1902,5e18c99b-8c80-4d40-9181-1ae6b61e69a9,christianlindner/2021-09-21_14-50-34_UTC_3.jpg,Unknown,,,,,,Unknown,christianlindner
1903,7fab5051-5157-40b1-9f5d-36f4e390357f,christianlindner/2021-09-21_14-50-34_UTC_3.jpg,Unknown,,,,,,Unknown,christianlindner
1904,d5709c09-7634-4ab3-b22d-e33967dd507d,christianlindner/2021-09-21_14-50-34_UTC_3.jpg,Christian Lindner,,,,,,Unknown,christianlindner
1905,d7b0ed3c-9df1-4ca1-9b39-821af7e672aa,christianlindner/2021-09-21_14-50-34_UTC_3.jpg,Unknown,,,,,,Unknown,christianlindner
1906,bb5465a7-9cb3-4097-a2e9-323f0c182a5a,christianlindner/2021-09-16_18-15-11_UTC_3.jpg,Christian Lindner,3e230648-0328-4861-ada8-f718b0287f5e.png,0.5612638776001923,Facenet512,euclidean_l2,20.0,Christian Lindner,christianlindner
1907,cd0d8bd7-68fe-48a4-8bd2-14c305249823,christianlindner/2021-09-16_18-15-11_UTC_3.jpg,Unknown,,,,,,Unknown,christianlindner
1908,20c72199-c73b-4019-a026-c81698d20bf4,armin_laschet/2021-09-24_13-34-04_UTC_4.jpg,Unknown,,,,,,Unknown,armin_laschet
1909,6e745751-aa41-44c1-8257-0b9b96461804,christianlindner/2021-09-17_16-42-20_UTC_2.jpg,Unknown,,,,,,Unknown,christianlindner
1910,64be4cea-74e5-4b74-959b-daac8f6b5703,christianlindner/2021-09-17_16-42-20_UTC_2.jpg,Unknown,,,,,,Unknown,christianlindner
1911,131181e0-c1cd-4d81-b42c-b732ee2f060f,christianlindner/2021-09-17_16-42-20_UTC_2.jpg,Unknown,,,,,,Unknown,christianlindner
1912,7eb3f04a-c856-4a9e-becf-c0f85d6da2e4,christianlindner/2021-09-17_16-42-20_UTC_2.jpg,Unknown,,,,,,Unknown,christianlindner
1913,bc56653a-83b7-4aa7-8dc5-c447197e445e,christianlindner/2021-09-17_16-42-20_UTC_2.jpg,Unknown,,,,,,Unknown,christianlindner
1914,a6b551d7-557a-4a5d-9d29-c18470d44821,christianlindner/2021-09-17_16-42-20_UTC_2.jpg,Unknown,,,,,,Unknown,christianlindner
1915,8c1e225c-c494-4dd6-847c-e7d31dfbaebc,christianlindner/2021-09-17_16-42-20_UTC_2.jpg,Unknown,,,,,,Unknown,christianlindner
1916,ca6913a7-63f0-47d6-9a0f-761885a2ad0a,christianlindner/2021-09-17_16-42-20_UTC_2.jpg,Unknown,,,,,,Unknown,christianlindner
1917,da1babf0-06c3-4d23-833c-da85f8f1471d,christianlindner/2021-09-17_16-42-20_UTC_2.jpg,Unknown,,,,,,Unknown,christianlindner
1918,d3242263-2111-41de-9b68-48a694d40436,christianlindner/2021-09-17_16-42-20_UTC_2.jpg,Unknown,,,,,,Unknown,christianlindner
1919,16d81dc5-8150-4f2e-9088-f133d7d294aa,christianlindner/2021-09-17_16-42-20_UTC_2.jpg,Unknown,,,,,,Unknown,christianlindner
1920,a6eff40c-982b-41ec-b85b-6172feb12ef1,christianlindner/2021-09-17_16-42-20_UTC_2.jpg,Unknown,,,,,,Unknown,christianlindner
1921,a60357c1-c0bd-4cc3-aabe-e74fc9854c47,christianlindner/2021-09-17_16-42-20_UTC_2.jpg,Unknown,,,,,,Unknown,christianlindner
1922,a62303a7-374a-44d2-8443-0eca5119f47d,christianlindner/2021-09-17_16-42-20_UTC_2.jpg,Unknown,,,,,,Unknown,christianlindner
1923,bffe6a44-00fe-42e2-9cb1-74847f12b12b,christianlindner/2021-09-17_16-42-20_UTC_2.jpg,Unknown,,,,,,Unknown,christianlindner
1924,c0ba5668-0f4a-47a8-b178-57d1506d6b4d,christianlindner/2021-09-17_16-42-20_UTC_2.jpg,Unknown,,,,,,Unknown,christianlindner
1925,7feb716c-c03c-4577-96c9-85d361fff623,christianlindner/2021-09-17_16-42-20_UTC_2.jpg,Unknown,,,,,,Unknown,christianlindner
1926,0960f0a5-59f0-4e32-b33d-9b15434e8102,christianlindner/2021-09-17_16-42-20_UTC_4.jpg,Unknown,,,,,,Unknown,christianlindner
1927,e4643a50-5c48-4ee1-acb7-73b64d191c0c,christianlindner/2021-09-17_16-42-20_UTC_4.jpg,Unknown,,,,,,Unknown,christianlindner
1928,a4c9d5ce-3dca-4950-ac79-9fea97f9223a,christianlindner/2021-09-17_16-42-20_UTC_4.jpg,Unknown,,,,,,Unknown,christianlindner
1929,ba4b396b-c976-4708-a63a-4416be327ae2,christianlindner/2021-09-17_16-42-20_UTC_4.jpg,Unknown,,,,,,Unknown,christianlindner
1930,69ada706-1159-43e2-86a5-30272e48a036,christianlindner/2021-09-17_16-42-20_UTC_4.jpg,Unknown,,,,,,Unknown,christianlindner
1931,7a9f0765-a970-4b97-a827-68b4dd0ab2df,christianlindner/2021-09-17_16-42-20_UTC_5.jpg,Unknown,,,,,,Unknown,christianlindner
1932,9e7fbbb5-749c-4b4a-9894-d025dfbd335b,christianlindner/2021-09-17_16-42-20_UTC_5.jpg,Unknown,,,,,,Unknown,christianlindner
1933,f400b584-268d-45db-b682-b87af521c5d6,christianlindner/2021-09-17_16-42-20_UTC_5.jpg,Unknown,,,,,,Unknown,christianlindner
1934,bf488c05-84b8-4ea8-881b-c9a28829e02a,christianlindner/2021-09-17_16-42-20_UTC_5.jpg,Unknown,,,,,,Unknown,christianlindner
1935,c76d4c43-31a9-4421-a338-44d6ea0609b3,christianlindner/2021-09-17_16-42-20_UTC_5.jpg,Unknown,,,,,,Unknown,christianlindner
1936,9b331e6a-fb26-4e2c-8102-0e1802f69c51,christianlindner/2021-09-17_16-42-20_UTC_5.jpg,Unknown,,,,,,Unknown,christianlindner
1937,421ec9b9-935d-43fb-8377-97fa154d71f1,christianlindner/2021-09-17_16-42-20_UTC_5.jpg,Unknown,,,,,,Unknown,christianlindner
1938,91fa1622-65b5-473e-bd67-d2c0d71a9181,christianlindner/2021-09-17_16-42-20_UTC_5.jpg,Unknown,,,,,,Unknown,christianlindner
1939,88a5d2b9-cd3b-482c-b7fb-4afba0d0b556,christianlindner/2021-09-16_18-15-11_UTC_1.jpg,Christian Lindner,3e230648-0328-4861-ada8-f718b0287f5e.png,0.6655686800427547,Facenet512,euclidean_l2,20.0,Christian Lindner,christianlindner
1940,bb10f402-f01c-442c-a770-9783fc17dc37,christianlindner/2021-09-16_18-15-11_UTC_1.jpg,Unknown,,,,,,Unknown,christianlindner
1941,8340cab8-82e3-412d-9f84-19b869c9a0d9,christianlindner/2021-09-16_18-15-11_UTC_1.jpg,Unknown,,,,,,Unknown,christianlindner
1942,ba87c77d-2ea6-4f4f-a91d-34fec10f8cc4,christianlindner/2021-09-16_18-15-11_UTC_1.jpg,Unknown,,,,,,Unknown,christianlindner
1943,3c612ed4-df08-44eb-a957-92c2a695185b,christianlindner/2021-09-16_14-29-18_UTC_2.jpg,Christian Lindner,aba5bb44-8485-4f0d-9b60-c596194fa33b.png,0.7003993367761452,Facenet512,euclidean_l2,20.0,Christian Lindner,christianlindner
1944,c6740102-0b5b-436e-b163-4b6a4d6234ad,christianlindner/2021-09-24_11-49-38_UTC.jpg,Christian Lindner,cebfea5f-bce7-498c-9d1a-5b80c9e97361.png,0.620958973966629,Facenet512,euclidean_l2,20.0,Christian Lindner,christianlindner
1945,86b34804-3984-4c67-84be-7076806db683,christianlindner/2021-09-17_08-03-58_UTC.jpg,Christian Lindner,aba5bb44-8485-4f0d-9b60-c596194fa33b.png,0.5604477680205313,Facenet512,euclidean_l2,20.0,Christian Lindner,christianlindner
1946,f6d2e776-5226-4cf3-b3a6-c50095c84e62,christianlindner/2021-09-22_20-20-19_UTC_5.jpg,Unknown,,,,,,Unknown,christianlindner
1947,a9828134-bbba-4f5b-a1c5-db1337fcf654,christianlindner/2021-09-22_20-20-19_UTC_5.jpg,Unknown,,,,,,Unknown,christianlindner
1948,3b66d351-2e47-4358-8ca6-cd3b6e927cd1,christianlindner/2021-09-22_20-20-19_UTC_5.jpg,Unknown,,,,,,Unknown,christianlindner
1949,4f9f46f9-265c-487c-93f6-6883d70a258f,christianlindner/2021-09-22_20-20-19_UTC_5.jpg,Unknown,,,,,,Unknown,christianlindner
1950,97f777fe-6769-4632-a94e-50b1b9c39263,christianlindner/2021-09-22_20-20-19_UTC_5.jpg,Unknown,,,,,,Unknown,christianlindner
1951,7310d284-78a6-4be6-8275-1e88e75d7bdc,christianlindner/2021-09-22_20-20-19_UTC_5.jpg,Unknown,,,,,,Unknown,christianlindner
1952,a3a475ca-40ab-469b-b4b3-9ea117bb19eb,christianlindner/2021-09-22_20-20-19_UTC_5.jpg,Unknown,,,,,,Unknown,christianlindner
1953,13b689cb-96d7-4f18-b4f8-9ff6fd99a5d7,christianlindner/2021-09-22_20-20-19_UTC_5.jpg,Unknown,,,,,,Unknown,christianlindner
1954,28c6fad6-b596-42d9-bced-2faa6e285946,christianlindner/2021-09-22_20-20-19_UTC_5.jpg,Unknown,,,,,,Unknown,christianlindner
1955,9fb900c8-df02-4c04-8238-cf83c02a7e09,christianlindner/2021-09-22_20-20-19_UTC_5.jpg,Unknown,,,,,,Unknown,christianlindner
1956,9a438e2a-28e3-4c2c-ae4c-e325f8598644,christianlindner/2021-09-22_20-20-19_UTC_5.jpg,Unknown,,,,,,Unknown,christianlindner
1957,3a73f1e1-7273-40d7-85cb-e96b29fee9a4,christianlindner/2021-09-22_20-20-19_UTC_5.jpg,Unknown,,,,,,Unknown,christianlindner
1958,826941a3-3ca8-4969-a3c4-b35b0ec150cd,christianlindner/2021-09-22_20-20-19_UTC_5.jpg,Unknown,,,,,,Unknown,christianlindner
1959,87fda498-5dc9-48a3-abfa-cecb52df6a24,christianlindner/2021-09-22_20-20-19_UTC_5.jpg,Unknown,,,,,,Unknown,christianlindner
1960,f3ee40bf-101b-47cc-bae6-e1a9f3a46858,christianlindner/2021-09-22_20-20-19_UTC_5.jpg,Unknown,,,,,,Unknown,christianlindner
1961,0ad93ca2-5484-45c0-ae2d-46078f7f6f9c,christianlindner/2021-09-22_20-20-19_UTC_5.jpg,Unknown,,,,,,Unknown,christianlindner
1962,4eb14755-4408-4a13-9fa3-2a2a92089499,christianlindner/2021-09-22_20-20-19_UTC_5.jpg,Unknown,,,,,,Unknown,christianlindner
1963,5969cb69-7470-4bd9-a20c-78e9a8b98fae,christianlindner/2021-09-22_20-20-19_UTC_5.jpg,Unknown,,,,,,Unknown,christianlindner
1964,ba749ee7-7c0d-46ee-afd3-9a2f9be58279,christianlindner/2021-09-22_20-20-19_UTC_5.jpg,Unknown,,,,,,Unknown,christianlindner
1965,31cc864b-e2d5-433e-8563-09025d2d5825,christianlindner/2021-09-22_20-20-19_UTC_5.jpg,Unknown,,,,,,Unknown,christianlindner
1966,33db0188-3544-4260-a0bf-d7dc1873139d,christianlindner/2021-09-21_14-50-34_UTC_1.jpg,Christian Lindner,3e230648-0328-4861-ada8-f718b0287f5e.png,0.5470720689662211,Facenet512,euclidean_l2,20.0,Christian Lindner,christianlindner
1967,5bc48603-9a75-4c1a-8f4b-3319048feabc,christianlindner/2021-09-21_14-50-34_UTC_1.jpg,Unknown,,,,,,Unknown,christianlindner
1968,a3322baa-e7a5-4719-97af-1103ccacc486,christianlindner/2021-09-21_19-30-47_UTC_4.jpg,Unknown,,,,,,Unknown,christianlindner
1969,8a31806a-e997-4a23-80c0-49dc34a3d9f6,christianlindner/2021-09-21_19-30-47_UTC_4.jpg,Unknown,,,,,,Unknown,christianlindner
1970,edc57e1b-2ce5-4741-9a4e-88db28695228,christianlindner/2021-09-21_19-30-47_UTC_4.jpg,Unknown,,,,,,Unknown,christianlindner
1971,6330088e-88ec-4bcf-be62-4d758cb5cb8d,christianlindner/2021-09-21_19-30-47_UTC_4.jpg,Unknown,,,,,,Unknown,christianlindner
1972,aa31e826-afa2-4707-86a2-59b26ee89fa6,christianlindner/2021-09-21_19-30-47_UTC_4.jpg,Unknown,,,,,,Unknown,christianlindner
1973,27ad139a-9e1b-429c-851b-672a10d0488c,christianlindner/2021-09-21_19-30-47_UTC_4.jpg,Unknown,,,,,,Unknown,christianlindner
1974,af76d7b9-9d46-4d3c-a8af-4ab3abad4e35,christianlindner/2021-09-21_19-30-47_UTC_4.jpg,Unknown,,,,,,Unknown,christianlindner
1975,00348af7-9825-41fd-8d22-fcb00e917cbb,christianlindner/2021-09-21_19-30-47_UTC_4.jpg,Unknown,,,,,,Unknown,christianlindner
1976,74811785-d18b-4647-b7c1-870f4392be89,christianlindner/2021-09-21_19-30-47_UTC_4.jpg,Unknown,,,,,,Unknown,christianlindner
1977,ef187f65-0d01-46ad-b199-27436329e3ea,christianlindner/2021-09-21_19-30-47_UTC_4.jpg,Unknown,,,,,,Unknown,christianlindner
1978,46f373c5-6200-4750-9c52-b0fffdd2d5c2,christianlindner/2021-09-21_19-30-47_UTC_4.jpg,Unknown,,,,,,Unknown,christianlindner
1979,212b0db5-9b0e-47f1-b64c-85754dbfdfbe,christianlindner/2021-09-21_19-30-47_UTC_4.jpg,Unknown,,,,,,Unknown,christianlindner
1980,3b7df5a9-5636-42cb-9f0d-7eb5affa6e7d,christianlindner/2021-09-21_19-30-47_UTC_4.jpg,Unknown,,,,,,Unknown,christianlindner
1981,9a15b5a8-3c12-43f7-925f-9d1d68f1b419,christianlindner/2021-09-21_19-30-47_UTC_4.jpg,Unknown,,,,,,Unknown,christianlindner
1982,1973904e-6ca0-4cf2-a945-7646dfb1c738,christianlindner/2021-09-21_19-30-47_UTC_4.jpg,Unknown,,,,,,Unknown,christianlindner
1983,719b9e8a-cd79-48bc-a2d5-db69e5374155,christianlindner/2021-09-21_19-30-47_UTC_4.jpg,Unknown,,,,,,Unknown,christianlindner
1984,e2a8d888-5aa6-4fb6-ad4f-67e2b20d13c0,christianlindner/2021-09-21_19-30-47_UTC_4.jpg,Unknown,,,,,,Unknown,christianlindner
1985,5cfdd02f-a265-48b5-b470-871c74439070,christianlindner/2021-09-21_19-30-47_UTC_4.jpg,Unknown,,,,,,Unknown,christianlindner
1986,18df66ca-d409-47cf-b5d7-4e6431b901ce,christianlindner/2021-09-21_19-30-47_UTC_4.jpg,Unknown,,,,,,Unknown,christianlindner
1987,50926ab5-df49-4176-8b54-a99b3ee41634,christianlindner/2021-09-21_19-30-47_UTC_4.jpg,Unknown,,,,,,Unknown,christianlindner
1988,9bdc2778-a2f5-4c7d-8fdd-b4114f7e4297,christianlindner/2021-09-21_19-30-47_UTC_4.jpg,Unknown,,,,,,Unknown,christianlindner
1989,c69393f6-fca1-4a44-98b7-e30fe74d7bd1,christianlindner/2021-09-21_19-30-47_UTC_4.jpg,Unknown,,,,,,Unknown,christianlindner
1990,45f57314-ba74-4211-8d0c-25f9a1a65cfa,christianlindner/2021-09-21_19-30-47_UTC_4.jpg,Unknown,,,,,,Unknown,christianlindner
1991,671a0ead-f398-41f9-9178-c630b19129cd,christianlindner/2021-09-21_19-30-47_UTC_4.jpg,Unknown,,,,,,Unknown,christianlindner
1992,9707a489-577b-43be-9376-3a4a734c63a0,christianlindner/2021-09-21_19-30-47_UTC_4.jpg,Unknown,,,,,,Unknown,christianlindner
1993,7f76d913-a096-42f5-a4a2-4243b71c4487,christianlindner/2021-09-21_19-30-47_UTC_4.jpg,Unknown,,,,,,Unknown,christianlindner
1994,68af68cc-c86a-41f9-b3d0-b8b368ded267,christianlindner/2021-09-21_19-30-47_UTC_4.jpg,Unknown,,,,,,Unknown,christianlindner
1995,1a97a577-ea21-4740-8109-490c1d853140,christianlindner/2021-09-21_19-30-47_UTC_4.jpg,Unknown,,,,,,Unknown,christianlindner
1996,b311ca6c-1c38-4e53-a308-30215fa15cea,christianlindner/2021-09-21_19-30-47_UTC_4.jpg,Christian Lindner,,,,,,Unknown,christianlindner
1997,02e97f62-c585-4ce5-acf9-696ccc17a587,christianlindner/2021-09-21_19-30-47_UTC_4.jpg,Unknown,,,,,,Unknown,christianlindner
1998,da5cb629-c12e-436f-8d5e-7b1c98ab1809,christianlindner/2021-09-21_19-30-47_UTC_4.jpg,Unknown,,,,,,Unknown,christianlindner
1999,a8c0f30d-d2d9-4580-b2fd-5714c09f9a2c,christianlindner/2021-09-21_19-30-47_UTC_4.jpg,Unknown,,,,,,Unknown,christianlindner
2000,24cd1712-8146-4606-a10b-eebf785f9e21,christianlindner/2021-09-21_19-30-47_UTC_4.jpg,Unknown,,,,,,Unknown,christianlindner
2001,1e0fa1ea-7d54-4d0a-9a3b-f980c840d8ed,christianlindner/2021-09-21_19-30-47_UTC_4.jpg,Unknown,,,,,,Unknown,christianlindner
2002,c9ea9624-bfb1-44c0-87d0-6647ee9aa978,christianlindner/2021-09-21_19-30-47_UTC_4.jpg,Unknown,,,,,,Unknown,christianlindner
2003,428b983c-f2c7-4201-a923-312cb66e2072,christianlindner/2021-09-21_19-30-47_UTC_4.jpg,Unknown,,,,,,Unknown,christianlindner
2004,db906268-6fd2-4c89-bc92-916dc095c02a,christianlindner/2021-09-21_19-30-47_UTC_4.jpg,Unknown,,,,,,Unknown,christianlindner
2005,d22f7eea-dac0-4d4d-9a5d-03036da0216b,christianlindner/2021-09-21_19-30-47_UTC_4.jpg,Unknown,,,,,,Unknown,christianlindner
2006,9b3c9948-955c-4efe-adc5-783153fe7563,christianlindner/2021-09-21_19-30-47_UTC_4.jpg,Unknown,,,,,,Unknown,christianlindner
2007,43ad008c-cf0e-4616-85d0-bc5235af340e,christianlindner/2021-09-21_19-30-47_UTC_4.jpg,Unknown,,,,,,Unknown,christianlindner
2008,184d2cda-4537-4dee-b5d8-b1c8383fddc7,christianlindner/2021-09-21_19-30-47_UTC_4.jpg,Unknown,,,,,,Unknown,christianlindner
2009,319d2166-e7bb-4d09-b7d8-f377036eb0d2,armin_laschet/2021-09-13_17-02-10_UTC_1.jpg,Unknown,,,,,,Unknown,armin_laschet
2010,4fbc8c17-9dbf-4d04-8d31-62a766275612,armin_laschet/2021-09-13_17-02-10_UTC_1.jpg,Unknown,,,,,,Unknown,armin_laschet
2011,088bd526-15d4-4d59-a137-f5208782bd73,armin_laschet/2021-09-13_17-02-10_UTC_1.jpg,Unknown,,,,,,Unknown,armin_laschet
2012,775f2193-2901-45ce-8a8c-3d1b78ea8fd2,armin_laschet/2021-09-13_17-02-10_UTC_1.jpg,Armin Laschet,,,,,,Unknown,armin_laschet
2013,abc3c1a1-96a8-4bc8-b9a1-08a84964518e,armin_laschet/2021-09-13_17-02-10_UTC_1.jpg,Unknown,,,,,,Unknown,armin_laschet
2014,ddac48a1-7b00-4377-9677-0bd282b292f0,armin_laschet/2021-09-13_17-02-10_UTC_1.jpg,Unknown,,,,,,Unknown,armin_laschet
2015,4df8f4c5-8bc7-492c-a965-9eedde6738f9,armin_laschet/2021-09-13_17-02-10_UTC_1.jpg,Unknown,,,,,,Unknown,armin_laschet
2016,73796acf-d037-4b75-b1b1-14f5dc267cae,christianlindner/2021-09-13_10-08-20_UTC_3.jpg,Unknown,,,,,,Unknown,christianlindner
2017,abcab82d-57ba-4929-a7dc-587150c61ddd,christianlindner/2021-09-13_10-08-20_UTC_3.jpg,Unknown,,,,,,Unknown,christianlindner
2018,1980dbc4-8cbc-4454-bbab-3e9dd6e35a13,christianlindner/2021-09-13_10-08-20_UTC_3.jpg,Christian Lindner,aba5bb44-8485-4f0d-9b60-c596194fa33b.png,0.5755552716838052,Facenet512,euclidean_l2,20.0,Christian Lindner,christianlindner
2019,d5a30875-9c2e-4cf3-ab1c-bb68ec1cb0bb,christianlindner/2021-09-13_10-08-20_UTC_3.jpg,Unknown,,,,,,Unknown,christianlindner
2020,3abcd361-566b-44b8-b8f5-09871bdac556,christianlindner/2021-09-13_10-08-20_UTC_3.jpg,Unknown,,,,,,Unknown,christianlindner
2021,c5a46c8b-c679-4600-9883-bca692c6486c,christianlindner/2021-09-13_10-08-20_UTC_3.jpg,Unknown,,,,,,Unknown,christianlindner
2022,0ffc947f-4784-4562-b386-2eb1606973f4,christianlindner/2021-09-13_10-08-20_UTC_3.jpg,Unknown,,,,,,Unknown,christianlindner
2023,6714027f-7ca9-41c1-979d-97b0920b7831,christianlindner/2021-09-13_10-08-20_UTC_3.jpg,Unknown,,,,,,Unknown,christianlindner
2024,aa2c693c-7d4f-4ce3-828c-45b888d6c203,christianlindner/2021-09-13_10-08-20_UTC_3.jpg,Unknown,,,,,,Unknown,christianlindner
2025,815c8e0d-da54-4f49-86f3-f6ad954e6cd2,christianlindner/2021-09-13_10-08-20_UTC_3.jpg,Unknown,,,,,,Unknown,christianlindner
2026,44dfa3b7-fa37-47fd-adab-5387bc789cc9,christianlindner/2021-09-13_10-08-20_UTC_3.jpg,Unknown,,,,,,Unknown,christianlindner
2027,80c5a440-0c6b-4528-83ca-4bb34b19ba95,christianlindner/2021-09-13_10-08-20_UTC_3.jpg,Unknown,,,,,,Unknown,christianlindner
2028,a00eb6cd-a86b-4123-9aa3-1d0d88d6104c,christianlindner/2021-09-13_10-08-20_UTC_2.jpg,Christian Lindner,,,,,,Unknown,christianlindner
2029,b680a18b-c08b-4d00-83e2-c3af00c14677,christianlindner/2021-09-13_10-08-20_UTC_2.jpg,Unknown,,,,,,Unknown,christianlindner
2030,ad153d38-48aa-4383-b2ae-e14578b97836,christianlindner/2021-09-13_10-08-20_UTC_2.jpg,Unknown,,,,,,Unknown,christianlindner
2031,2fc48043-4fe8-443d-8c06-900d37c75650,christianlindner/2021-09-21_14-50-34_UTC_5.jpg,Unknown,,,,,,Unknown,christianlindner
2032,29aae049-a9ec-405d-8c33-85a7ff9e56e3,christianlindner/2021-09-21_14-50-34_UTC_5.jpg,Unknown,,,,,,Unknown,christianlindner
2033,fbf7e82d-ba65-4559-b567-3c7631bceb6d,christianlindner/2021-09-21_14-50-34_UTC_5.jpg,Unknown,,,,,,Unknown,christianlindner
2034,e1f6e671-d037-4cc5-a0fd-2720efd377a0,christianlindner/2021-09-21_14-50-34_UTC_5.jpg,Unknown,,,,,,Unknown,christianlindner
2035,c2bc881d-88ce-48db-8c8b-6cb7e6f0b31a,christianlindner/2021-09-21_14-50-34_UTC_5.jpg,Unknown,,,,,,Unknown,christianlindner
2036,bcb0cf75-9f73-47d4-9a89-9fc0c64e7389,christianlindner/2021-09-21_14-50-34_UTC_5.jpg,Unknown,b2b81709-caad-45cc-b632-78901d5ab389.png,1.0165416563694225,Facenet512,euclidean_l2,2.0,Christian Lindner,christianlindner
2037,79156fec-9829-4d7b-901e-e7aad674d55a,christianlindner/2021-09-21_14-50-34_UTC_5.jpg,Unknown,cebfea5f-bce7-498c-9d1a-5b80c9e97361.png,1.011869659752441,Facenet512,euclidean_l2,4.0,Christian Lindner,christianlindner
2038,79bf5f9f-8b64-46f9-82a7-829a2800fa67,christianlindner/2021-09-21_14-50-34_UTC_5.jpg,Unknown,,,,,,Unknown,christianlindner
2039,f7407a2c-75ac-491d-b409-603dae553fd3,christianlindner/2021-09-21_14-50-34_UTC_5.jpg,Unknown,,,,,,Unknown,christianlindner
2040,5890ce41-975b-461f-8053-9e6c5a9059f7,christianlindner/2021-09-21_14-50-34_UTC_5.jpg,Unknown,,,,,,Unknown,christianlindner
2041,820fbcaf-dbb8-49f1-830a-543bad3bb607,christianlindner/2021-09-21_14-50-34_UTC_5.jpg,Unknown,,,,,,Unknown,christianlindner
2042,bfa8ee6f-cfab-461e-ae8f-f96a0ba169e9,christianlindner/2021-09-21_14-50-34_UTC_5.jpg,Unknown,,,,,,Unknown,christianlindner
2043,34a84a29-3c4d-463f-882a-eb98b4bf1c97,christianlindner/2021-09-21_14-50-34_UTC_5.jpg,Unknown,,,,,,Unknown,christianlindner
2044,1915c889-ae60-4f5e-ac26-6d1408fbcb33,christianlindner/2021-09-21_14-50-34_UTC_5.jpg,Unknown,,,,,,Unknown,christianlindner
2045,e480295c-392d-4414-8efe-b67edbdfea4f,christianlindner/2021-09-21_14-50-34_UTC_5.jpg,Unknown,,,,,,Unknown,christianlindner
2046,af110fb7-504d-41cc-a84b-0c2d537c3bef,christianlindner/2021-09-21_14-50-34_UTC_5.jpg,Unknown,,,,,,Unknown,christianlindner
2047,6f806442-927c-48ef-a893-d22a0cad150f,christianlindner/2021-09-21_14-50-34_UTC_5.jpg,Unknown,,,,,,Unknown,christianlindner
2048,eb82723f-f1de-4c38-8b05-d93dbe1aed93,christianlindner/2021-09-17_19-33-56_UTC_7.jpg,Unknown,,,,,,Unknown,christianlindner
2049,daf12d10-c119-4068-82f1-98116e4f4063,christianlindner/2021-09-17_19-33-56_UTC_7.jpg,Unknown,,,,,,Unknown,christianlindner
2050,82f23f99-3fe6-4747-9140-69aa8f63a9bc,christianlindner/2021-09-17_19-33-56_UTC_7.jpg,Unknown,,,,,,Unknown,christianlindner
2051,3adae883-d321-44b0-97ae-db545ff524a4,christianlindner/2021-09-17_19-33-56_UTC_7.jpg,Unknown,,,,,,Unknown,christianlindner
2052,0d3f535e-afe3-4d62-826f-edc8784ba3e0,christianlindner/2021-09-17_19-33-56_UTC_7.jpg,Christian Lindner,,,,,,Unknown,christianlindner
2053,c3fa5d8a-8d46-4550-b64f-d228c0dab434,christianlindner/2021-09-15_18-37-22_UTC_3.jpg,Unknown,,,,,,Unknown,christianlindner
2054,b8373e9a-805f-49fa-b90f-e178e63e63b4,christianlindner/2021-09-15_18-37-22_UTC_3.jpg,Christian Lindner,4d32419b-d5b0-4859-a7a1-b12c0e217203.png,0.5911794075719796,Facenet512,euclidean_l2,20.0,Christian Lindner,christianlindner
2055,8d83d7b8-74ef-4f34-8f7c-4cbc64049124,christianlindner/2021-09-15_18-37-22_UTC_3.jpg,Unknown,,,,,,Unknown,christianlindner
2056,c90d85f1-cf1b-4dad-a265-c12b6b587081,christianlindner/2021-09-15_18-37-22_UTC_3.jpg,Unknown,,,,,,Unknown,christianlindner
2057,5d66dd33-5072-4a41-b9a9-5ab68290028c,christianlindner/2021-09-24_14-03-00_UTC_2.jpg,Christian Lindner,4d32419b-d5b0-4859-a7a1-b12c0e217203.png,0.6071211348067059,Facenet512,euclidean_l2,20.0,Christian Lindner,christianlindner
2058,7f62c9ed-053b-42d4-af98-2453dfb3d9c1,christianlindner/2021-09-17_19-33-56_UTC_3.jpg,Unknown,,,,,,Unknown,christianlindner
2059,245a6338-e939-4215-ab58-be1d8af8122e,christianlindner/2021-09-17_19-33-56_UTC_3.jpg,Unknown,,,,,,Unknown,christianlindner
2060,e2920ecc-230f-459f-bb89-728ae2563d25,christianlindner/2021-09-17_19-33-56_UTC_3.jpg,Christian Lindner,510f4815-9191-4558-aab2-b98e5cb8f643.png,0.6787444283991462,Facenet512,euclidean_l2,20.0,Christian Lindner,christianlindner
2061,ba7b30ab-fbd2-4887-8593-44211f95e233,christianlindner/2021-09-17_19-33-56_UTC_3.jpg,Unknown,,,,,,Unknown,christianlindner
2062,fb6e9782-e4ee-4bba-8ac1-23cae2871ec9,christianlindner/2021-09-17_19-33-56_UTC_3.jpg,Unknown,,,,,,Unknown,christianlindner
2063,bf2e9c53-4ee7-4612-901f-93d3367b4c0f,christianlindner/2021-09-17_19-33-56_UTC_3.jpg,Unknown,,,,,,Unknown,christianlindner
2064,14a8f47b-33bb-404e-8ac0-4138b4e4500c,christianlindner/2021-09-17_19-33-56_UTC_3.jpg,Unknown,,,,,,Unknown,christianlindner
2065,f6c69423-ae1f-4301-b998-76b4075f17c7,christianlindner/2021-09-17_19-33-56_UTC_3.jpg,Unknown,,,,,,Unknown,christianlindner
2066,2c8ce9a4-5f45-4adc-a3c1-b5321a3b9aaa,christianlindner/2021-09-26_10-50-55_UTC_1.jpg,Unknown,,,,,,Unknown,christianlindner
2067,2ef3a776-c2d4-40e1-843e-6233e8e28e68,christianlindner/2021-09-26_10-50-55_UTC_1.jpg,Unknown,,,,,,Unknown,christianlindner
2068,32111d33-fa29-44b2-a2ff-16061002691f,christianlindner/2021-09-26_10-50-55_UTC_1.jpg,Unknown,,,,,,Unknown,christianlindner
2069,296d2093-7983-473a-bef4-ad63a72faed3,christianlindner/2021-09-26_10-50-55_UTC_1.jpg,Unknown,,,,,,Unknown,christianlindner
2070,8629ceef-c13c-4897-8275-bdad7860c291,christianlindner/2021-09-16_14-29-18_UTC_1.jpg,Unknown,,,,,,Unknown,christianlindner
2071,323a6bd6-b882-4d4a-b6c2-e607cf78630d,christianlindner/2021-09-16_14-29-18_UTC_1.jpg,Christian Lindner,2384c946-7f3b-4280-8257-c73c1bb814b1.png,0.945415940773802,Facenet512,euclidean_l2,10.0,Christian Lindner,christianlindner
2072,b937c14b-9be1-485f-8c44-3e700e948156,christianlindner/2021-09-16_14-29-18_UTC_1.jpg,Unknown,b2b81709-caad-45cc-b632-78901d5ab389.png,1.01676571825264,Facenet512,euclidean_l2,2.0,Christian Lindner,christianlindner
2073,42761e08-c06d-45f2-a419-0c070996bb47,christianlindner/2021-09-21_19-30-47_UTC_5.jpg,Unknown,,,,,,Unknown,christianlindner
2074,36eda179-7ff5-434c-8aae-0a1f525408be,christianlindner/2021-09-21_19-30-47_UTC_5.jpg,Christian Lindner,,,,,,Unknown,christianlindner
2075,f5f2a480-1e54-4842-b7d7-95dcf2898669,christianlindner/2021-09-21_19-30-47_UTC_5.jpg,Unknown,,,,,,Unknown,christianlindner
2076,3b70e63a-1185-4792-baed-3cfe3091a781,christianlindner/2021-09-21_19-30-47_UTC_5.jpg,Unknown,,,,,,Unknown,christianlindner
2077,da658ac0-beb0-434b-a5c6-c6f6da45fbe5,christianlindner/2021-09-21_19-30-47_UTC_5.jpg,Unknown,,,,,,Unknown,christianlindner
2078,43a6eed7-dd98-4324-84b2-14d9eb05ca1b,christianlindner/2021-09-21_19-30-47_UTC_5.jpg,Unknown,,,,,,Unknown,christianlindner
2079,c2081500-276d-4310-b4c1-4139009b0147,armin_laschet/2021-09-20_14-07-14_UTC_2.jpg,Armin Laschet,d0e6d963-6d02-463b-a226-ce3f34b0fcc5.png,0.5475777873141172,Facenet512,euclidean_l2,40.0,Armin Laschet,armin_laschet
2080,dd836d77-e68c-43e9-9396-37b712bae44b,christianlindner/2021-09-24_14-03-00_UTC_1.jpg,Christian Lindner,4d32419b-d5b0-4859-a7a1-b12c0e217203.png,0.5630712623216113,Facenet512,euclidean_l2,20.0,Christian Lindner,christianlindner
2081,6dfb85d9-0d1c-4e24-8f2d-b7f032aa1198,christianlindner/2021-09-16_07-47-54_UTC.jpg,Christian Lindner,,,,,,Unknown,christianlindner
2082,f9e7d521-14b4-4df0-85b4-cb610712fbbe,christianlindner/2021-09-16_07-47-54_UTC.jpg,Unknown,,,,,,Unknown,christianlindner
2083,4ed0d5c1-a1f4-4c18-ad8a-4e9424b23262,christianlindner/2021-09-16_07-47-54_UTC.jpg,Unknown,,,,,,Unknown,christianlindner
2084,787b1f60-7cff-4b8d-bdc5-a37c177d1ea1,christianlindner/2021-09-17_16-42-20_UTC_1.jpg,Unknown,,,,,,Unknown,christianlindner
2085,157962b7-8b52-4abc-a6ee-8d989a6b402f,christianlindner/2021-09-17_16-42-20_UTC_1.jpg,Unknown,,,,,,Unknown,christianlindner
2086,dfea98c0-1166-4712-b4a6-62af701e6b5e,christianlindner/2021-09-17_16-42-20_UTC_1.jpg,Unknown,,,,,,Unknown,christianlindner
2087,383f1fdd-6576-4fc2-97b5-2f6bac672b43,christianlindner/2021-09-17_16-42-20_UTC_1.jpg,Christian Lindner,aba5bb44-8485-4f0d-9b60-c596194fa33b.png,0.5302021437090177,Facenet512,euclidean_l2,20.0,Christian Lindner,christianlindner
2088,6fe3e39e-d19f-4e08-bdc4-a127751447e2,christianlindner/2021-09-17_16-42-20_UTC_1.jpg,Unknown,,,,,,Unknown,christianlindner
2089,365ddd9e-ed2c-449f-8baa-2e52b2f63df5,christianlindner/2021-09-17_16-42-20_UTC_1.jpg,Unknown,,,,,,Unknown,christianlindner
2090,875856e1-4e13-48f6-bcc9-6b54f0b5e78e,christianlindner/2021-09-17_16-42-20_UTC_1.jpg,Unknown,,,,,,Unknown,christianlindner
2091,0c08ec5e-825a-4494-aa63-942b18c8ef6d,christianlindner/2021-09-17_16-42-20_UTC_1.jpg,Unknown,,,,,,Unknown,christianlindner
2092,a3ed277e-4363-4063-8ba4-7d7aa0ad0b21,christianlindner/2021-09-17_16-42-20_UTC_1.jpg,Unknown,,,,,,Unknown,christianlindner
2093,18c494fd-8998-419f-9ea6-49a5de336177,christianlindner/2021-09-17_16-42-20_UTC_1.jpg,Unknown,,,,,,Unknown,christianlindner
2094,fb459ef9-a065-4ee7-9281-7dc4203b3ccd,christianlindner/2021-09-17_16-42-20_UTC_1.jpg,Unknown,,,,,,Unknown,christianlindner
2095,68590ff4-db8a-4526-a94f-ead33ee3b2f5,christianlindner/2021-09-17_16-42-20_UTC_1.jpg,Unknown,,,,,,Unknown,christianlindner
2096,9b4f8138-762d-41cf-b9a2-88755b257f12,christianlindner/2021-09-17_16-42-20_UTC_1.jpg,Unknown,,,,,,Unknown,christianlindner
2097,daf9bd2d-c31b-45e3-b2d5-b8dd6ecb59e4,christianlindner/2021-09-17_16-42-20_UTC_1.jpg,Unknown,,,,,,Unknown,christianlindner
2098,f3ca4eea-a5eb-4a87-834c-5bbb7b158a68,christianlindner/2021-09-17_16-42-20_UTC_1.jpg,Unknown,,,,,,Unknown,christianlindner
2099,2524d4d9-c9b7-448b-9d6b-482c296634f4,christianlindner/2021-09-17_16-42-20_UTC_1.jpg,Unknown,,,,,,Unknown,christianlindner
2100,736c761d-a9b6-4813-8f84-fcab53fa26fd,christianlindner/2021-09-17_16-42-20_UTC_1.jpg,Unknown,,,,,,Unknown,christianlindner
2101,dfd8b45f-d86c-4780-ad8c-3d08e4847c0e,christianlindner/2021-09-17_16-42-20_UTC_1.jpg,Unknown,,,,,,Unknown,christianlindner
2102,e6e134fd-68fc-4182-9a4c-89314abc7eab,christianlindner/2021-09-17_16-42-20_UTC_1.jpg,Unknown,,,,,,Unknown,christianlindner
2103,7829b53a-3b61-4a4c-ac23-118ab70e75a7,christianlindner/2021-09-17_16-42-20_UTC_1.jpg,Unknown,,,,,,Unknown,christianlindner
2104,b9b9b081-a7f9-42a5-ab0a-2f395f0f02dc,christianlindner/2021-09-17_16-42-20_UTC_1.jpg,Unknown,,,,,,Unknown,christianlindner
2105,73cdb3d2-6adb-419b-a196-c9025d6991be,christianlindner/2021-09-17_16-42-20_UTC_1.jpg,Unknown,,,,,,Unknown,christianlindner
2106,7564bfd4-6620-463a-a2c0-b3f8ef9e142e,christianlindner/2021-09-17_16-42-20_UTC_1.jpg,Unknown,,,,,,Unknown,christianlindner
2107,ac44398c-b431-4dce-a8da-5e6a16387711,christianlindner/2021-09-17_16-42-20_UTC_1.jpg,Unknown,,,,,,Unknown,christianlindner
2108,6536c180-3b01-41f8-b832-ecd3ed83e7e6,christianlindner/2021-09-17_16-42-20_UTC_1.jpg,Unknown,,,,,,Unknown,christianlindner
2109,6760a9e6-fed7-44fc-a5b8-c94411a5806a,christianlindner/2021-09-17_16-42-20_UTC_1.jpg,Unknown,,,,,,Unknown,christianlindner
2110,2b2013ee-090d-497b-8599-b52626bf0696,christianlindner/2021-09-17_16-42-20_UTC_1.jpg,Unknown,,,,,,Unknown,christianlindner
2111,da3267fd-7126-4c71-a29b-6f0408bea063,christianlindner/2021-09-17_16-42-20_UTC_1.jpg,Unknown,,,,,,Unknown,christianlindner
2112,f247f053-d06f-4c9c-86e0-82f71c21ff2b,christianlindner/2021-09-17_16-42-20_UTC_1.jpg,Unknown,,,,,,Unknown,christianlindner
2113,361ddf84-81e6-4d07-b983-4be745ce51f0,christianlindner/2021-09-17_16-42-20_UTC_1.jpg,Unknown,,,,,,Unknown,christianlindner
2114,606df17c-13bd-41ab-a14b-a2adc971cc66,christianlindner/2021-09-17_16-42-20_UTC_1.jpg,Unknown,,,,,,Unknown,christianlindner
2115,377b1dde-11e9-4995-bf81-f38b27bb5f7a,christianlindner/2021-09-17_16-42-20_UTC_1.jpg,Unknown,,,,,,Unknown,christianlindner
2116,10513d0a-00c7-43c9-a609-3052555ac7b5,christianlindner/2021-09-17_16-42-20_UTC_1.jpg,Unknown,,,,,,Unknown,christianlindner
2117,ccf12876-dfab-4d7a-afd3-81f0abba03a4,christianlindner/2021-09-24_07-02-09_UTC.jpg,Christian Lindner,aba5bb44-8485-4f0d-9b60-c596194fa33b.png,0.5839607467889882,Facenet512,euclidean_l2,20.0,Christian Lindner,christianlindner
2118,c4db28e6-a317-4b52-85a0-4e895f870d05,christianlindner/2021-09-21_19-30-47_UTC_2.jpg,Unknown,,,,,,Unknown,christianlindner
2119,190b07dc-17a8-417f-a402-523c03f7c954,christianlindner/2021-09-21_19-30-47_UTC_2.jpg,Unknown,,,,,,Unknown,christianlindner
2120,19600285-c406-4827-9f1e-933963dadeb5,christianlindner/2021-09-21_19-30-47_UTC_2.jpg,Unknown,,,,,,Unknown,christianlindner
2121,c883fe93-638b-4d4e-806a-ec4300209c58,christianlindner/2021-09-21_19-30-47_UTC_2.jpg,Unknown,,,,,,Unknown,christianlindner
2122,b98813fb-4476-427c-a472-f4b0eef6a33d,christianlindner/2021-09-21_19-30-47_UTC_2.jpg,Unknown,,,,,,Unknown,christianlindner
2123,76e9287c-fd64-4b14-aead-5275e23892d8,christianlindner/2021-09-22_08-40-29_UTC.jpg,Christian Lindner,4d32419b-d5b0-4859-a7a1-b12c0e217203.png,0.7471321543382828,Facenet512,euclidean_l2,16.0,Christian Lindner,christianlindner
2124,0c197e7a-79f3-4e20-b207-9ff68a2ab74d,christianlindner/2021-09-22_20-20-19_UTC_1.jpg,Unknown,,,,,,Unknown,christianlindner
2125,2488dfef-5c7e-451b-ae87-9998b1e3b82a,christianlindner/2021-09-22_20-20-19_UTC_1.jpg,Unknown,,,,,,Unknown,christianlindner
2126,ea312715-1851-4494-877e-a8aa59dbfd44,christianlindner/2021-09-22_20-20-19_UTC_1.jpg,Unknown,,,,,,Unknown,christianlindner
2127,624403ac-0f29-4f3c-a015-424b7d2bd9da,christianlindner/2021-09-22_20-20-19_UTC_1.jpg,Unknown,,,,,,Unknown,christianlindner
2128,234daa36-f18e-438f-a57d-263a9a519ac0,christianlindner/2021-09-22_20-20-19_UTC_1.jpg,Unknown,,,,,,Unknown,christianlindner
2129,9c9725e1-a8bb-4caa-b70a-4d497f0481e7,christianlindner/2021-09-22_20-20-19_UTC_1.jpg,Christian Lindner,2384c946-7f3b-4280-8257-c73c1bb814b1.png,0.9723191951351168,Facenet512,euclidean_l2,12.0,Christian Lindner,christianlindner
2130,55f118a0-3c98-4a30-94c3-f7de5c122bba,christianlindner/2021-09-22_20-20-19_UTC_1.jpg,Unknown,,,,,,Unknown,christianlindner
2131,a1ad645f-55de-4529-a0e7-018f7d98932f,christianlindner/2021-09-22_20-20-19_UTC_1.jpg,Unknown,,,,,,Unknown,christianlindner
2132,4bde51f1-fa70-4c61-bea2-641deaa1d4cd,christianlindner/2021-09-22_20-20-19_UTC_1.jpg,Unknown,,,,,,Unknown,christianlindner
2133,80ac552a-2d20-4340-98c2-f38a473b1aea,christianlindner/2021-09-22_20-20-19_UTC_1.jpg,Unknown,,,,,,Unknown,christianlindner
2134,efdf1eba-028d-48fb-8d9b-b2fa7245ae2c,christianlindner/2021-09-22_20-20-19_UTC_1.jpg,Unknown,,,,,,Unknown,christianlindner
2135,8c9bc4b5-690f-4555-8d17-48c646582373,christianlindner/2021-09-22_20-20-19_UTC_1.jpg,Unknown,,,,,,Unknown,christianlindner
2136,5c3a9906-5989-4d6c-b351-cdfb5f09ca69,christianlindner/2021-09-22_20-20-19_UTC_1.jpg,Unknown,,,,,,Unknown,christianlindner
2137,99446351-47d0-4b83-b8f2-454df7b91468,christianlindner/2021-09-22_20-20-19_UTC_1.jpg,Unknown,,,,,,Unknown,christianlindner
2138,917770c3-1086-4fd9-96a6-3d85f9caee8a,christianlindner/2021-09-22_20-20-19_UTC_1.jpg,Unknown,,,,,,Unknown,christianlindner
2139,77a297e5-bf3c-49ab-a096-c407d34d76df,christianlindner/2021-09-22_20-20-19_UTC_1.jpg,Unknown,,,,,,Unknown,christianlindner
2140,5013aa31-d526-4b93-aef6-c6a1d5721dc3,christianlindner/2021-09-22_20-20-19_UTC_1.jpg,Unknown,,,,,,Unknown,christianlindner
2141,2bb02462-b783-4241-a6ba-1ffe2564ddb7,christianlindner/2021-09-22_20-20-19_UTC_1.jpg,Unknown,,,,,,Unknown,christianlindner
2142,99d31498-7d55-4672-ad10-72223f33cc25,christianlindner/2021-09-22_20-20-19_UTC_1.jpg,Unknown,,,,,,Unknown,christianlindner
2143,e9800b0b-e1b3-4878-9db9-52d182d9022c,christianlindner/2021-09-22_20-20-19_UTC_1.jpg,Unknown,,,,,,Unknown,christianlindner
2144,7b41c8e2-af36-457d-9551-f42713713fa4,christianlindner/2021-09-22_20-20-19_UTC_1.jpg,Unknown,,,,,,Unknown,christianlindner
2145,c0799a5f-5d7e-4beb-b257-1f811e01a74d,christianlindner/2021-09-22_20-20-19_UTC_1.jpg,Unknown,,,,,,Unknown,christianlindner
2146,c4fb21b8-8e73-4410-a355-ed699d5ed61b,christianlindner/2021-09-22_20-20-19_UTC_1.jpg,Unknown,,,,,,Unknown,christianlindner
2147,315466a8-e59f-4e1d-b5cd-f451b5cfbef3,christianlindner/2021-09-22_20-20-19_UTC_1.jpg,Unknown,,,,,,Unknown,christianlindner
2148,bdf0bcd5-5a39-49e9-b3f8-b23af94b2948,christianlindner/2021-09-22_20-20-19_UTC_1.jpg,Unknown,,,,,,Unknown,christianlindner
2149,93368714-22bd-4e6f-a9f3-f6361745352e,christianlindner/2021-09-22_20-20-19_UTC_1.jpg,Unknown,,,,,,Unknown,christianlindner
2150,28371191-bef8-4877-b948-ae7708508189,christianlindner/2021-09-22_20-20-19_UTC_1.jpg,Unknown,,,,,,Unknown,christianlindner
2151,ea06ed48-c043-4ee2-992b-d8115f62be36,christianlindner/2021-09-22_20-20-19_UTC_1.jpg,Unknown,,,,,,Unknown,christianlindner
2152,33a8db9a-90e1-43b2-9376-2eb5c7ccc217,christianlindner/2021-09-22_20-20-19_UTC_1.jpg,Unknown,,,,,,Unknown,christianlindner
2153,111cc1fd-e4d9-43d3-a29e-b0f95db6dc91,christianlindner/2021-09-22_20-20-19_UTC_1.jpg,Unknown,,,,,,Unknown,christianlindner
2154,297cb204-362c-45c6-8a14-8e16c4d7ca6c,christianlindner/2021-09-22_20-20-19_UTC_1.jpg,Unknown,,,,,,Unknown,christianlindner
2155,257c441a-b4f9-4d8d-b719-8b39c1fc1dfc,christianlindner/2021-09-22_20-20-19_UTC_1.jpg,Unknown,,,,,,Unknown,christianlindner
2156,ef01c68e-a257-4785-90d7-d063cb105cd3,christianlindner/2021-09-22_20-20-19_UTC_1.jpg,Unknown,,,,,,Unknown,christianlindner
2157,e01981de-7623-4887-bc0f-440817a5507e,christianlindner/2021-09-22_20-20-19_UTC_1.jpg,Unknown,,,,,,Unknown,christianlindner
2158,b69b7e30-a400-4b3a-88ac-672e0d466199,christianlindner/2021-09-22_20-20-19_UTC_1.jpg,Unknown,,,,,,Unknown,christianlindner
2159,3541cd09-6d73-4b99-9939-39790297dc1f,christianlindner/2021-09-22_20-20-19_UTC_1.jpg,Unknown,,,,,,Unknown,christianlindner
2160,f6ce7e0e-2032-431b-ab8d-8b23f69f4ab8,christianlindner/2021-09-22_20-20-19_UTC_1.jpg,Unknown,,,,,,Unknown,christianlindner
2161,042e7caa-cfea-4995-ab48-55b03f3ee838,christianlindner/2021-09-22_20-20-19_UTC_1.jpg,Unknown,,,,,,Unknown,christianlindner
2162,4c293037-4e44-4983-ba78-eabb1cdc6a21,christianlindner/2021-09-22_20-20-19_UTC_1.jpg,Unknown,,,,,,Unknown,christianlindner
2163,da7bdc85-07ff-43b6-a7af-84f59ee33389,christianlindner/2021-09-22_20-20-19_UTC_1.jpg,Unknown,,,,,,Unknown,christianlindner
2164,80868e03-ca3e-498d-a83f-5cc4e18395e1,christianlindner/2021-09-22_20-20-19_UTC_1.jpg,Unknown,,,,,,Unknown,christianlindner
2165,ad84d554-7e22-4692-9a7e-74db131fe902,christianlindner/2021-09-22_20-20-19_UTC_1.jpg,Unknown,,,,,,Unknown,christianlindner
2166,6b077388-ce41-4d35-b8b1-d38557812868,christianlindner/2021-09-22_20-20-19_UTC_1.jpg,Unknown,,,,,,Unknown,christianlindner
2167,b01098a6-d1b9-4957-a44c-ea3317f41686,christianlindner/2021-09-22_20-20-19_UTC_1.jpg,Unknown,,,,,,Unknown,christianlindner
2168,ccf4e21a-b7fa-4b2a-a894-b1d0b32d1e46,christianlindner/2021-09-22_20-20-19_UTC_1.jpg,Unknown,,,,,,Unknown,christianlindner
2169,b890a6e6-fd9c-497c-8145-205c76ebfa89,christianlindner/2021-09-22_20-20-19_UTC_1.jpg,Unknown,,,,,,Unknown,christianlindner
2170,18a89314-6e65-40dc-8bdb-699506f2c09c,christianlindner/2021-09-22_20-20-19_UTC_1.jpg,Unknown,,,,,,Unknown,christianlindner
2171,fa108f4e-25ae-4c0f-86b3-8ab4b58ca93f,christianlindner/2021-09-22_20-20-19_UTC_1.jpg,Unknown,,,,,,Unknown,christianlindner
2172,7e0d0d2a-4fda-4a18-9222-802965aabc2e,christianlindner/2021-09-22_20-20-19_UTC_1.jpg,Unknown,,,,,,Unknown,christianlindner
2173,5d7cb5bf-2474-4a4f-ae70-12ade3840a35,christianlindner/2021-09-22_20-20-19_UTC_1.jpg,Unknown,,,,,,Unknown,christianlindner
2174,1fbe3fde-d580-43d5-a463-9e116274c087,christianlindner/2021-09-22_20-20-19_UTC_1.jpg,Unknown,,,,,,Unknown,christianlindner
2175,7cbc0be9-6ee7-4bcd-b4ad-5271a7ed6069,christianlindner/2021-09-22_20-20-19_UTC_1.jpg,Unknown,,,,,,Unknown,christianlindner
2176,be1349ea-3f75-401f-a301-0c5e0864f47f,christianlindner/2021-09-22_20-20-19_UTC_1.jpg,Unknown,,,,,,Unknown,christianlindner
2177,3f9013e6-711b-4a76-a8ba-ad2bc1b9b18d,christianlindner/2021-09-22_20-20-19_UTC_1.jpg,Unknown,,,,,,Unknown,christianlindner
2178,5ee14a81-9ee3-4fef-8220-5eee5768c467,christianlindner/2021-09-22_20-20-19_UTC_1.jpg,Unknown,,,,,,Unknown,christianlindner
2179,ee3165d8-6624-43b1-b9a9-ab7943f1ec41,christianlindner/2021-09-22_20-20-19_UTC_1.jpg,Unknown,,,,,,Unknown,christianlindner
2180,33672314-abe7-4c6e-b4e5-2b2b1d08465a,christianlindner/2021-09-22_20-20-19_UTC_1.jpg,Unknown,,,,,,Unknown,christianlindner
2181,b418ea8e-8211-4899-a616-90017472ae3f,christianlindner/2021-09-22_20-20-19_UTC_1.jpg,Unknown,,,,,,Unknown,christianlindner
2182,6816d0f2-d262-4b91-ab95-1a581deb48a2,christianlindner/2021-09-22_20-20-19_UTC_1.jpg,Unknown,,,,,,Unknown,christianlindner
2183,8ba82ac0-ee47-4ac7-93ce-04a9090a8278,christianlindner/2021-09-22_20-20-19_UTC_1.jpg,Unknown,,,,,,Unknown,christianlindner
2184,36180b37-22d5-4812-8e0d-2d9399aad574,christianlindner/2021-09-22_20-20-19_UTC_1.jpg,Unknown,,,,,,Unknown,christianlindner
2185,63c40339-d041-4e3f-bb63-319cc0a9a60c,christianlindner/2021-09-22_20-20-19_UTC_1.jpg,Unknown,,,,,,Unknown,christianlindner
2186,e68331d8-6895-4aa1-9206-63f80b8f0c55,christianlindner/2021-09-22_20-20-19_UTC_1.jpg,Unknown,,,,,,Unknown,christianlindner
2187,a1800658-7173-4c4e-893a-c58f7baf2075,christianlindner/2021-09-22_20-20-19_UTC_1.jpg,Unknown,,,,,,Unknown,christianlindner
2188,3b72d4fe-91f8-4402-b2b1-9ed74c4bc6d4,christianlindner/2021-09-15_18-37-22_UTC_2.jpg,Unknown,,,,,,Unknown,christianlindner
2189,9902a54f-7088-45fc-a749-c1e786be409d,christianlindner/2021-09-15_18-37-22_UTC_2.jpg,Christian Lindner,,,,,,Unknown,christianlindner
2190,890951ed-e1f0-4bab-9562-8a886fcfb5b5,christianlindner/2021-09-19_18-12-56_UTC_1.jpg,Christian Lindner,aba5bb44-8485-4f0d-9b60-c596194fa33b.png,0.6653305470820129,Facenet512,euclidean_l2,20.0,Christian Lindner,christianlindner
2191,688b89a6-5e4e-48e2-9d12-02ba74f32d81,christianlindner/2021-09-19_18-12-56_UTC_1.jpg,Unknown,,,,,,Unknown,christianlindner
2192,8dfefc35-caf8-4b9c-8a9c-f63de132dd1b,christianlindner/2021-09-19_18-12-56_UTC_1.jpg,Unknown,,,,,,Unknown,christianlindner
2193,841f32bb-d634-41d1-842f-1088aac050a5,christianlindner/2021-09-19_18-12-56_UTC_1.jpg,Unknown,,,,,,Unknown,christianlindner
2194,c698c294-d49c-43bf-9a3e-c03199d2a930,christianlindner/2021-09-19_18-12-56_UTC_1.jpg,Unknown,,,,,,Unknown,christianlindner
2195,b5001d01-7ad8-4413-b611-0bc1d9f72406,christianlindner/2021-09-19_18-12-56_UTC_1.jpg,Unknown,,,,,,Unknown,christianlindner
2196,65326deb-71e8-4056-b4f5-b7607226672b,christianlindner/2021-09-19_18-12-56_UTC_1.jpg,Unknown,,,,,,Unknown,christianlindner
2197,c656d8e5-222d-431a-be67-05c198eaecab,christianlindner/2021-09-19_18-12-56_UTC_1.jpg,Unknown,,,,,,Unknown,christianlindner
2198,4efea406-1843-43fa-86f3-6cb86fd39ffe,christianlindner/2021-09-19_18-12-56_UTC_1.jpg,Unknown,,,,,,Unknown,christianlindner
2199,24bc77e6-b60b-4cc0-a254-d972f55e9b8c,christianlindner/2021-09-19_18-12-56_UTC_1.jpg,Unknown,,,,,,Unknown,christianlindner
2200,6ad46ec9-3378-4056-8f0f-c4dfb7fbdfb7,christianlindner/2021-09-19_18-12-56_UTC_1.jpg,Unknown,,,,,,Unknown,christianlindner
2201,5f235c24-75b5-43c8-ae4e-f2c13e2ccd4c,christianlindner/2021-09-17_13-01-40_UTC.jpg,Christian Lindner,510f4815-9191-4558-aab2-b98e5cb8f643.png,0.3989840952614701,Facenet512,euclidean_l2,20.0,Christian Lindner,christianlindner
2202,f3e214c6-653b-4935-ae58-3bb71c64af58,armin_laschet/2021-09-13_17-02-10_UTC_3.jpg,Unknown,,,,,,Unknown,armin_laschet
2203,06fe2e0a-207a-4d6a-b0f5-3af5c968b519,armin_laschet/2021-09-13_17-02-10_UTC_3.jpg,Unknown,,,,,,Unknown,armin_laschet
2204,f0c8f1ec-1a01-4f6e-a5ea-914ca91b3807,armin_laschet/2021-09-13_17-02-10_UTC_3.jpg,Armin Laschet,5efa5b53-ada6-486e-8b66-4c6330a71ea7.png,0.73718134209523,Facenet512,euclidean_l2,36.0,Armin Laschet,armin_laschet
2205,0cfc205a-f029-4891-befc-f4f9b0551767,armin_laschet/2021-09-13_17-02-10_UTC_3.jpg,Unknown,,,,,,Unknown,armin_laschet
2206,e46c217f-a2ee-44e8-bef8-cc3ee6885f9b,armin_laschet/2021-09-13_17-02-10_UTC_3.jpg,Unknown,,,,,,Unknown,armin_laschet
2207,91b5f1fd-18e7-4977-8617-7bf60383fe9e,armin_laschet/2021-09-13_17-02-10_UTC_3.jpg,Unknown,1bd44b42-05b1-4e5e-9ecf-b19872c3a776.png,0.9769028834775818,Facenet512,euclidean_l2,2.0,Armin Laschet,armin_laschet
2208,532226bc-8b73-4c5b-95aa-5a301e4fc1c8,armin_laschet/2021-09-13_17-02-10_UTC_3.jpg,Unknown,,,,,,Unknown,armin_laschet
2209,426dce0a-2851-49e0-a5d6-426119a9e9b5,armin_laschet/2021-09-13_17-02-10_UTC_3.jpg,Unknown,,,,,,Unknown,armin_laschet
2210,e9a37bec-e287-418e-b694-92261a3eab23,armin_laschet/2021-09-13_17-02-10_UTC_3.jpg,Unknown,,,,,,Unknown,armin_laschet
2211,22affca9-c725-4bb4-b9cd-d34ecb8bf2c6,armin_laschet/2021-09-13_17-02-10_UTC_3.jpg,Unknown,,,,,,Unknown,armin_laschet
2212,f8e0e3d8-a489-4dca-b83a-edc607247a21,armin_laschet/2021-09-13_17-02-10_UTC_3.jpg,Unknown,,,,,,Unknown,armin_laschet
2213,6a8ebe62-3d2d-40a3-a371-7a9d0ae1030b,armin_laschet/2021-09-13_17-02-10_UTC_3.jpg,Unknown,,,,,,Unknown,armin_laschet
2214,48e32297-b1eb-413b-ab09-a1fad9cb45cd,armin_laschet/2021-09-13_17-02-10_UTC_3.jpg,Unknown,,,,,,Unknown,armin_laschet
2215,235ec18b-c094-46ea-b45a-ecea5b350be1,armin_laschet/2021-09-13_17-02-10_UTC_3.jpg,Unknown,,,,,,Unknown,armin_laschet
2216,3008dfdd-ffbd-4f86-b1b4-e95aa0e9c1e3,christianlindner/2021-09-20_07-51-26_UTC.jpg,Christian Lindner,d9fbc863-1aed-44af-8419-b4d18c9b5d48.png,0.9010201864892408,Facenet512,euclidean_l2,12.0,Christian Lindner,christianlindner
2217,a1a3e2a3-ee88-49d2-ad94-021597dc4976,christianlindner/2021-09-20_07-51-26_UTC.jpg,Unknown,,,,,,Unknown,christianlindner
2218,afdbb560-26fc-42f8-9afd-29f9843d5203,christianlindner/2021-09-20_07-51-26_UTC.jpg,Unknown,,,,,,Unknown,christianlindner
2219,60dc2c65-a41b-45c9-a76a-1678529ae3c2,christianlindner/2021-09-21_08-12-35_UTC.jpg,Christian Lindner,aba5bb44-8485-4f0d-9b60-c596194fa33b.png,0.6689467744226587,Facenet512,euclidean_l2,20.0,Christian Lindner,christianlindner
2220,aba91565-f01c-4341-9683-5c4b9772fb31,christianlindner/2021-09-21_08-12-35_UTC.jpg,Unknown,,,,,,Unknown,christianlindner
2221,bedb20a9-9149-43af-aac6-a701c87ebe44,christianlindner/2021-09-17_19-33-56_UTC_6.jpg,Unknown,,,,,,Unknown,christianlindner
2222,5f536161-34a0-473c-a2f9-497c43d2941c,christianlindner/2021-09-17_19-33-56_UTC_6.jpg,Christian Lindner,,,,,,Unknown,christianlindner
2223,4f76ed4f-5a7d-4fda-90c0-85e83ad47892,christianlindner/2021-09-17_19-33-56_UTC_6.jpg,Unknown,,,,,,Unknown,christianlindner
2224,2f9d0251-0cee-4443-8080-3907f6aa8924,christianlindner/2021-09-17_19-33-56_UTC_6.jpg,Unknown,,,,,,Unknown,christianlindner
2225,d2ec4618-ab7a-4ced-ac7f-acd271b74ed3,christianlindner/2021-09-17_19-33-56_UTC_6.jpg,Unknown,,,,,,Unknown,christianlindner
2226,27ece5fc-ac9f-4374-9775-9901775f43fe,christianlindner/2021-09-17_19-33-56_UTC_6.jpg,Unknown,,,,,,Unknown,christianlindner
2227,92a05a3a-0543-4f93-848d-1e865bc9dd46,christianlindner/2021-09-17_19-33-56_UTC_6.jpg,Unknown,,,,,,Unknown,christianlindner
2228,f40ee363-7835-462e-8143-0147ef46b00c,christianlindner/2021-09-17_19-33-56_UTC_6.jpg,Unknown,,,,,,Unknown,christianlindner
2229,b6f486bc-a7fc-4918-b13e-5546bb019a8e,christianlindner/2021-09-17_19-33-56_UTC_6.jpg,Unknown,,,,,,Unknown,christianlindner
2230,5f699060-43f1-4fd6-a8be-77e8a079dc90,christianlindner/2021-09-17_19-33-56_UTC_6.jpg,Unknown,,,,,,Unknown,christianlindner
2231,aa5225fd-658c-4cea-8d6d-1421fc7b6f86,christianlindner/2021-09-17_19-33-56_UTC_6.jpg,Unknown,,,,,,Unknown,christianlindner
2232,80f6768a-51ef-4adc-97c9-32ad2c731d42,christianlindner/2021-09-17_19-33-56_UTC_6.jpg,Unknown,,,,,,Unknown,christianlindner
2233,bdb4be43-1a54-4502-bc4f-638f0bd4ef08,christianlindner/2021-09-17_19-33-56_UTC_6.jpg,Unknown,,,,,,Unknown,christianlindner
2234,b186f063-ee83-429c-89d1-88719f776f06,christianlindner/2021-09-17_19-33-56_UTC_6.jpg,Unknown,,,,,,Unknown,christianlindner
2235,9332133d-57fb-4345-8689-885b92fa5157,christianlindner/2021-09-17_19-33-56_UTC_6.jpg,Unknown,,,,,,Unknown,christianlindner
2236,5aea1644-1cd0-4b1b-8420-075b26395b46,christianlindner/2021-09-17_19-33-56_UTC_6.jpg,Unknown,,,,,,Unknown,christianlindner
2237,a91ff2a2-ccf9-4e79-b570-1c8d5ec8c2dd,christianlindner/2021-09-17_19-33-56_UTC_6.jpg,Unknown,,,,,,Unknown,christianlindner
2238,8b1877c3-964d-4d25-a513-c4697e9429c6,christianlindner/2021-09-17_19-33-56_UTC_6.jpg,Unknown,,,,,,Unknown,christianlindner
2239,a05bafd7-32c1-44d4-8d09-7420fd39c645,christianlindner/2021-09-17_19-33-56_UTC_6.jpg,Unknown,,,,,,Unknown,christianlindner
2240,5646f52f-380e-400d-8c96-54a439ffd103,christianlindner/2021-09-17_19-33-56_UTC_6.jpg,Unknown,,,,,,Unknown,christianlindner
2241,3d049c43-3eb2-47d4-b85e-a567ebb49417,christianlindner/2021-09-17_19-33-56_UTC_6.jpg,Unknown,,,,,,Unknown,christianlindner
2242,27f25295-af74-4cf5-baf9-2a03b153b413,christianlindner/2021-09-17_19-33-56_UTC_6.jpg,Unknown,,,,,,Unknown,christianlindner
2243,45a2c8dd-af7f-4584-b59a-dc1f6bdf81a0,christianlindner/2021-09-17_19-33-56_UTC_6.jpg,Unknown,,,,,,Unknown,christianlindner
2244,11437383-728f-464b-a5ee-dfe5ef3553cb,christianlindner/2021-09-17_19-33-56_UTC_6.jpg,Unknown,,,,,,Unknown,christianlindner
2245,1d1a6b36-4bdd-4708-a927-60234c4e1256,christianlindner/2021-09-17_19-33-56_UTC_6.jpg,Unknown,,,,,,Unknown,christianlindner
2246,caa3d23a-668c-48d6-beaa-adacf3a19095,christianlindner/2021-09-17_19-33-56_UTC_6.jpg,Unknown,,,,,,Unknown,christianlindner
2247,bd4bbc6a-34a2-4ae6-86f6-fb9f6d925dda,christianlindner/2021-09-17_19-33-56_UTC_6.jpg,Unknown,,,,,,Unknown,christianlindner
2248,2a241d8f-347f-42c6-8219-4c18fcaba216,christianlindner/2021-09-17_19-33-56_UTC_6.jpg,Unknown,,,,,,Unknown,christianlindner
2249,8c7def78-2a14-445b-83b4-6340fa5aafe6,christianlindner/2021-09-17_19-33-56_UTC_6.jpg,Unknown,,,,,,Unknown,christianlindner
2250,62d352d4-2508-4824-ac07-993a4f2c441d,christianlindner/2021-09-17_19-33-56_UTC_6.jpg,Unknown,,,,,,Unknown,christianlindner
2251,1492c176-2990-4b17-9cc1-a7edd33b9b6b,christianlindner/2021-09-17_19-33-56_UTC_6.jpg,Unknown,,,,,,Unknown,christianlindner
2252,495782bf-7721-4433-9a8a-18fa55e7e265,christianlindner/2021-09-17_19-33-56_UTC_6.jpg,Unknown,,,,,,Unknown,christianlindner
2253,fd24a4a4-9af5-4d92-82d5-dff991bc4e6c,christianlindner/2021-09-23_09-38-13_UTC.jpg,Christian Lindner,d9fbc863-1aed-44af-8419-b4d18c9b5d48.png,0.896902485285129,Facenet512,euclidean_l2,12.0,Christian Lindner,christianlindner
2254,6be86c5a-eef8-462e-9dbc-b10953d796a7,christianlindner/2021-09-23_09-38-13_UTC.jpg,Unknown,,,,,,Unknown,christianlindner
2255,16b7ef8d-da6e-4dab-a909-f86d73a3c370,christianlindner/2021-09-23_09-38-13_UTC.jpg,Unknown,,,,,,Unknown,christianlindner
2256,155c49a9-b4e0-48ab-936c-0c3dbcdc7987,christianlindner/2021-09-23_09-38-13_UTC.jpg,Unknown,,,,,,Unknown,christianlindner
2257,3b273178-847d-4e65-b470-87d5ba84b673,christianlindner/2021-09-23_09-38-13_UTC.jpg,Unknown,,,,,,Unknown,christianlindner
2258,00d4cbee-1038-4a1d-93ea-aeb402870566,christianlindner/2021-09-23_09-38-13_UTC.jpg,Unknown,,,,,,Unknown,christianlindner
2259,d38682a2-4b68-41ee-95e0-983e7c89d505,christianlindner/2021-09-23_09-38-13_UTC.jpg,Unknown,,,,,,Unknown,christianlindner
2260,6ceb4cbe-f0e9-43f6-95a1-a086ac5a4527,christianlindner/2021-09-23_09-38-13_UTC.jpg,Unknown,,,,,,Unknown,christianlindner
2261,54813960-70e7-403e-b92c-d0de428cdb1f,christianlindner/2021-09-23_09-38-13_UTC.jpg,Unknown,,,,,,Unknown,christianlindner
2262,d741526d-63c9-439c-8bdf-2fd86b4fb4ae,christianlindner/2021-09-23_09-38-13_UTC.jpg,Unknown,,,,,,Unknown,christianlindner
2263,2403ac23-7df7-47d4-a223-c8c999e4b600,christianlindner/2021-09-23_09-38-13_UTC.jpg,Unknown,,,,,,Unknown,christianlindner
2264,373c8bcf-9178-4e83-98fd-797a39da4ff3,christianlindner/2021-09-23_09-38-13_UTC.jpg,Unknown,,,,,,Unknown,christianlindner
2265,6ec231e7-132a-485a-afa3-bb5e50b10cd4,christianlindner/2021-09-23_09-38-13_UTC.jpg,Unknown,,,,,,Unknown,christianlindner
2266,e47047a3-f445-4052-9f29-934abd6c8f7f,christianlindner/2021-09-26_10-50-55_UTC_5.jpg,Unknown,,,,,,Unknown,christianlindner
2267,ffd9c0e4-52fc-45dd-84d8-e10e87eab2ea,christianlindner/2021-09-26_10-50-55_UTC_5.jpg,Unknown,,,,,,Unknown,christianlindner
2268,ba3280d4-ce28-4869-a31c-4cd1c327f6fc,christianlindner/2021-09-26_10-50-55_UTC_5.jpg,Unknown,,,,,,Unknown,christianlindner
2269,0ca25c70-4120-4e09-a25b-55c45a721c4e,christianlindner/2021-09-26_10-50-55_UTC_5.jpg,Unknown,,,,,,Unknown,christianlindner
2270,8fc14a9c-023e-4b10-b0d9-bb60b46ca9cf,christianlindner/2021-09-26_10-50-55_UTC_5.jpg,Unknown,,,,,,Unknown,christianlindner
2271,29e59bd9-6945-4462-aecd-516981aed17f,christianlindner/2021-09-26_10-50-55_UTC_5.jpg,Unknown,,,,,,Unknown,christianlindner
2272,4e5a3111-b6c7-4d03-9257-4fb01d7361d1,christianlindner/2021-09-26_10-50-55_UTC_5.jpg,Unknown,,,,,,Unknown,christianlindner
2273,2e0f7524-bb09-44b2-90f5-4652f82c5fc9,christianlindner/2021-09-26_10-50-55_UTC_5.jpg,Unknown,,,,,,Unknown,christianlindner
2274,a7d898dd-ea03-4269-9e47-fa407e0e716e,christianlindner/2021-09-26_10-50-55_UTC_5.jpg,Unknown,,,,,,Unknown,christianlindner
2275,518243cb-c5c9-4603-b1f1-8720cccf0f7f,christianlindner/2021-09-26_10-50-55_UTC_5.jpg,Unknown,,,,,,Unknown,christianlindner
2276,b2ec5d8d-8a24-4ae1-adde-b37f0e80b312,christianlindner/2021-09-26_10-50-55_UTC_5.jpg,Unknown,,,,,,Unknown,christianlindner
2277,c616bb55-dea2-40f5-8831-33d4338d1278,christianlindner/2021-09-26_10-50-55_UTC_5.jpg,Unknown,,,,,,Unknown,christianlindner
2278,01c0d2c8-7531-46b4-b915-682059aabdd3,christianlindner/2021-09-26_10-50-55_UTC_5.jpg,Unknown,,,,,,Unknown,christianlindner
2279,51e9ca8d-d02b-407b-a51e-07887a79ca44,christianlindner/2021-09-26_10-50-55_UTC_5.jpg,Unknown,,,,,,Unknown,christianlindner
2280,94366be0-919a-4328-b41d-3ed134a36735,christianlindner/2021-09-26_10-50-55_UTC_5.jpg,Unknown,,,,,,Unknown,christianlindner
2281,ab10eabc-9ff1-4707-935d-fe62164f030b,christianlindner/2021-09-26_10-50-55_UTC_5.jpg,Unknown,,,,,,Unknown,christianlindner
2282,75451ec6-a796-49fe-b5fa-59a0fef8934c,christianlindner/2021-09-26_10-50-55_UTC_5.jpg,Unknown,,,,,,Unknown,christianlindner
2283,f52a67a1-e429-4563-bc87-84e075f8143d,christianlindner/2021-09-26_10-50-55_UTC_5.jpg,Unknown,,,,,,Unknown,christianlindner
2284,886aba94-9868-45dd-b130-949c31ac0f4f,christianlindner/2021-09-26_10-50-55_UTC_5.jpg,Unknown,,,,,,Unknown,christianlindner
2285,92208da8-bd18-490a-9e7a-f4840ec009b6,christianlindner/2021-09-26_10-50-55_UTC_5.jpg,Unknown,,,,,,Unknown,christianlindner
2286,4642c9e0-115b-4b9a-9ff9-67abc90a98a6,christianlindner/2021-09-26_10-50-55_UTC_5.jpg,Unknown,,,,,,Unknown,christianlindner
2287,d904c6a3-2ca3-4d10-ab0a-a6edd4c978f5,christianlindner/2021-09-26_10-50-55_UTC_5.jpg,Unknown,,,,,,Unknown,christianlindner
2288,3b441f5d-3344-40de-91b2-f9d8f2c3f408,christianlindner/2021-09-26_10-50-55_UTC_5.jpg,Unknown,,,,,,Unknown,christianlindner
2289,3277166e-5594-418e-b7ca-e5f207f35bef,christianlindner/2021-09-26_10-50-55_UTC_5.jpg,Unknown,,,,,,Unknown,christianlindner
2290,da7d6282-dd97-489c-b3f5-3558d0ae5920,christianlindner/2021-09-26_10-50-55_UTC_5.jpg,Unknown,,,,,,Unknown,christianlindner
2291,b7581caa-c1a6-4e08-9a36-704430e9d259,christianlindner/2021-09-26_10-50-55_UTC_5.jpg,Unknown,,,,,,Unknown,christianlindner
2292,4872f403-be70-4f2e-b908-03bee6428306,christianlindner/2021-09-26_10-50-55_UTC_5.jpg,Unknown,,,,,,Unknown,christianlindner
2293,090b5431-1807-4d40-aaef-faed04d1366b,christianlindner/2021-09-26_10-50-55_UTC_5.jpg,Unknown,,,,,,Unknown,christianlindner
2294,164bdc3a-9ab1-4485-8fa3-db02896a8c40,christianlindner/2021-09-26_10-50-55_UTC_5.jpg,Unknown,,,,,,Unknown,christianlindner
2295,07b06b7e-aff5-4e77-9746-63f635cf43d8,christianlindner/2021-09-26_10-50-55_UTC_5.jpg,Unknown,,,,,,Unknown,christianlindner
2296,ab70d665-b60f-40b6-8b6f-0fbfd3f37f54,christianlindner/2021-09-26_10-50-55_UTC_5.jpg,Unknown,,,,,,Unknown,christianlindner
2297,9456b9e3-31be-41e3-adef-49d29e729bfe,christianlindner/2021-09-26_10-50-55_UTC_5.jpg,Unknown,,,,,,Unknown,christianlindner
2298,767b9170-8934-4742-adee-7f236a7542f2,christianlindner/2021-09-26_10-50-55_UTC_5.jpg,Unknown,,,,,,Unknown,christianlindner
2299,88d230cb-1243-4035-9600-248a42837338,christianlindner/2021-09-26_10-50-55_UTC_5.jpg,Unknown,,,,,,Unknown,christianlindner
2300,b772eebd-726e-4ff9-9697-0bb0712da1ee,christianlindner/2021-09-26_10-50-55_UTC_5.jpg,Unknown,,,,,,Unknown,christianlindner
2301,a956ede4-94a4-4d61-b4d4-77d72a0eac7c,christianlindner/2021-09-26_10-50-55_UTC_5.jpg,Unknown,,,,,,Unknown,christianlindner
2302,1bb0142e-3d57-4582-8be5-677a38dbcb48,christianlindner/2021-09-26_10-50-55_UTC_5.jpg,Unknown,,,,,,Unknown,christianlindner
2303,dfb1d4f4-cbaf-4c40-8dde-bf60e946397d,christianlindner/2021-09-26_10-50-55_UTC_5.jpg,Unknown,,,,,,Unknown,christianlindner
2304,40624d08-aaa5-4b9c-9b5c-28a429c9a260,christianlindner/2021-09-26_10-50-55_UTC_5.jpg,Unknown,,,,,,Unknown,christianlindner
2305,e5573ed5-16c3-4084-a983-1857c07933f3,christianlindner/2021-09-26_10-50-55_UTC_5.jpg,Unknown,,,,,,Unknown,christianlindner
2306,d2599f3f-1fdf-442a-acb8-5a6f39fb7f61,christianlindner/2021-09-26_10-50-55_UTC_5.jpg,Unknown,,,,,,Unknown,christianlindner
2307,20dfb723-d49c-466b-ad68-3c0c3ce7eb02,christianlindner/2021-09-26_10-50-55_UTC_5.jpg,Unknown,,,,,,Unknown,christianlindner
2308,f849f313-c91b-41ce-a8ea-587811b028a9,christianlindner/2021-09-26_10-50-55_UTC_5.jpg,Unknown,,,,,,Unknown,christianlindner
2309,3d38a41c-9255-441e-8ff2-48905637183e,christianlindner/2021-09-26_10-50-55_UTC_5.jpg,Unknown,,,,,,Unknown,christianlindner
2310,75fb8a26-c4fe-4a46-9191-847f7e666b27,christianlindner/2021-09-26_10-50-55_UTC_5.jpg,Unknown,,,,,,Unknown,christianlindner
2311,b0aea00c-c201-4744-ab47-b8dd55187e88,christianlindner/2021-09-26_10-50-55_UTC_5.jpg,Unknown,,,,,,Unknown,christianlindner
2312,bc9da190-dafa-43c7-9a48-c4183536baed,christianlindner/2021-09-26_10-50-55_UTC_5.jpg,Unknown,,,,,,Unknown,christianlindner
2313,889ab729-9bc9-424a-a207-3e944a8086e0,christianlindner/2021-09-26_10-50-55_UTC_5.jpg,Unknown,,,,,,Unknown,christianlindner
2314,3dc5ea23-53fa-4b05-985c-9535247a8caf,christianlindner/2021-09-26_10-50-55_UTC_5.jpg,Unknown,,,,,,Unknown,christianlindner
2315,9a073bbd-4ac8-4e28-95a8-8936792d816f,christianlindner/2021-09-26_10-50-55_UTC_5.jpg,Unknown,,,,,,Unknown,christianlindner
2316,e55acceb-12bb-4eaa-b671-e446444efba4,christianlindner/2021-09-26_10-50-55_UTC_5.jpg,Unknown,,,,,,Unknown,christianlindner
2317,30e55989-ed25-450f-84cf-1c9bb808080b,christianlindner/2021-09-26_10-50-55_UTC_5.jpg,Unknown,,,,,,Unknown,christianlindner
2318,cc07be6f-75e3-43d6-97e1-dfe497ef3a2e,christianlindner/2021-09-26_10-50-55_UTC_5.jpg,Unknown,,,,,,Unknown,christianlindner
2319,78a5a3ee-be56-413b-beff-08c36ba71fcc,christianlindner/2021-09-26_10-50-55_UTC_5.jpg,Unknown,,,,,,Unknown,christianlindner
2320,b5207a2e-1c9d-481d-bdef-8bb6f38360d3,christianlindner/2021-09-26_10-50-55_UTC_5.jpg,Unknown,,,,,,Unknown,christianlindner
2321,bd91db05-8e1d-4435-9f34-11eea058014e,christianlindner/2021-09-26_10-50-55_UTC_5.jpg,Unknown,,,,,,Unknown,christianlindner
2322,7af834b4-e973-400e-9c17-ceadf2a611b3,christianlindner/2021-09-26_10-50-55_UTC_5.jpg,Unknown,,,,,,Unknown,christianlindner
2323,30d9284e-ead3-43c4-b4eb-fa400e2e4e91,christianlindner/2021-09-26_10-50-55_UTC_5.jpg,Unknown,,,,,,Unknown,christianlindner
2324,540fecdb-edbd-455a-8b7b-a28197b6f4a7,christianlindner/2021-09-26_10-50-55_UTC_5.jpg,Unknown,,,,,,Unknown,christianlindner
2325,15728785-c9d4-4e0d-ae39-8967b8a2bf99,christianlindner/2021-09-26_10-50-55_UTC_5.jpg,Unknown,,,,,,Unknown,christianlindner
2326,e416bd48-8d80-4773-b263-8cd8f944c5a3,christianlindner/2021-09-26_10-50-55_UTC_5.jpg,Unknown,,,,,,Unknown,christianlindner
2327,2cfa05b1-a376-4618-b271-cd10212efb06,christianlindner/2021-09-26_10-50-55_UTC_5.jpg,Unknown,,,,,,Unknown,christianlindner
2328,029f6253-f640-4546-b414-05f4a37d11f6,christianlindner/2021-09-26_10-50-55_UTC_5.jpg,Unknown,,,,,,Unknown,christianlindner
2329,7b225f6c-04fb-4e16-96fd-f9491021f161,christianlindner/2021-09-26_10-50-55_UTC_5.jpg,Unknown,,,,,,Unknown,christianlindner
2330,80a6b982-9097-49a4-8bca-8b7a34eea6da,christianlindner/2021-09-26_10-50-55_UTC_5.jpg,Unknown,,,,,,Unknown,christianlindner
2331,a9947b1d-c89f-40c3-901c-0157f44afc1c,christianlindner/2021-09-26_10-50-55_UTC_5.jpg,Unknown,,,,,,Unknown,christianlindner
2332,4ff7695b-61d8-4277-a71e-a284c0a812de,christianlindner/2021-09-26_10-50-55_UTC_5.jpg,Unknown,,,,,,Unknown,christianlindner
2333,d8380fd2-e435-4b86-9b64-d1ed32c670b8,christianlindner/2021-09-26_10-50-55_UTC_5.jpg,Unknown,,,,,,Unknown,christianlindner
2334,8ff5d1c7-d4c1-49de-8579-3f8f89d6381c,christianlindner/2021-09-26_10-50-55_UTC_5.jpg,Unknown,,,,,,Unknown,christianlindner
2335,4be65b59-d668-473b-96fc-2bb6f1b0da04,christianlindner/2021-09-26_10-50-55_UTC_5.jpg,Unknown,,,,,,Unknown,christianlindner
2336,2fded670-d1da-48bf-9379-4eae3401041f,christianlindner/2021-09-26_10-50-55_UTC_5.jpg,Unknown,,,,,,Unknown,christianlindner
2337,ee13cfa4-4b29-4f68-93a9-25c51e4ba670,christianlindner/2021-09-26_10-50-55_UTC_5.jpg,Unknown,,,,,,Unknown,christianlindner
2338,17952922-505f-413c-b4aa-0102bb304045,christianlindner/2021-09-26_10-50-55_UTC_5.jpg,Unknown,,,,,,Unknown,christianlindner
2339,70cacbfa-3b8f-4f6c-b793-d23eb3c2a17c,christianlindner/2021-09-26_10-50-55_UTC_5.jpg,Unknown,,,,,,Unknown,christianlindner
2340,08ef0928-68dd-42ab-be7a-576eed81d259,christianlindner/2021-09-26_10-50-55_UTC_5.jpg,Unknown,,,,,,Unknown,christianlindner
2341,6ef6fa17-6d53-47cb-b677-fa4a8f2a3ff1,christianlindner/2021-09-26_10-50-55_UTC_5.jpg,Unknown,,,,,,Unknown,christianlindner
2342,b77835df-c0ce-4725-b31b-13f4257056fc,christianlindner/2021-09-26_10-50-55_UTC_5.jpg,Unknown,,,,,,Unknown,christianlindner
2343,175ffa42-b2fd-4ec5-84ed-ff6bab18eabc,christianlindner/2021-09-26_10-50-55_UTC_5.jpg,Unknown,,,,,,Unknown,christianlindner
2344,a0203126-c62a-479c-ab9a-7fabf76be426,christianlindner/2021-09-26_10-50-55_UTC_5.jpg,Unknown,,,,,,Unknown,christianlindner
2345,41e5af32-f862-4a49-8939-3cbf58854de5,christianlindner/2021-09-26_10-50-55_UTC_5.jpg,Unknown,,,,,,Unknown,christianlindner
2346,98200aa9-770b-41be-a615-42c5e5cb1b64,christianlindner/2021-09-26_10-50-55_UTC_5.jpg,Unknown,,,,,,Unknown,christianlindner
2347,c471744a-d229-4f42-94d3-9e566da23871,christianlindner/2021-09-26_10-50-55_UTC_5.jpg,Christian Lindner,,,,,,Unknown,christianlindner
2348,d43c8cff-1f6b-4c73-8613-041a77d39e89,christianlindner/2021-09-26_10-50-55_UTC_5.jpg,Unknown,,,,,,Unknown,christianlindner
2349,27427183-388d-4053-a81a-f6d00ba9a758,christianlindner/2021-09-26_10-50-55_UTC_5.jpg,Unknown,,,,,,Unknown,christianlindner
2350,14cd379c-8912-4bf4-8129-307243427c7b,christianlindner/2021-09-26_10-50-55_UTC_5.jpg,Unknown,,,,,,Unknown,christianlindner
2351,98331e9c-bcef-400c-9c77-fca922694b2d,christianlindner/2021-09-26_10-50-55_UTC_5.jpg,Unknown,,,,,,Unknown,christianlindner
2352,72cf86da-f159-45f7-a8c1-de48bbad3fdc,christianlindner/2021-09-26_10-50-55_UTC_5.jpg,Unknown,,,,,,Unknown,christianlindner
2353,0d9e514a-4b2a-4327-8b57-6e604b6a1299,christianlindner/2021-09-26_10-50-55_UTC_5.jpg,Unknown,,,,,,Unknown,christianlindner
2354,d96896fc-790f-4445-8bed-319259e93e41,christianlindner/2021-09-26_10-50-55_UTC_5.jpg,Unknown,,,,,,Unknown,christianlindner
2355,45e58ac7-2095-4ee4-a1e0-c1c7d47441c2,christianlindner/2021-09-26_10-50-55_UTC_5.jpg,Unknown,,,,,,Unknown,christianlindner
2356,21c37692-ca78-4bc6-bd26-b4a43b0f9a87,christianlindner/2021-09-26_10-50-55_UTC_5.jpg,Unknown,,,,,,Unknown,christianlindner
2357,f32e413d-88ac-4e49-ae2e-0986d89264d4,christianlindner/2021-09-26_10-50-55_UTC_5.jpg,Unknown,,,,,,Unknown,christianlindner
2358,d647cb5b-e07f-43a0-91b9-4afd465c8794,christianlindner/2021-09-26_10-50-55_UTC_5.jpg,Unknown,,,,,,Unknown,christianlindner
2359,2ff98170-0c8a-445d-baf0-7f12d1bd9670,christianlindner/2021-09-26_10-50-55_UTC_5.jpg,Unknown,,,,,,Unknown,christianlindner
2360,859017e0-c98e-4607-8cb4-5f68e234dbd6,christianlindner/2021-09-26_10-50-55_UTC_5.jpg,Unknown,,,,,,Unknown,christianlindner
2361,315f0863-27b3-4783-8381-f380d324bd39,christianlindner/2021-09-26_10-50-55_UTC_5.jpg,Unknown,,,,,,Unknown,christianlindner
2362,7d6280d0-2f4d-4cd5-8952-e628afcd7de8,christianlindner/2021-09-26_10-50-55_UTC_5.jpg,Unknown,,,,,,Unknown,christianlindner
2363,4031332d-618f-497a-b7eb-c7c57e1a2b1e,christianlindner/2021-09-26_10-50-55_UTC_5.jpg,Unknown,,,,,,Unknown,christianlindner
2364,9977364c-ff17-4f42-b141-5ef1bcd3d442,christianlindner/2021-09-26_10-50-55_UTC_5.jpg,Unknown,,,,,,Unknown,christianlindner
2365,9fedae98-5207-462b-be49-02c69fc6c695,christianlindner/2021-09-26_10-50-55_UTC_5.jpg,Unknown,,,,,,Unknown,christianlindner
2366,9eab7bcc-9f1a-4a37-b238-249d74c22834,christianlindner/2021-09-21_19-30-47_UTC_1.jpg,Christian Lindner,,,,,,Unknown,christianlindner
2367,b775d6ea-9d8c-484a-9a92-9f0a22fccf12,christianlindner/2021-09-19_15-17-46_UTC_2.jpg,Unknown,,,,,,Unknown,christianlindner
2368,538680cb-4f0f-4120-bf77-5656d1bcf97c,christianlindner/2021-09-19_15-17-46_UTC_2.jpg,Unknown,b2b81709-caad-45cc-b632-78901d5ab389.png,0.9970223823421588,Facenet512,euclidean_l2,4.0,Christian Lindner,christianlindner
2369,8c231c5a-fa55-4b01-9388-8d2dfdfc7b2d,christianlindner/2021-09-19_15-17-46_UTC_2.jpg,Christian Lindner,b2b81709-caad-45cc-b632-78901d5ab389.png,0.9971610847869644,Facenet512,euclidean_l2,2.0,Christian Lindner,christianlindner
2370,ace00148-7148-47fd-8595-29edf84e202f,christianlindner/2021-09-19_15-17-46_UTC_2.jpg,Unknown,,,,,,Unknown,christianlindner
2371,b3fc3681-ef48-4f96-a18a-7820ef2e256a,christianlindner/2021-09-19_15-17-46_UTC_2.jpg,Unknown,d9fbc863-1aed-44af-8419-b4d18c9b5d48.png,1.0192034628706024,Facenet512,euclidean_l2,2.0,Christian Lindner,christianlindner
2372,4f8ee405-4696-4451-8660-d6ff84496cbc,christianlindner/2021-09-19_15-17-46_UTC_2.jpg,Unknown,,,,,,Unknown,christianlindner
2373,2701ec5e-1a65-4345-aa69-dc14319f2e4c,christianlindner/2021-09-19_15-17-46_UTC_2.jpg,Unknown,,,,,,Unknown,christianlindner
2374,206d54f6-212c-403a-a163-7c23aa150e7d,christianlindner/2021-09-19_15-17-46_UTC_2.jpg,Unknown,,,,,,Unknown,christianlindner
2375,ca5baefa-ba79-446f-af23-890c453eb895,christianlindner/2021-09-19_15-17-46_UTC_2.jpg,Unknown,,,,,,Unknown,christianlindner
2376,ca3c01f3-cb8e-4c0e-8803-1277687c126e,christianlindner/2021-09-19_15-17-46_UTC_3.jpg,Christian Lindner,4d32419b-d5b0-4859-a7a1-b12c0e217203.png,0.6230233110448334,Facenet512,euclidean_l2,20.0,Christian Lindner,christianlindner
2377,7834b606-482f-43ff-804d-596f99fdbced,christianlindner/2021-09-22_20-20-19_UTC_2.jpg,Unknown,,,,,,Unknown,christianlindner
2378,892468e3-4871-4fda-9940-46c376a2846f,christianlindner/2021-09-22_20-20-19_UTC_2.jpg,Unknown,,,,,,Unknown,christianlindner
2379,2986fd64-dfe8-4fda-9fef-2f3bbf997926,christianlindner/2021-09-22_20-20-19_UTC_2.jpg,Unknown,,,,,,Unknown,christianlindner
2380,87157bf7-6255-4f14-95c9-afa44f0fee54,christianlindner/2021-09-22_20-20-19_UTC_2.jpg,Unknown,,,,,,Unknown,christianlindner
2381,45d25552-5774-421a-b418-2156e02d14ed,christianlindner/2021-09-22_20-20-19_UTC_2.jpg,Unknown,,,,,,Unknown,christianlindner
2382,94f1e6cf-9c1e-4a66-a67c-ae776ed9466d,christianlindner/2021-09-22_20-20-19_UTC_2.jpg,Unknown,,,,,,Unknown,christianlindner
2383,b7cfad23-62dc-4478-8d51-8333ce852b57,christianlindner/2021-09-22_20-20-19_UTC_2.jpg,Unknown,,,,,,Unknown,christianlindner
2384,6c36e29f-1a81-4c2e-8b96-e7d34b7c343a,christianlindner/2021-09-22_20-20-19_UTC_2.jpg,Unknown,,,,,,Unknown,christianlindner
2385,8d925f8e-7908-402d-ae87-0d2bd2a6199d,christianlindner/2021-09-22_20-20-19_UTC_2.jpg,Unknown,,,,,,Unknown,christianlindner
2386,a534db93-6df0-4741-aff0-5d5854d13c69,christianlindner/2021-09-22_20-20-19_UTC_2.jpg,Unknown,,,,,,Unknown,christianlindner
2387,1a53bddf-0297-49c9-a68a-8da202860ef4,christianlindner/2021-09-22_20-20-19_UTC_2.jpg,Unknown,,,,,,Unknown,christianlindner
2388,0ef09827-fa0c-479e-a31d-05542ae98931,christianlindner/2021-09-22_20-20-19_UTC_2.jpg,Unknown,,,,,,Unknown,christianlindner
2389,bb948c32-ed1c-490d-8bd6-fdad764944ca,christianlindner/2021-09-22_20-20-19_UTC_2.jpg,Unknown,,,,,,Unknown,christianlindner
2390,0a8d48b9-556b-4861-8315-1a5e1136fbdf,christianlindner/2021-09-22_20-20-19_UTC_2.jpg,Unknown,,,,,,Unknown,christianlindner
2391,859b9f2a-f4a3-4e0c-b399-8d274e5e700d,christianlindner/2021-09-22_20-20-19_UTC_2.jpg,Unknown,,,,,,Unknown,christianlindner
2392,7cabe7c0-7122-48a4-ba44-772c6b8be919,christianlindner/2021-09-21_14-50-34_UTC_2.jpg,Unknown,,,,,,Unknown,christianlindner
2393,91cda49a-3ad9-4374-8c63-b466c31ac768,christianlindner/2021-09-21_14-50-34_UTC_2.jpg,Unknown,,,,,,Unknown,christianlindner
2394,2a5bd6ea-11a0-468e-bd38-c3e093da937b,christianlindner/2021-09-21_14-50-34_UTC_2.jpg,Christian Lindner,,,,,,Unknown,christianlindner
2395,ab31d76c-9808-4f9b-9111-2b89d06a7034,christianlindner/2021-09-21_14-50-34_UTC_2.jpg,Unknown,,,,,,Unknown,christianlindner
2396,dbd1af45-177f-40cd-9778-b7ca59866a5d,christianlindner/2021-09-21_14-50-34_UTC_2.jpg,Unknown,,,,,,Unknown,christianlindner
2397,fc61ab1b-d7cc-43bc-a76c-d08ee4ac2456,christianlindner/2021-09-21_14-50-34_UTC_2.jpg,Unknown,,,,,,Unknown,christianlindner
2398,62fcf14d-99e8-4d67-85b9-9da646b58d05,armin_laschet/2021-09-15_09-28-48_UTC_2.jpg,Armin Laschet,d0e6d963-6d02-463b-a226-ce3f34b0fcc5.png,0.5264543575243593,Facenet512,euclidean_l2,40.0,Armin Laschet,armin_laschet
2399,544cc2a5-cab0-4c68-9286-1cc4c66aeac9,christianlindner/2021-09-17_19-33-56_UTC_8.jpg,Unknown,,,,,,Unknown,christianlindner
2400,990b3e26-0f7d-427c-b748-3277bb2afa33,christianlindner/2021-09-17_19-33-56_UTC_8.jpg,Unknown,,,,,,Unknown,christianlindner
2401,618177cd-d5b4-466a-8861-9fbd33f74684,christianlindner/2021-09-17_19-33-56_UTC_8.jpg,Unknown,,,,,,Unknown,christianlindner
2402,3ea4f684-dac3-42e1-a3bd-30844bfc5fe7,christianlindner/2021-09-17_19-33-56_UTC_8.jpg,Unknown,,,,,,Unknown,christianlindner
2403,abbb7dd0-e840-48a8-aede-1aff40bcdf9a,christianlindner/2021-09-17_19-33-56_UTC_8.jpg,Unknown,,,,,,Unknown,christianlindner
2404,a37f82a7-8ff1-411f-8e9f-c798927d78f2,christianlindner/2021-09-17_19-33-56_UTC_8.jpg,Unknown,,,,,,Unknown,christianlindner
2405,316736c3-7c87-4479-af5a-3cc451c09c08,christianlindner/2021-09-17_16-42-20_UTC_3.jpg,Unknown,,,,,,Unknown,christianlindner
2406,1b920ac4-82a5-4a72-8818-ad3dff437164,christianlindner/2021-09-17_16-42-20_UTC_3.jpg,Unknown,,,,,,Unknown,christianlindner
2407,ee685127-677e-4559-a85e-a78c55b6efa5,christianlindner/2021-09-17_16-42-20_UTC_3.jpg,Unknown,,,,,,Unknown,christianlindner
2408,ecc93d35-4379-4898-a34c-c82dec9af025,christianlindner/2021-09-17_16-42-20_UTC_3.jpg,Unknown,,,,,,Unknown,christianlindner
2409,a00cbabf-6160-44fe-8c82-5273853fa9d3,christianlindner/2021-09-17_16-42-20_UTC_3.jpg,Unknown,,,,,,Unknown,christianlindner
2410,e4a39146-6aec-483f-aa76-8e8e99c16205,christianlindner/2021-09-17_16-42-20_UTC_3.jpg,Unknown,,,,,,Unknown,christianlindner
2411,521a17f7-bdcf-45d1-b0d5-469e9cea6243,christianlindner/2021-09-17_16-42-20_UTC_3.jpg,Unknown,,,,,,Unknown,christianlindner
2412,bcea62e9-92dd-4f1b-a766-f3dbd4488490,christianlindner/2021-09-17_16-42-20_UTC_3.jpg,Unknown,,,,,,Unknown,christianlindner
2413,7e0fc97f-4e2d-4ec3-b26b-ccd230a4b9e9,christianlindner/2021-09-17_16-42-20_UTC_3.jpg,Unknown,,,,,,Unknown,christianlindner
2414,dafd5f8c-ff90-44da-b301-77cfaf52a812,christianlindner/2021-09-17_16-42-20_UTC_3.jpg,Unknown,,,,,,Unknown,christianlindner
2415,7f0190e7-2b1b-45d6-8cb7-01ecba02e790,christianlindner/2021-09-17_16-42-20_UTC_3.jpg,Unknown,,,,,,Unknown,christianlindner
2416,4c0c6065-eaa9-4dc8-987a-35dff349f0e7,christianlindner/2021-09-17_16-42-20_UTC_3.jpg,Unknown,,,,,,Unknown,christianlindner
2417,0fa5001f-9779-4036-abda-e8a8ec8a520d,christianlindner/2021-09-17_16-42-20_UTC_3.jpg,Unknown,,,,,,Unknown,christianlindner
2418,73163465-a0bd-4243-a061-29bfcb057768,christianlindner/2021-09-17_16-42-20_UTC_3.jpg,Unknown,,,,,,Unknown,christianlindner
2419,4e3fa9f0-cc92-440b-9314-6cc9f4a900f1,christianlindner/2021-09-17_16-42-20_UTC_3.jpg,Unknown,,,,,,Unknown,christianlindner
2420,9417ebd7-6fd2-4a6e-8a2d-61141e46bf2a,christianlindner/2021-09-17_16-42-20_UTC_3.jpg,Unknown,,,,,,Unknown,christianlindner
2421,328c42da-82c8-45c4-8ca1-3b0188b1d9cd,christianlindner/2021-09-17_16-42-20_UTC_3.jpg,Unknown,,,,,,Unknown,christianlindner
2422,54d8b728-bbc2-4282-97e0-76c25993c319,christianlindner/2021-09-17_16-42-20_UTC_3.jpg,Unknown,,,,,,Unknown,christianlindner
2423,269c16d8-2500-4367-875e-000d2daa4774,christianlindner/2021-09-17_16-42-20_UTC_3.jpg,Unknown,,,,,,Unknown,christianlindner
2424,6abae087-94e0-4cdd-87cc-1f1d7c426031,christianlindner/2021-09-17_16-42-20_UTC_3.jpg,Unknown,,,,,,Unknown,christianlindner
2425,75c34c26-4c7a-4431-96b0-26712644ec16,christianlindner/2021-09-17_16-42-20_UTC_3.jpg,Unknown,,,,,,Unknown,christianlindner
2426,4337f631-1891-470d-ad2b-bd4ff1daf953,christianlindner/2021-09-17_16-42-20_UTC_3.jpg,Unknown,,,,,,Unknown,christianlindner
2427,4aa41383-30ac-4a84-98d2-1736b058057c,christianlindner/2021-09-17_16-42-20_UTC_3.jpg,Unknown,,,,,,Unknown,christianlindner
2428,2513a7f1-d12f-40fc-85db-0c0d31725bbc,christianlindner/2021-09-17_16-42-20_UTC_3.jpg,Unknown,,,,,,Unknown,christianlindner
2429,2a3682e4-ea4e-40b9-bb3c-280323ce7c11,christianlindner/2021-09-17_16-42-20_UTC_3.jpg,Unknown,,,,,,Unknown,christianlindner
2430,1d1f3863-e9b3-4892-ba2e-21f5a186f11f,christianlindner/2021-09-17_16-42-20_UTC_3.jpg,Unknown,,,,,,Unknown,christianlindner
2431,16db0f74-725d-4184-b6e8-a54cbbd740f3,christianlindner/2021-09-17_16-42-20_UTC_3.jpg,Unknown,,,,,,Unknown,christianlindner
2432,75e5bb13-ef34-4948-9b0c-6e2835fffb74,christianlindner/2021-09-17_16-42-20_UTC_3.jpg,Unknown,,,,,,Unknown,christianlindner
2433,6f98b4b7-9216-4e8a-8ec6-ce4c9e617c31,christianlindner/2021-09-17_16-42-20_UTC_3.jpg,Unknown,,,,,,Unknown,christianlindner
2434,877f0959-a850-44d2-a3c5-b0536e004af1,christianlindner/2021-09-17_16-42-20_UTC_3.jpg,Unknown,,,,,,Unknown,christianlindner
2435,61426a65-1696-4a7e-a49d-969e54f8a2f9,christianlindner/2021-09-17_16-42-20_UTC_3.jpg,Unknown,,,,,,Unknown,christianlindner
2436,ab8abd28-e963-48a2-9523-469570ae3d1a,christianlindner/2021-09-17_16-42-20_UTC_3.jpg,Unknown,,,,,,Unknown,christianlindner
2437,f6884bc0-490b-4891-b6ce-20481834b57e,christianlindner/2021-09-17_16-42-20_UTC_3.jpg,Unknown,,,,,,Unknown,christianlindner
2438,dea44782-447c-4d1b-b8f1-2d30ebf916a3,christianlindner/2021-09-17_16-42-20_UTC_3.jpg,Unknown,,,,,,Unknown,christianlindner
2439,8d190c65-bc27-4ccd-b4fb-8ec087484f8d,christianlindner/2021-09-17_16-42-20_UTC_3.jpg,Unknown,,,,,,Unknown,christianlindner
2440,73c2bf3b-25e6-478e-844f-5949d2d08132,christianlindner/2021-09-17_16-42-20_UTC_3.jpg,Unknown,,,,,,Unknown,christianlindner
2441,7e9e412b-63c5-4bab-be0e-290d7a9db693,christianlindner/2021-09-17_16-42-20_UTC_3.jpg,Unknown,,,,,,Unknown,christianlindner
2442,db536bea-ea5d-4d61-aa0a-65c3647a4ed3,christianlindner/2021-09-17_16-42-20_UTC_3.jpg,Unknown,,,,,,Unknown,christianlindner
2443,bd4879c6-0c2d-4bdf-949d-93ff16bf03b2,christianlindner/2021-09-17_16-42-20_UTC_3.jpg,Unknown,,,,,,Unknown,christianlindner
2444,26e66ca8-1925-4240-b0ce-cd36d6d40311,christianlindner/2021-09-17_16-42-20_UTC_3.jpg,Unknown,,,,,,Unknown,christianlindner
2445,470b5122-9919-41be-85ea-dbb6f865eff4,christianlindner/2021-09-17_16-42-20_UTC_3.jpg,Unknown,,,,,,Unknown,christianlindner
2446,8a2d6865-07a1-4299-a886-45faf72d8ffa,christianlindner/2021-09-17_16-42-20_UTC_3.jpg,Unknown,,,,,,Unknown,christianlindner
2447,f2ce8b84-d41a-4677-817f-5eabc5bedc48,christianlindner/2021-09-17_16-42-20_UTC_3.jpg,Unknown,,,,,,Unknown,christianlindner
2448,f38f0c17-43bb-4639-a1cf-6f92ee9b403e,christianlindner/2021-09-17_16-42-20_UTC_3.jpg,Unknown,,,,,,Unknown,christianlindner
2449,474ca8b2-4134-4abe-b898-f11739620825,christianlindner/2021-09-17_16-42-20_UTC_3.jpg,Unknown,,,,,,Unknown,christianlindner
2450,f9686981-4ec9-472b-ac04-f52b59037306,christianlindner/2021-09-17_16-42-20_UTC_3.jpg,Unknown,,,,,,Unknown,christianlindner
2451,762cc58d-4b87-45e1-9890-6e74c59693cc,christianlindner/2021-09-17_16-42-20_UTC_3.jpg,Unknown,,,,,,Unknown,christianlindner
2452,9e5556b4-57a4-46e1-9eb8-9e8461fa7377,christianlindner/2021-09-17_16-42-20_UTC_3.jpg,Unknown,,,,,,Unknown,christianlindner
2453,f68384aa-fbe5-4a65-a68a-c02f5debc446,christianlindner/2021-09-17_16-42-20_UTC_3.jpg,Unknown,,,,,,Unknown,christianlindner
2454,93e5fea8-384e-49c4-9ed3-14e71fb5cb91,christianlindner/2021-09-17_16-42-20_UTC_3.jpg,Unknown,,,,,,Unknown,christianlindner
2455,b254549a-538c-4189-9ea9-a9264ee333dc,christianlindner/2021-09-17_16-42-20_UTC_3.jpg,Unknown,,,,,,Unknown,christianlindner
2456,376ffcda-ad48-48a2-9812-25370c3f940a,christianlindner/2021-09-17_16-42-20_UTC_3.jpg,Unknown,,,,,,Unknown,christianlindner
2457,06f19ae6-6706-438e-b00e-ea23173e1d18,christianlindner/2021-09-17_16-42-20_UTC_3.jpg,Unknown,,,,,,Unknown,christianlindner
2458,3059e326-b195-4145-bb0e-f5ca45925548,christianlindner/2021-09-17_16-42-20_UTC_3.jpg,Unknown,,,,,,Unknown,christianlindner
2459,93162339-8acb-4a5f-b186-7db3aed4aed9,christianlindner/2021-09-17_16-42-20_UTC_3.jpg,Unknown,,,,,,Unknown,christianlindner
2460,25cbf75b-21e2-4591-8045-588912c65bd9,christianlindner/2021-09-17_16-42-20_UTC_3.jpg,Unknown,,,,,,Unknown,christianlindner
2461,13727022-b2b7-4708-9d97-c5fbc6d90ad2,christianlindner/2021-09-17_16-42-20_UTC_3.jpg,Unknown,,,,,,Unknown,christianlindner
2462,6632c1ae-82fb-4d3c-b364-18ea72138dc4,christianlindner/2021-09-26_17-24-53_UTC_1.jpg,Unknown,,,,,,Unknown,christianlindner
2463,51861f12-19b7-412c-b148-3198a6a231c8,christianlindner/2021-09-26_17-24-53_UTC_1.jpg,Unknown,,,,,,Unknown,christianlindner
2464,d509981a-1a2f-4981-825c-76d8e69ab093,christianlindner/2021-09-26_17-24-53_UTC_1.jpg,Unknown,,,,,,Unknown,christianlindner
2465,d1a15b17-16a5-45ac-8f8e-5b93f87dc4ff,christianlindner/2021-09-26_17-24-53_UTC_1.jpg,Christian Lindner,d9fbc863-1aed-44af-8419-b4d18c9b5d48.png,1.034927608549759,Facenet512,euclidean_l2,2.0,Christian Lindner,christianlindner
2466,fa0f8307-d8e0-461d-b5cf-a39e4516ac50,christianlindner/2021-09-26_17-24-53_UTC_1.jpg,Unknown,,,,,,Unknown,christianlindner
2467,2ea532cb-9372-4c0a-acec-9a49fd673227,christianlindner/2021-09-26_17-24-53_UTC_1.jpg,Unknown,,,,,,Unknown,christianlindner
2468,aa1677aa-e558-4666-a335-8cc07562b558,christianlindner/2021-09-26_17-24-53_UTC_1.jpg,Unknown,,,,,,Unknown,christianlindner
2469,aef76f80-3453-49fa-a555-2e2e9aa89091,christianlindner/2021-09-17_19-33-56_UTC_2.jpg,Christian Lindner,b2b81709-caad-45cc-b632-78901d5ab389.png,0.9226753219579934,Facenet512,euclidean_l2,18.0,Christian Lindner,christianlindner
2470,955f5f92-4e75-4a56-a1dd-2d614667a662,christianlindner/2021-09-17_19-33-56_UTC_2.jpg,Unknown,,,,,,Unknown,christianlindner
2471,52f9c618-a6b6-439f-aae2-dcab64534163,christianlindner/2021-09-15_18-37-22_UTC_4.jpg,Christian Lindner,,,,,,Unknown,christianlindner
2472,d69b4cae-cdee-4c1a-8dcb-bcc4d3f06dd7,christianlindner/2021-09-15_18-37-22_UTC_4.jpg,Unknown,,,,,,Unknown,christianlindner
2473,7bbebaf2-17ee-4fb9-8f2a-dfeced53c9e4,christianlindner/2021-09-15_18-37-22_UTC_4.jpg,Unknown,,,,,,Unknown,christianlindner
2474,e4354d16-57e0-4009-9388-a4d78711de22,christianlindner/2021-09-15_18-37-22_UTC_4.jpg,Unknown,,,,,,Unknown,christianlindner
2475,30f749d4-49a1-4d94-8315-a17ec476f4dd,christianlindner/2021-09-15_18-37-22_UTC_4.jpg,Unknown,,,,,,Unknown,christianlindner
2476,67399f4a-35c2-4393-a1a0-242b2fa5c0d3,christianlindner/2021-09-15_18-37-22_UTC_4.jpg,Unknown,,,,,,Unknown,christianlindner
2477,3eb532e9-e2b3-49df-9862-f722511e63af,christianlindner/2021-09-21_19-30-47_UTC_3.jpg,Unknown,,,,,,Unknown,christianlindner
2478,10477fee-dfaf-49aa-9360-5208bbb60c00,christianlindner/2021-09-21_19-30-47_UTC_3.jpg,Unknown,,,,,,Unknown,christianlindner
2479,4bdfd319-6deb-42fd-802e-ec895af2d2a7,christianlindner/2021-09-21_19-30-47_UTC_3.jpg,Unknown,,,,,,Unknown,christianlindner
2480,21a87f0e-781b-4861-b713-8a6b272e3a81,christianlindner/2021-09-21_19-30-47_UTC_3.jpg,Unknown,,,,,,Unknown,christianlindner
2481,0e70bbab-3eb7-4bdd-965d-54b242122515,christianlindner/2021-09-17_19-33-56_UTC_4.jpg,Unknown,,,,,,Unknown,christianlindner
2482,b9e51afb-e589-4e57-b24a-7daebdad18fe,christianlindner/2021-09-17_19-33-56_UTC_4.jpg,Unknown,,,,,,Unknown,christianlindner
2483,1425f955-c2b6-4241-afe8-b1694937f534,christianlindner/2021-09-17_19-33-56_UTC_4.jpg,Unknown,,,,,,Unknown,christianlindner
2484,6054404d-6a3b-4d3f-a59e-cd023e24ebc2,christianlindner/2021-09-17_19-33-56_UTC_4.jpg,Christian Lindner,d9fbc863-1aed-44af-8419-b4d18c9b5d48.png,0.6751942247185999,Facenet512,euclidean_l2,20.0,Christian Lindner,christianlindner
2485,665d65f5-35bf-4c2a-b4e4-2579311d9c87,christianlindner/2021-09-17_19-33-56_UTC_4.jpg,Unknown,,,,,,Unknown,christianlindner
2486,e4736f31-b927-42f5-b2e3-f205d6731cb0,fw_bayern/2021-09-24_11-10-06_UTC.jpg,Unknown,,,,,,Unknown,fw_bayern
2487,ef58cfb9-c14d-49cf-aafa-99ec8d2c0b87,fw_bayern/2021-09-24_11-10-06_UTC.jpg,Unknown,,,,,,Unknown,fw_bayern
2488,058bafe0-13fa-4c86-9de9-51923aa8567e,fw_bayern/2021-09-24_11-10-06_UTC.jpg,Unknown,,,,,,Unknown,fw_bayern
2489,654a03f0-d0b4-428e-81fd-358c10149754,fw_bayern/2021-09-23_15-11-31_UTC_3.jpg,Unknown,,,,,,Unknown,fw_bayern
2490,0fa87f0a-da21-4fb9-9e5f-ddd0e9ae245a,fw_bayern/2021-09-23_15-11-31_UTC_3.jpg,Unknown,,,,,,Unknown,fw_bayern
2491,47711364-e255-480e-906a-1cff9ee930e6,fw_bayern/2021-09-21_07-00-38_UTC.jpg,Unknown,,,,,,Unknown,fw_bayern
2492,da9083b7-7675-4a33-a9d8-573a5d7c7667,armin_laschet/2021-09-12_20-15-07_UTC.jpg,Armin Laschet,80b6f539-47d0-408e-8a0b-aadcffe513a5.png,0.5141995893374322,Facenet512,euclidean_l2,40.0,Armin Laschet,armin_laschet
2493,64853383-cfb1-458b-a03b-c4f9ecc79188,fw_bayern/2021-09-14_05-10-06_UTC.jpg,Unknown,,,,,,Unknown,fw_bayern
2494,8a362552-1dfd-4978-bdcf-889e665c7427,fw_bayern/2021-09-14_05-10-06_UTC.jpg,Unknown,,,,,,Unknown,fw_bayern
2495,f89e22a1-6cca-4cb7-9265-f6ce9454f764,fw_bayern/2021-09-25_11-15-06_UTC.jpg,Unknown,,,,,,Unknown,fw_bayern
2496,bd16e2f6-f1f4-4921-a411-bd572bee42d8,fw_bayern/2021-09-24_15-05-06_UTC.jpg,Unknown,,,,,,Unknown,fw_bayern
2497,d2a447eb-33ea-4fdf-9459-5c7c9bc58eeb,fw_bayern/2021-09-23_15-11-31_UTC_1.jpg,Unknown,,,,,,Unknown,fw_bayern
2498,79dbf7ef-e358-4e2c-aed3-181e7bf02023,fw_bayern/2021-09-23_15-11-31_UTC_1.jpg,Unknown,,,,,,Unknown,fw_bayern
2499,b1411e78-1391-4ea7-93ea-8c157edd0f77,fw_bayern/2021-09-23_15-11-31_UTC_1.jpg,Unknown,,,,,,Unknown,fw_bayern
2500,d83c150c-f49c-4727-80fe-4e9748dfe5c3,fw_bayern/2021-09-23_15-11-31_UTC_1.jpg,Unknown,,,,,,Unknown,fw_bayern
2501,9db910a5-9212-4f43-aa53-419aa8179a63,fw_bayern/2021-09-23_15-11-31_UTC_1.jpg,Unknown,,,,,,Unknown,fw_bayern
2502,c856f0c0-14df-4927-81cf-7fbdbc20e066,fw_bayern/2021-09-23_15-11-31_UTC_1.jpg,Unknown,,,,,,Unknown,fw_bayern
2503,7d20735b-6f8e-4082-91a3-e1a0f3f668ff,fw_bayern/2021-09-23_15-11-31_UTC_1.jpg,Unknown,,,,,,Unknown,fw_bayern
2504,70fe6c56-4bfe-42f1-8fec-7229b6ffd75d,fw_bayern/2021-09-23_15-11-31_UTC_1.jpg,Unknown,,,,,,Unknown,fw_bayern
2505,4156ab70-8f63-4572-acb7-8e3695a06b75,fw_bayern/2021-09-23_15-11-31_UTC_1.jpg,Unknown,,,,,,Unknown,fw_bayern
2506,3015d4e3-58e2-499c-8fb2-e659e562fe47,fw_bayern/2021-09-23_15-11-31_UTC_1.jpg,Unknown,,,,,,Unknown,fw_bayern
2507,e8a52e3c-39ca-4a82-a96c-b36e5c309359,fw_bayern/2021-09-23_15-11-31_UTC_1.jpg,Unknown,,,,,,Unknown,fw_bayern
2508,5c981cc9-1760-42d8-86ba-04c142a87791,fw_bayern/2021-09-20_05-05-05_UTC.jpg,Unknown,,,,,,Unknown,fw_bayern
2509,950a36c9-6ef7-4a2b-828c-70368a883259,fw_bayern/2021-09-23_19-14-46_UTC_1.jpg,Unknown,,,,,,Unknown,fw_bayern
2510,c6074b65-8cf5-45a8-931c-37bac3287158,fw_bayern/2021-09-24_05-33-37_UTC.jpg,Unknown,,,,,,Unknown,fw_bayern
2511,11bdf095-7da5-4840-908b-b1296a6ee0a2,fw_bayern/2021-09-24_13-15-08_UTC.jpg,Unknown,,,,,,Unknown,fw_bayern
2512,e4749e3c-2bcd-4097-87ab-3502a59f19a8,fw_bayern/2021-09-24_13-15-08_UTC.jpg,Unknown,,,,,,Unknown,fw_bayern
2513,4e40f186-22e9-4d91-9b71-c1b83f337798,fw_bayern/2021-09-14_09-15-08_UTC.jpg,Unknown,,,,,,Unknown,fw_bayern
2514,962462fe-e1cc-4aa9-a907-4dd868f45077,fw_bayern/2021-09-25_05-10-14_UTC.jpg,Unknown,,,,,,Unknown,fw_bayern
2515,f2b4e480-786a-4f4f-a137-ac81ac1b3eee,armin_laschet/2021-09-24_13-34-04_UTC_3.jpg,Armin Laschet,b95e4651-bf56-4f12-8d9c-4defe1aef9b0.png,0.5810312478679357,Facenet512,euclidean_l2,40.0,Armin Laschet,armin_laschet
2516,d2911d75-bb43-4d91-b574-1fd87d5cf333,fw_bayern/2021-09-15_19-43-48_UTC.jpg,Unknown,,,,,,Unknown,fw_bayern
2517,6b3726d5-9cbc-45d4-be1a-c334cb8e555b,fw_bayern/2021-09-23_08-06-12_UTC.jpg,Unknown,,,,,,Unknown,fw_bayern
2518,ba3e481a-d346-438a-9b8f-75eae51d26e3,fw_bayern/2021-09-22_19-02-44_UTC_2.jpg,Unknown,,,,,,Unknown,fw_bayern
2519,ff7c41bb-5ee6-4358-ace9-f9c36d1991bc,fw_bayern/2021-09-23_19-14-46_UTC_2.jpg,Unknown,,,,,,Unknown,fw_bayern
2520,c3b6f4e4-cbda-4787-94e6-7a2aee3e343b,fw_bayern/2021-09-23_19-14-46_UTC_2.jpg,Unknown,,,,,,Unknown,fw_bayern
2521,97f1c637-2947-4826-b19d-31c3ccbc9012,fw_bayern/2021-09-23_19-14-46_UTC_2.jpg,Unknown,,,,,,Unknown,fw_bayern
2522,d1d214a1-39bc-4fe4-8089-73b76ebcfd86,fw_bayern/2021-09-22_16-22-51_UTC.jpg,Unknown,,,,,,Unknown,fw_bayern
2523,a8c2ba08-5d05-4b0f-96de-a7a589313da3,fw_bayern/2021-09-25_12-55-07_UTC.jpg,Unknown,,,,,,Unknown,fw_bayern
2524,bea8f4bd-0e68-4385-9543-5e44359961f7,fw_bayern/2021-09-25_12-55-07_UTC.jpg,Unknown,,,,,,Unknown,fw_bayern
2525,773328ac-dae9-430e-829d-80b68a9b8779,fw_bayern/2021-09-22_19-02-44_UTC_1.jpg,Unknown,,,,,,Unknown,fw_bayern
2526,3c910064-5e73-4e8c-b4a6-16438231bd18,fw_bayern/2021-09-22_19-02-44_UTC_1.jpg,Unknown,,,,,,Unknown,fw_bayern
2527,09ebe5a1-5a18-4eb2-87a8-c8f25fd2c6bc,fw_bayern/2021-09-22_19-02-44_UTC_1.jpg,Unknown,,,,,,Unknown,fw_bayern
2528,7df49eb2-ab80-476d-b81a-8598dc9485f6,fw_bayern/2021-09-22_19-02-44_UTC_1.jpg,Unknown,,,,,,Unknown,fw_bayern
2529,0c95e3e8-d3cc-4f30-a6e6-58bab27f5d5d,fw_bayern/2021-09-22_19-02-44_UTC_1.jpg,Unknown,,,,,,Unknown,fw_bayern
2530,83161471-8d6b-4602-8917-bf6d9eeb0ed9,fw_bayern/2021-09-16_09-55-06_UTC.jpg,Unknown,,,,,,Unknown,fw_bayern
2531,9b9d13ad-b598-4a2c-bcbd-e651ed532538,fw_bayern/2021-09-26_18-45-03_UTC.jpg,Unknown,,,,,,Unknown,fw_bayern
2532,5b16d129-7e8d-47c6-8b5e-05a82180ab6e,fw_bayern/2021-09-13_16-35-07_UTC.jpg,Unknown,,,,,,Unknown,fw_bayern
2533,5fa2d373-c7f5-4f86-a3ea-b158db8eafa3,fw_bayern/2021-09-13_16-35-07_UTC.jpg,Unknown,,,,,,Unknown,fw_bayern
2534,4dd65dcb-b72f-43f7-be2e-8f59290b7e1a,armin_laschet/2021-09-17_12-59-07_UTC_5.jpg,Armin Laschet,5efa5b53-ada6-486e-8b66-4c6330a71ea7.png,0.6241876945249811,Facenet512,euclidean_l2,40.0,Armin Laschet,armin_laschet
2535,310e0ca3-b5a3-4d48-b7ed-cebb620f2975,armin_laschet/2021-09-17_12-59-07_UTC_5.jpg,Unknown,872af970-553e-4d30-abdc-252f937b8d70.png,1.028272130268744,Facenet512,euclidean_l2,2.0,Armin Laschet,armin_laschet
2536,f9504cd8-296a-4fcf-a6b3-fdccbbfa339a,fw_bayern/2021-09-18_05-15-06_UTC.jpg,Unknown,,,,,,Unknown,fw_bayern
2537,77576c5c-50d7-43e2-b63c-17ff2935556d,fw_bayern/2021-09-23_15-11-31_UTC_2.jpg,Unknown,,,,,,Unknown,fw_bayern
2538,f38f4415-ab1d-4441-bbde-69c02b5e58a1,fw_bayern/2021-09-23_15-11-31_UTC_2.jpg,Unknown,,,,,,Unknown,fw_bayern
2539,09cf6215-c164-4f52-8a51-7ab180fddd3a,fw_bayern/2021-09-23_15-11-31_UTC_2.jpg,Unknown,,,,,,Unknown,fw_bayern
2540,16272881-f058-4da0-8dbb-78cbb72ed313,fw_bayern/2021-09-23_15-11-31_UTC_2.jpg,Unknown,,,,,,Unknown,fw_bayern
2541,4437f880-2a63-457b-a2ff-597c2a224f00,fw_bayern/2021-09-23_15-11-31_UTC_2.jpg,Unknown,,,,,,Unknown,fw_bayern
2542,468bb33a-0687-488a-8344-d0e744135c08,fw_bayern/2021-09-23_15-11-31_UTC_2.jpg,Unknown,,,,,,Unknown,fw_bayern
2543,08ac9267-d199-4f7f-9ed0-c2dad197312f,fw_bayern/2021-09-23_15-11-31_UTC_2.jpg,Unknown,,,,,,Unknown,fw_bayern
2544,71d5c6f1-d175-4238-807e-2ed0167dbe3d,fw_bayern/2021-09-23_15-11-31_UTC_2.jpg,Unknown,,,,,,Unknown,fw_bayern
2545,1eaf09f9-d1b7-47a9-8be4-03cf70c973d9,fw_bayern/2021-09-23_15-11-31_UTC_2.jpg,Unknown,,,,,,Unknown,fw_bayern
2546,4b7374b4-57f4-4dbc-a873-8c39b7c65f88,fw_bayern/2021-09-23_15-11-31_UTC_2.jpg,Unknown,,,,,,Unknown,fw_bayern
2547,68f4d613-0d84-4087-bbca-f8e1c6ad37ed,fw_bayern/2021-09-26_06-21-40_UTC.jpg,Unknown,,,,,,Unknown,fw_bayern
2548,afa43017-6fef-4bf3-9183-0c477ea1829c,fw_bayern/2021-09-25_08-05-06_UTC.jpg,Unknown,,,,,,Unknown,fw_bayern
2549,f8f6cc98-8bce-44c9-b2f1-c7bc92685819,fw_bayern/2021-09-26_22-40-14_UTC.jpg,Unknown,,,,,,Unknown,fw_bayern
2550,897a1e2f-12e8-4968-a3ba-161cb95cf74f,fw_bayern/2021-09-26_22-40-14_UTC.jpg,Unknown,,,,,,Unknown,fw_bayern
2551,49d65d23-6665-4f82-871d-b378904f14ee,fw_bayern/2021-09-26_22-40-14_UTC.jpg,Unknown,,,,,,Unknown,fw_bayern
2552,93d225e3-e59f-4111-bfee-48a5fe596635,fw_bayern/2021-09-26_22-40-14_UTC.jpg,Unknown,,,,,,Unknown,fw_bayern
2553,c5b56338-9469-4ccc-bdd3-7195dc66b686,fw_bayern/2021-09-26_22-40-14_UTC.jpg,Unknown,,,,,,Unknown,fw_bayern
2554,261f11eb-d1ad-4a67-a853-324bf0a21740,die_gruenen/2021-09-24_15-45-55_UTC_1.jpg,Unknown,,,,,,Unknown,die_gruenen
2555,a05781c4-7cb4-4d88-b99b-71c688f44833,die_gruenen/2021-09-24_15-45-55_UTC_1.jpg,Unknown,,,,,,Unknown,die_gruenen
2556,24f5a02f-82e8-412f-b4d9-d4ca00e211a9,die_gruenen/2021-09-23_12-40-16_UTC_1.jpg,Unknown,,,,,,Unknown,die_gruenen
2557,0f99b235-3679-455e-938a-3c40eeadc755,die_gruenen/2021-09-23_12-40-16_UTC_1.jpg,Unknown,,,,,,Unknown,die_gruenen
2558,93a73fd7-4350-4f06-8d57-4dcae39b49e0,die_gruenen/2021-09-23_12-40-16_UTC_1.jpg,Unknown,,,,,,Unknown,die_gruenen
2559,93b19a4a-5bee-414a-a3cf-be29e6974d52,die_gruenen/2021-09-12_08-27-20_UTC.jpg,Annalena Baerbock,7bd1824e-e163-4963-9f53-3063e9dcc721.png,0.3059444662196297,Facenet512,euclidean_l2,26.0,Annalena Baerbock,die_gruenen
2560,6ebb956d-3dfd-4853-b173-13340e3afcb9,die_gruenen/2021-09-24_16-22-56_UTC.jpg,Annalena Baerbock,7043f13e-1c39-4e44-97a1-5130e364ed41.png,0.5751375202140737,Facenet512,euclidean_l2,26.0,Annalena Baerbock,die_gruenen
2561,a3dfffa4-2d0e-4340-b607-f2ba5a7c4f43,die_gruenen/2021-09-13_06-24-47_UTC.jpg,Unknown,,,,,,Unknown,die_gruenen
2562,61d4addb-01f0-4744-9670-1ad12be5e31b,armin_laschet/2021-09-26_23-29-21_UTC_1.jpg,Armin Laschet,c0c7aedd-97dc-4394-8336-f812c19fc1a2.png,0.6868313964570278,Facenet512,euclidean_l2,40.0,Armin Laschet,armin_laschet
2563,25276626-fed6-4680-9b59-de96c343864c,armin_laschet/2021-09-26_23-29-21_UTC_1.jpg,Unknown,,,,,,Unknown,armin_laschet
2564,81505ad1-6a29-4b59-989a-369a8b569f69,armin_laschet/2021-09-26_23-29-21_UTC_1.jpg,Unknown,,,,,,Unknown,armin_laschet
2565,1d949474-f9fc-43b3-a23f-a44d1ce654db,armin_laschet/2021-09-26_23-29-21_UTC_1.jpg,Unknown,,,,,,Unknown,armin_laschet
2566,6518c96a-eda8-4fe2-bbdf-de9d9b11aa62,armin_laschet/2021-09-26_23-29-21_UTC_1.jpg,Unknown,,,,,,Unknown,armin_laschet
2567,a1085212-10f6-43d5-8542-8b9128ed66b8,armin_laschet/2021-09-26_23-29-21_UTC_1.jpg,Unknown,,,,,,Unknown,armin_laschet
2568,92570930-49c1-44f3-8824-cae510645d03,armin_laschet/2021-09-26_23-29-21_UTC_1.jpg,Unknown,,,,,,Unknown,armin_laschet
2569,53dbad8e-dd54-46b1-bbb2-1fd3ce2e323c,armin_laschet/2021-09-26_23-29-21_UTC_1.jpg,Unknown,,,,,,Unknown,armin_laschet
2570,f4c9aa60-b93b-4e44-a3b9-2e8d55103446,armin_laschet/2021-09-26_23-29-21_UTC_1.jpg,Unknown,,,,,,Unknown,armin_laschet
2571,878551fc-c251-4405-8487-91265206c1c3,armin_laschet/2021-09-26_23-29-21_UTC_1.jpg,Unknown,,,,,,Unknown,armin_laschet
2572,a2577d41-6203-463e-8ca5-96bf61c0dd2b,armin_laschet/2021-09-26_23-29-21_UTC_1.jpg,Unknown,,,,,,Unknown,armin_laschet
2573,378bd396-79c9-4d5f-be51-7c953f5c6d77,armin_laschet/2021-09-26_23-29-21_UTC_1.jpg,Unknown,,,,,,Unknown,armin_laschet
2574,18bd5d1e-0243-412b-b4f0-7d1f6460f0a0,armin_laschet/2021-09-26_23-29-21_UTC_1.jpg,Unknown,,,,,,Unknown,armin_laschet
2575,b63c74db-1d64-4fa5-b45b-451ce974d4b5,armin_laschet/2021-09-26_23-29-21_UTC_1.jpg,Unknown,,,,,,Unknown,armin_laschet
2576,88ccb0e5-7d8f-47a1-8e64-4f2c2e172f76,armin_laschet/2021-09-26_23-29-21_UTC_1.jpg,Unknown,,,,,,Unknown,armin_laschet
2577,78decf2c-0395-4276-91af-391c7033bd96,die_gruenen/2021-09-22_09-47-57_UTC.jpg,Annalena Baerbock,9a8aa257-6928-4d20-bb76-b003078f551d.png,0.550556534228074,Facenet512,euclidean_l2,26.0,Annalena Baerbock,die_gruenen
2578,97de8175-00d0-4a9b-a203-afedc9d829b5,die_gruenen/2021-09-13_12-11-28_UTC.jpg,Unknown,,,,,,Unknown,die_gruenen
2579,917fb515-99a8-4c9a-9913-5c0abb72d615,die_gruenen/2021-09-13_12-11-28_UTC.jpg,Unknown,,,,,,Unknown,die_gruenen
2580,1fb6aec1-436e-420f-9e9a-c09ba1ee6943,die_gruenen/2021-09-13_12-11-28_UTC.jpg,Unknown,,,,,,Unknown,die_gruenen
2581,d39ac172-eea7-411a-8427-4e7013631fcb,die_gruenen/2021-09-25_09-13-34_UTC.jpg,Robert Habeck,,,,,,Unknown,die_gruenen
2582,d15431f2-84ff-4e4c-bc71-cbdbe6ca2954,die_gruenen/2021-09-25_09-13-34_UTC.jpg,Annalena Baerbock,b5ea8be6-69b9-4fdb-8813-88f307903fb4.png,0.759714352744367,Facenet512,euclidean_l2,26.0,Annalena Baerbock,die_gruenen
2583,f778415b-7f1c-4f17-8416-d6186180ce41,die_gruenen/2021-09-12_16-05-53_UTC.jpg,Unknown,,,,,,Unknown,die_gruenen
2584,4e3ac0f7-e882-4225-98b5-63c67e904eef,die_gruenen/2021-09-24_06-30-37_UTC.jpg,Unknown,,,,,,Unknown,die_gruenen
2585,1c7a3af1-17e4-4561-b462-54c268520295,die_gruenen/2021-09-24_06-30-37_UTC.jpg,Unknown,,,,,,Unknown,die_gruenen
2586,beea445f-d7de-4965-8875-f0c49b92b919,die_gruenen/2021-09-24_06-30-37_UTC.jpg,Unknown,,,,,,Unknown,die_gruenen
2587,e0b76a27-1ed2-4434-bf78-1c9fd346d075,die_gruenen/2021-09-12_20-30-05_UTC.jpg,Unknown,,,,,,Unknown,die_gruenen
2588,943d8b84-ada2-4193-921f-07f0c3fdedfd,die_gruenen/2021-09-12_20-30-05_UTC.jpg,Unknown,,,,,,Unknown,die_gruenen
2589,22f7d6a3-b94b-449a-9bdb-821930ec4826,die_gruenen/2021-09-26_17-47-12_UTC.jpg,Annalena Baerbock,8ecf25a6-4fe7-4768-ab40-bbf7ce516bd2.png,0.5562278916772889,Facenet512,euclidean_l2,26.0,Annalena Baerbock,die_gruenen
2590,378cc528-892c-4d72-b43e-99f59698e950,die_gruenen/2021-09-26_17-47-12_UTC.jpg,Robert Habeck,,,,,,Unknown,die_gruenen
2591,ced47feb-54fa-48ad-9338-92b56a59f019,die_gruenen/2021-09-25_13-20-51_UTC_3.jpg,Unknown,,,,,,Unknown,die_gruenen
2592,eff083bd-6c51-47fc-8524-ade37e9c059f,die_gruenen/2021-09-19_12-05-44_UTC.jpg,Annalena Baerbock,b5ea8be6-69b9-4fdb-8813-88f307903fb4.png,0.369838800850309,Facenet512,euclidean_l2,26.0,Annalena Baerbock,die_gruenen
2593,1aa7802f-1a65-4b6e-a11e-6267f45b91d0,die_gruenen/2021-09-25_13-20-51_UTC_4.jpg,Unknown,,,,,,Unknown,die_gruenen
2594,05877f76-f358-4414-b00c-da687b723fcb,armin_laschet/2021-09-25_12-43-21_UTC_5.jpg,Armin Laschet,,,,,,Unknown,armin_laschet
2595,0f63bf17-09c1-4158-8d15-1afef5261824,armin_laschet/2021-09-25_12-43-21_UTC_5.jpg,Unknown,,,,,,Unknown,armin_laschet
2596,39a1fb52-48e4-4c7b-bf82-46432c5dc958,armin_laschet/2021-09-25_12-43-21_UTC_5.jpg,Unknown,,,,,,Unknown,armin_laschet
2597,aead5c05-6dfe-4f66-b188-5b9a48fc8bcf,armin_laschet/2021-09-25_12-43-21_UTC_5.jpg,Unknown,,,,,,Unknown,armin_laschet
2598,30c99d47-5dab-42ea-9c42-c7cc2a1130e1,armin_laschet/2021-09-25_12-43-21_UTC_5.jpg,Unknown,,,,,,Unknown,armin_laschet
2599,b61343a9-ea72-4d26-871a-c19597b2c60f,armin_laschet/2021-09-25_12-43-21_UTC_5.jpg,Unknown,,,,,,Unknown,armin_laschet
2600,f2a71ef2-2df0-48cb-a941-32aaa0cb33e6,armin_laschet/2021-09-25_12-43-21_UTC_5.jpg,Unknown,,,,,,Unknown,armin_laschet
2601,afb0d2b6-2deb-4d43-8375-a50f829d093e,armin_laschet/2021-09-24_20-50-28_UTC_1.jpg,Armin Laschet,1f347af9-a36f-4727-923b-4c1a1e934ab9.png,0.8059735665464685,Facenet512,euclidean_l2,34.0,Armin Laschet,armin_laschet
2602,6eddab52-87fa-40de-b116-925865777a00,armin_laschet/2021-09-24_20-50-28_UTC_1.jpg,Unknown,,,,,,Unknown,armin_laschet
2603,ec6dd6e3-ad12-4963-acbd-6dbf912cc0cd,armin_laschet/2021-09-24_20-50-28_UTC_1.jpg,Unknown,,,,,,Unknown,armin_laschet
2604,d70d52bf-e994-4423-9675-14255f1a11d4,armin_laschet/2021-09-24_20-50-28_UTC_1.jpg,Unknown,,,,,,Unknown,armin_laschet
2605,5e03d013-1c96-4a32-a1e7-4a4a004e7a25,armin_laschet/2021-09-24_20-50-28_UTC_1.jpg,Markus Söder,,,,,,Unknown,armin_laschet
2606,86427054-06f4-40fc-ab12-bf722a39940a,armin_laschet/2021-09-24_20-50-28_UTC_1.jpg,Unknown,,,,,,Unknown,armin_laschet
2607,0273e1dc-99e2-4bbb-8023-8dc06aab2c1f,armin_laschet/2021-09-24_20-50-28_UTC_1.jpg,Unknown,,,,,,Unknown,armin_laschet
2608,0d2944f1-0f74-4c30-b40e-30a2152ce898,armin_laschet/2021-09-24_20-50-28_UTC_1.jpg,Unknown,,,,,,Unknown,armin_laschet
2609,b0d3f5f3-546b-4964-9bf4-c47e7b8af691,armin_laschet/2021-09-24_20-50-28_UTC_1.jpg,Unknown,,,,,,Unknown,armin_laschet
2610,c068df02-72e9-496b-8573-502f20ab794c,armin_laschet/2021-09-24_20-50-28_UTC_1.jpg,Unknown,,,,,,Unknown,armin_laschet
2611,ad747b60-72d5-412c-8b1a-12c165824e5d,armin_laschet/2021-09-24_20-50-28_UTC_1.jpg,Unknown,,,,,,Unknown,armin_laschet
2612,ef448582-3da6-4e9e-94ab-5065cb145772,armin_laschet/2021-09-24_20-50-28_UTC_1.jpg,Unknown,,,,,,Unknown,armin_laschet
2613,0321003d-0170-4211-952d-105d7993c4cf,armin_laschet/2021-09-24_20-50-28_UTC_1.jpg,Unknown,,,,,,Unknown,armin_laschet
2614,7267c450-c167-48a3-a2b5-c1f541fb5815,armin_laschet/2021-09-24_20-50-28_UTC_1.jpg,Unknown,,,,,,Unknown,armin_laschet
2615,4e398024-33eb-41a0-b1ea-001f1e633335,armin_laschet/2021-09-24_20-50-28_UTC_1.jpg,Unknown,,,,,,Unknown,armin_laschet
2616,0d1848ef-30bb-4c76-aa0b-c6320be2af6f,armin_laschet/2021-09-24_20-50-28_UTC_1.jpg,Unknown,,,,,,Unknown,armin_laschet
2617,bfa924f2-78da-483a-9a35-1b59074475e9,armin_laschet/2021-09-24_20-50-28_UTC_1.jpg,Unknown,,,,,,Unknown,armin_laschet
2618,34917812-c6be-4ff1-82c0-ff71e8c8ace3,armin_laschet/2021-09-24_20-50-28_UTC_1.jpg,Unknown,,,,,,Unknown,armin_laschet
2619,555f5793-6636-4c14-88a5-42cee7708f27,armin_laschet/2021-09-24_20-50-28_UTC_1.jpg,Unknown,,,,,,Unknown,armin_laschet
2620,2b8d22b2-e626-4614-9abb-fd258f6bea33,armin_laschet/2021-09-24_20-50-28_UTC_1.jpg,Unknown,,,,,,Unknown,armin_laschet
2621,52dbc857-7548-4258-b23a-ba75effb7bca,armin_laschet/2021-09-24_20-50-28_UTC_1.jpg,Unknown,,,,,,Unknown,armin_laschet
2622,337a1e53-1fc6-4a69-b43b-0d1a73e4d85c,armin_laschet/2021-09-24_20-50-28_UTC_1.jpg,Unknown,,,,,,Unknown,armin_laschet
2623,180461b7-3628-4bac-8dae-86551fc0f6b4,die_gruenen/2021-09-25_13-20-51_UTC_7.jpg,Unknown,,,,,,Unknown,die_gruenen
2624,d350422f-6c5e-4ad5-bb0a-99e598af13df,die_gruenen/2021-09-25_13-20-51_UTC_2.jpg,Unknown,,,,,,Unknown,die_gruenen
2625,e01d7d75-f609-4dcb-b940-aec7fc00c824,die_gruenen/2021-09-13_16-46-33_UTC.jpg,Annalena Baerbock,9a8aa257-6928-4d20-bb76-b003078f551d.png,0.4197924115248589,Facenet512,euclidean_l2,26.0,Annalena Baerbock,die_gruenen
2626,19978f1f-c6ca-4f6c-a4d7-092e033f6dc9,die_gruenen/2021-09-23_14-13-06_UTC_1.jpg,Unknown,,,,,,Unknown,die_gruenen
2627,f5465ae5-d50d-4a1f-9ef9-87428854f29e,die_gruenen/2021-09-23_14-13-06_UTC_1.jpg,Unknown,,,,,,Unknown,die_gruenen
2628,861be383-bc35-4020-bee2-cbe0dfebf64a,die_gruenen/2021-09-19_14-02-17_UTC.jpg,Robert Habeck,,,,,,Unknown,die_gruenen
2629,d2382be2-cd62-4e85-9f12-1d6813bbd67a,die_gruenen/2021-09-19_06-34-40_UTC_1.jpg,Unknown,,,,,,Unknown,die_gruenen
2630,cf081d5a-75c2-4a65-9899-dac7c06fd6cb,die_gruenen/2021-09-23_20-30-28_UTC.jpg,Annalena Baerbock,9a8aa257-6928-4d20-bb76-b003078f551d.png,0.5015831204088831,Facenet512,euclidean_l2,26.0,Annalena Baerbock,die_gruenen
2631,70a5c231-f907-4900-a48a-53836025bba5,die_gruenen/2021-09-17_15-18-32_UTC_1.jpg,Unknown,,,,,,Unknown,die_gruenen
2632,91339856-472f-4ea4-9cae-bbd15ba43bf4,die_gruenen/2021-09-17_15-18-32_UTC_1.jpg,Unknown,,,,,,Unknown,die_gruenen
2633,a071db74-1f19-4d8d-a268-82b3750c0ab7,die_gruenen/2021-09-20_08-47-11_UTC.jpg,Unknown,,,,,,Unknown,die_gruenen
2634,aeae1aca-c8e1-4ec0-aff0-d1202f4f0b36,die_gruenen/2021-09-20_14-10-58_UTC.jpg,Annalena Baerbock,8ecf25a6-4fe7-4768-ab40-bbf7ce516bd2.png,0.5667435116468735,Facenet512,euclidean_l2,26.0,Annalena Baerbock,die_gruenen
2635,c5600867-5757-4125-b46a-fc3f16d0ee78,armin_laschet/2021-09-25_12-43-21_UTC_2.jpg,Unknown,,,,,,Unknown,armin_laschet
2636,6ee4bb3d-2e6a-49f9-aa89-7f8261567ead,armin_laschet/2021-09-25_12-43-21_UTC_2.jpg,Unknown,,,,,,Unknown,armin_laschet
2637,b5d99d6b-2dbc-4281-8548-93f0bfbd1ded,armin_laschet/2021-09-25_12-43-21_UTC_2.jpg,Unknown,,,,,,Unknown,armin_laschet
2638,58d66a60-241b-495a-a44d-fa75c7cecdce,armin_laschet/2021-09-25_12-43-21_UTC_2.jpg,Unknown,,,,,,Unknown,armin_laschet
2639,a05dd065-792b-4f01-b8e2-b2eb0635b669,armin_laschet/2021-09-25_12-43-21_UTC_2.jpg,Unknown,,,,,,Unknown,armin_laschet
2640,bcf32712-c153-410d-a5e5-6ffbce99c62e,armin_laschet/2021-09-25_12-43-21_UTC_2.jpg,Unknown,,,,,,Unknown,armin_laschet
2641,cc448bb8-94e3-40c2-8381-9a4dcf1dba89,armin_laschet/2021-09-25_12-43-21_UTC_2.jpg,Unknown,,,,,,Unknown,armin_laschet
2642,2c7197c3-5fe1-463b-9cf7-8fc8136ae4d3,armin_laschet/2021-09-25_12-43-21_UTC_2.jpg,Unknown,,,,,,Unknown,armin_laschet
2643,f73cd993-4047-4fb2-9a1e-7cf1c631e5f8,armin_laschet/2021-09-25_12-43-21_UTC_2.jpg,Unknown,,,,,,Unknown,armin_laschet
2644,d0e47d57-f7aa-4546-9930-246788b8c085,armin_laschet/2021-09-25_12-43-21_UTC_2.jpg,Unknown,,,,,,Unknown,armin_laschet
2645,1189499d-b34b-4bbf-a1e1-a6b4dd4c1fd9,armin_laschet/2021-09-25_12-43-21_UTC_2.jpg,Unknown,,,,,,Unknown,armin_laschet
2646,7dd8b706-c7d0-4bfb-a361-07acab7834cd,armin_laschet/2021-09-25_12-43-21_UTC_2.jpg,Unknown,,,,,,Unknown,armin_laschet
2647,47e77e94-f20a-4e59-8a3a-c64852420352,armin_laschet/2021-09-25_12-43-21_UTC_2.jpg,Unknown,,,,,,Unknown,armin_laschet
2648,15a43ef4-6552-4221-855c-da9b693e1cf2,armin_laschet/2021-09-25_12-43-21_UTC_2.jpg,Unknown,,,,,,Unknown,armin_laschet
2649,d65f69d0-e922-4de6-ac2d-ad295ba5325b,armin_laschet/2021-09-25_12-43-21_UTC_2.jpg,Unknown,,,,,,Unknown,armin_laschet
2650,eb4f9b6a-0d72-4254-8f71-9c9d86b2b9b5,armin_laschet/2021-09-25_12-43-21_UTC_2.jpg,Unknown,,,,,,Unknown,armin_laschet
2651,7463bb71-a888-45ff-8c64-340fd4ef195b,armin_laschet/2021-09-25_12-43-21_UTC_2.jpg,Unknown,,,,,,Unknown,armin_laschet
2652,00dfe1dc-11b3-4445-b41e-6643b2072dac,armin_laschet/2021-09-25_12-43-21_UTC_2.jpg,Unknown,,,,,,Unknown,armin_laschet
2653,85713334-db6f-45c7-833c-477c9641f529,armin_laschet/2021-09-25_12-43-21_UTC_2.jpg,Unknown,,,,,,Unknown,armin_laschet
2654,8c11be88-7701-4d09-a886-b9dfb07daa28,armin_laschet/2021-09-25_12-43-21_UTC_2.jpg,Unknown,,,,,,Unknown,armin_laschet
2655,16fb5d05-cd0b-4817-867a-345f370c7fc4,armin_laschet/2021-09-25_12-43-21_UTC_2.jpg,Unknown,,,,,,Unknown,armin_laschet
2656,a155f24d-1fe3-4517-b8f7-b0d0a8eec0cd,armin_laschet/2021-09-25_12-43-21_UTC_2.jpg,Unknown,,,,,,Unknown,armin_laschet
2657,983de468-46cc-4b89-b6ef-f1eddac08850,armin_laschet/2021-09-25_12-43-21_UTC_2.jpg,Unknown,,,,,,Unknown,armin_laschet
2658,7710b5d7-e5ea-438e-bb8b-c97cab034374,armin_laschet/2021-09-25_12-43-21_UTC_2.jpg,Unknown,,,,,,Unknown,armin_laschet
2659,f0210222-b35e-426e-819d-ea09741ddbb0,armin_laschet/2021-09-25_12-43-21_UTC_2.jpg,Unknown,,,,,,Unknown,armin_laschet
2660,3966f62c-1b42-4347-bbde-b87a6f009d96,armin_laschet/2021-09-25_12-43-21_UTC_2.jpg,Unknown,,,,,,Unknown,armin_laschet
2661,99d4b15e-2fe7-4cbb-9d64-d9e45496740d,armin_laschet/2021-09-25_12-43-21_UTC_2.jpg,Unknown,,,,,,Unknown,armin_laschet
2662,588c638d-b36d-426a-a0ea-81413b8e577c,armin_laschet/2021-09-25_12-43-21_UTC_2.jpg,Unknown,,,,,,Unknown,armin_laschet
2663,c1756981-3318-4171-b2c9-f0955f3aed33,armin_laschet/2021-09-25_12-43-21_UTC_2.jpg,Unknown,,,,,,Unknown,armin_laschet
2664,782cd425-6ee6-45b9-b9c0-2fc589671e81,armin_laschet/2021-09-25_12-43-21_UTC_2.jpg,Unknown,,,,,,Unknown,armin_laschet
2665,96c79645-1407-4306-af1e-2292d506133b,armin_laschet/2021-09-25_12-43-21_UTC_2.jpg,Unknown,,,,,,Unknown,armin_laschet
2666,2caec161-532f-4b5b-93af-646da7a87758,armin_laschet/2021-09-25_12-43-21_UTC_2.jpg,Unknown,,,,,,Unknown,armin_laschet
2667,bd45715b-87a8-4778-9971-c38ce9077b5c,armin_laschet/2021-09-25_12-43-21_UTC_2.jpg,Unknown,6b5fba44-8fb8-4e07-98e3-960e82e765a9.png,1.019991820828395,Facenet512,euclidean_l2,2.0,Armin Laschet,armin_laschet
2668,8ff9ff5d-8d18-49f8-8885-e1a701375fa5,armin_laschet/2021-09-25_12-43-21_UTC_2.jpg,Unknown,,,,,,Unknown,armin_laschet
2669,0cfaaa6b-20e8-49a6-8891-36df33354245,armin_laschet/2021-09-25_12-43-21_UTC_2.jpg,Unknown,,,,,,Unknown,armin_laschet
2670,0eb24b7e-b1d3-4440-81f8-69fb264b18e6,armin_laschet/2021-09-25_12-43-21_UTC_2.jpg,Unknown,,,,,,Unknown,armin_laschet
2671,b2d8ae72-d299-41f6-bf11-4cd0fad2f9aa,armin_laschet/2021-09-25_12-43-21_UTC_2.jpg,Unknown,,,,,,Unknown,armin_laschet
2672,ff964359-b826-408d-8b34-1e632d671ca7,armin_laschet/2021-09-25_12-43-21_UTC_2.jpg,Unknown,,,,,,Unknown,armin_laschet
2673,c863a69f-8eae-4a2f-9ecc-ac410a717634,armin_laschet/2021-09-25_12-43-21_UTC_2.jpg,Unknown,,,,,,Unknown,armin_laschet
2674,c7db0cfa-ea3c-4a1a-b0fb-680ebea1c40e,armin_laschet/2021-09-25_12-43-21_UTC_2.jpg,Unknown,,,,,,Unknown,armin_laschet
2675,6d985f00-6b21-4664-bf29-cfc07a667408,armin_laschet/2021-09-25_12-43-21_UTC_2.jpg,Unknown,,,,,,Unknown,armin_laschet
2676,07d4963d-9a5a-4a31-988c-c2bb99c612be,armin_laschet/2021-09-25_12-43-21_UTC_2.jpg,Unknown,,,,,,Unknown,armin_laschet
2677,ca399aab-bb80-4e09-be2c-59da24a21ae8,armin_laschet/2021-09-25_12-43-21_UTC_2.jpg,Unknown,,,,,,Unknown,armin_laschet
2678,a69b7528-081c-49b8-950a-092e733e0167,armin_laschet/2021-09-25_12-43-21_UTC_2.jpg,Unknown,,,,,,Unknown,armin_laschet
2679,9dbc5ed7-e00a-472c-9bb9-509f87d88182,armin_laschet/2021-09-25_12-43-21_UTC_2.jpg,Unknown,cc6b3530-cd71-4500-a5fe-d868c449b8d1.png,0.9816034790448164,Facenet512,euclidean_l2,10.0,Armin Laschet,armin_laschet
2680,e425f87d-d862-4762-a81a-cc374b66b609,armin_laschet/2021-09-25_12-43-21_UTC_2.jpg,Unknown,,,,,,Unknown,armin_laschet
2681,dc73392d-cada-491f-9d2b-670be1c43de9,armin_laschet/2021-09-25_12-43-21_UTC_2.jpg,Unknown,,,,,,Unknown,armin_laschet
2682,dd5c215e-8747-45f5-be0e-ce421df69a30,armin_laschet/2021-09-25_12-43-21_UTC_2.jpg,Unknown,,,,,,Unknown,armin_laschet
2683,7690cd1a-bc9e-4ddd-8e54-75164f01cfab,die_gruenen/2021-09-19_09-28-42_UTC.jpg,Annalena Baerbock,,,,,,Unknown,die_gruenen
2684,1f519248-6551-43b0-9807-72adea66f136,die_gruenen/2021-09-19_09-28-42_UTC.jpg,Unknown,,,,,,Unknown,die_gruenen
2685,f5a9fb6f-78cd-4825-8657-40fc4c703904,die_gruenen/2021-09-19_09-28-42_UTC.jpg,Unknown,,,,,,Unknown,die_gruenen
2686,57f2c6a8-8a05-4eae-a137-9f31c6636a54,die_gruenen/2021-09-19_09-28-42_UTC.jpg,Unknown,,,,,,Unknown,die_gruenen
2687,555d1669-c075-4df0-92a9-568c98772720,die_gruenen/2021-09-19_09-28-42_UTC.jpg,Unknown,,,,,,Unknown,die_gruenen
2688,d651ebca-5eca-4ba9-ac08-4a0d9d64f165,die_gruenen/2021-09-19_09-28-42_UTC.jpg,Unknown,,,,,,Unknown,die_gruenen
2689,61f7743f-1029-44ea-a23b-5299a6f4de70,die_gruenen/2021-09-21_16-13-15_UTC_1.jpg,Unknown,,,,,,Unknown,die_gruenen
2690,e503355b-47fb-4097-bc46-dbee8f7b9b60,die_gruenen/2021-09-20_16-09-06_UTC.jpg,Annalena Baerbock,7043f13e-1c39-4e44-97a1-5130e364ed41.png,0.5516105102451841,Facenet512,euclidean_l2,26.0,Annalena Baerbock,die_gruenen
2691,e768c3ca-9beb-4c6b-9f3f-c46872e6e79c,die_gruenen/2021-09-12_20-32-06_UTC.jpg,Annalena Baerbock,9a8aa257-6928-4d20-bb76-b003078f551d.png,0.5652681416455699,Facenet512,euclidean_l2,26.0,Annalena Baerbock,die_gruenen
2692,4aa97c14-17e9-495d-a0a8-9d4d0a7bbbfc,die_gruenen/2021-09-24_06-55-12_UTC_1.jpg,Robert Habeck,,,,,,Unknown,die_gruenen
2693,10c03a54-8c3f-4727-8825-d98c5ae37eca,die_gruenen/2021-09-24_06-55-12_UTC_1.jpg,Annalena Baerbock,d0023ba3-e826-4b9e-9f82-cd652ea335bd.png,0.2577423927304468,Facenet512,euclidean_l2,26.0,Annalena Baerbock,die_gruenen
2694,8f008394-3bd3-4985-a4a8-bb90d26530d8,die_gruenen/2021-09-24_06-55-12_UTC_1.jpg,Unknown,,,,,,Unknown,die_gruenen
2695,c255b815-4efc-4f1f-9ef4-5ae4e9b2fd09,die_gruenen/2021-09-19_20-19-42_UTC.jpg,Annalena Baerbock,7043f13e-1c39-4e44-97a1-5130e364ed41.png,0.5512605684810441,Facenet512,euclidean_l2,26.0,Annalena Baerbock,die_gruenen
2696,3e67fde9-7083-4dd4-983a-f60d4a12b2d0,die_gruenen/2021-09-26_05-55-55_UTC.jpg,Robert Habeck,,,,,,Unknown,die_gruenen
2697,df2b2614-18af-477d-85e1-ee18e37eb5e0,die_gruenen/2021-09-26_05-55-55_UTC.jpg,Annalena Baerbock,b5ea8be6-69b9-4fdb-8813-88f307903fb4.png,0.6868890673801062,Facenet512,euclidean_l2,26.0,Annalena Baerbock,die_gruenen
2698,2ea8d6b2-a483-47aa-975a-eb5f8a5ac1cc,die_gruenen/2021-09-24_15-39-19_UTC.jpg,Robert Habeck,,,,,,Unknown,die_gruenen
2699,7c88ea05-b7ab-4ea0-b018-cdaf7dd663fe,die_gruenen/2021-09-25_13-20-51_UTC_6.jpg,Unknown,,,,,,Unknown,die_gruenen
2700,137514d9-f4a3-4acc-9402-745c35bc3205,die_gruenen/2021-09-25_13-20-51_UTC_5.jpg,Unknown,,,,,,Unknown,die_gruenen
2701,4530b47d-8e31-4300-a6f3-b1d2dac2a6e5,armin_laschet/2021-09-21_05-10-21_UTC_4.jpg,Unknown,,,,,,Unknown,armin_laschet
2702,23c15031-e929-4eea-bcbe-519719a35bb3,armin_laschet/2021-09-21_05-10-21_UTC_4.jpg,Armin Laschet,d0e6d963-6d02-463b-a226-ce3f34b0fcc5.png,0.751559501035279,Facenet512,euclidean_l2,40.0,Armin Laschet,armin_laschet
2703,7e7881fe-c163-41a9-b960-66fbdc608368,armin_laschet/2021-09-21_05-10-21_UTC_4.jpg,Unknown,,,,,,Unknown,armin_laschet
2704,6982f557-3369-4b3d-a759-c02b2390aaa8,armin_laschet/2021-09-21_05-10-21_UTC_4.jpg,Unknown,,,,,,Unknown,armin_laschet
2705,dfa0a5f1-fcf1-4cb9-97f1-6be0859be81d,armin_laschet/2021-09-21_05-10-21_UTC_4.jpg,Unknown,,,,,,Unknown,armin_laschet
2706,c7e4963f-b651-441f-bfac-c301e8eacf89,die_gruenen/2021-09-22_12-01-35_UTC_1.jpg,Unknown,,,,,,Unknown,die_gruenen
2707,f5ec634d-cded-4b77-8c43-2371a98babed,die_gruenen/2021-09-22_12-01-35_UTC_1.jpg,Unknown,,,,,,Unknown,die_gruenen
2708,21f99e87-d09e-4d2e-b4e6-23d8dc6d1291,die_gruenen/2021-09-22_12-01-35_UTC_1.jpg,Unknown,,,,,,Unknown,die_gruenen
2709,2476e965-964d-45cc-bdd9-75dd41218288,afd.bund/2021-09-25_11-01-21_UTC_9.jpg,Unknown,,,,,,Unknown,afd.bund
2710,6af274dd-bf76-42ff-9048-644c0d90358a,afd.bund/2021-09-25_11-01-21_UTC_9.jpg,Unknown,,,,,,Unknown,afd.bund
2711,060fd92d-5845-4004-bbe0-5f94afb59fda,afd.bund/2021-09-25_11-01-21_UTC_9.jpg,Unknown,,,,,,Unknown,afd.bund
2712,25ee839b-8394-41f6-aa97-5e4cea377c4d,afd.bund/2021-09-25_11-01-21_UTC_9.jpg,Unknown,,,,,,Unknown,afd.bund
2713,afbd4b5b-bda6-448c-8059-95a557f989ef,afd.bund/2021-09-25_11-01-21_UTC_9.jpg,Unknown,,,,,,Unknown,afd.bund
2714,a2826058-af8c-4f44-bf45-01d6fa9f2d3a,afd.bund/2021-09-25_11-01-21_UTC_9.jpg,Unknown,,,,,,Unknown,afd.bund
2715,0d505f9a-cd3e-4778-90f0-9867c297fd08,afd.bund/2021-09-25_11-01-21_UTC_9.jpg,Unknown,,,,,,Unknown,afd.bund
2716,fb0091f9-313a-4810-ac3c-b99822f14155,afd.bund/2021-09-25_11-01-21_UTC_9.jpg,Unknown,,,,,,Unknown,afd.bund
2717,255a5453-7975-40ba-9161-22110fb9e7e0,afd.bund/2021-09-18_08-25-44_UTC_5.jpg,Unknown,,,,,,Unknown,afd.bund
2718,4cca0555-2723-4a94-b080-8c40f05d2fe5,afd.bund/2021-09-18_08-25-44_UTC_5.jpg,Unknown,,,,,,Unknown,afd.bund
2719,12200699-8085-4bf4-a6cb-393f4f085ba0,afd.bund/2021-09-18_08-25-44_UTC_5.jpg,Unknown,,,,,,Unknown,afd.bund
2720,a521d4ec-007b-47dc-b914-fafcbfe33d74,afd.bund/2021-09-18_08-25-44_UTC_5.jpg,Unknown,,,,,,Unknown,afd.bund
2721,fe658c47-8632-481f-a63b-57c118317458,afd.bund/2021-09-24_19-43-17_UTC_7.jpg,Unknown,,,,,,Unknown,afd.bund
2722,044e6997-b358-46f6-a282-8323a82416bf,afd.bund/2021-09-25_11-01-21_UTC_7.jpg,Unknown,,,,,,Unknown,afd.bund
2723,d0fec40f-faec-455b-a9bd-19d69b6795ba,afd.bund/2021-09-25_11-01-21_UTC_7.jpg,Unknown,,,,,,Unknown,afd.bund
2724,b9d7e422-a1b8-4884-88bf-b4aa8d413b3a,afd.bund/2021-09-25_11-01-21_UTC_7.jpg,Unknown,,,,,,Unknown,afd.bund
2725,83eea363-ee50-4ec3-8515-75f394a0309c,afd.bund/2021-09-25_11-01-21_UTC_7.jpg,Unknown,,,,,,Unknown,afd.bund
2726,82bf71d2-69bb-4165-867e-7ac54ced0a54,afd.bund/2021-09-25_11-01-21_UTC_7.jpg,Unknown,,,,,,Unknown,afd.bund
2727,bf0d644f-f96e-4751-9cc9-461d93defd92,afd.bund/2021-09-24_19-43-17_UTC_8.jpg,Unknown,,,,,,Unknown,afd.bund
2728,90676fd9-6164-4976-baa1-4f7b1cfbb744,afd.bund/2021-09-18_08-25-44_UTC_1.jpg,Unknown,,,,,,Unknown,afd.bund
2729,b6bcd653-2b65-43a5-ae4c-c250abf56d8e,afd.bund/2021-09-18_08-25-44_UTC_1.jpg,Unknown,,,,,,Unknown,afd.bund
2730,f0a818d5-e3be-4590-8f39-5adc293effeb,afd.bund/2021-09-18_08-25-44_UTC_1.jpg,Unknown,,,,,,Unknown,afd.bund
2731,63446624-f0e4-4270-8702-da5294776be7,afd.bund/2021-09-24_19-43-17_UTC_9.jpg,Unknown,,,,,,Unknown,afd.bund
2732,c3b69be4-3675-4c13-b9f3-49d5ff68bef6,afd.bund/2021-09-23_08-59-28_UTC.jpg,Unknown,,,,,,Unknown,afd.bund
2733,7b5f9c94-1d62-446b-9ff4-341668780083,afd.bund/2021-09-24_19-43-17_UTC_1.jpg,Unknown,,,,,,Unknown,afd.bund
2734,9cb2f608-3429-4daa-8761-ca411fb304a4,afd.bund/2021-09-24_19-43-17_UTC_1.jpg,Unknown,,,,,,Unknown,afd.bund
2735,2077dc4b-bb17-4acf-ab12-3c04bd6f8cfa,afd.bund/2021-09-24_19-43-17_UTC_1.jpg,Unknown,,,,,,Unknown,afd.bund
2736,1c2da65a-9225-4bdf-9308-3a1cb17c99ae,afd.bund/2021-09-24_19-43-17_UTC_1.jpg,Unknown,,,,,,Unknown,afd.bund
2737,7de29690-0bb1-4bc7-870d-f91e71082c35,afd.bund/2021-09-24_19-43-17_UTC_1.jpg,Jörg Meuthen,,,,,,Unknown,afd.bund
2738,2c229452-971e-42ce-a110-2f8b0a44a0ff,afd.bund/2021-09-24_19-43-17_UTC_1.jpg,Unknown,,,,,,Unknown,afd.bund
2739,49f71632-fa43-4df7-9d14-31fddb71da71,afd.bund/2021-09-24_19-43-17_UTC_1.jpg,Unknown,,,,,,Unknown,afd.bund
2740,66ac685d-3572-4c42-b3cd-3a6db7992bf1,afd.bund/2021-09-24_19-43-17_UTC_1.jpg,Alice Weidel,,,,,,Unknown,afd.bund
2741,b363ed8c-cc2d-46a8-80d6-0e07ec8f061f,afd.bund/2021-09-24_19-43-17_UTC_1.jpg,Unknown,,,,,,Unknown,afd.bund
2742,802499f4-3744-4315-98c8-3de197dfb536,afd.bund/2021-09-24_19-43-17_UTC_1.jpg,Unknown,,,,,,Unknown,afd.bund
2743,8f121020-de7c-46d2-80d9-5094721d1bd4,afd.bund/2021-09-24_19-43-17_UTC_1.jpg,Unknown,,,,,,Unknown,afd.bund
2744,93d0096b-0e09-4e35-a30c-aaa98c9fb9a8,afd.bund/2021-09-24_19-43-17_UTC_1.jpg,Unknown,,,,,,Unknown,afd.bund
2745,0f7d6193-fed1-4de9-be5a-cc1f74f05dc2,armin_laschet/2021-09-20_14-07-14_UTC_1.jpg,Unknown,,,,,,Unknown,armin_laschet
2746,ee54b5d7-0bf3-4db9-9577-312972c51172,armin_laschet/2021-09-20_14-07-14_UTC_1.jpg,Armin Laschet,7cdeee40-f222-4b03-a819-4db32fc47d20.png,0.640715745635762,Facenet512,euclidean_l2,40.0,Armin Laschet,armin_laschet
2747,e6acf234-118c-4852-af02-e604a098b841,armin_laschet/2021-09-20_14-07-14_UTC_1.jpg,Unknown,,,,,,Unknown,armin_laschet
2748,962d5aae-7236-4118-968c-48e06f18d2d2,armin_laschet/2021-09-20_14-07-14_UTC_1.jpg,Unknown,f891fb5e-737c-4bf0-9c55-824f2cdff348.png,0.9310741362461902,Facenet512,euclidean_l2,10.0,Armin Laschet,armin_laschet
2749,ea750d5d-345d-4612-a30b-c8c19f5a712c,afd.bund/2021-09-18_08-25-44_UTC_2.jpg,Unknown,,,,,,Unknown,afd.bund
2750,25b28081-f1a1-41de-99fa-86fe1614e752,afd.bund/2021-09-18_08-25-44_UTC_2.jpg,Unknown,,,,,,Unknown,afd.bund
2751,6746f41a-20ba-4712-9421-d13d04acc866,afd.bund/2021-09-18_08-25-44_UTC_2.jpg,Unknown,,,,,,Unknown,afd.bund
2752,86e11495-799e-4e1a-9fe5-89c274db0853,afd.bund/2021-09-18_08-25-44_UTC_2.jpg,Unknown,,,,,,Unknown,afd.bund
2753,b35e088d-224d-470c-bbb6-85bd3a1a8b3f,afd.bund/2021-09-17_17-47-51_UTC.jpg,Alice Weidel,,,,,,Unknown,afd.bund
2754,c1e993f6-7b50-4487-a495-130f9a3e9e1c,afd.bund/2021-09-25_11-01-21_UTC_8.jpg,Unknown,,,,,,Unknown,afd.bund
2755,82a064db-affc-4719-9db1-be204adc0830,afd.bund/2021-09-25_11-01-21_UTC_8.jpg,Unknown,,,,,,Unknown,afd.bund
2756,d3203cc9-63e9-4527-ac56-06d3df852507,afd.bund/2021-09-18_08-25-44_UTC_10.jpg,Unknown,,,,,,Unknown,afd.bund
2757,21a76eb2-8f95-485f-95ba-9c36000dcd14,afd.bund/2021-09-18_08-25-44_UTC_10.jpg,Unknown,,,,,,Unknown,afd.bund
2758,b41118b6-1088-42b8-8dd8-263679f13105,afd.bund/2021-09-18_08-25-44_UTC_10.jpg,Unknown,,,,,,Unknown,afd.bund
2759,0697b3cf-725f-4b17-b6a7-5a47130d393b,afd.bund/2021-09-18_08-25-44_UTC_10.jpg,Unknown,,,,,,Unknown,afd.bund
2760,e791d0ae-b23c-411d-b3f2-20ad3486a398,afd.bund/2021-09-18_08-25-44_UTC_10.jpg,Unknown,,,,,,Unknown,afd.bund
2761,91733308-7528-4acb-8a0f-cd14670da9c4,afd.bund/2021-09-18_08-25-44_UTC_10.jpg,Unknown,,,,,,Unknown,afd.bund
2762,af02d0be-4b1d-410e-b875-a09f9e348839,afd.bund/2021-09-18_08-25-44_UTC_10.jpg,Unknown,,,,,,Unknown,afd.bund
2763,fef497e3-a78f-45dc-a73b-8dbeefff1076,afd.bund/2021-09-18_08-25-44_UTC_10.jpg,Unknown,,,,,,Unknown,afd.bund
2764,cc4e6ced-3cf0-4e06-925c-58cecdf5bd39,afd.bund/2021-09-18_08-25-44_UTC_10.jpg,Unknown,,,,,,Unknown,afd.bund
2765,59b93247-002c-47b0-a2e5-e0df857f3962,afd.bund/2021-09-18_08-25-44_UTC_10.jpg,Unknown,,,,,,Unknown,afd.bund
2766,b5e3055b-b08b-44d9-90e5-f42cc23a9b3a,afd.bund/2021-09-25_11-01-21_UTC_5.jpg,Unknown,,,,,,Unknown,afd.bund
2767,6b7777fe-3bf2-4b39-8eb3-cd1233ffbeb7,afd.bund/2021-09-25_11-01-21_UTC_5.jpg,Unknown,,,,,,Unknown,afd.bund
2768,e053b959-67fa-46c2-a4ec-5bb796c58734,afd.bund/2021-09-25_11-01-21_UTC_5.jpg,Unknown,,,,,,Unknown,afd.bund
2769,ef8e8e61-2026-4ae9-9e02-260aee51c440,afd.bund/2021-09-25_11-01-21_UTC_5.jpg,Unknown,,,,,,Unknown,afd.bund
2770,d59512a2-b9fd-48f2-956c-6253dbd5b70b,afd.bund/2021-09-25_18-55-01_UTC.jpg,Unknown,,,,,,Unknown,afd.bund
2771,0118714c-129c-4570-aff0-b790e2f633fc,afd.bund/2021-09-23_11-51-11_UTC.jpg,Unknown,,,,,,Unknown,afd.bund
2772,f4d3297f-d2fa-4dee-803e-745b1215d1c9,afd.bund/2021-09-25_11-01-21_UTC_4.jpg,Unknown,,,,,,Unknown,afd.bund
2773,344c7de8-97d9-4bce-a36e-b7bca19fa454,afd.bund/2021-09-25_11-01-21_UTC_4.jpg,Unknown,,,,,,Unknown,afd.bund
2774,97650b25-a036-4e40-adbe-839a31003e4c,afd.bund/2021-09-25_11-01-21_UTC_4.jpg,Unknown,,,,,,Unknown,afd.bund
2775,b8d95ea2-b3ef-4ec1-9514-d41e158162fa,afd.bund/2021-09-25_11-01-21_UTC_4.jpg,Unknown,,,,,,Unknown,afd.bund
2776,e2990042-706a-47b5-bd4e-386553ac3061,afd.bund/2021-09-25_11-01-21_UTC_4.jpg,Unknown,,,,,,Unknown,afd.bund
2777,862eb295-3efc-414f-a1f6-faa35c4f1b5c,afd.bund/2021-09-25_11-01-21_UTC_4.jpg,Unknown,,,,,,Unknown,afd.bund
2778,86f70638-1cef-4e23-a2d2-1b5274c8b4bf,afd.bund/2021-09-25_11-01-21_UTC_4.jpg,Unknown,,,,,,Unknown,afd.bund
2779,e62e4819-53ed-4c3c-8c45-32c5c2954bf2,afd.bund/2021-09-25_11-01-21_UTC_4.jpg,Unknown,,,,,,Unknown,afd.bund
2780,ba5845be-358d-4873-aa47-d52cb1e3730f,afd.bund/2021-09-25_11-01-21_UTC_4.jpg,Unknown,,,,,,Unknown,afd.bund
2781,56377622-58c6-4d60-9ef4-98df22a490f8,afd.bund/2021-09-25_11-01-21_UTC_1.jpg,Unknown,,,,,,Unknown,afd.bund
2782,7b6d9a2a-f674-4e64-b5b2-1692b52daf51,afd.bund/2021-09-25_11-01-21_UTC_1.jpg,Unknown,,,,,,Unknown,afd.bund
2783,bc3142de-d848-4bb9-a013-0c996c9bfd8f,afd.bund/2021-09-25_11-01-21_UTC_1.jpg,Unknown,,,,,,Unknown,afd.bund
2784,c85ca3d8-ca0e-4b17-a6a7-d70bca347a80,afd.bund/2021-09-25_11-01-21_UTC_1.jpg,Unknown,,,,,,Unknown,afd.bund
2785,710cc0ff-18da-438f-8a34-8717181eb7a6,afd.bund/2021-09-25_11-01-21_UTC_1.jpg,Unknown,,,,,,Unknown,afd.bund
2786,8653cda5-ac26-4e68-9681-4c3db50176db,afd.bund/2021-09-25_11-01-21_UTC_1.jpg,Unknown,,,,,,Unknown,afd.bund
2787,d10eed8e-68d7-49d1-b532-c549f34813f0,afd.bund/2021-09-25_11-01-21_UTC_1.jpg,Unknown,,,,,,Unknown,afd.bund
2788,13cccc6e-9a27-446a-9331-01541958bcef,afd.bund/2021-09-25_11-01-21_UTC_2.jpg,Unknown,,,,,,Unknown,afd.bund
2789,537d336c-8b82-458a-b690-e713d5c0508c,afd.bund/2021-09-25_11-01-21_UTC_2.jpg,Unknown,,,,,,Unknown,afd.bund
2790,fb98f204-3c7f-49a6-8881-4564b75c8415,armin_laschet/2021-09-18_19-12-07_UTC_3.jpg,Armin Laschet,5efa5b53-ada6-486e-8b66-4c6330a71ea7.png,0.7275439773801594,Facenet512,euclidean_l2,18.0,Armin Laschet,armin_laschet
2791,f9a54aeb-28e7-4def-86fc-96b7b49b70ae,afd.bund/2021-09-12_12-54-07_UTC.jpg,Unknown,,,,,,Unknown,afd.bund
2792,1a789b73-af12-4c58-abf7-22958d6adf69,afd.bund/2021-09-25_11-01-21_UTC_10.jpg,Unknown,,,,,,Unknown,afd.bund
2793,1bf49d0e-ab58-46f0-8bcf-c5c6377465e0,afd.bund/2021-09-25_11-01-21_UTC_10.jpg,Unknown,,,,,,Unknown,afd.bund
2794,c8dcb96e-2ab8-4848-9907-ce1ab77e5f7f,afd.bund/2021-09-25_11-01-21_UTC_3.jpg,Unknown,,,,,,Unknown,afd.bund
2795,fbd88c5b-ff54-49b5-8563-8855fee7ece4,afd.bund/2021-09-25_11-01-21_UTC_3.jpg,Unknown,,,,,,Unknown,afd.bund
2796,7fc0ab50-fcce-4bee-92a0-d80acb83f9c8,afd.bund/2021-09-25_11-01-21_UTC_3.jpg,Unknown,,,,,,Unknown,afd.bund
2797,308ad567-d973-4cee-93fe-589b57d28a1b,afd.bund/2021-09-25_11-01-21_UTC_3.jpg,Unknown,,,,,,Unknown,afd.bund
2798,8e729258-16b5-4778-9f98-dd56dd67984b,afd.bund/2021-09-15_06-20-14_UTC.jpg,Alice Weidel,,,,,,Unknown,afd.bund
2799,b26e9c7c-1343-41f8-a861-a2c2afb0c983,afd.bund/2021-09-15_06-20-14_UTC.jpg,Unknown,,,,,,Unknown,afd.bund
2800,07dcec81-f26d-4c0c-9ccc-9b2e62c34b08,afd.bund/2021-09-15_06-20-14_UTC.jpg,Unknown,,,,,,Unknown,afd.bund
2801,afcc0812-d4f1-4b99-9df1-d04a82d774fb,afd.bund/2021-09-15_06-20-14_UTC.jpg,Unknown,,,,,,Unknown,afd.bund
2802,ad33c01a-05f2-4939-a8af-331ef9002643,afd.bund/2021-09-15_06-20-14_UTC.jpg,Unknown,,,,,,Unknown,afd.bund
2803,8a713ad6-8a2b-42a3-81e6-2e881cf8c6fe,afd.bund/2021-09-15_06-20-14_UTC.jpg,Unknown,,,,,,Unknown,afd.bund
2804,f5341a51-5162-4d83-a535-64291e08e3a8,afd.bund/2021-09-15_06-20-14_UTC.jpg,Jörg Meuthen,,,,,,Unknown,afd.bund
2805,42558a3d-b3e0-4e7d-b35e-e69bc81750f6,afd.bund/2021-09-15_06-20-14_UTC.jpg,Unknown,,,,,,Unknown,afd.bund
2806,3cb5f0dd-c4fc-4a09-a4a6-550e8d1933a6,afd.bund/2021-09-15_06-20-14_UTC.jpg,Unknown,,,,,,Unknown,afd.bund
2807,3e26bfb4-a73f-4cea-b711-82cd619caa6f,afd.bund/2021-09-16_08-45-20_UTC.jpg,Unknown,,,,,,Unknown,afd.bund
2808,7e68cb9e-e018-4c85-8095-d24544c7f0bb,afd.bund/2021-09-16_08-45-20_UTC.jpg,Unknown,,,,,,Unknown,afd.bund
2809,8313e153-ec22-46b3-be4f-94af49d354cf,afd.bund/2021-09-21_18-06-05_UTC.jpg,Unknown,,,,,,Unknown,afd.bund
2810,4102ec5c-8b02-414e-abf4-4040167a48cf,afd.bund/2021-09-18_08-25-44_UTC_8.jpg,Unknown,,,,,,Unknown,afd.bund
2811,1788a950-0b30-477a-b2a2-09a9cabbf54d,afd.bund/2021-09-23_10-32-19_UTC.jpg,Alice Weidel,,,,,,Unknown,afd.bund
2812,8ab1fb83-f162-4dc6-bd2b-390a99098607,afd.bund/2021-09-18_08-25-44_UTC_4.jpg,Unknown,,,,,,Unknown,afd.bund
2813,0d1baaa4-7b41-4a91-beed-c91da5692ed0,afd.bund/2021-09-18_08-25-44_UTC_9.jpg,Unknown,,,,,,Unknown,afd.bund
2814,e250daca-df8a-4e72-8fac-00ff1a37ce9c,afd.bund/2021-09-18_08-25-44_UTC_9.jpg,Unknown,,,,,,Unknown,afd.bund
2815,f6f7c1fe-0d1e-480b-8d17-f193f10f8692,armin_laschet/2021-09-22_09-18-33_UTC_4.jpg,Unknown,,,,,,Unknown,armin_laschet
2816,04d0ebe1-603d-4084-b71c-5c56ec9263bf,armin_laschet/2021-09-22_09-18-33_UTC_4.jpg,Armin Laschet,,,,,,Unknown,armin_laschet
2817,42f96102-56c0-47e1-a5dc-b06f66ab05bb,armin_laschet/2021-09-22_09-18-33_UTC_4.jpg,Unknown,,,,,,Unknown,armin_laschet
2818,3d000a27-b21b-4043-a887-5894d4d42d48,armin_laschet/2021-09-22_09-18-33_UTC_4.jpg,Unknown,,,,,,Unknown,armin_laschet
2819,c4bd9dc5-5031-4e40-a777-801c5096b8bb,afd.bund/2021-09-24_19-43-17_UTC_4.jpg,Jörg Meuthen,,,,,,Unknown,afd.bund
2820,4942381a-d308-4803-adae-d355d3dbe53c,afd.bund/2021-09-19_13-04-12_UTC.jpg,Unknown,,,,,,Unknown,afd.bund
2821,a3414924-cfcf-4dc1-bb4f-6cce8104647e,afd.bund/2021-09-18_18-10-02_UTC.jpg,Alice Weidel,,,,,,Unknown,afd.bund
2822,2071d365-2f7d-4af1-9e64-e316265e0efb,afd.bund/2021-09-26_16-48-51_UTC.jpg,Alice Weidel,,,,,,Unknown,afd.bund
2823,88626c27-be5c-4cfe-9d94-d53ed0cb7d95,afd.bund/2021-09-26_16-48-51_UTC.jpg,Unknown,,,,,,Unknown,afd.bund
2824,4d44aba7-1d47-4612-9d9f-57250da88e83,afd.bund/2021-09-24_19-43-17_UTC_10.jpg,Unknown,,,,,,Unknown,afd.bund
2825,4263edb1-4221-4ec9-8fbc-516437af75c1,afd.bund/2021-09-23_15-28-13_UTC.jpg,Unknown,,,,,,Unknown,afd.bund
2826,05a7ec7c-6140-4d87-a947-68fb3cc01b98,afd.bund/2021-09-21_09-18-13_UTC.jpg,Unknown,,,,,,Unknown,afd.bund
2827,0f94d947-9f28-4ede-90e1-57dc36bc33c9,afd.bund/2021-09-21_09-18-13_UTC.jpg,Unknown,,,,,,Unknown,afd.bund
2828,33a7606d-fc0e-4b06-aac6-384bae92cec8,afd.bund/2021-09-26_06-00-29_UTC.jpg,Alice Weidel,,,,,,Unknown,afd.bund
2829,2732181e-ebaa-4e88-b25b-04e1d44eedf2,afd.bund/2021-09-26_06-00-29_UTC.jpg,Unknown,,,,,,Unknown,afd.bund
2830,3459be79-01c1-4a42-968a-c0056e5fa7b1,afd.bund/2021-09-24_19-43-17_UTC_2.jpg,Unknown,,,,,,Unknown,afd.bund
2831,a3186612-4c4a-4772-bf63-fb0c91f4e9a3,afd.bund/2021-09-24_19-43-17_UTC_2.jpg,Unknown,,,,,,Unknown,afd.bund
2832,418a78d2-082c-490f-88b0-88b655f33e10,afd.bund/2021-09-24_19-43-17_UTC_2.jpg,Unknown,,,,,,Unknown,afd.bund
2833,c92421cc-252d-4c1f-8a01-2a10aefc7bbf,afd.bund/2021-09-24_19-43-17_UTC_2.jpg,Unknown,,,,,,Unknown,afd.bund
2834,d09645ef-006d-4abe-9cc7-e90d0ea46a5a,afd.bund/2021-09-24_19-43-17_UTC_2.jpg,Unknown,,,,,,Unknown,afd.bund
2835,604c145b-a8f0-47b7-b01a-1f15583e6770,afd.bund/2021-09-24_19-43-17_UTC_2.jpg,Unknown,,,,,,Unknown,afd.bund
2836,6b9c93b0-7567-43dc-a2f8-73d14539c58c,afd.bund/2021-09-24_19-43-17_UTC_2.jpg,Unknown,,,,,,Unknown,afd.bund
2837,4047c705-3714-48f0-86c9-fcf43f03427e,afd.bund/2021-09-24_19-43-17_UTC_2.jpg,Unknown,,,,,,Unknown,afd.bund
2838,26df531a-8b7f-497b-949e-b2a01b997277,afd.bund/2021-09-24_19-43-17_UTC_2.jpg,Unknown,,,,,,Unknown,afd.bund
2839,555fbabb-1f15-430e-82f2-4ff7f35f9382,afd.bund/2021-09-24_19-43-17_UTC_2.jpg,Unknown,,,,,,Unknown,afd.bund
2840,3a060a9e-8f8e-444b-b255-477a1b686542,afd.bund/2021-09-24_19-43-17_UTC_2.jpg,Unknown,,,,,,Unknown,afd.bund
2841,ce267a5e-6517-4279-b864-67de54475c4d,afd.bund/2021-09-24_19-43-17_UTC_2.jpg,Unknown,,,,,,Unknown,afd.bund
2842,2622cc89-c9a8-46a2-b537-7ff1b093a563,afd.bund/2021-09-24_19-43-17_UTC_2.jpg,Unknown,,,,,,Unknown,afd.bund
2843,afa56c7b-af9a-4b4c-817e-701069cb1a3e,afd.bund/2021-09-24_19-43-17_UTC_2.jpg,Unknown,,,,,,Unknown,afd.bund
2844,931a1ea9-99e8-4217-8951-455c684ebbac,afd.bund/2021-09-24_19-43-17_UTC_2.jpg,Unknown,,,,,,Unknown,afd.bund
2845,52d5a11e-869c-46f5-9452-a01f4e0d7859,afd.bund/2021-09-24_19-43-17_UTC_2.jpg,Unknown,,,,,,Unknown,afd.bund
2846,587f6d26-a72d-48f4-9738-d1635831f759,afd.bund/2021-09-24_19-43-17_UTC_2.jpg,Unknown,,,,,,Unknown,afd.bund
2847,be7d9de4-c345-47e0-8629-9372f8534438,afd.bund/2021-09-24_19-43-17_UTC_2.jpg,Unknown,,,,,,Unknown,afd.bund
2848,41473fa9-4999-4e28-b163-5a846ed0b844,afd.bund/2021-09-24_19-43-17_UTC_2.jpg,Unknown,,,,,,Unknown,afd.bund
2849,67ead560-f04f-4044-966f-a2ae309042f0,afd.bund/2021-09-24_19-43-17_UTC_2.jpg,Unknown,,,,,,Unknown,afd.bund
2850,5f5a25f8-6f33-45b9-a3b9-b51398c02428,afd.bund/2021-09-24_19-43-17_UTC_2.jpg,Unknown,,,,,,Unknown,afd.bund
2851,7530ac28-b1f8-463b-bfbf-f0547977f51f,afd.bund/2021-09-24_19-43-17_UTC_2.jpg,Unknown,,,,,,Unknown,afd.bund
2852,f74fec40-f653-4c23-934e-3579aa59df19,afd.bund/2021-09-24_19-43-17_UTC_2.jpg,Unknown,,,,,,Unknown,afd.bund
2853,6b617e2e-a3d5-4679-b2d1-4fd632d63392,afd.bund/2021-09-24_19-43-17_UTC_2.jpg,Unknown,,,,,,Unknown,afd.bund
2854,20a98877-2287-4f3f-87e3-5d4a06d656c2,afd.bund/2021-09-24_19-43-17_UTC_2.jpg,Unknown,,,,,,Unknown,afd.bund
2855,d8468a15-75d2-4633-9d3e-61a0d3b505b4,afd.bund/2021-09-24_19-43-17_UTC_2.jpg,Unknown,,,,,,Unknown,afd.bund
2856,cc4b112e-8bb0-4aaf-8042-0f4db366e2e4,afd.bund/2021-09-24_19-43-17_UTC_2.jpg,Unknown,,,,,,Unknown,afd.bund
2857,c1628275-3ddb-4622-a0bd-c7e5900de24a,afd.bund/2021-09-24_19-43-17_UTC_2.jpg,Unknown,,,,,,Unknown,afd.bund
2858,4889fde6-d2a6-4214-ad8d-0507406eef90,afd.bund/2021-09-24_19-43-17_UTC_2.jpg,Unknown,,,,,,Unknown,afd.bund
2859,cda82f84-1f6c-430e-baf3-9ca1b4672f27,afd.bund/2021-09-24_19-43-17_UTC_2.jpg,Unknown,,,,,,Unknown,afd.bund
2860,35a519b4-8365-4d4a-a7b5-1d15655b529b,afd.bund/2021-09-24_19-43-17_UTC_2.jpg,Unknown,,,,,,Unknown,afd.bund
2861,9af0dfab-05c3-4cf2-b7b7-89bd22632c71,afd.bund/2021-09-24_19-43-17_UTC_2.jpg,Unknown,,,,,,Unknown,afd.bund
2862,8ca0c6a8-f597-4180-9882-a1f4d8ccbfb6,afd.bund/2021-09-24_19-43-17_UTC_2.jpg,Unknown,,,,,,Unknown,afd.bund
2863,8c3cb76d-aad4-4de9-8a63-bb14a7fd4f3f,afd.bund/2021-09-24_19-43-17_UTC_2.jpg,Unknown,,,,,,Unknown,afd.bund
2864,d3712637-4421-4159-9302-a3672fe17a4b,afd.bund/2021-09-24_19-43-17_UTC_2.jpg,Unknown,,,,,,Unknown,afd.bund
2865,bf4098df-1db2-4033-847f-9e649d41fc67,afd.bund/2021-09-18_08-25-44_UTC_6.jpg,Unknown,,,,,,Unknown,afd.bund
2866,22b62ab1-9547-422f-a4d7-850f2af6e577,afd.bund/2021-09-18_08-25-44_UTC_6.jpg,Unknown,,,,,,Unknown,afd.bund
2867,6b0faaf5-08ef-4401-abdf-f4f8cabd96f1,armin_laschet/2021-09-17_12-59-07_UTC_6.jpg,Unknown,,,,,,Unknown,armin_laschet
2868,89b31e35-f6a2-4440-9976-f4de38eeafa1,armin_laschet/2021-09-17_12-59-07_UTC_6.jpg,Unknown,,,,,,Unknown,armin_laschet
2869,b752d073-bc61-4934-a62d-44b28558a861,armin_laschet/2021-09-17_12-59-07_UTC_6.jpg,Unknown,,,,,,Unknown,armin_laschet
2870,a20fdbb5-8ba6-480c-8512-b4c5480c6b01,armin_laschet/2021-09-17_12-59-07_UTC_6.jpg,Armin Laschet,5efa5b53-ada6-486e-8b66-4c6330a71ea7.png,0.7263563245986645,Facenet512,euclidean_l2,40.0,Armin Laschet,armin_laschet
2871,6221f210-c830-4c6f-9eb4-6ea17323ff41,armin_laschet/2021-09-17_12-59-07_UTC_6.jpg,Unknown,,,,,,Unknown,armin_laschet
2872,a914aa3b-1108-444b-bb08-24703b89f176,armin_laschet/2021-09-17_12-59-07_UTC_6.jpg,Unknown,,,,,,Unknown,armin_laschet
2873,313040de-cb88-4358-a5be-7dd4b69bfa29,armin_laschet/2021-09-17_12-59-07_UTC_6.jpg,Unknown,,,,,,Unknown,armin_laschet
2874,44d3afaf-9267-420e-bbc8-36e814eafdb3,armin_laschet/2021-09-17_12-59-07_UTC_6.jpg,Unknown,,,,,,Unknown,armin_laschet
2875,3511bc50-2ef9-404e-8595-f6fbec8e151d,armin_laschet/2021-09-17_12-59-07_UTC_6.jpg,Unknown,,,,,,Unknown,armin_laschet
2876,fc51c083-a3ab-44c0-a3c0-c0b564083ad9,afd.bund/2021-09-18_12-32-37_UTC.jpg,Unknown,,,,,,Unknown,afd.bund
2877,60bd747f-ad48-4dcc-ab90-7b4c5003afa4,afd.bund/2021-09-18_08-25-44_UTC_7.jpg,Unknown,,,,,,Unknown,afd.bund
2878,1c0f6950-1e9b-4e4e-be83-6b2c05bbc5f1,afd.bund/2021-09-18_08-25-44_UTC_7.jpg,Unknown,,,,,,Unknown,afd.bund
2879,05021b9e-9a24-4bb7-aef3-0b9df4219422,afd.bund/2021-09-18_08-25-44_UTC_7.jpg,Unknown,,,,,,Unknown,afd.bund
2880,204c58fb-786e-4f6e-a25c-bc0e55914722,afd.bund/2021-09-24_19-43-17_UTC_5.jpg,Unknown,,,,,,Unknown,afd.bund
2881,7b7b72d1-f55b-4dac-9952-00633f629281,afd.bund/2021-09-13_09-57-08_UTC.jpg,Unknown,,,,,,Unknown,afd.bund
2882,a48645fb-c648-4e9d-8640-be408b77b6eb,afd.bund/2021-09-19_11-33-41_UTC.jpg,Unknown,,,,,,Unknown,afd.bund
2883,aff16b9e-9c96-4d60-a9fd-60aef675004a,afd.bund/2021-09-19_17-16-42_UTC.jpg,Unknown,,,,,,Unknown,afd.bund
2884,3d4e90b7-8d4b-44be-b936-4702e12185c8,afd.bund/2021-09-18_08-25-44_UTC_3.jpg,Unknown,,,,,,Unknown,afd.bund
2885,3107a752-7c77-4dda-9950-6f49c3589a2f,afd.bund/2021-09-18_08-25-44_UTC_3.jpg,Unknown,,,,,,Unknown,afd.bund
2886,89216b65-bd85-44b4-a5c4-c3ccc5c417c9,afd.bund/2021-09-26_16-21-10_UTC.jpg,Alice Weidel,,,,,,Unknown,afd.bund
2887,88ce310b-41ac-47dc-82fe-df4cef249251,afd.bund/2021-09-26_16-21-10_UTC.jpg,Unknown,,,,,,Unknown,afd.bund
2888,2cee1376-3c6d-4f79-a155-a92f28689ef9,afd.bund/2021-09-24_19-43-17_UTC_6.jpg,Unknown,,,,,,Unknown,afd.bund
2889,0a4c6ab5-6b59-42a6-91d1-11f8889ee64c,afd.bund/2021-09-25_16-02-49_UTC.jpg,Alice Weidel,,,,,,Unknown,afd.bund
2890,1a5b1ea8-4afc-4285-9802-9e36ac51bb85,afd.bund/2021-09-25_16-02-49_UTC.jpg,Unknown,,,,,,Unknown,afd.bund
2891,6c2a8685-01a1-4361-9745-b74019ba4057,armin_laschet/2021-09-24_13-34-04_UTC_6.jpg,Unknown,,,,,,Unknown,armin_laschet
2892,c159f236-162a-49b9-ab02-3649af29c774,armin_laschet/2021-09-24_13-34-04_UTC_6.jpg,Unknown,,,,,,Unknown,armin_laschet
2893,06bc95a0-f628-41c4-85da-b3044a933c18,armin_laschet/2021-09-24_13-34-04_UTC_6.jpg,Unknown,,,,,,Unknown,armin_laschet
2894,bd9e2386-b266-4e80-9e86-161ba1c41ef7,armin_laschet/2021-09-24_13-34-04_UTC_6.jpg,Unknown,,,,,,Unknown,armin_laschet
2895,9857153e-c3fc-4e97-9c33-84bd3af59e6e,armin_laschet/2021-09-24_13-34-04_UTC_6.jpg,Unknown,,,,,,Unknown,armin_laschet
2896,7c89e038-340c-43f6-80bf-7e863841f06b,armin_laschet/2021-09-24_13-34-04_UTC_6.jpg,Unknown,,,,,,Unknown,armin_laschet
2897,709f4fbc-a373-4214-94bf-a43dd3633af9,armin_laschet/2021-09-24_13-34-04_UTC_6.jpg,Unknown,,,,,,Unknown,armin_laschet
2898,b840e057-d254-4200-89a4-4e9b1c87db14,armin_laschet/2021-09-24_13-34-04_UTC_6.jpg,Armin Laschet,1f347af9-a36f-4727-923b-4c1a1e934ab9.png,0.6904515888035597,Facenet512,euclidean_l2,38.0,Armin Laschet,armin_laschet
2899,17dffb3b-dd62-45a6-b7a7-81ec4c7a0e15,afd.bund/2021-09-25_11-01-21_UTC_6.jpg,Unknown,,,,,,Unknown,afd.bund
2900,a1832627-b08c-46b3-9a09-cfe856ffe0db,afd.bund/2021-09-25_11-01-21_UTC_6.jpg,Unknown,,,,,,Unknown,afd.bund
2901,498f6cb3-3d86-43e9-bf25-af4df3ad8510,afd.bund/2021-09-25_11-01-21_UTC_6.jpg,Unknown,,,,,,Unknown,afd.bund
2902,c24b204d-40cd-40bf-b791-2bbc0d58eee1,afd.bund/2021-09-25_11-01-21_UTC_6.jpg,Unknown,,,,,,Unknown,afd.bund
2903,fb920d38-52b5-4412-a07a-f76651513522,afd.bund/2021-09-24_19-43-17_UTC_3.jpg,Unknown,,,,,,Unknown,afd.bund
2904,0f27759f-67eb-475b-97ba-ff510a2ccb72,afd.bund/2021-09-24_19-43-17_UTC_3.jpg,Unknown,,,,,,Unknown,afd.bund
2905,f87c4ef9-ed3f-4530-8ee2-2b4b068a7939,afd.bund/2021-09-24_19-43-17_UTC_3.jpg,Unknown,,,,,,Unknown,afd.bund
2906,22cd0a16-fc00-4f90-865b-faf3bc6d465f,afd.bund/2021-09-25_07-00-43_UTC.jpg,Unknown,,,,,,Unknown,afd.bund
2907,599e8ce3-c8ae-4c50-bf1a-564593265f91,abaerbock/2021-09-13_19-36-55_UTC_2.jpg,Annalena Baerbock,8ecf25a6-4fe7-4768-ab40-bbf7ce516bd2.png,0.5668668325686719,Facenet512,euclidean_l2,26.0,Annalena Baerbock,abaerbock
2908,23787dab-f107-44bd-9d20-7cb55ef73be9,abaerbock/2021-09-23_19-16-58_UTC_3.jpg,Unknown,,,,,,Unknown,abaerbock
2909,cb734989-8762-44e5-b70e-211cfc28d628,abaerbock/2021-09-21_14-36-27_UTC_3.jpg,Annalena Baerbock,9a8aa257-6928-4d20-bb76-b003078f551d.png,0.6334319831956169,Facenet512,euclidean_l2,26.0,Annalena Baerbock,abaerbock
2910,0ffa54a4-8f7e-4f8e-b67f-0c09ed8481e3,abaerbock/2021-09-13_19-36-55_UTC_1.jpg,Annalena Baerbock,,,,,,Unknown,abaerbock
2911,1b0c0f38-3566-48f8-b5f0-77c246e3aa48,abaerbock/2021-09-13_19-36-55_UTC_1.jpg,Unknown,,,,,,Unknown,abaerbock
2912,d15b5bc0-7a0a-4174-9299-bdbbaf48c326,abaerbock/2021-09-21_14-36-27_UTC_6.jpg,Unknown,,,,,,Unknown,abaerbock
2913,8c6ce28c-43de-450e-8eac-b44fc3fb1b3d,abaerbock/2021-09-21_14-36-27_UTC_6.jpg,Unknown,,,,,,Unknown,abaerbock
2914,a10bfbd2-1435-4cd4-8dc8-7f900f5befed,abaerbock/2021-09-21_14-36-27_UTC_6.jpg,Unknown,,,,,,Unknown,abaerbock
2915,6ba914cb-f974-4420-b754-74420ba6278b,abaerbock/2021-09-21_14-36-27_UTC_6.jpg,Unknown,,,,,,Unknown,abaerbock
2916,be0b3c06-b8d9-4fad-b474-aacba453331a,abaerbock/2021-09-24_17-49-01_UTC_3.jpg,Unknown,,,,,,Unknown,abaerbock
2917,cf4965a4-bbcf-4f1b-a4cb-02f1af7834bc,abaerbock/2021-09-24_17-49-01_UTC_3.jpg,Unknown,,,,,,Unknown,abaerbock
2918,61feb08f-3fe5-4b8d-83e5-4510f4abf971,abaerbock/2021-09-17_11-48-57_UTC.jpg,Annalena Baerbock,9a8aa257-6928-4d20-bb76-b003078f551d.png,0.539118857336077,Facenet512,euclidean_l2,26.0,Annalena Baerbock,abaerbock
2919,1e19601a-5fad-4f09-818c-76b0ca70294f,armin_laschet/2021-09-21_05-10-21_UTC_3.jpg,Armin Laschet,d0e6d963-6d02-463b-a226-ce3f34b0fcc5.png,0.5988121958136019,Facenet512,euclidean_l2,40.0,Armin Laschet,armin_laschet
2920,7a21e5c4-a374-47bd-be34-ec49b431e911,armin_laschet/2021-09-21_05-10-21_UTC_3.jpg,Unknown,,,,,,Unknown,armin_laschet
2921,d2a44ed0-0916-474c-ab44-200c0c587ef9,abaerbock/2021-09-22_13-32-14_UTC_3.jpg,Unknown,,,,,,Unknown,abaerbock
2922,3f436141-9692-4874-a520-b5775bab4d01,abaerbock/2021-09-22_13-32-14_UTC_3.jpg,Unknown,,,,,,Unknown,abaerbock
2923,50816777-d99b-4c46-a68c-a515adb40042,abaerbock/2021-09-22_13-32-14_UTC_3.jpg,Unknown,,,,,,Unknown,abaerbock
2924,110bac01-ccfa-4245-8a01-abe9b8556407,abaerbock/2021-09-22_13-32-14_UTC_3.jpg,Unknown,,,,,,Unknown,abaerbock
2925,d3a25b65-d610-49b0-b342-ad5c0bbe565d,abaerbock/2021-09-22_13-32-14_UTC_3.jpg,Unknown,,,,,,Unknown,abaerbock
2926,2778f236-b14b-431e-8271-a5874db38e24,abaerbock/2021-09-22_13-32-14_UTC_3.jpg,Unknown,,,,,,Unknown,abaerbock
2927,c6fdf4ab-0a2e-4f22-b6eb-d496cdbe585f,abaerbock/2021-09-22_13-32-14_UTC_3.jpg,Unknown,,,,,,Unknown,abaerbock
2928,00aa5e3a-e868-4c9e-89a0-20e93bb78cf9,abaerbock/2021-09-13_14-02-02_UTC.jpg,Annalena Baerbock,d0023ba3-e826-4b9e-9f82-cd652ea335bd.png,0.4662792265450009,Facenet512,euclidean_l2,26.0,Annalena Baerbock,abaerbock
2929,8482f62c-1383-4661-9c39-d42791d1e182,abaerbock/2021-09-21_08-58-26_UTC.jpg,Annalena Baerbock,7043f13e-1c39-4e44-97a1-5130e364ed41.png,0.6518088606722252,Facenet512,euclidean_l2,26.0,Annalena Baerbock,abaerbock
2930,f8370d04-d630-40ac-b344-76d1015f57ab,abaerbock/2021-09-21_08-58-26_UTC.jpg,Unknown,,,,,,Unknown,abaerbock
2931,cda9fc81-d984-441e-b153-f7e49a81d40d,abaerbock/2021-09-21_14-36-27_UTC_7.jpg,Unknown,,,,,,Unknown,abaerbock
2932,1a3c83fb-efa1-4ca4-90a1-22c59dc267f9,abaerbock/2021-09-21_14-36-27_UTC_7.jpg,Unknown,,,,,,Unknown,abaerbock
2933,0e574145-6de4-43e5-9a8c-534c667441b7,abaerbock/2021-09-21_14-36-27_UTC_2.jpg,Unknown,3f3034b2-faf6-43ad-ae81-188498b8e10d.png,0.9359024970551312,Facenet512,euclidean_l2,18.0,Annalena Baerbock,abaerbock
2934,a399e8d2-5967-40f6-b82f-02e699345b9c,abaerbock/2021-09-21_14-36-27_UTC_2.jpg,Unknown,,,,,,Unknown,abaerbock
2935,6ae8caa3-882d-4e46-8672-f74f146d1e83,abaerbock/2021-09-21_14-36-27_UTC_2.jpg,Unknown,,,,,,Unknown,abaerbock
2936,0946ed7b-d071-41f5-8e56-19dc8a9465ee,abaerbock/2021-09-21_14-36-27_UTC_2.jpg,Unknown,,,,,,Unknown,abaerbock
2937,bf80cccc-46fa-4267-a091-a2276a7707db,abaerbock/2021-09-25_08-37-35_UTC.jpg,Annalena Baerbock,b5ea8be6-69b9-4fdb-8813-88f307903fb4.png,0.5496688746201305,Facenet512,euclidean_l2,26.0,Annalena Baerbock,abaerbock
2938,07762b92-f3f2-4986-88b4-93c4dec0e7d3,abaerbock/2021-09-25_15-05-02_UTC_5.jpg,Annalena Baerbock,9a8aa257-6928-4d20-bb76-b003078f551d.png,0.5898951496495031,Facenet512,euclidean_l2,26.0,Annalena Baerbock,abaerbock
2939,cda1da99-62c9-44d3-999d-f6305165252e,abaerbock/2021-09-25_15-05-02_UTC_5.jpg,Unknown,,,,,,Unknown,abaerbock
2940,7f09d9f9-264d-416f-ba12-09ea0ae6c185,abaerbock/2021-09-25_15-05-02_UTC_5.jpg,Unknown,,,,,,Unknown,abaerbock
2941,7a807e48-a3ec-4548-bd4a-aa4c27b77ed0,abaerbock/2021-09-25_15-05-02_UTC_5.jpg,Unknown,,,,,,Unknown,abaerbock
2942,3cae103d-7558-4673-b830-411d10ac225b,abaerbock/2021-09-20_16-36-45_UTC.jpg,Annalena Baerbock,8ecf25a6-4fe7-4768-ab40-bbf7ce516bd2.png,0.5216035579939022,Facenet512,euclidean_l2,26.0,Annalena Baerbock,abaerbock
2943,52d885fe-00d5-4599-bc9f-b0fe5041682e,abaerbock/2021-09-24_17-49-01_UTC_5.jpg,Annalena Baerbock,0faf3dc0-e2b6-4b3e-81d6-3c1474fbed58.png,0.89869191986513,Facenet512,euclidean_l2,20.0,Annalena Baerbock,abaerbock
2944,ea08cb6e-93eb-4282-92d4-40f478c8620e,abaerbock/2021-09-24_17-49-01_UTC_5.jpg,Unknown,,,,,,Unknown,abaerbock
2945,edbdd680-62a8-480a-a911-ae2407b92c1f,abaerbock/2021-09-24_17-49-01_UTC_5.jpg,Unknown,,,,,,Unknown,abaerbock
2946,80191414-37c2-4a09-bd83-c564d8003076,abaerbock/2021-09-24_17-49-01_UTC_5.jpg,Unknown,,,,,,Unknown,abaerbock
2947,5a83f0bf-cae8-4684-9813-b223964064c4,abaerbock/2021-09-14_10-00-20_UTC_3.jpg,Unknown,,,,,,Unknown,abaerbock
2948,eb28d4d5-e8c3-47f4-bcab-ec4a8587c2e5,abaerbock/2021-09-14_10-00-20_UTC_3.jpg,Unknown,,,,,,Unknown,abaerbock
2949,062ea794-ff18-4a1b-92e9-4eee3b2d5e55,abaerbock/2021-09-14_10-00-20_UTC_3.jpg,Unknown,,,,,,Unknown,abaerbock
2950,f4a5c7f2-a962-440d-9c68-8408d911a02a,abaerbock/2021-09-14_10-00-20_UTC_3.jpg,Annalena Baerbock,,,,,,Unknown,abaerbock
2951,4cd928a2-7ca2-4b6a-b980-0d9617e3a7c9,abaerbock/2021-09-14_10-00-20_UTC_3.jpg,Unknown,,,,,,Unknown,abaerbock
2952,15032a51-f6bf-455b-98f4-cb34f9466118,abaerbock/2021-09-14_10-00-20_UTC_3.jpg,Unknown,,,,,,Unknown,abaerbock
2953,8c9b64bc-150a-41c6-96dd-3dfcbee920b8,armin_laschet/2021-09-21_05-10-21_UTC_1.jpg,Unknown,,,,,,Unknown,armin_laschet
2954,e4603358-510d-4fbf-b3f0-dd528ccdccec,armin_laschet/2021-09-21_05-10-21_UTC_1.jpg,Armin Laschet,5efa5b53-ada6-486e-8b66-4c6330a71ea7.png,0.5660817844635756,Facenet512,euclidean_l2,36.0,Armin Laschet,armin_laschet
2955,a4ad7147-b564-48ab-9bdd-69737be0b77c,armin_laschet/2021-09-21_05-10-21_UTC_1.jpg,Unknown,,,,,,Unknown,armin_laschet
2956,29fe660c-c379-4bba-b271-e1bc28ddca57,abaerbock/2021-09-20_18-22-45_UTC_6.jpg,Unknown,,,,,,Unknown,abaerbock
2957,749e7e0f-d082-47dc-a6d4-f58fdaf4bd19,abaerbock/2021-09-20_18-22-45_UTC_6.jpg,Unknown,,,,,,Unknown,abaerbock
2958,b82017b0-c82c-477a-8ba9-987c8ef375a3,abaerbock/2021-09-20_18-22-45_UTC_6.jpg,Unknown,,,,,,Unknown,abaerbock
2959,e128fd70-6ec6-4de1-87e6-6f7e8770ba2c,abaerbock/2021-09-20_18-22-45_UTC_6.jpg,Unknown,,,,,,Unknown,abaerbock
2960,59b0ea94-085d-4b74-b881-38ab6a6d7abe,abaerbock/2021-09-20_18-22-45_UTC_6.jpg,Unknown,,,,,,Unknown,abaerbock
2961,2f95f2a1-4f66-42c0-8335-2346a80c6306,abaerbock/2021-09-14_10-00-20_UTC_1.jpg,Unknown,,,,,,Unknown,abaerbock
2962,92fc5441-3ded-43a5-a284-d5d8ef02731a,abaerbock/2021-09-14_10-00-20_UTC_1.jpg,Unknown,b2e13edc-d8cc-4db2-9310-6924bd90b7e8.png,0.7256514904396785,Facenet512,euclidean_l2,26.0,Annalena Baerbock,abaerbock
2963,42a4d447-1d28-4534-95e4-bcf4d181e93d,abaerbock/2021-09-14_10-00-20_UTC_1.jpg,Unknown,,,,,,Unknown,abaerbock
2964,6753409c-6329-477c-9ffb-196023b78837,abaerbock/2021-09-14_10-00-20_UTC_1.jpg,Unknown,,,,,,Unknown,abaerbock
2965,91175b24-2a3a-41a0-a77b-fa56f3240628,abaerbock/2021-09-14_10-00-20_UTC_1.jpg,Unknown,,,,,,Unknown,abaerbock
2966,fd4f9733-51ea-4a16-a1e3-ef9d089f39c8,abaerbock/2021-09-14_10-00-20_UTC_1.jpg,Unknown,,,,,,Unknown,abaerbock
2967,6da9ff06-20e1-4b2d-af3a-b01954d4bee1,abaerbock/2021-09-14_10-00-20_UTC_1.jpg,Unknown,,,,,,Unknown,abaerbock
2968,c519b360-99de-427f-a781-8517fd9bf066,abaerbock/2021-09-22_19-23-29_UTC_3.jpg,Annalena Baerbock,,,,,,Unknown,abaerbock
2969,179159c8-55b1-4a10-9f90-3ab37030bf0d,abaerbock/2021-09-22_19-23-29_UTC_3.jpg,Unknown,,,,,,Unknown,abaerbock
2970,8cfedf46-7eba-4e9f-9c43-9cd4e04213e6,abaerbock/2021-09-21_14-36-27_UTC_5.jpg,Unknown,,,,,,Unknown,abaerbock
2971,3ce927b3-2bbb-4869-be4f-732d9dafc0e6,abaerbock/2021-09-21_14-36-27_UTC_5.jpg,Unknown,,,,,,Unknown,abaerbock
2972,839cb855-908e-43a6-a65d-19f4b74cd2ee,abaerbock/2021-09-21_14-36-27_UTC_5.jpg,Unknown,,,,,,Unknown,abaerbock
2973,991bf392-164d-479c-9992-98f5f133f9bb,abaerbock/2021-09-21_14-36-27_UTC_5.jpg,Unknown,,,,,,Unknown,abaerbock
2974,4d0bf412-156b-4733-a40a-0f70f8ac70d0,abaerbock/2021-09-21_14-36-27_UTC_5.jpg,Unknown,,,,,,Unknown,abaerbock
2975,7199c3c6-82f8-4a12-a89d-69adbd3b1484,abaerbock/2021-09-21_14-36-27_UTC_5.jpg,Unknown,,,,,,Unknown,abaerbock
2976,a9c0ffd1-cc9c-4803-bb8b-46eb35d29a5d,abaerbock/2021-09-21_14-36-27_UTC_5.jpg,Unknown,,,,,,Unknown,abaerbock
2977,ff86e256-52a8-4023-953e-ed2c2d3a43e4,abaerbock/2021-09-23_16-08-18_UTC.jpg,Annalena Baerbock,b5ea8be6-69b9-4fdb-8813-88f307903fb4.png,0.6109906833699217,Facenet512,euclidean_l2,26.0,Annalena Baerbock,abaerbock
2978,ef9de073-a1b6-4523-847c-cde1866b2df8,abaerbock/2021-09-17_19-48-04_UTC_5.jpg,Unknown,,,,,,Unknown,abaerbock
2979,4882a5d9-809a-4b33-949b-0982aeabf673,abaerbock/2021-09-17_19-48-04_UTC_5.jpg,Unknown,,,,,,Unknown,abaerbock
2980,d4a198b9-c30d-4952-849e-12736a110bdb,abaerbock/2021-09-22_19-23-29_UTC_4.jpg,Unknown,,,,,,Unknown,abaerbock
2981,3ce47124-31bf-4e42-8932-46a05fa036a8,abaerbock/2021-09-22_19-23-29_UTC_4.jpg,Unknown,,,,,,Unknown,abaerbock
2982,41e2ffdd-f175-4c83-a9a7-c0c12a544167,abaerbock/2021-09-22_19-23-29_UTC_4.jpg,Unknown,,,,,,Unknown,abaerbock
2983,50566091-ceea-4bd8-a5d8-c7f3d1aa5706,abaerbock/2021-09-21_14-36-27_UTC_4.jpg,Unknown,,,,,,Unknown,abaerbock
2984,27c787b6-0f96-4906-b5c5-e69b94c583e1,abaerbock/2021-09-15_13-20-23_UTC_4.jpg,Unknown,,,,,,Unknown,abaerbock
2985,08c9c4ae-87bd-44de-a254-dd8051f91892,abaerbock/2021-09-15_13-20-23_UTC_4.jpg,Unknown,,,,,,Unknown,abaerbock
2986,923ef955-5e10-49e2-9ecc-38c548671463,abaerbock/2021-09-15_13-20-23_UTC_4.jpg,Unknown,,,,,,Unknown,abaerbock
2987,d0c5ab2a-4283-4987-861e-fe1fff4ae3ad,abaerbock/2021-09-15_13-20-23_UTC_4.jpg,Unknown,,,,,,Unknown,abaerbock
2988,9bd2ddf5-6ab1-4812-985f-f4915d42b15c,abaerbock/2021-09-15_13-20-23_UTC_4.jpg,Unknown,,,,,,Unknown,abaerbock
2989,d3112bef-fb20-4d11-8012-65da3bdb7a01,abaerbock/2021-09-15_13-20-23_UTC_4.jpg,Unknown,,,,,,Unknown,abaerbock
2990,ea6e5cc2-76fa-450d-b49d-e89ecf1fa634,abaerbock/2021-09-15_13-20-23_UTC_4.jpg,Unknown,,,,,,Unknown,abaerbock
2991,5b6d47a5-ef5b-476c-a159-a7da2f4bca36,abaerbock/2021-09-15_13-20-23_UTC_4.jpg,Unknown,,,,,,Unknown,abaerbock
2992,7ccaeaa6-8767-49b1-b408-59358fed5390,abaerbock/2021-09-15_13-20-23_UTC_4.jpg,Unknown,,,,,,Unknown,abaerbock
2993,441fbc75-f305-4ec5-b622-0e2abe6f6ccf,abaerbock/2021-09-15_13-20-23_UTC_4.jpg,Unknown,,,,,,Unknown,abaerbock
2994,fb46da23-71af-4563-848f-c7287a91db17,abaerbock/2021-09-17_19-48-04_UTC_6.jpg,Robert Habeck,,,,,,Unknown,abaerbock
2995,7a9ef454-6f19-4978-a103-429b1ad9d15a,abaerbock/2021-09-17_19-48-04_UTC_6.jpg,Unknown,,,,,,Unknown,abaerbock
2996,af4776d1-2392-4667-8dd1-7073f4109b6d,abaerbock/2021-09-17_19-48-04_UTC_6.jpg,Unknown,,,,,,Unknown,abaerbock
2997,4e8ca68f-4cc6-4acf-8498-727093585068,armin_laschet/2021-09-24_20-50-28_UTC_3.jpg,Armin Laschet,c0c7aedd-97dc-4394-8336-f812c19fc1a2.png,0.6687915166005044,Facenet512,euclidean_l2,40.0,Armin Laschet,armin_laschet
2998,dc95d405-5ce3-4083-9539-76927952f2cb,armin_laschet/2021-09-24_20-50-28_UTC_3.jpg,Unknown,,,,,,Unknown,armin_laschet
2999,3d6d1c97-bc48-42da-8841-4c3a9d748ba4,armin_laschet/2021-09-24_20-50-28_UTC_3.jpg,Unknown,,,,,,Unknown,armin_laschet
3000,cec587b4-b175-4bc6-9176-dfa9786204b9,armin_laschet/2021-09-22_14-55-06_UTC_4.jpg,Unknown,,,,,,Unknown,armin_laschet
3001,b3885c63-a994-4b32-a873-aa8e44f92709,armin_laschet/2021-09-22_14-55-06_UTC_4.jpg,Unknown,,,,,,Unknown,armin_laschet
3002,d5be06d4-0935-4af5-b3a0-c337921007df,armin_laschet/2021-09-22_14-55-06_UTC_4.jpg,Unknown,,,,,,Unknown,armin_laschet
3003,7e94ed1f-0785-4c63-a275-926ac587fbe8,armin_laschet/2021-09-22_14-55-06_UTC_4.jpg,Unknown,,,,,,Unknown,armin_laschet
3004,c1547182-79b2-43d0-9e8a-c3b414c35fd2,abaerbock/2021-09-15_13-20-23_UTC_6.jpg,Unknown,,,,,,Unknown,abaerbock
3005,17855883-9d00-441c-a3ac-db916b28c6f2,abaerbock/2021-09-15_13-20-23_UTC_5.jpg,Annalena Baerbock,b5ea8be6-69b9-4fdb-8813-88f307903fb4.png,0.8815736597416151,Facenet512,euclidean_l2,14.0,Annalena Baerbock,abaerbock
3006,f0b65635-dfe5-44c2-91b0-97ca88841341,abaerbock/2021-09-15_13-20-23_UTC_5.jpg,Unknown,,,,,,Unknown,abaerbock
3007,0110d10c-f558-4999-8a2f-b9fd087fff6c,abaerbock/2021-09-15_13-20-23_UTC_5.jpg,Unknown,,,,,,Unknown,abaerbock
3008,f1515729-5c90-4255-b36c-b6311be4f6de,abaerbock/2021-09-15_13-20-23_UTC_5.jpg,Unknown,,,,,,Unknown,abaerbock
3009,410c6b9f-6333-4d86-9fbc-515fcae9e2ad,abaerbock/2021-09-19_15-10-45_UTC_3.jpg,Annalena Baerbock,,,,,,Unknown,abaerbock
3010,005bf45a-fffb-4c21-b4e6-316cf22212cd,abaerbock/2021-09-19_15-10-45_UTC_3.jpg,Unknown,,,,,,Unknown,abaerbock
3011,38c6703a-22ea-4622-8c10-3b6495f683a3,abaerbock/2021-09-19_15-10-45_UTC_3.jpg,Unknown,,,,,,Unknown,abaerbock
3012,19b7bd69-399a-4740-8a3c-8d30a833758b,abaerbock/2021-09-21_14-36-27_UTC_8.jpg,Annalena Baerbock,d0023ba3-e826-4b9e-9f82-cd652ea335bd.png,0.7612080454977986,Facenet512,euclidean_l2,26.0,Annalena Baerbock,abaerbock
3013,f3b15fbb-ce4c-4274-bf63-5d7a030ad186,abaerbock/2021-09-24_11-50-01_UTC_2.jpg,Unknown,,,,,,Unknown,abaerbock
3014,4ac021d3-d98a-4cf9-be42-f498ab65aebf,abaerbock/2021-09-24_11-50-01_UTC_2.jpg,Unknown,,,,,,Unknown,abaerbock
3015,88458416-0446-4dff-bb4d-6477995e6c1b,abaerbock/2021-09-24_11-50-01_UTC_2.jpg,Unknown,,,,,,Unknown,abaerbock
3016,3980aac2-a44e-4aac-a898-19e77fa9c192,abaerbock/2021-09-24_11-50-01_UTC_2.jpg,Unknown,,,,,,Unknown,abaerbock
3017,7aa8a7c2-5152-4af3-a07d-d8df59509f86,abaerbock/2021-09-24_11-50-01_UTC_2.jpg,Unknown,,,,,,Unknown,abaerbock
3018,fb0f9246-a536-4a64-af15-8a5468bf6c24,abaerbock/2021-09-24_11-50-01_UTC_2.jpg,Unknown,,,,,,Unknown,abaerbock
3019,7025285e-7eb2-47ff-82e7-0ea8cdb99d5a,abaerbock/2021-09-24_11-50-01_UTC_2.jpg,Unknown,,,,,,Unknown,abaerbock
3020,07752f44-9c88-4148-a4c1-df4022c2b2bb,abaerbock/2021-09-24_11-50-01_UTC_2.jpg,Unknown,,,,,,Unknown,abaerbock
3021,e2c6eccf-ec5a-4378-86e0-a768931627a8,abaerbock/2021-09-24_11-50-01_UTC_2.jpg,Annalena Baerbock,3f3034b2-faf6-43ad-ae81-188498b8e10d.png,0.9070881857881212,Facenet512,euclidean_l2,26.0,Annalena Baerbock,abaerbock
3022,b5cc1850-68da-4ff0-a801-afd9098eb1bf,abaerbock/2021-09-24_11-50-01_UTC_2.jpg,Unknown,,,,,,Unknown,abaerbock
3023,1127abec-38c0-4b6e-9f04-afd422f436f6,abaerbock/2021-09-24_11-50-01_UTC_2.jpg,Unknown,,,,,,Unknown,abaerbock
3024,bf98600a-4b39-46a3-b89d-65f0267f5d49,abaerbock/2021-09-24_11-50-01_UTC_2.jpg,Unknown,,,,,,Unknown,abaerbock
3025,9a0f72d4-2c86-46a0-8739-b2de00a5e786,abaerbock/2021-09-24_11-50-01_UTC_2.jpg,Unknown,,,,,,Unknown,abaerbock
3026,fce4c639-9d72-4e7c-adc2-5f70ca06f587,abaerbock/2021-09-24_11-50-01_UTC_2.jpg,Unknown,,,,,,Unknown,abaerbock
3027,432a127e-3bb8-4fa2-ac98-ac335666f396,abaerbock/2021-09-24_11-50-01_UTC_2.jpg,Unknown,,,,,,Unknown,abaerbock
3028,edbd2c89-56b8-4c9e-85e5-578233064cbd,abaerbock/2021-09-24_11-50-01_UTC_2.jpg,Unknown,,,,,,Unknown,abaerbock
3029,ea235806-5523-4ec1-bf08-f716afc5244e,abaerbock/2021-09-24_11-50-01_UTC_2.jpg,Unknown,,,,,,Unknown,abaerbock
3030,ef18c744-9d91-4bb0-af06-1fd90cab6261,abaerbock/2021-09-24_11-50-01_UTC_2.jpg,Unknown,,,,,,Unknown,abaerbock
3031,ed1d912b-738e-41c5-8dd9-5a32411b4eca,abaerbock/2021-09-24_11-50-01_UTC_2.jpg,Unknown,,,,,,Unknown,abaerbock
3032,768db6e4-5d82-4592-a234-d70ddb2cd290,abaerbock/2021-09-25_15-05-02_UTC_3.jpg,Unknown,,,,,,Unknown,abaerbock
3033,703e1ffc-15d9-450c-83b6-0b832747d94e,abaerbock/2021-09-25_15-05-02_UTC_3.jpg,Unknown,,,,,,Unknown,abaerbock
3034,3a607d73-3718-47c0-bc4c-f5c459f1ad3d,abaerbock/2021-09-25_15-05-02_UTC_3.jpg,Annalena Baerbock,7043f13e-1c39-4e44-97a1-5130e364ed41.png,0.675131546650403,Facenet512,euclidean_l2,26.0,Annalena Baerbock,abaerbock
3035,6969c604-99c2-4081-85c2-14cb701d6a47,abaerbock/2021-09-25_15-05-02_UTC_3.jpg,Unknown,,,,,,Unknown,abaerbock
3036,1d02951d-b82d-49cd-9588-7e61e35f34b6,abaerbock/2021-09-25_15-05-02_UTC_3.jpg,Unknown,,,,,,Unknown,abaerbock
3037,df370257-752b-482c-baa5-36874b8a1e64,abaerbock/2021-09-25_15-05-02_UTC_3.jpg,Unknown,,,,,,Unknown,abaerbock
3038,356cadfd-7b82-49fa-a6d8-2051658a6df9,abaerbock/2021-09-25_15-05-02_UTC_3.jpg,Unknown,,,,,,Unknown,abaerbock
3039,f2a99e46-8cce-473d-a20b-4823b46886db,abaerbock/2021-09-25_15-05-02_UTC_3.jpg,Unknown,,,,,,Unknown,abaerbock
3040,72d8012f-e23b-46fa-afa7-50224f70adfb,abaerbock/2021-09-25_15-05-02_UTC_3.jpg,Unknown,,,,,,Unknown,abaerbock
3041,a0a81655-e172-48bc-a5f5-bc204c1815c7,abaerbock/2021-09-25_15-05-02_UTC_3.jpg,Unknown,,,,,,Unknown,abaerbock
3042,61733456-e40e-49a2-a101-6b2aec606c66,abaerbock/2021-09-25_15-05-02_UTC_3.jpg,Unknown,,,,,,Unknown,abaerbock
3043,cfd235b8-40f2-4d75-ac9c-64e7e93813ce,abaerbock/2021-09-25_15-05-02_UTC_3.jpg,Unknown,,,,,,Unknown,abaerbock
3044,3d932bbe-6135-47c5-aa00-4bb8a3fbe9ac,abaerbock/2021-09-17_19-48-04_UTC_3.jpg,Unknown,,,,,,Unknown,abaerbock
3045,1bb27f73-92ba-4e51-9321-cbcbb87bbf50,abaerbock/2021-09-15_13-20-23_UTC_1.jpg,Unknown,,,,,,Unknown,abaerbock
3046,966e7cf2-51f9-462f-9c19-521bcb79d579,abaerbock/2021-09-15_13-20-23_UTC_1.jpg,Unknown,,,,,,Unknown,abaerbock
3047,fdae42dd-353d-430b-8910-5a3c7f38ec45,abaerbock/2021-09-15_13-20-23_UTC_1.jpg,Unknown,,,,,,Unknown,abaerbock
3048,373b6efd-d908-457f-aaa2-516f80c9aea9,abaerbock/2021-09-15_13-20-23_UTC_1.jpg,Annalena Baerbock,,,,,,Unknown,abaerbock
3049,c47000fe-d7a3-4f6f-9812-6142ad1d4b99,abaerbock/2021-09-14_10-00-20_UTC_6.jpg,Unknown,,,,,,Unknown,abaerbock
3050,71648ad6-c8b3-487d-a242-e177db008807,abaerbock/2021-09-14_10-00-20_UTC_6.jpg,Unknown,,,,,,Unknown,abaerbock
3051,ad400edc-9e57-4a42-b77a-169665e76c7b,abaerbock/2021-09-14_10-00-20_UTC_6.jpg,Unknown,,,,,,Unknown,abaerbock
3052,97239894-ba22-437e-8d83-8014d01882c6,abaerbock/2021-09-14_10-00-20_UTC_6.jpg,Unknown,,,,,,Unknown,abaerbock
3053,1d212487-34e7-4b59-af8b-334ba69e6f22,abaerbock/2021-09-14_10-00-20_UTC_6.jpg,Unknown,,,,,,Unknown,abaerbock
3054,605261be-202a-4cbb-9231-c91dc3995e6f,abaerbock/2021-09-14_10-00-20_UTC_6.jpg,Unknown,,,,,,Unknown,abaerbock
3055,70047452-b181-4c04-b0d2-15d003806f41,abaerbock/2021-09-14_10-00-20_UTC_6.jpg,Unknown,,,,,,Unknown,abaerbock
3056,2fdb0674-4ada-458b-b9df-2ade7ffd26b7,abaerbock/2021-09-14_10-00-20_UTC_6.jpg,Unknown,,,,,,Unknown,abaerbock
3057,68b2d8ae-ed84-4d03-b169-3ce107a07f87,abaerbock/2021-09-14_10-00-20_UTC_6.jpg,Unknown,,,,,,Unknown,abaerbock
3058,d7fef938-5ccc-4126-9f4d-3560776939b1,abaerbock/2021-09-14_10-00-20_UTC_6.jpg,Unknown,,,,,,Unknown,abaerbock
3059,032dd97e-14e0-4b7c-a8e3-2e94e0d2a89c,abaerbock/2021-09-14_10-00-20_UTC_6.jpg,Unknown,,,,,,Unknown,abaerbock
3060,a057bc62-b63f-4b22-8fe5-14775171ed96,abaerbock/2021-09-14_10-00-20_UTC_6.jpg,Unknown,,,,,,Unknown,abaerbock
3061,3e5b3430-e357-4b8c-b056-f8c221de37a7,abaerbock/2021-09-14_10-00-20_UTC_6.jpg,Unknown,,,,,,Unknown,abaerbock
3062,5a615e47-4e55-4ac9-ae71-c6fe3d6bdcb7,abaerbock/2021-09-14_10-00-20_UTC_6.jpg,Unknown,,,,,,Unknown,abaerbock
3063,7de9841f-8a55-4352-8583-59c235bdb85c,abaerbock/2021-09-14_10-00-20_UTC_6.jpg,Unknown,,,,,,Unknown,abaerbock
3064,18d4f31a-79b5-4b08-9364-06a1b56e69fc,abaerbock/2021-09-14_10-00-20_UTC_6.jpg,Unknown,,,,,,Unknown,abaerbock
3065,789dc140-dc91-41a0-bb3e-474f95bbc1c9,abaerbock/2021-09-14_10-00-20_UTC_6.jpg,Unknown,,,,,,Unknown,abaerbock
3066,145e760c-57fc-4f9a-98be-b8547ffef036,abaerbock/2021-09-14_10-00-20_UTC_6.jpg,Unknown,,,,,,Unknown,abaerbock
3067,5082d065-d081-4162-b232-01ce40ccbb08,abaerbock/2021-09-14_10-00-20_UTC_6.jpg,Unknown,,,,,,Unknown,abaerbock
3068,3769649d-5bda-443d-88ba-bab6689302e8,abaerbock/2021-09-14_10-00-20_UTC_6.jpg,Unknown,,,,,,Unknown,abaerbock
3069,de675006-80c0-41b8-8cdb-319269dce384,abaerbock/2021-09-14_10-00-20_UTC_6.jpg,Unknown,,,,,,Unknown,abaerbock
3070,a2264267-3161-44c3-9325-772affa55580,abaerbock/2021-09-14_10-00-20_UTC_6.jpg,Unknown,,,,,,Unknown,abaerbock
3071,00e0b56e-f03d-48e2-a248-031318f5cfa1,abaerbock/2021-09-24_11-50-01_UTC_3.jpg,Unknown,,,,,,Unknown,abaerbock
3072,b7b2bd13-1fab-40fa-b2bd-3a26b29624a5,abaerbock/2021-09-24_11-50-01_UTC_3.jpg,Unknown,,,,,,Unknown,abaerbock
3073,a534e93a-e318-4e5f-88a1-f62b9d8e9f16,abaerbock/2021-09-24_11-50-01_UTC_3.jpg,Annalena Baerbock,,,,,,Unknown,abaerbock
3074,eb1af3c4-6a82-4a3b-b7cc-b5d59d3d73c4,abaerbock/2021-09-24_11-50-01_UTC_3.jpg,Unknown,,,,,,Unknown,abaerbock
3075,5f283aca-1f9c-42ad-b448-12e239fc0613,abaerbock/2021-09-24_11-50-01_UTC_3.jpg,Unknown,,,,,,Unknown,abaerbock
3076,c9dc6737-674a-4569-8670-d04ac1aa9280,armin_laschet/2021-09-25_08-46-13_UTC.jpg,Armin Laschet,b95e4651-bf56-4f12-8d9c-4defe1aef9b0.png,0.3191026309482273,Facenet512,euclidean_l2,40.0,Armin Laschet,armin_laschet
3077,5d73147b-0ed5-4185-aed7-b1becd2b0ca8,abaerbock/2021-09-19_15-10-45_UTC_4.jpg,Robert Habeck,,,,,,Unknown,abaerbock
3078,f772733b-0615-41b6-b21e-1eb222ed1de8,abaerbock/2021-09-19_15-10-45_UTC_4.jpg,Unknown,,,,,,Unknown,abaerbock
3079,9d9824e7-de9b-404c-a849-700fed6dbe6b,abaerbock/2021-09-19_15-10-45_UTC_4.jpg,Unknown,,,,,,Unknown,abaerbock
3080,5f14108a-dee1-47e4-aa40-5f85b45e8358,abaerbock/2021-09-14_10-00-20_UTC_5.jpg,Annalena Baerbock,baerbock_annalena_gross.jpeg,0.7853658357480695,Facenet512,euclidean_l2,26.0,Annalena Baerbock,abaerbock
3081,87489bbe-321d-433f-964e-00363b18d9ed,abaerbock/2021-09-14_10-00-20_UTC_5.jpg,Unknown,,,,,,Unknown,abaerbock
3082,d6b71b34-30b8-4991-ad90-b5d84f7923d9,abaerbock/2021-09-24_17-49-01_UTC_2.jpg,Unknown,,,,,,Unknown,abaerbock
3083,cbd5a986-1672-4ab4-92c4-12f129117cff,abaerbock/2021-09-24_17-49-01_UTC_2.jpg,Unknown,,,,,,Unknown,abaerbock
3084,c6c34e05-bd55-4d23-9cff-7a339ff8e58d,abaerbock/2021-09-24_17-49-01_UTC_2.jpg,Unknown,,,,,,Unknown,abaerbock
3085,7bccf226-181f-4882-a936-6022f5a36d24,abaerbock/2021-09-24_17-49-01_UTC_2.jpg,Unknown,,,,,,Unknown,abaerbock
3086,38c58708-8723-47cd-9490-f838242d4970,abaerbock/2021-09-24_17-49-01_UTC_2.jpg,Unknown,,,,,,Unknown,abaerbock
3087,c35ac537-8cd3-41ae-ad12-86668cef6601,abaerbock/2021-09-15_13-20-23_UTC_2.jpg,Unknown,,,,,,Unknown,abaerbock
3088,1c863d03-3e2c-4e5a-a9f9-9d995382743d,abaerbock/2021-09-15_13-20-23_UTC_2.jpg,Unknown,,,,,,Unknown,abaerbock
3089,cae057a8-3373-4387-b11e-07278f76f829,abaerbock/2021-09-15_13-20-23_UTC_2.jpg,Unknown,,,,,,Unknown,abaerbock
3090,6102f77c-8992-44fe-8e7b-18530acc5284,abaerbock/2021-09-15_13-20-23_UTC_2.jpg,Unknown,,,,,,Unknown,abaerbock
3091,8e7699cd-372f-4059-b584-3767b0f52ab3,abaerbock/2021-09-15_13-20-23_UTC_2.jpg,Unknown,,,,,,Unknown,abaerbock
3092,f478d237-1b0f-4782-8fe7-bd7dd68411d7,abaerbock/2021-09-15_13-20-23_UTC_2.jpg,Unknown,,,,,,Unknown,abaerbock
3093,f7d9617b-b9b6-4bbe-a6eb-174054e6c187,abaerbock/2021-09-15_13-20-23_UTC_2.jpg,Unknown,,,,,,Unknown,abaerbock
3094,a985a95d-4403-4de3-bad2-f05bb38d260e,abaerbock/2021-09-15_13-20-23_UTC_2.jpg,Annalena Baerbock,820608e2-840e-4850-b527-36c922284188.png,0.8855521085193638,Facenet512,euclidean_l2,14.0,Annalena Baerbock,abaerbock
3095,61311596-0257-47dc-8536-9c37caedb566,abaerbock/2021-09-15_13-20-23_UTC_2.jpg,Unknown,,,,,,Unknown,abaerbock
3096,4d13c47e-31b4-4f27-a029-f9c9ec62a3d9,abaerbock/2021-09-15_13-20-23_UTC_2.jpg,Unknown,,,,,,Unknown,abaerbock
3097,9090978a-cf81-4e2c-be1c-354de09ef747,abaerbock/2021-09-15_13-20-23_UTC_2.jpg,Unknown,,,,,,Unknown,abaerbock
3098,6bc2792f-cea3-4834-9bc6-e29f150d229f,abaerbock/2021-09-15_13-20-23_UTC_2.jpg,Unknown,,,,,,Unknown,abaerbock
3099,9f31b1e3-c10c-468e-abfb-cb3b21b1e897,abaerbock/2021-09-15_13-20-23_UTC_2.jpg,Unknown,,,,,,Unknown,abaerbock
3100,a51c50b8-6b73-4c8f-a5fc-5c114dc2d52b,abaerbock/2021-09-15_13-20-23_UTC_2.jpg,Unknown,,,,,,Unknown,abaerbock
3101,275a5fe8-d14e-4faf-a8f3-e32dd39b2b56,abaerbock/2021-09-15_13-20-23_UTC_2.jpg,Unknown,,,,,,Unknown,abaerbock
3102,e01157d4-072f-48bd-a5c3-db89b1f4df30,abaerbock/2021-09-15_13-20-23_UTC_2.jpg,Unknown,,,,,,Unknown,abaerbock
3103,506744d7-b762-4dc1-a16a-238a4e51f131,abaerbock/2021-09-15_13-20-23_UTC_2.jpg,Unknown,,,,,,Unknown,abaerbock
3104,3aa7a650-1a94-4aeb-9f0e-7114411b89c7,abaerbock/2021-09-15_13-20-23_UTC_2.jpg,Unknown,,,,,,Unknown,abaerbock
3105,3ac58943-e21a-4942-a377-8eb341503466,abaerbock/2021-09-15_13-20-23_UTC_2.jpg,Unknown,,,,,,Unknown,abaerbock
3106,c0d53f36-df93-42e1-a8da-c2ce64be1ef5,abaerbock/2021-09-15_13-20-23_UTC_2.jpg,Unknown,,,,,,Unknown,abaerbock
3107,864edca5-495d-4d1e-86fa-5fd22e01e637,abaerbock/2021-09-15_13-20-23_UTC_2.jpg,Unknown,,,,,,Unknown,abaerbock
3108,2434649c-7839-4e29-bb63-34c0cb1a7084,abaerbock/2021-09-15_13-20-23_UTC_2.jpg,Unknown,,,,,,Unknown,abaerbock
3109,0eda51cc-845a-4498-afe2-83e38f8952f3,abaerbock/2021-09-15_13-20-23_UTC_2.jpg,Unknown,,,,,,Unknown,abaerbock
3110,e9dd9c2d-3d97-4fa4-a075-c3cc32e0acfe,abaerbock/2021-09-15_13-20-23_UTC_2.jpg,Unknown,,,,,,Unknown,abaerbock
3111,e55de557-135b-42de-94b9-d82ad5bc4f3e,abaerbock/2021-09-15_13-20-23_UTC_2.jpg,Unknown,,,,,,Unknown,abaerbock
3112,637be01c-53c8-4736-b019-14dad027f0eb,abaerbock/2021-09-15_13-20-23_UTC_2.jpg,Unknown,,,,,,Unknown,abaerbock
3113,0cb4e5fd-f55b-41d6-8821-52fb14516115,abaerbock/2021-09-15_13-20-23_UTC_2.jpg,Unknown,,,,,,Unknown,abaerbock
3114,412aed72-d24a-4b65-b68c-34ab996702b4,abaerbock/2021-09-15_13-20-23_UTC_2.jpg,Unknown,,,,,,Unknown,abaerbock
3115,06b8f22d-8e52-4dd4-9ff5-4b6de3c74152,abaerbock/2021-09-15_13-20-23_UTC_2.jpg,Unknown,,,,,,Unknown,abaerbock
3116,c05075ed-2b4d-42b0-8fca-e9808335fb88,abaerbock/2021-09-15_13-20-23_UTC_2.jpg,Unknown,,,,,,Unknown,abaerbock
3117,ceb474d3-1295-45a6-8c8d-2ba58e3c2f1c,abaerbock/2021-09-15_13-20-23_UTC_2.jpg,Unknown,,,,,,Unknown,abaerbock
3118,e0553015-bb99-4bf2-b4e9-539f9cd62e91,abaerbock/2021-09-15_13-20-23_UTC_2.jpg,Unknown,,,,,,Unknown,abaerbock
3119,4c0ff8a2-86ce-4c5c-91cf-ba590cbe7750,abaerbock/2021-09-15_13-20-23_UTC_2.jpg,Unknown,,,,,,Unknown,abaerbock
3120,42382891-d77f-410c-b436-52a93092de67,abaerbock/2021-09-15_13-20-23_UTC_2.jpg,Unknown,,,,,,Unknown,abaerbock
3121,544d14b3-255e-4f35-8e30-63171c5cc1fc,abaerbock/2021-09-15_13-20-23_UTC_2.jpg,Unknown,,,,,,Unknown,abaerbock
3122,246d8e68-29a5-48a3-af3c-7f2d54c45c12,abaerbock/2021-09-15_13-20-23_UTC_2.jpg,Unknown,,,,,,Unknown,abaerbock
3123,afeef2c9-e5ba-4b87-87ba-f4c753c3e233,abaerbock/2021-09-15_13-20-23_UTC_2.jpg,Unknown,,,,,,Unknown,abaerbock
3124,2770de80-ae3c-4b3f-a70a-af92336011ad,abaerbock/2021-09-15_13-20-23_UTC_2.jpg,Unknown,,,,,,Unknown,abaerbock
3125,03f89b1a-a33f-4259-87d2-c8545ebc89e9,abaerbock/2021-09-15_13-20-23_UTC_2.jpg,Unknown,,,,,,Unknown,abaerbock
3126,6714f592-bd3a-4411-84cb-657ca915c48a,abaerbock/2021-09-15_13-20-23_UTC_2.jpg,Unknown,,,,,,Unknown,abaerbock
3127,e6e6a1da-ef49-44bc-a01c-5d7d713e8795,abaerbock/2021-09-15_13-20-23_UTC_2.jpg,Unknown,,,,,,Unknown,abaerbock
3128,7f1bf24a-3152-4760-a9ed-08b4ee5c04e9,abaerbock/2021-09-15_13-20-23_UTC_2.jpg,Unknown,,,,,,Unknown,abaerbock
3129,5386204a-2b45-4f3b-9ee4-8647688206f2,abaerbock/2021-09-15_13-20-23_UTC_2.jpg,Unknown,,,,,,Unknown,abaerbock
3130,4dab36e9-7d5a-4371-9229-3e01a9dede85,abaerbock/2021-09-15_13-20-23_UTC_2.jpg,Unknown,,,,,,Unknown,abaerbock
3131,020d9d77-b9fe-454a-8317-d4cb2bc53f7b,abaerbock/2021-09-13_19-36-55_UTC_4.jpg,Unknown,,,,,,Unknown,abaerbock
3132,d79220b8-b0ce-4595-9540-f7337a405bd2,abaerbock/2021-09-13_19-36-55_UTC_4.jpg,Unknown,,,,,,Unknown,abaerbock
3133,963eb633-3e3b-4ea2-b78b-a736da5381a6,abaerbock/2021-09-13_19-36-55_UTC_4.jpg,Annalena Baerbock,9a8aa257-6928-4d20-bb76-b003078f551d.png,0.5401313632013304,Facenet512,euclidean_l2,26.0,Annalena Baerbock,abaerbock
3134,0fe2ed77-d03f-4591-a48f-51d34f30fb35,abaerbock/2021-09-13_19-36-55_UTC_4.jpg,Unknown,,,,,,Unknown,abaerbock
3135,d6763df3-4911-4376-8291-00d0dbd37330,abaerbock/2021-09-13_19-36-55_UTC_4.jpg,Unknown,,,,,,Unknown,abaerbock
3136,78822d79-da13-437c-90e7-175a566ca12d,abaerbock/2021-09-13_19-36-55_UTC_4.jpg,Unknown,,,,,,Unknown,abaerbock
3137,2ab4036d-adf3-4b95-b3a0-857ceaa7a2bb,abaerbock/2021-09-13_19-36-55_UTC_4.jpg,Unknown,,,,,,Unknown,abaerbock
3138,1409b9ed-a315-455e-8d3a-8aa3aa50e5a4,abaerbock/2021-09-13_19-36-55_UTC_4.jpg,Unknown,,,,,,Unknown,abaerbock
3139,5278b615-db44-4bd9-80f6-85d91f5f046c,abaerbock/2021-09-17_19-48-04_UTC_2.jpg,Robert Habeck,,,,,,Unknown,abaerbock
3140,f812341d-1859-4015-b280-94162616240a,abaerbock/2021-09-20_13-46-23_UTC_1.jpg,Annalena Baerbock,820608e2-840e-4850-b527-36c922284188.png,0.8613394349347137,Facenet512,euclidean_l2,22.0,Annalena Baerbock,abaerbock
3141,fc5ee01f-6ba8-48b3-abd3-5f819f8de7c7,abaerbock/2021-09-17_19-48-04_UTC_4.jpg,Annalena Baerbock,,,,,,Unknown,abaerbock
3142,43676897-9762-4f0f-9bc4-84d2300b6e54,abaerbock/2021-09-17_19-48-04_UTC_4.jpg,Unknown,,,,,,Unknown,abaerbock
3143,3d8cdb97-eee7-4292-884d-bc2f42a15036,abaerbock/2021-09-17_19-48-04_UTC_4.jpg,Unknown,,,,,,Unknown,abaerbock
3144,975ca75a-eab5-4959-867e-e155d49469a1,abaerbock/2021-09-17_19-48-04_UTC_4.jpg,Unknown,,,,,,Unknown,abaerbock
3145,82de2406-5a8d-469f-a32d-473dbd4831ba,abaerbock/2021-09-17_19-48-04_UTC_4.jpg,Unknown,,,,,,Unknown,abaerbock
3146,56fa7e92-cdbc-4f7d-98fd-3a8e1548f9c0,abaerbock/2021-09-17_19-48-04_UTC_4.jpg,Unknown,,,,,,Unknown,abaerbock
3147,4bf6e64b-5418-4d9c-9846-d722af85c2dc,abaerbock/2021-09-17_19-48-04_UTC_4.jpg,Unknown,,,,,,Unknown,abaerbock
3148,edf5487b-e439-4f76-9238-d842fde58079,abaerbock/2021-09-17_19-48-04_UTC_4.jpg,Unknown,,,,,,Unknown,abaerbock
3149,6e338a11-9cb2-47bd-b50e-3d9d8d945cb3,abaerbock/2021-09-17_19-48-04_UTC_4.jpg,Unknown,,,,,,Unknown,abaerbock
3150,5d7c153b-0a77-4093-91bc-9eaf291d43c9,abaerbock/2021-09-17_19-48-04_UTC_4.jpg,Unknown,,,,,,Unknown,abaerbock
3151,a163d28e-53de-4a80-9268-3eb1752be8a4,abaerbock/2021-09-17_19-48-04_UTC_4.jpg,Unknown,,,,,,Unknown,abaerbock
3152,08cee956-fcdc-4629-9338-63568aeb6aa5,abaerbock/2021-09-17_19-48-04_UTC_4.jpg,Unknown,,,,,,Unknown,abaerbock
3153,fdfebfcb-e46d-4a3e-bac4-66e420b38ab6,abaerbock/2021-09-20_18-22-45_UTC_3.jpg,Unknown,,,,,,Unknown,abaerbock
3154,ff9243d9-22d9-4b27-9cae-61dcb5cc54a5,abaerbock/2021-09-14_10-00-20_UTC_4.jpg,Unknown,,,,,,Unknown,abaerbock
3155,fa3a6eca-7e30-47cf-9adc-00d500cdfdc7,abaerbock/2021-09-14_10-00-20_UTC_4.jpg,Unknown,,,,,,Unknown,abaerbock
3156,4edda49d-2393-4711-8885-e3dbb2bcd9c0,abaerbock/2021-09-14_10-00-20_UTC_4.jpg,Unknown,b2e13edc-d8cc-4db2-9310-6924bd90b7e8.png,0.933108554673914,Facenet512,euclidean_l2,4.0,Annalena Baerbock,abaerbock
3157,3cc4d7c8-5a93-4666-aa03-5da2645183be,abaerbock/2021-09-14_10-00-20_UTC_4.jpg,Unknown,,,,,,Unknown,abaerbock
3158,e7e59fb0-d1ec-4d62-b4ad-4c924967d564,abaerbock/2021-09-14_10-00-20_UTC_4.jpg,Unknown,,,,,,Unknown,abaerbock
3159,03b03364-2199-41d4-9d70-3bc0351c400e,abaerbock/2021-09-14_10-00-20_UTC_4.jpg,Unknown,,,,,,Unknown,abaerbock
3160,69059919-a4c2-47c2-b42d-864fd52503a8,abaerbock/2021-09-14_10-00-20_UTC_4.jpg,Unknown,,,,,,Unknown,abaerbock
3161,001f7047-f368-410a-84de-0fb13ea88f54,abaerbock/2021-09-14_10-00-20_UTC_4.jpg,Unknown,,,,,,Unknown,abaerbock
3162,1489182f-1ec5-4327-ac1a-86e76cc614f3,abaerbock/2021-09-14_10-00-20_UTC_4.jpg,Unknown,,,,,,Unknown,abaerbock
3163,fe610f36-9fa1-494c-b179-1e7942ea600e,abaerbock/2021-09-14_10-00-20_UTC_4.jpg,Unknown,,,,,,Unknown,abaerbock
3164,43f9f313-cd30-4133-9ac4-6fd4c630d4dc,abaerbock/2021-09-14_10-00-20_UTC_4.jpg,Unknown,,,,,,Unknown,abaerbock
3165,2977df94-1a8c-4483-9bd8-432b72c58c15,abaerbock/2021-09-14_10-00-20_UTC_4.jpg,Unknown,,,,,,Unknown,abaerbock
3166,14f736c7-2385-45d6-bc44-79d4f2c00506,abaerbock/2021-09-14_10-00-20_UTC_4.jpg,Unknown,,,,,,Unknown,abaerbock
3167,7c7ac914-672f-40e0-88cf-61969dfb541c,abaerbock/2021-09-14_10-00-20_UTC_4.jpg,Unknown,,,,,,Unknown,abaerbock
3168,5ff598a2-804c-464f-ae0d-db02557328bd,abaerbock/2021-09-14_10-00-20_UTC_4.jpg,Unknown,,,,,,Unknown,abaerbock
3169,917857af-a148-4953-936f-795a288e95c8,abaerbock/2021-09-14_10-00-20_UTC_4.jpg,Unknown,,,,,,Unknown,abaerbock
3170,9a0b295c-eab9-437d-bceb-9d8876197701,abaerbock/2021-09-14_10-00-20_UTC_4.jpg,Unknown,,,,,,Unknown,abaerbock
3171,d96378b2-8699-47a1-8973-ffb36f24089a,abaerbock/2021-09-14_10-00-20_UTC_4.jpg,Unknown,,,,,,Unknown,abaerbock
3172,2b639a3e-bd51-493b-88b3-b190ade81bec,abaerbock/2021-09-14_10-00-20_UTC_4.jpg,Unknown,,,,,,Unknown,abaerbock
3173,44309e3a-a612-412b-bc81-42439c8f614b,abaerbock/2021-09-14_10-00-20_UTC_4.jpg,Unknown,,,,,,Unknown,abaerbock
3174,ba4eb020-4d22-49c9-9ebc-2572b0d4d805,abaerbock/2021-09-14_10-00-20_UTC_4.jpg,Unknown,,,,,,Unknown,abaerbock
3175,97f4c887-0235-4db8-ad78-66244ff4d8ef,abaerbock/2021-09-14_10-00-20_UTC_4.jpg,Unknown,,,,,,Unknown,abaerbock
3176,87e5dd2b-cc62-4ef7-9fd8-594d1fc6bc65,abaerbock/2021-09-14_10-00-20_UTC_4.jpg,Unknown,,,,,,Unknown,abaerbock
3177,35748afe-a093-42f2-a3f5-c5a74b51a0dd,abaerbock/2021-09-14_10-00-20_UTC_4.jpg,Unknown,,,,,,Unknown,abaerbock
3178,a5a2afef-8cc9-4b80-82be-308985e2dbf6,abaerbock/2021-09-14_10-00-20_UTC_4.jpg,Unknown,,,,,,Unknown,abaerbock
3179,1834d71d-13b1-44f6-879a-9e8cd7e005bb,abaerbock/2021-09-14_10-00-20_UTC_4.jpg,Unknown,,,,,,Unknown,abaerbock
3180,ed2ea83e-567b-4fed-9e73-b55408b41e57,abaerbock/2021-09-14_10-00-20_UTC_4.jpg,Unknown,,,,,,Unknown,abaerbock
3181,670a531a-b483-4d95-9e59-0ca00a367d3a,abaerbock/2021-09-14_10-00-20_UTC_4.jpg,Unknown,,,,,,Unknown,abaerbock
3182,ff9125e3-9693-432d-bca6-6891ffed3539,abaerbock/2021-09-14_10-00-20_UTC_4.jpg,Unknown,,,,,,Unknown,abaerbock
3183,a5927725-924f-4471-88cb-f25eb1e1e085,abaerbock/2021-09-14_10-00-20_UTC_4.jpg,Unknown,,,,,,Unknown,abaerbock
3184,3a00b3d2-3bcf-482a-8b5e-d30c56566dc0,abaerbock/2021-09-14_10-00-20_UTC_4.jpg,Unknown,,,,,,Unknown,abaerbock
3185,6abcabe0-d3eb-469a-b366-3b6a19d93b4d,abaerbock/2021-09-14_10-00-20_UTC_4.jpg,Unknown,,,,,,Unknown,abaerbock
3186,55a87cb3-7274-4259-b39c-d660c5424654,abaerbock/2021-09-14_10-00-20_UTC_4.jpg,Unknown,,,,,,Unknown,abaerbock
3187,f140f3c6-b3a9-4692-852a-1e521c565cf1,abaerbock/2021-09-14_10-00-20_UTC_4.jpg,Unknown,,,,,,Unknown,abaerbock
3188,7ac51547-38d7-4d93-8260-2a0c47aa1b1b,abaerbock/2021-09-14_10-00-20_UTC_4.jpg,Unknown,,,,,,Unknown,abaerbock
3189,988fe678-8700-4cf4-bccd-d85d1f273042,abaerbock/2021-09-14_10-00-20_UTC_4.jpg,Unknown,,,,,,Unknown,abaerbock
3190,8853f9de-98bb-4a7f-9670-0ffa253e58dc,abaerbock/2021-09-14_10-00-20_UTC_4.jpg,Unknown,,,,,,Unknown,abaerbock
3191,7cf69cd0-7384-479d-9c0e-f89a59092f8e,abaerbock/2021-09-14_10-00-20_UTC_4.jpg,Unknown,,,,,,Unknown,abaerbock
3192,891a9832-3593-43b7-918b-f21473dc7057,abaerbock/2021-09-14_10-00-20_UTC_4.jpg,Unknown,,,,,,Unknown,abaerbock
3193,f5c5ec95-e16e-40a9-bba7-5580894ced0b,abaerbock/2021-09-14_10-00-20_UTC_4.jpg,Unknown,,,,,,Unknown,abaerbock
3194,daaf189b-77f2-4342-b03a-a62620f09455,abaerbock/2021-09-14_10-00-20_UTC_4.jpg,Unknown,,,,,,Unknown,abaerbock
3195,298321ef-5b2a-4729-b497-fea33f8e6c70,abaerbock/2021-09-14_10-00-20_UTC_4.jpg,Unknown,,,,,,Unknown,abaerbock
3196,920bc80e-2724-40c8-8585-eb550a82e1a0,abaerbock/2021-09-14_10-00-20_UTC_4.jpg,Unknown,,,,,,Unknown,abaerbock
3197,807fb4ff-c71a-4763-b579-3c03c6cb53b1,abaerbock/2021-09-14_10-00-20_UTC_4.jpg,Unknown,,,,,,Unknown,abaerbock
3198,4cc621b4-0a6e-4fe5-a19a-0bf5cfe62333,abaerbock/2021-09-14_10-00-20_UTC_4.jpg,Unknown,,,,,,Unknown,abaerbock
3199,2db694c1-786f-4270-aac3-e3b77b6af85b,abaerbock/2021-09-14_10-00-20_UTC_4.jpg,Unknown,,,,,,Unknown,abaerbock
3200,07d226d7-59d9-4509-9c06-d1d9cbcfda1b,abaerbock/2021-09-14_10-00-20_UTC_4.jpg,Unknown,,,,,,Unknown,abaerbock
3201,10aacba6-7dac-4b52-82bc-2d18c222e988,abaerbock/2021-09-14_10-00-20_UTC_4.jpg,Unknown,,,,,,Unknown,abaerbock
3202,305181e7-ec56-4ada-80cd-578bbe55b3e8,abaerbock/2021-09-14_10-00-20_UTC_4.jpg,Unknown,,,,,,Unknown,abaerbock
3203,10ecf2d9-6620-43a8-a7fd-c05cf060c290,abaerbock/2021-09-14_10-00-20_UTC_4.jpg,Unknown,,,,,,Unknown,abaerbock
3204,a4ba5b25-29b5-43f0-93e1-0b02a1dc866f,abaerbock/2021-09-14_10-00-20_UTC_4.jpg,Unknown,,,,,,Unknown,abaerbock
3205,7df7324b-daf4-4571-87fc-a951cefaeb9c,abaerbock/2021-09-14_10-00-20_UTC_4.jpg,Unknown,,,,,,Unknown,abaerbock
3206,c6ca87ed-fd0e-4a47-8bb0-02d32f08723f,abaerbock/2021-09-14_10-00-20_UTC_4.jpg,Unknown,,,,,,Unknown,abaerbock
3207,e4f01aa4-2eba-4408-9fda-bf24a7985517,abaerbock/2021-09-14_10-00-20_UTC_4.jpg,Unknown,,,,,,Unknown,abaerbock
3208,0a6d39d1-66c2-4b1c-81c2-b571df7a944e,abaerbock/2021-09-14_10-00-20_UTC_4.jpg,Unknown,,,,,,Unknown,abaerbock
3209,39e0b985-d107-4340-a6e3-212faad93f24,abaerbock/2021-09-14_10-00-20_UTC_4.jpg,Unknown,,,,,,Unknown,abaerbock
3210,eb95ae0f-656f-4ca5-b2d9-f4acfeb17abf,abaerbock/2021-09-14_10-00-20_UTC_4.jpg,Unknown,,,,,,Unknown,abaerbock
3211,49c4fac6-cd41-4fa9-917c-9b5f3bbe64fc,abaerbock/2021-09-14_10-00-20_UTC_4.jpg,Unknown,,,,,,Unknown,abaerbock
3212,e3d545f9-d34f-4589-92c2-2ee6e4461916,abaerbock/2021-09-14_10-00-20_UTC_4.jpg,Unknown,,,,,,Unknown,abaerbock
3213,f4d9805b-a800-4da4-ad84-16daa868e7f8,abaerbock/2021-09-14_10-00-20_UTC_4.jpg,Unknown,,,,,,Unknown,abaerbock
3214,d7fc456d-a5b1-4ed9-b50c-1804f1e6e2bf,abaerbock/2021-09-14_10-00-20_UTC_4.jpg,Unknown,,,,,,Unknown,abaerbock
3215,8af44fa6-99de-43c0-bf87-abc25150b22e,abaerbock/2021-09-14_10-00-20_UTC_4.jpg,Unknown,,,,,,Unknown,abaerbock
3216,f9999d78-49da-4419-a0e2-cb9ecbcae20c,abaerbock/2021-09-14_10-00-20_UTC_4.jpg,Unknown,,,,,,Unknown,abaerbock
3217,cfb40aa6-e999-4f9a-9937-e7658f0008f5,abaerbock/2021-09-14_10-00-20_UTC_4.jpg,Unknown,,,,,,Unknown,abaerbock
3218,3dc2d1ad-e9aa-4c1a-980c-2fa0315720e7,abaerbock/2021-09-14_10-00-20_UTC_4.jpg,Unknown,,,,,,Unknown,abaerbock
3219,002deb70-3de3-4cf4-bcbd-b13f2ac20228,abaerbock/2021-09-14_10-00-20_UTC_4.jpg,Unknown,,,,,,Unknown,abaerbock
3220,173796a7-89c8-4f13-bc94-e1df466f2eca,abaerbock/2021-09-14_10-00-20_UTC_4.jpg,Unknown,,,,,,Unknown,abaerbock
3221,389f9c32-9bea-4a8b-a9c0-9697a20bb783,abaerbock/2021-09-14_10-00-20_UTC_4.jpg,Unknown,,,,,,Unknown,abaerbock
3222,4c69c2c5-8673-4242-b799-dfe07550fdff,abaerbock/2021-09-14_10-00-20_UTC_4.jpg,Unknown,,,,,,Unknown,abaerbock
3223,4657f421-7093-4f06-8378-c86789d4f459,armin_laschet/2021-09-25_12-43-21_UTC_6.jpg,Unknown,,,,,,Unknown,armin_laschet
3224,da6916a2-45d6-4a1f-8070-2523bdc29585,armin_laschet/2021-09-25_12-43-21_UTC_6.jpg,Unknown,,,,,,Unknown,armin_laschet
3225,ea291910-9890-4650-8ce6-5c41094b437b,armin_laschet/2021-09-25_12-43-21_UTC_6.jpg,Unknown,6eea9eca-17f8-4cce-b3dd-7cf5cb345415.png,1.024362193266937,Facenet512,euclidean_l2,2.0,Armin Laschet,armin_laschet
3226,fa0f528b-141c-4733-9425-2559bc0c7cc7,armin_laschet/2021-09-25_12-43-21_UTC_6.jpg,Unknown,,,,,,Unknown,armin_laschet
3227,7bcc60ce-8ee7-4e8f-b35e-92075b56fdbb,armin_laschet/2021-09-25_12-43-21_UTC_6.jpg,Unknown,,,,,,Unknown,armin_laschet
3228,733d53a9-a31d-48a7-a022-d3c48b0c3109,armin_laschet/2021-09-25_12-43-21_UTC_6.jpg,Unknown,,,,,,Unknown,armin_laschet
3229,05a6f851-bb74-4d8b-94e7-3885800c9862,armin_laschet/2021-09-25_12-43-21_UTC_6.jpg,Unknown,,,,,,Unknown,armin_laschet
3230,026427f5-fab9-4c06-85ea-ae2983b25058,armin_laschet/2021-09-25_12-43-21_UTC_6.jpg,Unknown,,,,,,Unknown,armin_laschet
3231,36c15bce-f8c3-46e0-baee-cba74ff5bd89,armin_laschet/2021-09-25_12-43-21_UTC_6.jpg,Armin Laschet,5efa5b53-ada6-486e-8b66-4c6330a71ea7.png,0.7725037338228834,Facenet512,euclidean_l2,30.0,Armin Laschet,armin_laschet
3232,542873bb-fb7d-41a1-9a10-219da00f6607,armin_laschet/2021-09-25_12-43-21_UTC_6.jpg,Unknown,,,,,,Unknown,armin_laschet
3233,9b80c2f2-ecf9-4bbe-9e9d-feffe9422646,armin_laschet/2021-09-25_12-43-21_UTC_6.jpg,Unknown,,,,,,Unknown,armin_laschet
3234,405af14f-7ff7-4ee6-9d15-25a94ba1af9d,armin_laschet/2021-09-25_12-43-21_UTC_6.jpg,Unknown,,,,,,Unknown,armin_laschet
3235,2677bbe4-2993-471a-8c50-da648bc3be0e,armin_laschet/2021-09-25_12-43-21_UTC_6.jpg,Unknown,,,,,,Unknown,armin_laschet
3236,78c26975-9e01-48d6-8155-e2ad505bf97e,armin_laschet/2021-09-25_12-43-21_UTC_6.jpg,Unknown,,,,,,Unknown,armin_laschet
3237,46e7199b-c7e0-4a06-8039-31ff1d771706,armin_laschet/2021-09-25_12-43-21_UTC_6.jpg,Unknown,,,,,,Unknown,armin_laschet
3238,d5934704-25db-493e-ac40-4ec0a4f53094,armin_laschet/2021-09-25_12-43-21_UTC_6.jpg,Unknown,,,,,,Unknown,armin_laschet
3239,9d88f319-ce92-4a09-a351-2632493c141f,abaerbock/2021-09-20_18-22-45_UTC_4.jpg,Unknown,,,,,,Unknown,abaerbock
3240,f513e4c7-db35-49d2-b314-0f5b04a0abac,abaerbock/2021-09-20_18-22-45_UTC_4.jpg,Unknown,,,,,,Unknown,abaerbock
3241,040923e4-54c8-4874-af39-98a2d997c048,abaerbock/2021-09-20_18-22-45_UTC_4.jpg,Unknown,,,,,,Unknown,abaerbock
3242,a2a37902-2db3-4143-a363-0f1c53372399,abaerbock/2021-09-20_18-22-45_UTC_4.jpg,Unknown,,,,,,Unknown,abaerbock
3243,457086ae-15f4-44bc-91c0-e8220de9be0a,abaerbock/2021-09-20_18-22-45_UTC_4.jpg,Unknown,,,,,,Unknown,abaerbock
3244,20ebbe1e-1f99-48a2-a7be-0c56d1b0eae5,abaerbock/2021-09-20_18-22-45_UTC_4.jpg,Unknown,,,,,,Unknown,abaerbock
3245,46abd957-54ee-440d-b504-ec20256cab4f,abaerbock/2021-09-20_18-22-45_UTC_4.jpg,Unknown,,,,,,Unknown,abaerbock
3246,cdbc4e35-455f-44bd-832e-9e39e266c7cb,abaerbock/2021-09-20_18-22-45_UTC_4.jpg,Unknown,,,,,,Unknown,abaerbock
3247,0c3d1279-65b3-467b-a6d7-2e380e7d1b65,abaerbock/2021-09-20_18-22-45_UTC_4.jpg,Unknown,,,,,,Unknown,abaerbock
3248,b1e371f9-d5fb-456b-8e47-903a3c0e29df,abaerbock/2021-09-20_18-22-45_UTC_4.jpg,Unknown,,,,,,Unknown,abaerbock
3249,e3fe5ce8-8e53-43bd-926f-f3fda1d81b99,abaerbock/2021-09-20_18-22-45_UTC_4.jpg,Unknown,,,,,,Unknown,abaerbock
3250,c5f7ec06-d18c-4a10-afb6-aaf8066461e5,abaerbock/2021-09-20_18-22-45_UTC_4.jpg,Unknown,,,,,,Unknown,abaerbock
3251,d1e718ee-a6bd-4ae8-b6e2-d0a92e7f7ed5,abaerbock/2021-09-20_18-22-45_UTC_4.jpg,Unknown,,,,,,Unknown,abaerbock
3252,5433648b-4839-4a5b-b985-d32fec5b3ebb,abaerbock/2021-09-20_18-22-45_UTC_4.jpg,Unknown,,,,,,Unknown,abaerbock
3253,efa8ef81-c9db-49be-9c65-49f4fd591478,abaerbock/2021-09-20_18-22-45_UTC_4.jpg,Unknown,,,,,,Unknown,abaerbock
3254,d5392eec-50ff-4e75-956e-e91abf881371,abaerbock/2021-09-20_18-22-45_UTC_4.jpg,Unknown,,,,,,Unknown,abaerbock
3255,8653ed08-c3ac-4165-819a-fc42c4fd5b5a,abaerbock/2021-09-20_18-22-45_UTC_4.jpg,Unknown,,,,,,Unknown,abaerbock
3256,99554149-b4dd-4334-b3aa-fef18c1ba2c4,abaerbock/2021-09-20_18-22-45_UTC_4.jpg,Unknown,,,,,,Unknown,abaerbock
3257,24aa4f91-cd67-46b3-b039-882ec8c0f1a5,abaerbock/2021-09-20_18-22-45_UTC_4.jpg,Unknown,,,,,,Unknown,abaerbock
3258,a8d84e29-1b24-4ccd-9a7e-2e4e349e2f46,abaerbock/2021-09-20_18-22-45_UTC_4.jpg,Unknown,,,,,,Unknown,abaerbock
3259,8fcd2a3b-9a40-428f-826a-312c406541d3,abaerbock/2021-09-20_18-22-45_UTC_4.jpg,Unknown,,,,,,Unknown,abaerbock
3260,1b0aa575-1248-4c82-9071-ffd9f08fb591,abaerbock/2021-09-20_18-22-45_UTC_4.jpg,Unknown,,,,,,Unknown,abaerbock
3261,32159372-8edd-4e6d-8cc1-98b0557dafe5,abaerbock/2021-09-20_18-22-45_UTC_4.jpg,Unknown,,,,,,Unknown,abaerbock
3262,d380fd3b-5f20-4691-aef7-b8909e64d4fa,abaerbock/2021-09-20_18-22-45_UTC_4.jpg,Unknown,,,,,,Unknown,abaerbock
3263,50816a72-4cca-44be-b3e4-74483066616f,abaerbock/2021-09-20_18-22-45_UTC_4.jpg,Unknown,,,,,,Unknown,abaerbock
3264,8df0e104-2bbc-466f-a563-0061ed322b80,abaerbock/2021-09-20_18-22-45_UTC_4.jpg,Unknown,,,,,,Unknown,abaerbock
3265,d8a07b95-a58e-460f-a0ec-ea22475d2ccc,abaerbock/2021-09-20_18-22-45_UTC_4.jpg,Unknown,,,,,,Unknown,abaerbock
3266,3a99db35-fc89-4d25-8949-328e66f3a89e,abaerbock/2021-09-20_18-22-45_UTC_4.jpg,Unknown,,,,,,Unknown,abaerbock
3267,dba246f5-87c2-4d41-9e7b-c7fe446a8499,abaerbock/2021-09-20_18-22-45_UTC_4.jpg,Unknown,,,,,,Unknown,abaerbock
3268,fdd93731-5d38-4523-ab78-218696b34411,abaerbock/2021-09-20_18-22-45_UTC_4.jpg,Unknown,,,,,,Unknown,abaerbock
3269,9a5e6de9-4d39-4a44-9d08-df9092595e8f,abaerbock/2021-09-20_18-22-45_UTC_4.jpg,Unknown,,,,,,Unknown,abaerbock
3270,c578ec28-566c-4b3c-b9b1-f34fec924a7c,abaerbock/2021-09-20_18-22-45_UTC_4.jpg,Unknown,,,,,,Unknown,abaerbock
3271,7a05cbc6-22d4-4e8e-9506-629fa33cf44b,abaerbock/2021-09-20_18-22-45_UTC_4.jpg,Unknown,,,,,,Unknown,abaerbock
3272,3be3094c-e2aa-4194-baa7-2b0b3dcca250,abaerbock/2021-09-20_18-22-45_UTC_4.jpg,Unknown,,,,,,Unknown,abaerbock
3273,4a06f6da-7337-411f-a47f-f54c6b0aee0f,abaerbock/2021-09-20_18-22-45_UTC_4.jpg,Unknown,,,,,,Unknown,abaerbock
3274,fefd642c-b752-4213-b5e6-e2ebbd4ec176,abaerbock/2021-09-20_18-22-45_UTC_4.jpg,Unknown,,,,,,Unknown,abaerbock
3275,fe8dc3d8-cd9e-41c6-bf87-997fb750f7df,abaerbock/2021-09-20_18-22-45_UTC_4.jpg,Unknown,,,,,,Unknown,abaerbock
3276,0dd50f07-794d-4563-a71d-a46729859b93,abaerbock/2021-09-20_18-22-45_UTC_4.jpg,Unknown,,,,,,Unknown,abaerbock
3277,e7cce185-7945-45c9-8cc0-ce165155589a,abaerbock/2021-09-23_19-16-58_UTC_5.jpg,Annalena Baerbock,b5ea8be6-69b9-4fdb-8813-88f307903fb4.png,0.5233049829495368,Facenet512,euclidean_l2,26.0,Annalena Baerbock,abaerbock
3278,155f6dda-69a6-453b-81ce-79151b9f1b54,abaerbock/2021-09-23_19-16-58_UTC_5.jpg,Unknown,,,,,,Unknown,abaerbock
3279,1323d3ce-0a82-4cce-807f-41b2d5c67e7a,abaerbock/2021-09-23_19-16-58_UTC_5.jpg,Unknown,,,,,,Unknown,abaerbock
3280,27d0610c-91ae-4773-9fb8-3deea86a00ad,abaerbock/2021-09-23_19-16-58_UTC_6.jpg,Unknown,,,,,,Unknown,abaerbock
3281,d5241100-1618-44d0-bb7e-031b57e31710,abaerbock/2021-09-23_19-16-58_UTC_6.jpg,Unknown,,,,,,Unknown,abaerbock
3282,54a217c7-6827-426b-8ad5-7d8ed06e2f7b,abaerbock/2021-09-26_13-45-48_UTC.jpg,Annalena Baerbock,9a8aa257-6928-4d20-bb76-b003078f551d.png,0.7830465796895771,Facenet512,euclidean_l2,26.0,Annalena Baerbock,abaerbock
3283,1d4f81b9-625b-491b-b771-d2fa9c1c0227,abaerbock/2021-09-19_15-10-45_UTC_2.jpg,Annalena Baerbock,9a8aa257-6928-4d20-bb76-b003078f551d.png,0.6668599680565016,Facenet512,euclidean_l2,26.0,Annalena Baerbock,abaerbock
3284,75d155e6-4737-4f76-87d1-0d2366b7916c,abaerbock/2021-09-19_15-10-45_UTC_2.jpg,Unknown,,,,,,Unknown,abaerbock
3285,160d9d0b-5053-458f-99eb-28465e73cbb5,abaerbock/2021-09-19_15-10-45_UTC_2.jpg,Unknown,,,,,,Unknown,abaerbock
3286,fb31cde0-0b3a-4d23-a277-9a0c24519562,abaerbock/2021-09-19_15-10-45_UTC_2.jpg,Unknown,,,,,,Unknown,abaerbock
3287,dc2b664c-16fc-4959-958d-973479ecaf4b,abaerbock/2021-09-19_15-10-45_UTC_2.jpg,Robert Habeck,,,,,,Unknown,abaerbock
3288,ea739e19-61c9-4d53-9acb-7c1a9f9324f8,abaerbock/2021-09-19_15-10-45_UTC_2.jpg,Unknown,,,,,,Unknown,abaerbock
3289,2e8a032f-a860-401d-90b2-88d74c53180e,abaerbock/2021-09-23_14-42-45_UTC.jpg,Annalena Baerbock,b5ea8be6-69b9-4fdb-8813-88f307903fb4.png,0.5684256672033573,Facenet512,euclidean_l2,26.0,Annalena Baerbock,abaerbock
3290,355b2e35-016f-42a2-9f66-e0a2a5f282bb,abaerbock/2021-09-23_14-42-45_UTC.jpg,Unknown,,,,,,Unknown,abaerbock
3291,9873ef32-b902-451a-a3c2-a431790cd7e3,abaerbock/2021-09-20_13-46-23_UTC_3.jpg,Unknown,,,,,,Unknown,abaerbock
3292,5f136e40-f256-4389-8210-81cd3bfd08a9,abaerbock/2021-09-20_13-46-23_UTC_3.jpg,Annalena Baerbock,,,,,,Unknown,abaerbock
3293,3e33bd4a-20dd-497c-802e-25585c86cc70,abaerbock/2021-09-22_13-32-14_UTC_1.jpg,Unknown,,,,,,Unknown,abaerbock
3294,b96ea2f4-d9dc-4b5a-946d-d3a05a285664,abaerbock/2021-09-22_13-32-14_UTC_1.jpg,Annalena Baerbock,3f3034b2-faf6-43ad-ae81-188498b8e10d.png,0.8259390051719937,Facenet512,euclidean_l2,26.0,Annalena Baerbock,abaerbock
3295,dbcbef00-a272-42df-bc2c-efe5e066b08f,abaerbock/2021-09-22_13-32-14_UTC_1.jpg,Unknown,,,,,,Unknown,abaerbock
3296,2a2a9793-2a18-45f2-86f6-55b02cc9fd77,abaerbock/2021-09-15_13-20-23_UTC_3.jpg,Annalena Baerbock,b5ea8be6-69b9-4fdb-8813-88f307903fb4.png,0.8024674218053961,Facenet512,euclidean_l2,26.0,Annalena Baerbock,abaerbock
3297,ec5aaaf0-2d5b-43ee-95e4-10af931ccb0e,abaerbock/2021-09-15_13-20-23_UTC_3.jpg,Unknown,,,,,,Unknown,abaerbock
3298,8a66b914-3e46-499e-a050-bd0b9039d83d,abaerbock/2021-09-15_13-20-23_UTC_3.jpg,Unknown,,,,,,Unknown,abaerbock
3299,147e58f1-827a-41fb-85e7-6cb4853019d8,abaerbock/2021-09-15_13-20-23_UTC_3.jpg,Unknown,,,,,,Unknown,abaerbock
3300,8c2abd79-80e2-4421-a905-34bc1aab2796,abaerbock/2021-09-15_13-20-23_UTC_3.jpg,Unknown,,,,,,Unknown,abaerbock
3301,90599163-3604-40ea-804e-4e63e7aa0024,abaerbock/2021-09-25_15-05-02_UTC_1.jpg,Annalena Baerbock,9a8aa257-6928-4d20-bb76-b003078f551d.png,0.7250861290245598,Facenet512,euclidean_l2,26.0,Annalena Baerbock,abaerbock
3302,764cbb6a-7843-42ab-a426-266441852de4,armin_laschet/2021-09-20_14-07-14_UTC_3.jpg,Unknown,,,,,,Unknown,armin_laschet
3303,b7c94965-3b46-4ccd-a6e6-99837f5a2938,armin_laschet/2021-09-20_14-07-14_UTC_3.jpg,Unknown,,,,,,Unknown,armin_laschet
3304,7ff5776f-4f3a-4b9e-823d-ff90a3ff67a6,armin_laschet/2021-09-20_14-07-14_UTC_3.jpg,Unknown,,,,,,Unknown,armin_laschet
3305,70d9a73a-ab83-48ce-a897-e1293b37edac,abaerbock/2021-09-21_14-36-27_UTC_1.jpg,Unknown,,,,,,Unknown,abaerbock
3306,254eca83-08cf-4076-82c2-9105e590a288,abaerbock/2021-09-21_14-36-27_UTC_1.jpg,Unknown,,,,,,Unknown,abaerbock
3307,e70f2fdc-ca11-46a6-a74a-2f31566c4b02,abaerbock/2021-09-21_14-36-27_UTC_1.jpg,Unknown,,,,,,Unknown,abaerbock
3308,40fd408f-7cdc-4ab9-a7a5-bbff47a550df,abaerbock/2021-09-21_14-36-27_UTC_1.jpg,Unknown,,,,,,Unknown,abaerbock
3309,d56ac3fc-f41c-480b-ba5b-e04a94cc770e,abaerbock/2021-09-21_14-36-27_UTC_1.jpg,Annalena Baerbock,,,,,,Unknown,abaerbock
3310,76adc2c5-3647-4e43-88ff-03d672104b98,abaerbock/2021-09-20_18-22-45_UTC_1.jpg,Unknown,,,,,,Unknown,abaerbock
3311,4612819e-343f-40c9-b753-f7dd0973d227,abaerbock/2021-09-20_18-22-45_UTC_1.jpg,Unknown,,,,,,Unknown,abaerbock
3312,bb00dd74-ce20-4521-8b0a-4fbcf9042a5b,abaerbock/2021-09-20_18-22-45_UTC_1.jpg,Unknown,,,,,,Unknown,abaerbock
3313,c3ac901f-c8a9-474b-aefa-d60b0b5e2f2e,abaerbock/2021-09-20_18-22-45_UTC_1.jpg,Unknown,,,,,,Unknown,abaerbock
3314,348078f1-1ac2-44e8-b3ae-1d85f507fb93,abaerbock/2021-09-20_18-22-45_UTC_2.jpg,Unknown,,,,,,Unknown,abaerbock
3315,774201bb-3fff-4848-901d-3a1ef44b2f65,abaerbock/2021-09-20_18-22-45_UTC_2.jpg,Unknown,,,,,,Unknown,abaerbock
3316,007f01fe-3444-4507-9049-6550508df3f4,abaerbock/2021-09-20_18-22-45_UTC_2.jpg,Annalena Baerbock,dded1da1-82ba-453b-8736-9ef3e81ab387.png,0.8710152102543404,Facenet512,euclidean_l2,26.0,Annalena Baerbock,abaerbock
3317,53229c4d-6df6-4752-b971-3cbd49abbd53,abaerbock/2021-09-20_18-22-45_UTC_2.jpg,Unknown,,,,,,Unknown,abaerbock
3318,f93d4987-4e27-4d71-9d53-37346153eea3,abaerbock/2021-09-20_18-22-45_UTC_2.jpg,Unknown,,,,,,Unknown,abaerbock
3319,feff173e-9cb1-451b-88c9-e38f2a4ca936,abaerbock/2021-09-20_18-22-45_UTC_2.jpg,Unknown,,,,,,Unknown,abaerbock
3320,9741f66b-d320-4604-ac25-e36b08780980,abaerbock/2021-09-20_18-22-45_UTC_2.jpg,Unknown,,,,,,Unknown,abaerbock
3321,95368ab3-da75-41a5-9b72-367b68a2a9fe,abaerbock/2021-09-20_18-22-45_UTC_2.jpg,Unknown,,,,,,Unknown,abaerbock
3322,0ffb1784-f6b2-4be2-9c50-6761e3b49b42,abaerbock/2021-09-20_18-22-45_UTC_2.jpg,Unknown,,,,,,Unknown,abaerbock
3323,ba67e215-ac9b-4d2b-95c8-ec8538764bb2,abaerbock/2021-09-20_18-22-45_UTC_2.jpg,Unknown,,,,,,Unknown,abaerbock
3324,eae4d49f-2b37-4240-8e2f-bd2442d09e4f,abaerbock/2021-09-24_11-50-01_UTC_1.jpg,Unknown,,,,,,Unknown,abaerbock
3325,da184001-24f6-46e0-a12e-3c6f8ffd8401,abaerbock/2021-09-24_11-50-01_UTC_1.jpg,Unknown,,,,,,Unknown,abaerbock
3326,62220b10-780b-48a7-bbc7-9fc2dafe1137,abaerbock/2021-09-24_11-50-01_UTC_1.jpg,Unknown,,,,,,Unknown,abaerbock
3327,025352ae-840e-43af-8f6b-1e0d98adc061,abaerbock/2021-09-24_11-50-01_UTC_1.jpg,Annalena Baerbock,,,,,,Unknown,abaerbock
3328,6aa6808a-08ad-483b-b3b0-ea114cfc8113,abaerbock/2021-09-17_19-48-04_UTC_1.jpg,Annalena Baerbock,b2e13edc-d8cc-4db2-9310-6924bd90b7e8.png,0.7376080702769939,Facenet512,euclidean_l2,26.0,Annalena Baerbock,abaerbock
3329,43786b5d-aaf0-4fc5-9eb6-a3cc9ba7656f,abaerbock/2021-09-17_12-51-57_UTC.jpg,Unknown,,,,,,Unknown,abaerbock
3330,87f0611b-165b-4c2b-849b-75955a18fb3a,abaerbock/2021-09-17_12-51-57_UTC.jpg,Annalena Baerbock,d0023ba3-e826-4b9e-9f82-cd652ea335bd.png,0.6293368863743186,Facenet512,euclidean_l2,26.0,Annalena Baerbock,abaerbock
3331,5b145386-43ca-454e-8745-74e41bf44b84,abaerbock/2021-09-23_19-16-58_UTC_2.jpg,Unknown,,,,,,Unknown,abaerbock
3332,264fb8bb-f37e-450c-84e4-f53bf600ffd9,abaerbock/2021-09-23_19-16-58_UTC_2.jpg,Unknown,,,,,,Unknown,abaerbock
3333,0369934d-456c-4a4b-8608-78721e35de05,abaerbock/2021-09-23_19-16-58_UTC_2.jpg,Unknown,,,,,,Unknown,abaerbock
3334,36c20993-9baf-48df-a0ce-2d4e2ff0dae2,abaerbock/2021-09-24_17-49-01_UTC_4.jpg,Unknown,,,,,,Unknown,abaerbock
3335,78b7e97c-fc11-467a-a287-de7b52eea8ad,abaerbock/2021-09-24_17-49-01_UTC_4.jpg,Unknown,,,,,,Unknown,abaerbock
3336,72ce40cc-a1a0-4fbf-989f-dd33a08b31a8,abaerbock/2021-09-24_17-49-01_UTC_4.jpg,Unknown,,,,,,Unknown,abaerbock
3337,5ddb0813-3541-418e-ad39-d7b2c8138cf7,abaerbock/2021-09-25_15-05-02_UTC_2.jpg,Annalena Baerbock,3f3034b2-faf6-43ad-ae81-188498b8e10d.png,0.7987275029869049,Facenet512,euclidean_l2,26.0,Annalena Baerbock,abaerbock
3338,05153fd9-6efb-42be-85bd-3a432d8ea59c,abaerbock/2021-09-25_15-05-02_UTC_2.jpg,Unknown,,,,,,Unknown,abaerbock
3339,c1e42f1e-de4c-4b64-a1d5-581d5c0b26b3,abaerbock/2021-09-25_15-05-02_UTC_2.jpg,Unknown,,,,,,Unknown,abaerbock
3340,eed11389-00e3-4fc0-b1f5-9fcc6262f97e,abaerbock/2021-09-20_13-46-23_UTC_2.jpg,Unknown,,,,,,Unknown,abaerbock
3341,b4f271a0-1763-42ff-81d5-e097f4f0bd86,abaerbock/2021-09-20_13-46-23_UTC_2.jpg,Annalena Baerbock,,,,,,Unknown,abaerbock
3342,501a723e-b731-446a-b79c-6ef093c87204,armin_laschet/2021-09-16_13-50-14_UTC_1.jpg,Armin Laschet,9c3a43b8-03a7-453c-a980-1c4523abd5f3.png,0.5564336780113853,Facenet512,euclidean_l2,40.0,Armin Laschet,armin_laschet
3343,91d8cdce-e99d-48ac-b5cc-348dd5eeba3e,abaerbock/2021-09-25_15-05-02_UTC_4.jpg,Unknown,,,,,,Unknown,abaerbock
3344,cbea5331-e5e4-4302-b85e-bfbca3a28d8d,abaerbock/2021-09-25_15-05-02_UTC_4.jpg,Annalena Baerbock,,,,,,Unknown,abaerbock
3345,d29161a2-ebff-4a90-b986-569d8a7bbc1c,abaerbock/2021-09-25_15-05-02_UTC_4.jpg,Unknown,,,,,,Unknown,abaerbock
3346,0eca14a7-b97d-4a1e-bc5d-c60b24aa3fb9,abaerbock/2021-09-25_15-05-02_UTC_4.jpg,Unknown,,,,,,Unknown,abaerbock
3347,ff8a3330-f381-42c5-b75e-a9a6b3062368,abaerbock/2021-09-24_17-49-01_UTC_1.jpg,Annalena Baerbock,7043f13e-1c39-4e44-97a1-5130e364ed41.png,0.6523025139542457,Facenet512,euclidean_l2,26.0,Annalena Baerbock,abaerbock
3348,9c98507f-d227-4511-91e2-bfcf5114295d,abaerbock/2021-09-24_17-49-01_UTC_1.jpg,Robert Habeck,,,,,,Unknown,abaerbock
3349,518e9fa1-3e6e-4a66-a575-6025d8e99186,abaerbock/2021-09-24_17-49-01_UTC_1.jpg,Unknown,,,,,,Unknown,abaerbock
3350,04d3a219-5c63-4487-a9f0-8e33eb906286,abaerbock/2021-09-24_17-49-01_UTC_1.jpg,Unknown,,,,,,Unknown,abaerbock
3351,9a40b0e1-0e1d-450f-8d95-c6785b4a1df8,abaerbock/2021-09-24_17-49-01_UTC_1.jpg,Unknown,,,,,,Unknown,abaerbock
3352,a4f80f2c-7d9e-4102-bbec-ffc06cf3be7c,abaerbock/2021-09-23_19-16-58_UTC_1.jpg,Unknown,,,,,,Unknown,abaerbock
3353,031299a5-b92e-473a-8d6f-60715b2997bc,abaerbock/2021-09-23_19-16-58_UTC_1.jpg,Annalena Baerbock,820608e2-840e-4850-b527-36c922284188.png,0.9127454569008876,Facenet512,euclidean_l2,26.0,Annalena Baerbock,abaerbock
3354,7ed52159-3bbe-44da-aeca-84c9cf68202c,abaerbock/2021-09-23_19-16-58_UTC_1.jpg,Unknown,,,,,,Unknown,abaerbock
3355,33b4b1c9-7b54-4fa1-8cc2-19835d72f2c4,abaerbock/2021-09-23_19-16-58_UTC_1.jpg,Unknown,,,,,,Unknown,abaerbock
3356,565387df-4ff8-433c-8885-6ba8cb1ed85b,abaerbock/2021-09-23_19-16-58_UTC_1.jpg,Unknown,,,,,,Unknown,abaerbock
3357,faa54ac8-b4fa-4153-956a-698ae47de88f,abaerbock/2021-09-23_19-16-58_UTC_1.jpg,Unknown,,,,,,Unknown,abaerbock
3358,e855b1f2-c1c1-40e0-8156-01bfe2ac74be,abaerbock/2021-09-23_19-16-58_UTC_1.jpg,Unknown,,,,,,Unknown,abaerbock
3359,d13a232d-5ec6-45b4-938b-49f73d5c85f3,abaerbock/2021-09-23_19-16-58_UTC_1.jpg,Unknown,,,,,,Unknown,abaerbock
3360,e7bff4b0-438e-498a-9742-587ebb0a8897,abaerbock/2021-09-26_18-15-22_UTC.jpg,Annalena Baerbock,9a8aa257-6928-4d20-bb76-b003078f551d.png,0.5743046066374029,Facenet512,euclidean_l2,26.0,Annalena Baerbock,abaerbock
3361,0eecc81a-d601-4845-9be1-88e5897af6be,abaerbock/2021-09-13_19-36-55_UTC_3.jpg,Unknown,,,,,,Unknown,abaerbock
3362,153c7ec3-4a67-4e93-99e8-faca3d9f5a9d,abaerbock/2021-09-13_19-36-55_UTC_3.jpg,Annalena Baerbock,,,,,,Unknown,abaerbock
3363,838550d2-e651-46bf-b459-ae2c9b258c36,abaerbock/2021-09-13_19-36-55_UTC_3.jpg,Unknown,,,,,,Unknown,abaerbock
3364,312388f4-2c96-4d0e-a5b0-15d20092cae2,abaerbock/2021-09-13_19-36-55_UTC_3.jpg,Unknown,,,,,,Unknown,abaerbock
3365,05b7a5bb-92bd-48f6-aac2-2de161d7e873,abaerbock/2021-09-13_19-36-55_UTC_3.jpg,Unknown,,,,,,Unknown,abaerbock
3366,9b40d662-b7c4-4fad-90cf-a5fa73336b05,abaerbock/2021-09-20_18-22-45_UTC_5.jpg,Unknown,,,,,,Unknown,abaerbock
3367,9338a642-a653-4a32-afa8-e23f86826785,abaerbock/2021-09-20_18-22-45_UTC_5.jpg,Unknown,,,,,,Unknown,abaerbock
3368,772b71f1-fbf6-402f-b47f-461c0d98cb1a,abaerbock/2021-09-20_18-22-45_UTC_5.jpg,Unknown,,,,,,Unknown,abaerbock
3369,31ba148c-a8f4-4378-8933-53bc563fc0d6,abaerbock/2021-09-23_19-16-58_UTC_4.jpg,Unknown,,,,,,Unknown,abaerbock
3370,0410084f-8bad-494d-bc23-b9e749cb1b74,abaerbock/2021-09-23_19-16-58_UTC_4.jpg,Unknown,,,,,,Unknown,abaerbock
3371,bceca63f-f9f9-49e7-a73f-55c8ff7e9baa,abaerbock/2021-09-23_19-16-58_UTC_4.jpg,Unknown,,,,,,Unknown,abaerbock
3372,dfc6227d-6a99-4193-8788-822015258307,abaerbock/2021-09-20_18-22-45_UTC_7.jpg,Annalena Baerbock,d0023ba3-e826-4b9e-9f82-cd652ea335bd.png,0.5787478076142343,Facenet512,euclidean_l2,26.0,Annalena Baerbock,abaerbock
3373,c62f3a52-7c79-41b7-9a06-c7d98b674641,abaerbock/2021-09-25_15-05-02_UTC_6.jpg,Annalena Baerbock,dded1da1-82ba-453b-8736-9ef3e81ab387.png,0.7163006431903579,Facenet512,euclidean_l2,26.0,Annalena Baerbock,abaerbock
3374,b4b63f19-f86e-4cc2-858b-e204bbaf3de4,abaerbock/2021-09-25_15-05-02_UTC_6.jpg,Unknown,,,,,,Unknown,abaerbock
3375,df0f5328-2bf5-48e9-90cf-e3f6179b012b,abaerbock/2021-09-25_15-05-02_UTC_6.jpg,Unknown,,,,,,Unknown,abaerbock
3376,9f8ca36d-e52c-4145-b3cc-add904582bac,abaerbock/2021-09-25_15-05-02_UTC_6.jpg,Unknown,,,,,,Unknown,abaerbock
3377,66931cd3-4f53-4b25-a2c0-1fa17f646544,abaerbock/2021-09-25_15-05-02_UTC_6.jpg,Unknown,,,,,,Unknown,abaerbock
3378,de47d2a2-2edd-4424-b75d-fa2b87f54ffc,abaerbock/2021-09-22_19-23-29_UTC_2.jpg,Unknown,,,,,,Unknown,abaerbock
3379,d9d8fdff-dd35-4e22-a5dd-fda0711bee37,armin_laschet/2021-09-24_20-50-28_UTC_2.jpg,Unknown,,,,,,Unknown,armin_laschet
3380,70b95a76-1842-464e-8c7b-c49feff25686,armin_laschet/2021-09-24_20-50-28_UTC_2.jpg,Armin Laschet,f7a956bb-513b-4ae7-9fb0-2adc7ab25076.png,0.891575224022927,Facenet512,euclidean_l2,10.0,Armin Laschet,armin_laschet
3381,393661ff-344f-4622-b06a-2cdb5675424f,armin_laschet/2021-09-24_20-50-28_UTC_2.jpg,Unknown,,,,,,Unknown,armin_laschet
3382,5b895474-6c85-4d06-ad84-08e2f65090be,armin_laschet/2021-09-24_20-50-28_UTC_2.jpg,Unknown,,,,,,Unknown,armin_laschet
3383,3cb2c949-7ac4-4a3b-9bce-5f78cf37163f,armin_laschet/2021-09-24_20-50-28_UTC_2.jpg,Unknown,,,,,,Unknown,armin_laschet
3384,543d8312-33ec-48d7-a93d-ba14cfeb11de,armin_laschet/2021-09-24_20-50-28_UTC_2.jpg,Unknown,,,,,,Unknown,armin_laschet
3385,bb3e2c9f-4e70-44e9-8b8d-64c37a389780,armin_laschet/2021-09-24_20-50-28_UTC_2.jpg,Unknown,,,,,,Unknown,armin_laschet
3386,8db39b8b-aac6-4f5d-9458-c1b2e6300df6,armin_laschet/2021-09-24_20-50-28_UTC_2.jpg,Unknown,,,,,,Unknown,armin_laschet
3387,7c3d974d-2435-4300-b91b-b69344a2fc6d,armin_laschet/2021-09-24_20-50-28_UTC_2.jpg,Unknown,,,,,,Unknown,armin_laschet
3388,b8c52f10-a670-4976-8300-9dd935b9da5e,armin_laschet/2021-09-24_20-50-28_UTC_2.jpg,Unknown,,,,,,Unknown,armin_laschet
3389,67ddc451-6af2-40ae-b688-49ecadefd2bd,armin_laschet/2021-09-24_20-50-28_UTC_2.jpg,Unknown,,,,,,Unknown,armin_laschet
3390,9da28913-522d-460f-bbaa-87d486467724,armin_laschet/2021-09-24_20-50-28_UTC_2.jpg,Unknown,,,,,,Unknown,armin_laschet
3391,3d81c127-9fdd-464e-ad8a-0df493784595,armin_laschet/2021-09-24_20-50-28_UTC_2.jpg,Unknown,,,,,,Unknown,armin_laschet
3392,abd4e347-77c8-44c5-9bb5-64c29239cbc4,abaerbock/2021-09-14_15-44-32_UTC.jpg,Robert Habeck,9a8aa257-6928-4d20-bb76-b003078f551d.png,0.5102333159563313,Facenet512,euclidean_l2,26.0,Annalena Baerbock,abaerbock
3393,527454f8-c5ba-429c-bbdb-c7022785ac6a,abaerbock/2021-09-19_15-10-45_UTC_1.jpg,Annalena Baerbock,baerbock_annalena_gross.jpeg,0.92893781194451,Facenet512,euclidean_l2,12.0,Annalena Baerbock,abaerbock
3394,05c2cbba-01eb-48f9-b395-3079414f40ab,abaerbock/2021-09-22_19-23-29_UTC_1.jpg,Unknown,,,,,,Unknown,abaerbock
3395,d54dc2d0-9552-4e0d-96a9-996fbd78f39d,abaerbock/2021-09-22_19-23-29_UTC_1.jpg,Unknown,,,,,,Unknown,abaerbock
3396,c4e9c7a7-7959-4819-bf31-b980c82b47d0,abaerbock/2021-09-22_19-23-29_UTC_1.jpg,Unknown,,,,,,Unknown,abaerbock
3397,a1fd954e-a34e-48e4-8175-5b8b1bae324d,abaerbock/2021-09-22_19-23-29_UTC_1.jpg,Unknown,,,,,,Unknown,abaerbock
3398,745b6606-c665-4847-b637-63b217c3e887,abaerbock/2021-09-22_19-23-29_UTC_1.jpg,Unknown,,,,,,Unknown,abaerbock
3399,cab31eec-bfc5-460a-9c34-024d1cab1c2f,abaerbock/2021-09-22_19-23-29_UTC_1.jpg,Unknown,,,,,,Unknown,abaerbock
3400,19e46f60-ffeb-4377-8714-c404ec921cd5,abaerbock/2021-09-22_19-23-29_UTC_1.jpg,Unknown,,,,,,Unknown,abaerbock
3401,3cb3fb7d-fc2c-42d9-a002-3708d831cd06,abaerbock/2021-09-22_19-23-29_UTC_1.jpg,Unknown,,,,,,Unknown,abaerbock
3402,3d0ed84c-d98b-475f-b490-a642fb272a6b,abaerbock/2021-09-22_19-23-29_UTC_1.jpg,Unknown,,,,,,Unknown,abaerbock
3403,868a97c7-fd63-437c-9b57-047eab326111,abaerbock/2021-09-22_19-23-29_UTC_1.jpg,Unknown,,,,,,Unknown,abaerbock
3404,7ffb82f2-60d2-4748-a213-236342db2dbb,abaerbock/2021-09-22_19-23-29_UTC_1.jpg,Unknown,,,,,,Unknown,abaerbock
3405,0be37074-736f-4841-b17d-423b8c6f96b8,abaerbock/2021-09-22_19-23-29_UTC_1.jpg,Unknown,,,,,,Unknown,abaerbock
3406,39eb5e64-9490-44f8-8d72-a06231f069fa,abaerbock/2021-09-22_19-23-29_UTC_1.jpg,Unknown,,,,,,Unknown,abaerbock
3407,13b84bf5-0d29-41ae-87f7-45858a7c53b1,abaerbock/2021-09-22_19-23-29_UTC_1.jpg,Unknown,,,,,,Unknown,abaerbock
3408,25720e93-81b5-4fe4-8235-7e7c882cca61,abaerbock/2021-09-22_19-23-29_UTC_1.jpg,Unknown,,,,,,Unknown,abaerbock
3409,3e46b0ae-0b67-4c09-a5dc-8ab9c008f060,abaerbock/2021-09-22_19-23-29_UTC_1.jpg,Unknown,,,,,,Unknown,abaerbock
3410,477b0cb2-46df-4bc9-86a3-bbd465145c32,abaerbock/2021-09-22_19-23-29_UTC_1.jpg,Unknown,,,,,,Unknown,abaerbock
3411,ee81d153-9a9b-47f3-b78a-7cd25fdfb4d2,abaerbock/2021-09-15_13-20-23_UTC_8.jpg,Unknown,,,,,,Unknown,abaerbock
3412,a52dc2da-fd98-4202-877e-a5be21028e72,abaerbock/2021-09-15_13-20-23_UTC_8.jpg,Unknown,,,,,,Unknown,abaerbock
3413,7f6e9346-8ff0-4931-8262-4b5c7dfd2dd4,abaerbock/2021-09-15_13-20-23_UTC_8.jpg,Unknown,,,,,,Unknown,abaerbock
3414,51f6081d-c448-4e7d-80f7-d9b27ab25fd3,abaerbock/2021-09-15_13-20-23_UTC_8.jpg,Unknown,,,,,,Unknown,abaerbock
3415,a927bc68-473b-4e0e-b340-c5c4c6a9a5a4,abaerbock/2021-09-15_13-20-23_UTC_8.jpg,Unknown,,,,,,Unknown,abaerbock
3416,ca40cba1-59e2-4bff-841b-d7603592ba47,abaerbock/2021-09-15_13-20-23_UTC_8.jpg,Unknown,,,,,,Unknown,abaerbock
3417,3e7c1ed9-3823-4020-b27f-b21584f86344,abaerbock/2021-09-15_13-20-23_UTC_8.jpg,Unknown,,,,,,Unknown,abaerbock
3418,fb2f1f52-7ebf-42a6-b5f6-b216d14aeb91,abaerbock/2021-09-15_13-20-23_UTC_8.jpg,Unknown,,,,,,Unknown,abaerbock
3419,e874d050-b4fb-4f40-b6cf-c042c024e6d0,abaerbock/2021-09-15_13-20-23_UTC_8.jpg,Unknown,,,,,,Unknown,abaerbock
3420,d1091ed9-e869-46da-bf6a-6b9cb838dbd5,abaerbock/2021-09-15_13-20-23_UTC_8.jpg,Unknown,,,,,,Unknown,abaerbock
3421,160cbc7f-094e-411e-9a3b-2391d42d8f17,abaerbock/2021-09-15_13-20-23_UTC_8.jpg,Unknown,,,,,,Unknown,abaerbock
3422,5ccc1db0-8097-44b0-b3a3-aecf62eee86a,abaerbock/2021-09-15_13-20-23_UTC_8.jpg,Unknown,,,,,,Unknown,abaerbock
3423,ab2a34a1-502f-48c9-8166-91b2caa43c71,abaerbock/2021-09-15_13-20-23_UTC_8.jpg,Unknown,,,,,,Unknown,abaerbock
3424,d43ae1ca-65c8-45b8-9e41-a25bc48cd491,abaerbock/2021-09-15_13-20-23_UTC_8.jpg,Unknown,,,,,,Unknown,abaerbock
3425,8f17b5e7-62f4-47ca-aead-475c3ff90d8d,abaerbock/2021-09-15_13-20-23_UTC_8.jpg,Unknown,,,,,,Unknown,abaerbock
3426,0892ff27-b882-4ae8-8d89-4807e1a8fc71,abaerbock/2021-09-15_13-20-23_UTC_8.jpg,Unknown,,,,,,Unknown,abaerbock
3427,2c44e5d9-49ed-497b-82ee-6fed21474ea1,abaerbock/2021-09-15_13-20-23_UTC_8.jpg,Unknown,,,,,,Unknown,abaerbock
3428,b02785d6-915c-4ba0-8ba0-c6a9885aaa37,abaerbock/2021-09-15_13-20-23_UTC_8.jpg,Unknown,,,,,,Unknown,abaerbock
3429,7ea1a964-08e0-429a-ba9d-099c837c517c,abaerbock/2021-09-15_13-20-23_UTC_8.jpg,Unknown,,,,,,Unknown,abaerbock
3430,0d3942a8-1338-46e4-a0b4-ea5982edb8a4,abaerbock/2021-09-15_13-20-23_UTC_8.jpg,Unknown,,,,,,Unknown,abaerbock
3431,b6e76220-d52d-4fa8-84fe-5180037f6daa,abaerbock/2021-09-15_13-20-23_UTC_8.jpg,Unknown,,,,,,Unknown,abaerbock
3432,3465e85a-4d3e-46be-a6eb-16ade342417b,abaerbock/2021-09-15_13-20-23_UTC_8.jpg,Unknown,,,,,,Unknown,abaerbock
3433,b4ef6f71-1e36-4e04-aba2-03f031a59d84,abaerbock/2021-09-15_13-20-23_UTC_8.jpg,Unknown,,,,,,Unknown,abaerbock
3434,8d8b68b2-e5ca-47f8-af25-add337a5bd5a,abaerbock/2021-09-15_13-20-23_UTC_8.jpg,Unknown,,,,,,Unknown,abaerbock
3435,cbca11fe-eeaf-47f1-9998-6fffcb5f8554,abaerbock/2021-09-15_13-20-23_UTC_8.jpg,Unknown,,,,,,Unknown,abaerbock
3436,c256b1d3-9eb4-44da-b788-3aedd0972ce5,abaerbock/2021-09-15_13-20-23_UTC_8.jpg,Unknown,,,,,,Unknown,abaerbock
3437,4dcf435c-674f-4d3c-8597-b909f7968c31,olafscholz/2021-09-15_11-18-08_UTC.jpg,Olaf Scholz,97bef193-f3fe-4df6-b6d6-37ad2790018d.png,0.4452728866709696,Facenet512,euclidean_l2,40.0,Olaf Scholz,olafscholz
3438,c5e011c0-ea11-4d52-9060-638cb7e20ca1,olafscholz/2021-09-24_11-51-14_UTC_1.jpg,Unknown,,,,,,Unknown,olafscholz
3439,b26a9322-d40a-49cd-b088-da1dafcaf6b3,olafscholz/2021-09-24_11-51-14_UTC_1.jpg,Olaf Scholz,baaa081f-7a38-4907-b92b-ba3d791c4012.png,0.510332046686374,Facenet512,euclidean_l2,40.0,Olaf Scholz,olafscholz
3440,975913cf-b0c0-4bfb-9fab-a66c3b0c1c07,armin_laschet/2021-09-18_19-12-07_UTC_2.jpg,Unknown,,,,,,Unknown,armin_laschet
3441,a5c89007-6cbe-4cc6-8e80-72b1d94a2760,armin_laschet/2021-09-18_19-12-07_UTC_2.jpg,Unknown,,,,,,Unknown,armin_laschet
3442,b70ac4e7-c190-4a01-9580-9a4647bc736a,armin_laschet/2021-09-18_19-12-07_UTC_2.jpg,Unknown,,,,,,Unknown,armin_laschet
3443,7f3586e2-9a99-4208-92e6-cc16b82e12b4,armin_laschet/2021-09-18_19-12-07_UTC_2.jpg,Armin Laschet,c0c7aedd-97dc-4394-8336-f812c19fc1a2.png,0.791738878932367,Facenet512,euclidean_l2,38.0,Armin Laschet,armin_laschet
3444,d4270111-f004-4ac7-a129-f97c50a0a0f7,armin_laschet/2021-09-18_19-12-07_UTC_2.jpg,Unknown,,,,,,Unknown,armin_laschet
3445,f52d959b-d392-4e2a-acb0-6e342e59b841,armin_laschet/2021-09-18_19-12-07_UTC_2.jpg,Unknown,,,,,,Unknown,armin_laschet
3446,5d2c0e8a-dff6-4a85-bc80-f6cf63531f97,armin_laschet/2021-09-18_19-12-07_UTC_2.jpg,Unknown,,,,,,Unknown,armin_laschet
3447,be81e277-ba00-40f2-8bc5-72bcdf90ab3c,armin_laschet/2021-09-18_19-12-07_UTC_2.jpg,Unknown,,,,,,Unknown,armin_laschet
3448,b9814c4e-b942-4fda-956b-c1f98773f9a3,armin_laschet/2021-09-18_19-12-07_UTC_2.jpg,Unknown,,,,,,Unknown,armin_laschet
3449,c2eb5d43-f639-45d2-aa6a-7c975e291269,armin_laschet/2021-09-18_19-12-07_UTC_2.jpg,Unknown,,,,,,Unknown,armin_laschet
3450,b9b987b9-b3d6-4e46-b36e-0bea04808e52,armin_laschet/2021-09-18_19-12-07_UTC_2.jpg,Unknown,,,,,,Unknown,armin_laschet
3451,1dc72d1a-0525-4c9d-bcc5-44166da69df6,armin_laschet/2021-09-18_19-12-07_UTC_2.jpg,Unknown,,,,,,Unknown,armin_laschet
3452,d34fb8ea-25f0-461a-b0ac-c1909d54e938,armin_laschet/2021-09-18_19-12-07_UTC_2.jpg,Unknown,,,,,,Unknown,armin_laschet
3453,ae25cbb1-78a4-488f-8d4e-1beffe696097,armin_laschet/2021-09-18_19-12-07_UTC_2.jpg,Unknown,,,,,,Unknown,armin_laschet
3454,98d19335-db20-4651-9213-f380547e020c,armin_laschet/2021-09-18_19-12-07_UTC_2.jpg,Unknown,,,,,,Unknown,armin_laschet
3455,7d7f445b-b610-40cb-a035-bc92e94943d7,armin_laschet/2021-09-18_19-12-07_UTC_2.jpg,Unknown,,,,,,Unknown,armin_laschet
3456,8267e476-470d-4eb3-9eb6-59260104568a,armin_laschet/2021-09-18_19-12-07_UTC_2.jpg,Unknown,,,,,,Unknown,armin_laschet
3457,66f0486e-089f-4b24-bf2c-cfcbce56e253,armin_laschet/2021-09-18_19-12-07_UTC_2.jpg,Unknown,,,,,,Unknown,armin_laschet
3458,eb12579a-8f90-4e1f-9ed0-ab006e14e6f7,armin_laschet/2021-09-18_19-12-07_UTC_2.jpg,Unknown,,,,,,Unknown,armin_laschet
3459,04495bf7-aad4-4635-b1db-27f75afa9cd6,armin_laschet/2021-09-18_19-12-07_UTC_2.jpg,Unknown,,,,,,Unknown,armin_laschet
3460,37e0e38d-9faf-4ea9-a288-f8ba22e3e504,armin_laschet/2021-09-18_19-12-07_UTC_2.jpg,Unknown,,,,,,Unknown,armin_laschet
3461,c69ba0e8-8721-4a1a-a691-5ec7aecce563,armin_laschet/2021-09-18_19-12-07_UTC_2.jpg,Unknown,,,,,,Unknown,armin_laschet
3462,ff9a8387-4c4a-41d1-bafb-b9c1f41900e4,armin_laschet/2021-09-18_19-12-07_UTC_2.jpg,Unknown,,,,,,Unknown,armin_laschet
3463,26ebfc63-6bc1-445b-b05d-482e25115b22,armin_laschet/2021-09-26_23-29-21_UTC_2.jpg,Unknown,,,,,,Unknown,armin_laschet
3464,00a2e98f-ef04-48c2-9e27-2709df4a8570,armin_laschet/2021-09-26_23-29-21_UTC_2.jpg,Unknown,,,,,,Unknown,armin_laschet
3465,038e5330-68ee-46e5-8e05-cb353f35f167,armin_laschet/2021-09-26_23-29-21_UTC_2.jpg,Unknown,,,,,,Unknown,armin_laschet
3466,0654f723-1ca2-4bea-8ddc-5819f20ca3dd,armin_laschet/2021-09-26_23-29-21_UTC_2.jpg,Unknown,,,,,,Unknown,armin_laschet
3467,6694620c-1abe-4e81-90f6-3e9c09f9057c,armin_laschet/2021-09-26_23-29-21_UTC_2.jpg,Unknown,,,,,,Unknown,armin_laschet
3468,abc7d890-8d7d-4964-9eb5-218f17516c7e,armin_laschet/2021-09-26_23-29-21_UTC_2.jpg,Unknown,,,,,,Unknown,armin_laschet
3469,2bd9964e-f3bd-4970-b5c5-6c38cd2d0e50,armin_laschet/2021-09-26_23-29-21_UTC_2.jpg,Unknown,,,,,,Unknown,armin_laschet
3470,3240304b-f57b-4e8c-939e-a798c6e3b7b4,armin_laschet/2021-09-26_23-29-21_UTC_2.jpg,Unknown,,,,,,Unknown,armin_laschet
3471,33e14e13-f76d-4beb-8807-05228ec469f5,armin_laschet/2021-09-22_14-55-06_UTC_3.jpg,Unknown,,,,,,Unknown,armin_laschet
3472,ee8bfbbf-4114-4022-a35d-e8f22e88b216,armin_laschet/2021-09-22_14-55-06_UTC_3.jpg,Unknown,,,,,,Unknown,armin_laschet
3473,c22ef780-5ae3-435c-abbb-1ccef60c1c13,armin_laschet/2021-09-22_14-55-06_UTC_3.jpg,Unknown,,,,,,Unknown,armin_laschet
3474,bee9999a-f4dc-48ef-a7e1-1789ef30e96a,armin_laschet/2021-09-22_14-55-06_UTC_3.jpg,Unknown,,,,,,Unknown,armin_laschet
3475,70eecef3-e830-4a70-a2a7-7bd25b383d41,armin_laschet/2021-09-22_14-55-06_UTC_3.jpg,Armin Laschet,cc6b3530-cd71-4500-a5fe-d868c449b8d1.png,0.7511806113253661,Facenet512,euclidean_l2,40.0,Armin Laschet,armin_laschet
3476,60bd1c94-f3ea-4836-9e86-4a9f2359854d,armin_laschet/2021-09-22_14-55-06_UTC_3.jpg,Unknown,,,,,,Unknown,armin_laschet
3477,9156abf3-ddd0-4399-81d3-584224249b75,armin_laschet/2021-09-22_14-55-06_UTC_3.jpg,Unknown,,,,,,Unknown,armin_laschet
3478,36c83627-1e3e-4cef-9a4b-b97e050321e9,armin_laschet/2021-09-22_14-55-06_UTC_3.jpg,Unknown,,,,,,Unknown,armin_laschet
3479,4ed3fa46-0bd1-4190-b4ae-aaa0d22ebd46,armin_laschet/2021-09-22_14-55-06_UTC_3.jpg,Unknown,,,,,,Unknown,armin_laschet
3480,9bd494e9-0502-473e-a2c6-e3c7eb1ab6bb,armin_laschet/2021-09-22_14-55-06_UTC_3.jpg,Unknown,,,,,,Unknown,armin_laschet
3481,20c3539a-938f-4cc9-9502-73c89aff2c69,armin_laschet/2021-09-15_09-28-48_UTC_1.jpg,Unknown,,,,,,Unknown,armin_laschet
3482,09319a79-dbec-4c90-9ad0-16080dca911a,armin_laschet/2021-09-15_09-28-48_UTC_1.jpg,Armin Laschet,cc6b3530-cd71-4500-a5fe-d868c449b8d1.png,0.640497545662035,Facenet512,euclidean_l2,40.0,Armin Laschet,armin_laschet
3483,ecf7de6c-d215-4a16-96b1-b1913b1c109e,robert.habeck/2021-09-24_09-22-06_UTC_2.jpg,Unknown,,,,,,Unknown,robert.habeck
3484,fb6552bc-f239-40b0-9792-290d5d9e43af,robert.habeck/2021-09-24_09-22-06_UTC_2.jpg,Unknown,,,,,,Unknown,robert.habeck
3485,36b58006-4bcc-4ba0-addf-217e09f6939a,robert.habeck/2021-09-24_09-22-06_UTC_2.jpg,Unknown,,,,,,Unknown,robert.habeck
3486,2f71a925-4f72-40c4-b88f-39bc7d49b271,robert.habeck/2021-09-24_09-22-06_UTC_2.jpg,Unknown,,,,,,Unknown,robert.habeck
3487,dbfa80b4-6828-4432-a193-b5570c57b7b9,robert.habeck/2021-09-24_09-22-06_UTC_2.jpg,Unknown,,,,,,Unknown,robert.habeck
3488,3a0cbdb9-cd39-4a98-91f9-21449eb84e2b,robert.habeck/2021-09-24_09-22-06_UTC_2.jpg,Unknown,,,,,,Unknown,robert.habeck
3489,e357e9ad-6314-4555-a2d8-512a08850cbb,robert.habeck/2021-09-24_09-22-06_UTC_2.jpg,Unknown,,,,,,Unknown,robert.habeck
3490,aeaecff7-bc10-4098-9c90-af67b9f266a5,robert.habeck/2021-09-24_09-22-06_UTC_2.jpg,Unknown,,,,,,Unknown,robert.habeck
3491,86b03eaf-f12d-44d0-bd03-01ed88567175,robert.habeck/2021-09-24_09-22-06_UTC_2.jpg,Unknown,,,,,,Unknown,robert.habeck
3492,f11fbf64-1bcf-4e56-a533-00e69ab0539d,robert.habeck/2021-09-24_09-22-06_UTC_2.jpg,Unknown,,,,,,Unknown,robert.habeck
3493,9cadcf39-7396-4c94-b493-5f5b85e51839,robert.habeck/2021-09-24_09-22-06_UTC_2.jpg,Unknown,,,,,,Unknown,robert.habeck
3494,39b59e44-5cc7-41d6-8493-768c198d04d1,robert.habeck/2021-09-24_09-22-06_UTC_2.jpg,Unknown,,,,,,Unknown,robert.habeck
3495,2024f13d-72ef-4219-ad61-6f8afb79a1de,robert.habeck/2021-09-24_09-22-06_UTC_2.jpg,Unknown,,,,,,Unknown,robert.habeck
3496,cbdfd305-0746-472d-a025-08e03bcc98d8,robert.habeck/2021-09-24_09-22-06_UTC_2.jpg,Unknown,,,,,,Unknown,robert.habeck
3497,a6899059-b02c-4162-b5c9-3bbd554ad595,robert.habeck/2021-09-24_09-22-06_UTC_2.jpg,Unknown,,,,,,Unknown,robert.habeck
3498,5738899a-58b7-4ea2-8125-ac8c9f59f8e1,robert.habeck/2021-09-24_09-22-06_UTC_2.jpg,Unknown,,,,,,Unknown,robert.habeck
3499,0583f2d2-b538-440e-84d7-1b9e4bab1f9b,robert.habeck/2021-09-24_09-22-06_UTC_2.jpg,Unknown,,,,,,Unknown,robert.habeck
3500,7254b0b2-2409-488d-bd75-9ff58ff9f700,robert.habeck/2021-09-24_09-22-06_UTC_2.jpg,Unknown,,,,,,Unknown,robert.habeck
3501,a0b3f7ba-80d3-4ea3-a687-7498d4085784,robert.habeck/2021-09-24_09-22-06_UTC_2.jpg,Unknown,,,,,,Unknown,robert.habeck
3502,c0caecf2-d7a1-4920-94ec-7b03c5b0a29c,robert.habeck/2021-09-24_09-22-06_UTC_2.jpg,Unknown,,,,,,Unknown,robert.habeck
3503,a2a756c2-6555-4bc5-8a9a-8406677df842,robert.habeck/2021-09-24_09-22-06_UTC_2.jpg,Unknown,,,,,,Unknown,robert.habeck
3504,e7ddabe3-61f6-4392-bd16-a4b7f0ceadbc,robert.habeck/2021-09-24_09-22-06_UTC_2.jpg,Unknown,,,,,,Unknown,robert.habeck
3505,9a11abe4-afdf-45a6-b2a3-8224ccfaf803,robert.habeck/2021-09-24_09-22-06_UTC_2.jpg,Unknown,,,,,,Unknown,robert.habeck
3506,d7ba8f48-8d69-43f7-a927-1463a5853a7d,robert.habeck/2021-09-24_09-22-06_UTC_2.jpg,Unknown,,,,,,Unknown,robert.habeck
3507,688aa1b0-d919-4fa4-9562-d8d8dd2a7bed,robert.habeck/2021-09-24_09-22-06_UTC_2.jpg,Unknown,,,,,,Unknown,robert.habeck
3508,9010e7f5-8dcf-41d7-863a-1e90f8904d80,robert.habeck/2021-09-24_09-22-06_UTC_2.jpg,Unknown,,,,,,Unknown,robert.habeck
3509,344d8030-3147-4dd6-a79c-d840fb406812,robert.habeck/2021-09-24_09-22-06_UTC_2.jpg,Unknown,,,,,,Unknown,robert.habeck
3510,dd75154c-7112-42b6-ab4c-c275b135024b,robert.habeck/2021-09-24_09-22-06_UTC_2.jpg,Unknown,,,,,,Unknown,robert.habeck
3511,90a3ebdb-7a9f-4e3d-9528-105734d9e794,robert.habeck/2021-09-24_09-22-06_UTC_2.jpg,Unknown,,,,,,Unknown,robert.habeck
3512,4480bd2b-3717-4726-a818-f888d8cdd0b0,robert.habeck/2021-09-24_09-22-06_UTC_2.jpg,Unknown,,,,,,Unknown,robert.habeck
3513,b9ac9e63-875d-4d30-9690-f634640bf6a7,robert.habeck/2021-09-24_09-22-06_UTC_2.jpg,Unknown,,,,,,Unknown,robert.habeck
3514,998f6687-6fef-4760-b688-786e3e887d80,robert.habeck/2021-09-24_09-22-06_UTC_2.jpg,Unknown,,,,,,Unknown,robert.habeck
3515,0ca39b34-b60d-409a-9bb6-e6f6352bdac8,robert.habeck/2021-09-24_09-22-06_UTC_2.jpg,Unknown,,,,,,Unknown,robert.habeck
3516,89f5c065-34dc-4886-97f3-1342bd5b5d2d,robert.habeck/2021-09-24_09-22-06_UTC_2.jpg,Unknown,,,,,,Unknown,robert.habeck
3517,17554836-e1b0-4bf1-a6d0-498c7ed3cac8,robert.habeck/2021-09-24_09-22-06_UTC_2.jpg,Unknown,,,,,,Unknown,robert.habeck
3518,5bf0ae36-b0fb-496d-af3d-c971d3e08599,robert.habeck/2021-09-24_09-22-06_UTC_2.jpg,Unknown,,,,,,Unknown,robert.habeck
3519,4d2f74fa-d7b2-43b2-bd60-c19e9e5149da,robert.habeck/2021-09-24_09-22-06_UTC_2.jpg,Unknown,,,,,,Unknown,robert.habeck
3520,d78975c3-dfbd-4adb-85cc-ee4ae93aa0de,robert.habeck/2021-09-24_09-22-06_UTC_2.jpg,Unknown,,,,,,Unknown,robert.habeck
3521,fc693953-745b-4f0e-b751-b1c194463594,robert.habeck/2021-09-24_09-22-06_UTC_2.jpg,Unknown,,,,,,Unknown,robert.habeck
3522,94b26098-19af-4ed4-ac1b-9f5b5fa81082,robert.habeck/2021-09-24_09-22-06_UTC_2.jpg,Unknown,,,,,,Unknown,robert.habeck
3523,5035d1c7-6817-4303-be0b-beeb979d7762,robert.habeck/2021-09-24_09-22-06_UTC_2.jpg,Unknown,,,,,,Unknown,robert.habeck
3524,09df1358-b853-41c2-b1a5-99a966ff1d38,robert.habeck/2021-09-24_09-22-06_UTC_2.jpg,Unknown,,,,,,Unknown,robert.habeck
3525,951f7b6c-8411-4534-944f-c3c71ea25bd2,robert.habeck/2021-09-24_09-22-06_UTC_2.jpg,Unknown,,,,,,Unknown,robert.habeck
3526,c9d4a3c6-ae75-4f64-8c35-336dc8d4f632,robert.habeck/2021-09-24_09-22-06_UTC_2.jpg,Unknown,,,,,,Unknown,robert.habeck
3527,98bc3d4e-5953-4efe-aa80-349244155ce1,robert.habeck/2021-09-24_09-22-06_UTC_2.jpg,Unknown,,,,,,Unknown,robert.habeck
3528,fcc5befa-4217-44e1-a644-a7964dcb991a,robert.habeck/2021-09-24_09-22-06_UTC_2.jpg,Unknown,,,,,,Unknown,robert.habeck
3529,d5102706-8ad2-4fbb-ada2-17a254373fc7,robert.habeck/2021-09-24_09-22-06_UTC_2.jpg,Unknown,,,,,,Unknown,robert.habeck
3530,14feea51-4b83-4dda-97da-b5452dbdf8ab,robert.habeck/2021-09-24_09-22-06_UTC_2.jpg,Unknown,,,,,,Unknown,robert.habeck
3531,69533259-fb21-4a35-b905-18277f3ec7bc,olafscholz/2021-09-22_12-20-14_UTC.jpg,Unknown,,,,,,Unknown,olafscholz
3532,e64039bd-6d0b-4512-af97-0eb03d7c62c7,olafscholz/2021-09-22_12-20-14_UTC.jpg,Unknown,,,,,,Unknown,olafscholz
3533,6b1291d5-fa74-4e55-9eda-a39d16bbfa19,olafscholz/2021-09-22_12-20-14_UTC.jpg,Unknown,,,,,,Unknown,olafscholz
3534,b34f7042-f42e-4aaf-bdeb-9487abc9a015,olafscholz/2021-09-22_12-20-14_UTC.jpg,Unknown,,,,,,Unknown,olafscholz
3535,defb7db9-52f7-40d9-8bd3-68e1cd0006b2,olafscholz/2021-09-22_12-20-14_UTC.jpg,Olaf Scholz,82f4d29e-1d17-4672-b015-52009fda2a23.png,0.9250385438573582,Facenet512,euclidean_l2,30.0,Olaf Scholz,olafscholz
3536,4e61f2ef-6a6b-4ead-9a5b-4a806fb0298b,olafscholz/2021-09-22_12-20-14_UTC.jpg,Unknown,,,,,,Unknown,olafscholz
3537,c0f07b5c-8240-4e55-bf62-ba17ba2a0aed,olafscholz/2021-09-22_12-20-14_UTC.jpg,Unknown,,,,,,Unknown,olafscholz
3538,f081d735-3992-43a3-8d75-8139d32d1f6d,olafscholz/2021-09-22_12-20-14_UTC.jpg,Unknown,,,,,,Unknown,olafscholz
3539,bbfed57c-817a-4d5d-9b9e-5cb08c34de06,olafscholz/2021-09-22_12-20-14_UTC.jpg,Unknown,,,,,,Unknown,olafscholz
3540,a0a7100e-ef50-4daf-885e-b24f0f06a4a7,olafscholz/2021-09-18_20-26-35_UTC_1.jpg,Olaf Scholz,baaa081f-7a38-4907-b92b-ba3d791c4012.png,0.637252739952836,Facenet512,euclidean_l2,38.0,Olaf Scholz,olafscholz
3541,42a63d89-6bf5-4079-8022-69875ec2ee0d,olafscholz/2021-09-18_11-33-33_UTC.jpg,Unknown,,,,,,Unknown,olafscholz
3542,27d78574-74cf-44e5-a220-e9ad83815149,olafscholz/2021-09-22_20-57-22_UTC_2.jpg,Unknown,,,,,,Unknown,olafscholz
3543,eea68d13-fa03-4372-9ee6-daaac870d313,olafscholz/2021-09-22_20-57-22_UTC_2.jpg,Olaf Scholz,c27ee252-e37c-4074-92b5-20e300431107.png,0.410677999086596,Facenet512,euclidean_l2,40.0,Olaf Scholz,olafscholz
3544,0e276a1a-aa3c-42e1-b101-1d8be8038134,olafscholz/2021-09-18_20-26-35_UTC_5.jpg,Unknown,,,,,,Unknown,olafscholz
3545,2a495b17-d7b3-4f33-8e5f-1327db1bbbd4,olafscholz/2021-09-18_20-26-35_UTC_5.jpg,Unknown,,,,,,Unknown,olafscholz
3546,39b4474b-c576-4239-ba5e-1b4b76e15d8e,olafscholz/2021-09-18_20-26-35_UTC_5.jpg,Unknown,,,,,,Unknown,olafscholz
3547,a8ff3a77-c921-47ee-8d83-9642044632d9,olafscholz/2021-09-18_20-26-35_UTC_5.jpg,Unknown,,,,,,Unknown,olafscholz
3548,9c0391b5-add7-4bbb-a497-8758715c67a3,olafscholz/2021-09-18_20-26-35_UTC_5.jpg,Unknown,,,,,,Unknown,olafscholz
3549,f7518dff-f0d1-4cac-8a51-940bb9faa9c8,olafscholz/2021-09-18_20-26-35_UTC_5.jpg,Unknown,,,,,,Unknown,olafscholz
3550,c8d26bd2-5611-4ddb-8f08-eb9048df2210,olafscholz/2021-09-18_20-26-35_UTC_5.jpg,Unknown,,,,,,Unknown,olafscholz
3551,5b359ec1-c7b2-4144-ab23-32a4d00f8537,olafscholz/2021-09-18_20-26-35_UTC_5.jpg,Unknown,,,,,,Unknown,olafscholz
3552,1c98d906-ed0e-4fbf-9d8d-2245c211d93b,olafscholz/2021-09-18_20-26-35_UTC_5.jpg,Unknown,,,,,,Unknown,olafscholz
3553,5340a640-d8ab-4aea-ad45-627a0bfdac45,olafscholz/2021-09-18_20-26-35_UTC_5.jpg,Unknown,,,,,,Unknown,olafscholz
3554,5bd44d19-634e-45d3-9c37-a9d5b896d86c,olafscholz/2021-09-18_20-26-35_UTC_5.jpg,Unknown,,,,,,Unknown,olafscholz
3555,445e8efb-8a92-4106-a315-4d4e526ebd71,olafscholz/2021-09-18_20-26-35_UTC_5.jpg,Unknown,9bc42743-ba76-4b29-8ae3-88daa99f6988.png,1.0195212117820642,Facenet512,euclidean_l2,2.0,Olaf Scholz,olafscholz
3556,33989fbb-fc6a-4223-b561-d8d1e679c0af,olafscholz/2021-09-18_20-26-35_UTC_5.jpg,Unknown,,,,,,Unknown,olafscholz
3557,4c9805f7-a133-40b9-83a6-18c8d6f3d117,olafscholz/2021-09-18_20-26-35_UTC_5.jpg,Unknown,,,,,,Unknown,olafscholz
3558,34657fea-de1e-4577-8238-4693ddddf476,olafscholz/2021-09-18_20-26-35_UTC_5.jpg,Unknown,,,,,,Unknown,olafscholz
3559,9d0857ae-d671-4d17-aa70-96baab9a0057,olafscholz/2021-09-18_20-26-35_UTC_5.jpg,Unknown,91d6fa25-3671-4110-8beb-1c3296cdf4d0.png,0.8270452833708403,Facenet512,euclidean_l2,38.0,Olaf Scholz,olafscholz
3560,49db0c8c-4987-45a9-9eef-e4e90d18affb,olafscholz/2021-09-18_20-26-35_UTC_5.jpg,Unknown,,,,,,Unknown,olafscholz
3561,31aaed3f-07dd-406e-ac61-f3260a1c4be0,olafscholz/2021-09-18_20-26-35_UTC_5.jpg,Unknown,,,,,,Unknown,olafscholz
3562,782ac986-c559-4b59-b5c1-6ceef9ada9ac,olafscholz/2021-09-18_20-26-35_UTC_5.jpg,Unknown,scholz_olaf.jpeg,0.9428201093003756,Facenet512,euclidean_l2,14.0,Olaf Scholz,olafscholz
3563,fbc4a31b-791c-49b7-8c44-54a669e12e03,olafscholz/2021-09-18_20-26-35_UTC_5.jpg,Unknown,,,,,,Unknown,olafscholz
3564,545238b1-1dc2-4248-bea4-36b377c743df,olafscholz/2021-09-18_20-26-35_UTC_5.jpg,Unknown,,,,,,Unknown,olafscholz
3565,cb2a633c-6500-4492-a142-f17ad5c4838a,olafscholz/2021-09-18_20-26-35_UTC_5.jpg,Unknown,9bc42743-ba76-4b29-8ae3-88daa99f6988.png,1.002159914839649,Facenet512,euclidean_l2,2.0,Olaf Scholz,olafscholz
3566,e852a0a0-31f7-4207-ab34-c21a98534462,olafscholz/2021-09-18_20-26-35_UTC_5.jpg,Unknown,,,,,,Unknown,olafscholz
3567,8e42ca4e-e93f-4fb4-b655-f3946ee2d2ba,olafscholz/2021-09-18_20-26-35_UTC_5.jpg,Unknown,,,,,,Unknown,olafscholz
3568,42939f6e-6f81-46c7-9c78-763fd99d3ed3,olafscholz/2021-09-18_20-26-35_UTC_5.jpg,Unknown,,,,,,Unknown,olafscholz
3569,2c4ae5c3-1fa6-470f-b4e2-a889a3a45430,olafscholz/2021-09-18_20-26-35_UTC_5.jpg,Unknown,,,,,,Unknown,olafscholz
3570,cf1ddd0a-7ed2-4740-ba2c-9d45087042db,olafscholz/2021-09-18_20-26-35_UTC_5.jpg,Unknown,,,,,,Unknown,olafscholz
3571,cb245212-6ef1-4b7b-9c81-8b4877f81174,olafscholz/2021-09-18_20-26-35_UTC_5.jpg,Unknown,9bc42743-ba76-4b29-8ae3-88daa99f6988.png,0.9998385277368876,Facenet512,euclidean_l2,2.0,Olaf Scholz,olafscholz
3572,c633d5b8-46eb-4759-93eb-ac1d7617ec4a,olafscholz/2021-09-18_20-26-35_UTC_5.jpg,Unknown,,,,,,Unknown,olafscholz
3573,5628551c-b843-44d1-a720-c0a1298c859d,olafscholz/2021-09-18_20-26-35_UTC_5.jpg,Unknown,,,,,,Unknown,olafscholz
3574,149af3e1-e660-4b05-b9dc-e2f8b832c2e3,olafscholz/2021-09-18_20-26-35_UTC_5.jpg,Unknown,,,,,,Unknown,olafscholz
3575,b53b59ba-e107-438f-9d4a-9fda7513c33d,olafscholz/2021-09-18_20-26-35_UTC_5.jpg,Unknown,,,,,,Unknown,olafscholz
3576,236ade87-79cf-4ecf-b5b4-7286f0ee629e,olafscholz/2021-09-18_20-26-35_UTC_5.jpg,Unknown,,,,,,Unknown,olafscholz
3577,a17321c7-fd5f-4b81-8a94-3e543e472dd7,olafscholz/2021-09-18_20-26-35_UTC_5.jpg,Unknown,,,,,,Unknown,olafscholz
3578,1301301b-e0a4-4035-920f-75ef0cee8229,olafscholz/2021-09-18_20-26-35_UTC_5.jpg,Unknown,,,,,,Unknown,olafscholz
3579,1007fde9-9acd-40ea-8c4c-7ed55145e420,olafscholz/2021-09-18_20-26-35_UTC_5.jpg,Unknown,,,,,,Unknown,olafscholz
3580,49094246-dfc8-41c7-ab1d-2548eeb7f5a8,olafscholz/2021-09-18_20-26-35_UTC_5.jpg,Unknown,,,,,,Unknown,olafscholz
3581,3520ca49-3631-482e-86e4-0e9a77e35e87,olafscholz/2021-09-18_20-26-35_UTC_5.jpg,Unknown,,,,,,Unknown,olafscholz
3582,cb12b9ee-bf51-401d-abed-4e49aae8e6d5,olafscholz/2021-09-18_20-26-35_UTC_5.jpg,Unknown,,,,,,Unknown,olafscholz
3583,f2cbf5ad-799c-4658-8816-475bf98a1cc5,olafscholz/2021-09-18_20-26-35_UTC_5.jpg,Unknown,,,,,,Unknown,olafscholz
3584,d3f71db3-1501-411d-82cb-20f35ecfbcb1,olafscholz/2021-09-18_20-26-35_UTC_5.jpg,Unknown,,,,,,Unknown,olafscholz
3585,f1eb806f-643f-4568-82f9-37ab6627ca43,olafscholz/2021-09-25_11-22-24_UTC.jpg,Unknown,,,,,,Unknown,olafscholz
3586,6984c3d0-26eb-4ee4-8711-07e1082067c4,olafscholz/2021-09-25_11-22-24_UTC.jpg,Unknown,,,,,,Unknown,olafscholz
3587,206333b8-087d-49a2-ad4e-e8c3186b6836,olafscholz/2021-09-25_11-22-24_UTC.jpg,Unknown,,,,,,Unknown,olafscholz
3588,ec063e04-b766-46fe-a96a-6b214286d942,olafscholz/2021-09-25_11-22-24_UTC.jpg,Olaf Scholz,9bc42743-ba76-4b29-8ae3-88daa99f6988.png,0.9768129157960436,Facenet512,euclidean_l2,6.0,Olaf Scholz,olafscholz
3589,45c0bb8b-4f0e-449c-9e76-b436e4fbc024,olafscholz/2021-09-15_13-26-59_UTC.jpg,Olaf Scholz,8c8b42f9-47e7-4df5-bffb-da674eab6953.png,0.9918450958394548,Facenet512,euclidean_l2,6.0,Olaf Scholz,olafscholz
3590,03fc1068-5b14-40bd-8df0-ba19d6720fea,olafscholz/2021-09-18_12-22-03_UTC_3.jpg,Unknown,9bc42743-ba76-4b29-8ae3-88daa99f6988.png,0.9361611258541516,Facenet512,euclidean_l2,2.0,Olaf Scholz,olafscholz
3591,c2abe154-6a6d-4556-b636-a32928eae667,olafscholz/2021-09-18_12-22-03_UTC_3.jpg,Unknown,7283a49c-fba4-43e9-9a0b-a767ea44c1c0.png,0.9972933119553866,Facenet512,euclidean_l2,6.0,Olaf Scholz,olafscholz
3592,e2723f1c-ff8f-44cd-97ad-21366dcbb6f8,olafscholz/2021-09-18_12-22-03_UTC_3.jpg,Unknown,9bc42743-ba76-4b29-8ae3-88daa99f6988.png,0.8494670746693213,Facenet512,euclidean_l2,8.0,Olaf Scholz,olafscholz
3593,5e3cae9f-5e8d-4416-a13e-c6f158e5d47d,olafscholz/2021-09-18_12-22-03_UTC_3.jpg,Unknown,,,,,,Unknown,olafscholz
3594,3c00ea2a-2c50-48af-b52c-7d2fd2d3b795,olafscholz/2021-09-18_12-22-03_UTC_3.jpg,Unknown,,,,,,Unknown,olafscholz
3595,3134279b-c0bd-4edc-9ba3-064e21b7d346,olafscholz/2021-09-18_12-22-03_UTC_3.jpg,Unknown,,,,,,Unknown,olafscholz
3596,7035e322-39b8-44f4-82e6-fc110a304c74,olafscholz/2021-09-18_12-22-03_UTC_3.jpg,Unknown,,,,,,Unknown,olafscholz
3597,5a0bf23f-dba6-4880-ada6-597d75cee4a1,olafscholz/2021-09-18_12-22-03_UTC_3.jpg,Unknown,,,,,,Unknown,olafscholz
3598,94e3051c-3239-425e-a737-22d956479cf3,olafscholz/2021-09-18_12-22-03_UTC_3.jpg,Unknown,,,,,,Unknown,olafscholz
3599,0df616bd-8996-4dc3-bce0-7b9ae478e617,olafscholz/2021-09-18_12-22-03_UTC_3.jpg,Unknown,,,,,,Unknown,olafscholz
3600,790cb392-6f03-46f6-bf95-f9bcecb2fd89,olafscholz/2021-09-18_12-22-03_UTC_3.jpg,Olaf Scholz,82f4d29e-1d17-4672-b015-52009fda2a23.png,0.9135855689590175,Facenet512,euclidean_l2,30.0,Olaf Scholz,olafscholz
3601,d6e0f0d2-649d-4018-bbd7-ed68d663aa5e,olafscholz/2021-09-18_12-22-03_UTC_3.jpg,Unknown,,,,,,Unknown,olafscholz
3602,d67e399f-ce8c-4191-943d-e8233b61f5c0,olafscholz/2021-09-21_11-26-43_UTC_2.jpg,Unknown,,,,,,Unknown,olafscholz
3603,b616dde6-4232-4bc1-a94f-824c36aad35f,olafscholz/2021-09-21_11-26-43_UTC_2.jpg,Unknown,,,,,,Unknown,olafscholz
3604,765b7293-e057-4a75-a80f-abe62db60502,olafscholz/2021-09-21_11-26-43_UTC_2.jpg,Olaf Scholz,c27ee252-e37c-4074-92b5-20e300431107.png,0.6835760880775174,Facenet512,euclidean_l2,40.0,Olaf Scholz,olafscholz
3605,4d6ac4b7-15fc-479f-89b9-b6b46977175d,olafscholz/2021-09-21_11-26-43_UTC_2.jpg,Unknown,,,,,,Unknown,olafscholz
3606,c1be1f58-0cf5-4e10-8878-50236b089bf1,olafscholz/2021-09-21_11-26-43_UTC_2.jpg,Unknown,,,,,,Unknown,olafscholz
3607,99c035fd-c2ff-4a73-b2d0-dc8fbae823df,olafscholz/2021-09-21_11-26-43_UTC_2.jpg,Unknown,,,,,,Unknown,olafscholz
3608,56776403-8a19-4782-a4d6-e82109c1b4ce,olafscholz/2021-09-21_11-26-43_UTC_2.jpg,Unknown,,,,,,Unknown,olafscholz
3609,0bf3499c-5ead-48e4-a83b-cd493a6046b9,olafscholz/2021-09-21_11-26-43_UTC_2.jpg,Unknown,,,,,,Unknown,olafscholz
3610,41d6aa9b-0d7c-4201-8c73-494dd346d286,olafscholz/2021-09-21_11-26-43_UTC_2.jpg,Unknown,,,,,,Unknown,olafscholz
3611,89cc2fe7-5927-403e-a452-6aed8349a6dd,olafscholz/2021-09-21_11-26-43_UTC_2.jpg,Unknown,,,,,,Unknown,olafscholz
3612,5acac5b3-75e3-4ac7-9396-ccc17e1f5957,olafscholz/2021-09-21_11-26-43_UTC_2.jpg,Olaf Scholz,77b54f7d-504a-4313-ab25-b66060e08f06.png,0.43256794935316,Facenet512,euclidean_l2,38.0,Olaf Scholz,olafscholz
3613,516f3b86-1413-4836-8bf8-f5ddddec469e,olafscholz/2021-09-21_11-26-43_UTC_2.jpg,Unknown,,,,,,Unknown,olafscholz
3614,028bdc04-759f-4117-9d72-f9d8895d71a3,olafscholz/2021-09-16_08-20-47_UTC.jpg,Olaf Scholz,cf207ba3-2a6b-42b2-b0c6-b0fb9e7532f0.png,0.4852635973549671,Facenet512,euclidean_l2,38.0,Olaf Scholz,olafscholz
3615,3aa0f5ba-068c-4926-9751-8d4ea6e3b405,olafscholz/2021-09-16_08-20-47_UTC.jpg,Unknown,,,,,,Unknown,olafscholz
3616,289e3a61-1c57-4318-a822-4a7ebddcafa1,olafscholz/2021-09-16_08-20-47_UTC.jpg,Unknown,,,,,,Unknown,olafscholz
3617,c23f2346-67c0-4755-b511-12d608c04d47,robert.habeck/2021-09-18_06-07-12_UTC_3.jpg,Annalena Baerbock,,,,,,Unknown,robert.habeck
3618,a64d2c6a-4ff1-4261-81f6-35f0f22479e5,robert.habeck/2021-09-18_06-07-12_UTC_3.jpg,Robert Habeck,,,,,,Unknown,robert.habeck
3619,78d72a2b-d3c2-4b77-994d-1fca1cffc2b1,olafscholz/2021-09-21_13-38-38_UTC.jpg,Olaf Scholz,77b54f7d-504a-4313-ab25-b66060e08f06.png,0.2550466432220005,Facenet512,euclidean_l2,38.0,Olaf Scholz,olafscholz
3620,eff90b78-a18c-4d5a-b053-d4b450acceba,christlichsozialeunion/2021-09-17_18-25-15_UTC_3.jpg,Unknown,,,,,,Unknown,christlichsozialeunion
3621,ad36c1c6-64f1-45de-b133-4db411e4f534,christlichsozialeunion/2021-09-17_18-25-15_UTC_3.jpg,Unknown,,,,,,Unknown,christlichsozialeunion
3622,8d486e7f-6161-45ca-a1e7-4045fe9439e0,christlichsozialeunion/2021-09-17_10-10-52_UTC.jpg,Unknown,,,,,,Unknown,christlichsozialeunion
3623,c3f443da-aac4-43c0-bd53-619625e8c7d0,christlichsozialeunion/2021-09-23_11-59-27_UTC.jpg,Unknown,,,,,,Unknown,christlichsozialeunion
3624,1d122e27-075a-4083-b964-67f34aa7a810,christlichsozialeunion/2021-09-16_09-33-33_UTC.jpg,Unknown,,,,,,Unknown,christlichsozialeunion
3625,c895c98c-362d-4b7f-a561-9f04c3c4d4d8,christlichsozialeunion/2021-09-25_16-41-07_UTC.jpg,Unknown,,,,,,Unknown,christlichsozialeunion
3626,776716bd-c472-4ebe-b973-86d79d65001a,christlichsozialeunion/2021-09-25_16-41-07_UTC.jpg,Unknown,,,,,,Unknown,christlichsozialeunion
3627,6da25ae1-41b7-4a86-bb78-81b141bb7b69,christlichsozialeunion/2021-09-17_18-25-15_UTC_4.jpg,Unknown,,,,,,Unknown,christlichsozialeunion
3628,f6cdc523-920c-4c2b-9a03-7395d95dbf83,christlichsozialeunion/2021-09-17_18-25-15_UTC_4.jpg,Unknown,,,,,,Unknown,christlichsozialeunion
3629,70879d54-c2c8-4955-94e5-ad781cf0e1da,christlichsozialeunion/2021-09-17_18-25-15_UTC_4.jpg,Unknown,,,,,,Unknown,christlichsozialeunion
3630,104b0dfc-e0e2-4f8f-95c2-cbf1483b1dc6,christlichsozialeunion/2021-09-17_18-25-15_UTC_4.jpg,Unknown,,,,,,Unknown,christlichsozialeunion
3631,04f98e1d-1fca-4933-b603-f08b6b906401,christlichsozialeunion/2021-09-17_18-25-15_UTC_4.jpg,Unknown,,,,,,Unknown,christlichsozialeunion
3632,002c8dfd-a48c-4a10-b203-76d541119e5b,christlichsozialeunion/2021-09-17_18-25-15_UTC_4.jpg,Unknown,,,,,,Unknown,christlichsozialeunion
3633,d149ec15-7034-4f64-8053-c2394891976f,christlichsozialeunion/2021-09-17_18-25-15_UTC_4.jpg,Unknown,,,,,,Unknown,christlichsozialeunion
3634,e97eae8d-02e9-44ab-b508-f39dc23861d6,christlichsozialeunion/2021-09-17_18-25-15_UTC_4.jpg,Unknown,,,,,,Unknown,christlichsozialeunion
3635,13b804ca-3470-4549-8c59-5274f22f52d8,christlichsozialeunion/2021-09-17_18-25-15_UTC_4.jpg,Unknown,,,,,,Unknown,christlichsozialeunion
3636,943d0a5c-ba44-4c14-9d5c-cfabb6bdfa7c,christlichsozialeunion/2021-09-17_18-25-15_UTC_4.jpg,Unknown,,,,,,Unknown,christlichsozialeunion
3637,54fcd07c-0ec4-409a-b2c6-d457fd7497cd,christlichsozialeunion/2021-09-17_18-25-15_UTC_4.jpg,Unknown,,,,,,Unknown,christlichsozialeunion
3638,ac02c128-e169-4f27-8402-e6a859f50aed,christlichsozialeunion/2021-09-17_18-25-15_UTC_4.jpg,Unknown,,,,,,Unknown,christlichsozialeunion
3639,c8d24e26-e3cc-4ca4-af8d-336d5c22ff27,christlichsozialeunion/2021-09-17_18-25-15_UTC_4.jpg,Unknown,,,,,,Unknown,christlichsozialeunion
3640,b28299a5-b4f5-404b-b8c3-9d864ecfc671,christlichsozialeunion/2021-09-17_18-25-15_UTC_4.jpg,Unknown,,,,,,Unknown,christlichsozialeunion
3641,7180fcb0-53f2-485e-b4ba-38810ab2a697,christlichsozialeunion/2021-09-17_18-25-15_UTC_4.jpg,Unknown,,,,,,Unknown,christlichsozialeunion
3642,eaddbb34-0c53-402e-a1a6-168bb4c6880e,christlichsozialeunion/2021-09-24_18-34-35_UTC.jpg,Markus Söder,2e3825be-7e0c-4e62-b2c7-b9aea0bcb158.png,0.6655635763796178,Facenet512,euclidean_l2,26.0,Markus Söder,christlichsozialeunion
3643,151f0396-28d8-4361-b793-59e17cbb549c,christlichsozialeunion/2021-09-17_18-25-15_UTC_2.jpg,Unknown,,,,,,Unknown,christlichsozialeunion
3644,beb04ae9-094c-4af4-b199-051342592086,christlichsozialeunion/2021-09-17_18-25-15_UTC_2.jpg,Unknown,,,,,,Unknown,christlichsozialeunion
3645,2912adc9-68b6-41e0-aa4c-44544fc23608,christlichsozialeunion/2021-09-17_18-25-15_UTC_2.jpg,Unknown,,,,,,Unknown,christlichsozialeunion
3646,d95eac32-fc11-45aa-8a98-06744960f507,christlichsozialeunion/2021-09-17_18-25-15_UTC_2.jpg,Unknown,,,,,,Unknown,christlichsozialeunion
3647,bceb6e8a-30b7-4917-9a98-27327995fe66,christlichsozialeunion/2021-09-17_18-25-15_UTC_2.jpg,Unknown,,,,,,Unknown,christlichsozialeunion
3648,04d50b51-1649-45d7-a06c-f07a8765386e,christlichsozialeunion/2021-09-22_09-42-25_UTC.jpg,Unknown,,,,,,Unknown,christlichsozialeunion
3649,20aa8de7-cb07-42e2-a8d0-7e0e9f3c201d,christlichsozialeunion/2021-09-22_09-42-25_UTC.jpg,Unknown,,,,,,Unknown,christlichsozialeunion
3650,7055198b-df0c-42ec-b04f-c335fbddc9ff,robert.habeck/2021-09-16_10-06-22_UTC_5.jpg,Robert Habeck,,,,,,Unknown,robert.habeck
3651,cc21e24d-ab33-455c-9948-cfddb6adf37f,robert.habeck/2021-09-16_10-06-22_UTC_5.jpg,Unknown,,,,,,Unknown,robert.habeck
3652,4d87149e-0681-43b9-8ee3-eac17cc8138b,christlichsozialeunion/2021-09-21_09-38-46_UTC.jpg,Unknown,,,,,,Unknown,christlichsozialeunion
3653,a2481367-bb4b-41ee-a90e-c4e9e1b0d164,christlichsozialeunion/2021-09-21_09-38-46_UTC.jpg,Unknown,,,,,,Unknown,christlichsozialeunion
3654,f2b2753f-3b64-4a82-9c2c-c1c4928709d1,christlichsozialeunion/2021-09-26_11-31-48_UTC.jpg,Markus Söder,,,,,,Unknown,christlichsozialeunion
3655,96b0b759-4bd0-40e0-8d5a-4fb27cf530cf,christlichsozialeunion/2021-09-26_11-31-48_UTC.jpg,Armin Laschet,,,,,,Unknown,christlichsozialeunion
3656,d7e2f3b2-f608-43ef-a761-9d0e238b7b0c,christlichsozialeunion/2021-09-26_11-31-48_UTC.jpg,Unknown,,,,,,Unknown,christlichsozialeunion
3657,fa90c5e8-abe5-45a3-a078-d620c8955904,christlichsozialeunion/2021-09-17_15-29-38_UTC_6.jpg,Armin Laschet,,,,,,Unknown,christlichsozialeunion
3658,e6cdc0fb-e937-4bf2-a3ec-6b3b5a6f9664,christlichsozialeunion/2021-09-17_15-29-38_UTC_6.jpg,Unknown,aef8776f-6cb2-461e-aa5f-26798f3b263e.png,0.9929375677096164,Facenet512,euclidean_l2,4.0,Markus Söder,christlichsozialeunion
3659,4ee8f0a7-7bf7-4794-be61-7bf09b17c32c,christlichsozialeunion/2021-09-17_15-29-38_UTC_6.jpg,Unknown,e673e074-b17d-46b3-a482-2f69bca15936.png,1.0374962444402385,Facenet512,euclidean_l2,2.0,Markus Söder,christlichsozialeunion
3660,87686ecd-f93c-4fc1-9d30-4beb2b8b86a6,christlichsozialeunion/2021-09-17_15-29-38_UTC_6.jpg,Unknown,,,,,,Unknown,christlichsozialeunion
3661,0875ad84-efb2-45be-a644-8359e1481b68,christlichsozialeunion/2021-09-17_15-29-38_UTC_6.jpg,Unknown,,,,,,Unknown,christlichsozialeunion
3662,e6cd2ae6-47eb-4fdd-8e16-862550f3d18c,christlichsozialeunion/2021-09-17_15-29-38_UTC_6.jpg,Unknown,,,,,,Unknown,christlichsozialeunion
3663,5a13d82e-d221-404a-9296-7dfd8c383fc8,christlichsozialeunion/2021-09-15_19-36-35_UTC_8.jpg,Unknown,,,,,,Unknown,christlichsozialeunion
3664,648871e4-3647-437b-82a1-d81799450df3,christlichsozialeunion/2021-09-15_19-36-35_UTC_8.jpg,Unknown,,,,,,Unknown,christlichsozialeunion
3665,6995c004-30b2-4849-a71d-82fed5f78e98,christlichsozialeunion/2021-09-15_19-36-35_UTC_8.jpg,Unknown,,,,,,Unknown,christlichsozialeunion
3666,f3725550-79f0-447d-80fd-6a490d09ecb3,christlichsozialeunion/2021-09-15_19-36-35_UTC_8.jpg,Unknown,,,,,,Unknown,christlichsozialeunion
3667,640df0c7-fea9-48d3-bd45-fb5145f9f07f,christlichsozialeunion/2021-09-15_19-36-35_UTC_8.jpg,Unknown,,,,,,Unknown,christlichsozialeunion
3668,95d7ec78-46b7-4c92-ace8-c357d83d587c,christlichsozialeunion/2021-09-15_19-36-35_UTC_8.jpg,Unknown,,,,,,Unknown,christlichsozialeunion
3669,52c8cb24-a6e0-4b8d-a0d5-668cb5f8c189,christlichsozialeunion/2021-09-19_10-53-20_UTC_2.jpg,Unknown,,,,,,Unknown,christlichsozialeunion
3670,4144d885-0982-4a8c-a28e-78ce7e8401c5,christlichsozialeunion/2021-09-19_10-53-20_UTC_2.jpg,Markus Söder,8cc74ed4-1eaf-489c-8072-432287400d9b.png,0.465964576425718,Facenet512,euclidean_l2,26.0,Markus Söder,christlichsozialeunion
3671,7935a874-9428-460c-9f3c-4eb0aed7324f,christlichsozialeunion/2021-09-22_14-02-34_UTC.jpg,Unknown,,,,,,Unknown,christlichsozialeunion
3672,e5d72285-88fa-4869-adab-17039b1c8704,christlichsozialeunion/2021-09-22_14-02-34_UTC.jpg,Unknown,,,,,,Unknown,christlichsozialeunion
3673,11f73482-4f5c-47f1-91ad-f045c9ce2931,christlichsozialeunion/2021-09-24_17-47-19_UTC_1.jpg,Markus Söder,aef8776f-6cb2-461e-aa5f-26798f3b263e.png,0.5545539332162426,Facenet512,euclidean_l2,26.0,Markus Söder,christlichsozialeunion
3674,2f09f180-7d88-447f-b516-9eec51f01b75,christlichsozialeunion/2021-09-24_17-47-19_UTC_1.jpg,Armin Laschet,,,,,,Unknown,christlichsozialeunion
3675,f4852ba2-a5cd-4812-89ad-051982e13b4e,christlichsozialeunion/2021-09-24_17-47-19_UTC_1.jpg,Unknown,,,,,,Unknown,christlichsozialeunion
3676,cc866a51-595e-42d2-9041-1f1236baad9a,christlichsozialeunion/2021-09-24_17-47-19_UTC_1.jpg,Unknown,,,,,,Unknown,christlichsozialeunion
3677,87883bb8-f188-4f2a-8d15-0f7695419a1e,christlichsozialeunion/2021-09-24_17-47-19_UTC_1.jpg,Unknown,,,,,,Unknown,christlichsozialeunion
3678,74b87fb3-7346-4cb8-9c70-dfe853c3676b,christlichsozialeunion/2021-09-20_12-34-16_UTC.jpg,Markus Söder,732bdb01-2da9-438e-9b36-04c89ad1eea4.png,0.4279318631698102,Facenet512,euclidean_l2,26.0,Markus Söder,christlichsozialeunion
3679,7db93a81-d5b5-41e7-a4e4-9fde4f04c756,christlichsozialeunion/2021-09-26_09-00-19_UTC.jpg,Markus Söder,soeder.jpeg,0.6637603188217517,Facenet512,euclidean_l2,26.0,Markus Söder,christlichsozialeunion
3680,e7057d53-6f87-40f7-bce1-364f67e52213,christlichsozialeunion/2021-09-24_17-47-19_UTC_3.jpg,Armin Laschet,,,,,,Unknown,christlichsozialeunion
3681,2ca359dc-4be0-45ac-9293-e9df6a13246e,christlichsozialeunion/2021-09-24_17-47-19_UTC_3.jpg,Unknown,,,,,,Unknown,christlichsozialeunion
3682,cda5d222-7225-4170-be86-d0976ca16ec0,christlichsozialeunion/2021-09-24_17-47-19_UTC_3.jpg,Unknown,,,,,,Unknown,christlichsozialeunion
3683,c90f67ce-f12e-4b15-b92e-12c61eae2dd8,christlichsozialeunion/2021-09-24_17-47-19_UTC_3.jpg,Unknown,,,,,,Unknown,christlichsozialeunion
3684,e7111559-3523-4ff6-8f98-8bd2a5177846,christlichsozialeunion/2021-09-24_17-47-19_UTC_3.jpg,Unknown,,,,,,Unknown,christlichsozialeunion
3685,8a952e16-ab77-4418-a1de-3023a99a7f9e,robert.habeck/2021-09-18_06-07-12_UTC_7.jpg,Robert Habeck,,,,,,Unknown,robert.habeck
3686,cb372e98-4e60-4218-8e45-8c51b9bd32a0,robert.habeck/2021-09-18_06-07-12_UTC_7.jpg,Unknown,,,,,,Unknown,robert.habeck
3687,7c1ce64d-7b8c-45e6-ae10-028f4907fc9f,robert.habeck/2021-09-18_06-07-12_UTC_7.jpg,Unknown,,,,,,Unknown,robert.habeck
3688,905ef69c-5069-49b0-875e-8e959aeb18bf,christlichsozialeunion/2021-09-19_10-53-20_UTC_1.jpg,Markus Söder,471d9645-9a33-471b-9e3e-5bfb82032fd8.png,0.8512310302862789,Facenet512,euclidean_l2,20.0,Markus Söder,christlichsozialeunion
3689,abec211b-f53c-48ac-a2ec-7cf653a19a07,christlichsozialeunion/2021-09-19_10-53-20_UTC_1.jpg,Unknown,,,,,,Unknown,christlichsozialeunion
3690,fd0590bc-7a7e-4a40-9aa3-f9e2d7d11866,christlichsozialeunion/2021-09-19_10-53-20_UTC_1.jpg,Unknown,,,,,,Unknown,christlichsozialeunion
3691,056784aa-d6c3-4d1d-b333-2b6cf93e3fbb,christlichsozialeunion/2021-09-15_19-42-53_UTC.jpg,Unknown,,,,,,Unknown,christlichsozialeunion
3692,2f50ea30-19d1-48ba-a84e-4b397cea87d0,christlichsozialeunion/2021-09-15_19-42-53_UTC.jpg,Unknown,,,,,,Unknown,christlichsozialeunion
3693,f68c9612-f059-4773-850e-6742761705a5,christlichsozialeunion/2021-09-15_19-42-53_UTC.jpg,Unknown,,,,,,Unknown,christlichsozialeunion
3694,6e577fb7-e25a-4e6c-8f35-e8debe8ebb2b,christlichsozialeunion/2021-09-15_19-42-53_UTC.jpg,Unknown,,,,,,Unknown,christlichsozialeunion
3695,dda7a343-9056-4c45-b030-908f1e191460,christlichsozialeunion/2021-09-15_19-42-53_UTC.jpg,Unknown,,,,,,Unknown,christlichsozialeunion
3696,8d70bbdd-254e-4678-b99d-35058e73aeeb,christlichsozialeunion/2021-09-15_19-42-53_UTC.jpg,Unknown,,,,,,Unknown,christlichsozialeunion
3697,5a44181a-d854-4af5-9b18-a073334259f1,christlichsozialeunion/2021-09-15_19-42-53_UTC.jpg,Unknown,,,,,,Unknown,christlichsozialeunion
3698,89428774-faf3-47c2-8bca-71fb8c921033,christlichsozialeunion/2021-09-15_19-42-53_UTC.jpg,Unknown,,,,,,Unknown,christlichsozialeunion
3699,dbfd7c4c-d181-4892-a9d2-f6210081cbde,christlichsozialeunion/2021-09-17_18-25-15_UTC_9.jpg,Unknown,,,,,,Unknown,christlichsozialeunion
3700,f81b02ed-4d14-4592-aad0-60ecb42765bc,christlichsozialeunion/2021-09-17_18-25-15_UTC_9.jpg,Unknown,,,,,,Unknown,christlichsozialeunion
3701,392b7044-7f01-4352-9fb5-dfe587095e17,christlichsozialeunion/2021-09-17_18-25-15_UTC_9.jpg,Unknown,,,,,,Unknown,christlichsozialeunion
3702,c1423139-3d6a-401c-bbbf-7a7794f53c64,christlichsozialeunion/2021-09-15_19-36-35_UTC_5.jpg,Markus Söder,2e3825be-7e0c-4e62-b2c7-b9aea0bcb158.png,0.5961457538631472,Facenet512,euclidean_l2,26.0,Markus Söder,christlichsozialeunion
3703,0101d9d9-ec6e-4890-9df3-9a6de5ab52c6,christlichsozialeunion/2021-09-24_09-20-50_UTC.jpg,Armin Laschet,,,,,,Unknown,christlichsozialeunion
3704,778a1496-f8fe-4f8c-9a07-4d508372dd58,christlichsozialeunion/2021-09-24_09-20-50_UTC.jpg,Markus Söder,8cc74ed4-1eaf-489c-8072-432287400d9b.png,0.2762549188277214,Facenet512,euclidean_l2,26.0,Markus Söder,christlichsozialeunion
3705,8d8c77f4-d194-4bcb-814c-86f5482f8c1e,christlichsozialeunion/2021-09-24_09-20-50_UTC.jpg,Unknown,,,,,,Unknown,christlichsozialeunion
3706,786a35be-a73c-4f07-816a-4c8b6ad8c853,christlichsozialeunion/2021-09-17_18-25-15_UTC_8.jpg,Unknown,,,,,,Unknown,christlichsozialeunion
3707,7798b72d-0b57-40cd-b4bf-d78337184e28,christlichsozialeunion/2021-09-17_18-25-15_UTC_8.jpg,Unknown,,,,,,Unknown,christlichsozialeunion
3708,461d627a-cec0-4771-9621-c10f266a9251,christlichsozialeunion/2021-09-17_18-25-15_UTC_8.jpg,Unknown,,,,,,Unknown,christlichsozialeunion
3709,6d9176f2-9147-48cd-8709-60116edfba78,christlichsozialeunion/2021-09-17_18-25-15_UTC_8.jpg,Unknown,,,,,,Unknown,christlichsozialeunion
3710,6f73fd4b-0e1a-42de-b649-bd5a5acc0c80,christlichsozialeunion/2021-09-17_18-25-15_UTC_8.jpg,Unknown,,,,,,Unknown,christlichsozialeunion
3711,e374d507-9c84-48bd-99d6-ab61cf1b723f,christlichsozialeunion/2021-09-20_13-23-24_UTC_5.jpg,Unknown,,,,,,Unknown,christlichsozialeunion
3712,aab30171-c2ba-4d70-8a6c-e39737cfd5f8,christlichsozialeunion/2021-09-20_13-23-24_UTC_9.jpg,Unknown,,,,,,Unknown,christlichsozialeunion
3713,b32a6596-c03f-41f2-9c51-21c8b1aaa776,christlichsozialeunion/2021-09-20_13-23-24_UTC_4.jpg,Unknown,,,,,,Unknown,christlichsozialeunion
3714,bc5b0a07-b771-4080-a23b-bb3a3942a23c,christlichsozialeunion/2021-09-25_08-48-35_UTC.jpg,Unknown,,,,,,Unknown,christlichsozialeunion
3715,04ddb044-6caa-4c3a-a838-60340385ec98,christlichsozialeunion/2021-09-25_08-48-35_UTC.jpg,Unknown,,,,,,Unknown,christlichsozialeunion
3716,915eb8dd-beb4-4e2d-a392-cea07d700f2d,robert.habeck/2021-09-24_20-23-24_UTC_7.jpg,Robert Habeck,,,,,,Unknown,robert.habeck
3717,e53aa58c-beb3-4288-a0b5-6473f0bac4f8,robert.habeck/2021-09-24_20-23-24_UTC_7.jpg,Unknown,,,,,,Unknown,robert.habeck
3718,50ab3551-d799-4dd7-91d9-757889e2f1b0,robert.habeck/2021-09-24_20-23-24_UTC_7.jpg,Unknown,,,,,,Unknown,robert.habeck
3719,b415a660-b386-4fa8-a7c8-d6609bfd0cd6,robert.habeck/2021-09-24_20-23-24_UTC_7.jpg,Unknown,,,,,,Unknown,robert.habeck
3720,cb95e734-c94b-431a-b33b-74009782f91c,christlichsozialeunion/2021-09-19_10-53-20_UTC_3.jpg,Unknown,,,,,,Unknown,christlichsozialeunion
3721,b155b49a-c74e-4735-9319-968a39be1ebc,christlichsozialeunion/2021-09-20_14-29-16_UTC.jpg,Unknown,,,,,,Unknown,christlichsozialeunion
3722,2b6e409b-7ea5-4a4b-ad7a-df1a9a7c54d5,christlichsozialeunion/2021-09-17_18-25-15_UTC_7.jpg,Unknown,983080ac-9963-4313-84db-4ad3649257da.png,1.0153531528071336,Facenet512,euclidean_l2,4.0,Markus Söder,christlichsozialeunion
3723,4cdb4628-1dec-4162-86a9-855dfba1fab0,christlichsozialeunion/2021-09-25_13-00-30_UTC.jpg,Markus Söder,e673e074-b17d-46b3-a482-2f69bca15936.png,0.4202539083403681,Facenet512,euclidean_l2,26.0,Markus Söder,christlichsozialeunion
3724,faacf612-faea-4d34-8f97-161a4ce3720a,christlichsozialeunion/2021-09-13_19-20-03_UTC.jpg,Unknown,,,,,,Unknown,christlichsozialeunion
3725,4b714e6c-857c-4e92-bf71-a2b299b9063b,christlichsozialeunion/2021-09-13_19-20-03_UTC.jpg,Unknown,49bdb61e-e0b0-4666-9cf0-5c7ab16b2516.png,0.9702827472957614,Facenet512,euclidean_l2,4.0,Markus Söder,christlichsozialeunion
3726,7d0b0078-7f8c-4adb-bafb-e8756ad74b31,christlichsozialeunion/2021-09-13_19-20-03_UTC.jpg,Unknown,,,,,,Unknown,christlichsozialeunion
3727,d67ca254-de7b-4287-b934-fae217d5e784,christlichsozialeunion/2021-09-13_19-20-03_UTC.jpg,Unknown,,,,,,Unknown,christlichsozialeunion
3728,27962d8b-4b3b-4b79-8212-666aec8c6484,christlichsozialeunion/2021-09-19_10-53-20_UTC_4.jpg,Unknown,aef8776f-6cb2-461e-aa5f-26798f3b263e.png,1.0261187086944428,Facenet512,euclidean_l2,2.0,Markus Söder,christlichsozialeunion
3729,822066c3-61b5-4df0-95fb-0d8886960564,christlichsozialeunion/2021-09-19_10-53-20_UTC_4.jpg,Unknown,,,,,,Unknown,christlichsozialeunion
3730,1d8bfa22-2d04-40d7-9dbc-eceb829ab7ab,christlichsozialeunion/2021-09-19_10-53-20_UTC_4.jpg,Unknown,,,,,,Unknown,christlichsozialeunion
3731,f90cd790-c932-4ea6-8997-2fb184c42fa8,christlichsozialeunion/2021-09-19_10-53-20_UTC_4.jpg,Unknown,,,,,,Unknown,christlichsozialeunion
3732,d0057822-2630-4236-8c67-94a52127f6ff,christlichsozialeunion/2021-09-19_10-53-20_UTC_4.jpg,Unknown,,,,,,Unknown,christlichsozialeunion
3733,ccba54d6-dd2d-4139-851c-2384fa5339cf,christlichsozialeunion/2021-09-15_13-08-15_UTC.jpg,Markus Söder,7b71cbfb-e1d9-44c4-98cf-df3e9761a43b.png,0.5267001911303478,Facenet512,euclidean_l2,26.0,Markus Söder,christlichsozialeunion
3734,ead4c823-c32e-4e2e-8e03-27b78d8ee52b,christlichsozialeunion/2021-09-15_19-36-35_UTC_4.jpg,Unknown,,,,,,Unknown,christlichsozialeunion
3735,7988062c-cbb2-4572-9a0d-4164fcb27336,christlichsozialeunion/2021-09-15_19-36-35_UTC_4.jpg,Unknown,,,,,,Unknown,christlichsozialeunion
3736,78f9029e-cbcb-437c-ac66-587c72cc22f9,christlichsozialeunion/2021-09-15_19-36-35_UTC_4.jpg,Unknown,,,,,,Unknown,christlichsozialeunion
3737,5b7153b5-fea6-4fc8-bb78-424c25fd6631,christlichsozialeunion/2021-09-15_19-36-35_UTC_4.jpg,Unknown,,,,,,Unknown,christlichsozialeunion
3738,f76ff9c4-d702-4e87-bab3-ec740bf65eae,christlichsozialeunion/2021-09-15_19-36-35_UTC_4.jpg,Unknown,,,,,,Unknown,christlichsozialeunion
3739,fd1108e7-2908-4432-8961-00c84c3013ee,christlichsozialeunion/2021-09-15_19-36-35_UTC_4.jpg,Unknown,,,,,,Unknown,christlichsozialeunion
3740,6413c023-de20-467d-84ff-0f3ede75cb38,christlichsozialeunion/2021-09-15_19-36-35_UTC_4.jpg,Unknown,aef8776f-6cb2-461e-aa5f-26798f3b263e.png,1.031456634036391,Facenet512,euclidean_l2,2.0,Markus Söder,christlichsozialeunion
3741,a7070cc3-f766-4a07-be29-d17d979d308e,christlichsozialeunion/2021-09-15_19-36-35_UTC_4.jpg,Unknown,,,,,,Unknown,christlichsozialeunion
3742,4c606b60-759e-4f2f-981d-ed37e6c3dc52,christlichsozialeunion/2021-09-15_19-36-35_UTC_4.jpg,Unknown,,,,,,Unknown,christlichsozialeunion
3743,72fcc259-a6bc-47ba-b555-f943c44ff648,christlichsozialeunion/2021-09-15_19-36-35_UTC_4.jpg,Unknown,,,,,,Unknown,christlichsozialeunion
3744,b0a652a3-6831-447b-b1ef-af42527700ab,christlichsozialeunion/2021-09-15_19-36-35_UTC_4.jpg,Unknown,,,,,,Unknown,christlichsozialeunion
3745,2517bb5e-71de-43a6-befe-23dc5a5a4d26,christlichsozialeunion/2021-09-15_19-36-35_UTC_4.jpg,Unknown,,,,,,Unknown,christlichsozialeunion
3746,ed18c346-14de-4d8b-a1c9-50c03ae80ae2,christlichsozialeunion/2021-09-24_17-47-19_UTC_8.jpg,Unknown,,,,,,Unknown,christlichsozialeunion
3747,5de02a3e-6b10-4837-9b40-2ecc776d688a,christlichsozialeunion/2021-09-24_17-47-19_UTC_8.jpg,Unknown,,,,,,Unknown,christlichsozialeunion
3748,465bc3e2-da71-4f55-a7fc-daa996123994,christlichsozialeunion/2021-09-24_17-47-19_UTC_8.jpg,Unknown,,,,,,Unknown,christlichsozialeunion
3749,a16f3483-9aa4-410a-b150-04b654e14f85,christlichsozialeunion/2021-09-24_17-47-19_UTC_8.jpg,Unknown,,,,,,Unknown,christlichsozialeunion
3750,2b26d022-3887-4265-9c30-fce6a71f2cd1,christlichsozialeunion/2021-09-24_17-47-19_UTC_8.jpg,Unknown,,,,,,Unknown,christlichsozialeunion
3751,63fa359e-cb77-48cc-9416-a381bf1a417a,christlichsozialeunion/2021-09-24_17-47-19_UTC_8.jpg,Unknown,,,,,,Unknown,christlichsozialeunion
3752,5b39c120-b9ab-4344-9140-3010d9e901f6,christlichsozialeunion/2021-09-24_17-47-19_UTC_8.jpg,Unknown,,,,,,Unknown,christlichsozialeunion
3753,eb6a4043-7096-4186-8e7a-4ff0344a07b3,christlichsozialeunion/2021-09-24_17-47-19_UTC_6.jpg,Markus Söder,732bdb01-2da9-438e-9b36-04c89ad1eea4.png,0.5542523054813785,Facenet512,euclidean_l2,26.0,Markus Söder,christlichsozialeunion
3754,5f8097df-bda2-42f7-bee1-207438c43492,christlichsozialeunion/2021-09-24_17-47-19_UTC_6.jpg,Unknown,,,,,,Unknown,christlichsozialeunion
3755,88341664-0335-4f0c-bf77-89e87865a53f,christlichsozialeunion/2021-09-24_17-47-19_UTC_6.jpg,Unknown,,,,,,Unknown,christlichsozialeunion
3756,94d72066-a502-438f-ac98-9d71b9ede0ed,christlichsozialeunion/2021-09-24_17-47-19_UTC_6.jpg,Unknown,,,,,,Unknown,christlichsozialeunion
3757,eadb3cbd-9018-4bde-8766-15363c8af994,christlichsozialeunion/2021-09-24_17-47-19_UTC_6.jpg,Unknown,,,,,,Unknown,christlichsozialeunion
3758,83151426-dabf-483d-9c7d-719cb777b765,christlichsozialeunion/2021-09-24_17-47-19_UTC_6.jpg,Unknown,,,,,,Unknown,christlichsozialeunion
3759,ebc825ff-5233-48db-b6ec-b3c2203dfe7c,christlichsozialeunion/2021-09-24_17-47-19_UTC_6.jpg,Unknown,,,,,,Unknown,christlichsozialeunion
3760,dc45a0d6-e4a3-425e-8eff-c4fd6c15aa15,christlichsozialeunion/2021-09-24_17-47-19_UTC_6.jpg,Unknown,,,,,,Unknown,christlichsozialeunion
3761,a26dfd39-17c9-456d-bb20-e48389af0f67,christlichsozialeunion/2021-09-24_17-47-19_UTC_6.jpg,Unknown,,,,,,Unknown,christlichsozialeunion
3762,41c7dfb1-674d-4e61-8207-e19fe65130c3,christlichsozialeunion/2021-09-24_17-47-19_UTC_6.jpg,Unknown,,,,,,Unknown,christlichsozialeunion
3763,c5eeb194-d055-4311-8251-2cce9daccc05,christlichsozialeunion/2021-09-24_17-47-19_UTC_6.jpg,Unknown,,,,,,Unknown,christlichsozialeunion
3764,07457ac9-551c-432f-bf19-8080e2ca5a20,christlichsozialeunion/2021-09-24_17-47-19_UTC_6.jpg,Unknown,,,,,,Unknown,christlichsozialeunion
3765,d9760485-0c63-4fa0-9fe7-522057799fd5,christlichsozialeunion/2021-09-24_17-47-19_UTC_6.jpg,Unknown,,,,,,Unknown,christlichsozialeunion
3766,99fe5f2d-5afb-4e1a-b8dd-13fefec9d78b,christlichsozialeunion/2021-09-24_17-47-19_UTC_6.jpg,Unknown,,,,,,Unknown,christlichsozialeunion
3767,74803668-0f03-4c1c-9957-bfe5786d875c,christlichsozialeunion/2021-09-24_17-47-19_UTC_6.jpg,Unknown,,,,,,Unknown,christlichsozialeunion
3768,886e8e61-7a9b-4e0e-9ef5-cd687948e2fb,christlichsozialeunion/2021-09-24_17-47-19_UTC_6.jpg,Unknown,,,,,,Unknown,christlichsozialeunion
3769,d1607aeb-304c-41a8-a139-cb3aceb8fd23,christlichsozialeunion/2021-09-24_17-47-19_UTC_6.jpg,Unknown,,,,,,Unknown,christlichsozialeunion
3770,66462db9-0089-4f72-9a86-8cc7e159e436,christlichsozialeunion/2021-09-24_17-47-19_UTC_6.jpg,Unknown,,,,,,Unknown,christlichsozialeunion
3771,71272bdf-1496-4e4b-8b0b-b0b89a1f0011,christlichsozialeunion/2021-09-24_17-47-19_UTC_6.jpg,Unknown,,,,,,Unknown,christlichsozialeunion
3772,e850c1f6-212c-49ce-800a-36ec0f48daaf,christlichsozialeunion/2021-09-24_17-47-19_UTC_6.jpg,Unknown,,,,,,Unknown,christlichsozialeunion
3773,3ea1bfcf-ec5e-4fff-8dbf-52ecc91f1f5e,christlichsozialeunion/2021-09-24_17-47-19_UTC_6.jpg,Unknown,,,,,,Unknown,christlichsozialeunion
3774,f9aa1a10-afa5-4e8e-9ac6-33ce45d4a82f,christlichsozialeunion/2021-09-24_17-47-19_UTC_6.jpg,Unknown,,,,,,Unknown,christlichsozialeunion
3775,c523f707-619b-41a3-baa3-8328c0a4275d,christlichsozialeunion/2021-09-24_17-47-19_UTC_6.jpg,Unknown,,,,,,Unknown,christlichsozialeunion
3776,3feb52bb-210b-4b66-957a-92b64f3a3d1e,christlichsozialeunion/2021-09-24_17-47-19_UTC_6.jpg,Unknown,,,,,,Unknown,christlichsozialeunion
3777,9c6df411-5b86-4d22-83d0-4612dff87d8f,christlichsozialeunion/2021-09-24_17-47-19_UTC_6.jpg,Unknown,,,,,,Unknown,christlichsozialeunion
3778,e5f52dd1-05b9-4bcb-922f-7955788b7b75,christlichsozialeunion/2021-09-24_17-47-19_UTC_6.jpg,Unknown,,,,,,Unknown,christlichsozialeunion
3779,cc8bc344-77e3-4480-9ae2-a57fde84ec5a,robert.habeck/2021-09-24_20-23-24_UTC_1.jpg,Annalena Baerbock,,,,,,Unknown,robert.habeck
3780,4617b0d4-48ad-47e2-b327-f1f6ed0d6d26,robert.habeck/2021-09-24_20-23-24_UTC_1.jpg,Robert Habeck,,,,,,Unknown,robert.habeck
3781,c206cfb2-5e62-48bc-a86e-fd6a53096f75,robert.habeck/2021-09-24_20-23-24_UTC_1.jpg,Unknown,,,,,,Unknown,robert.habeck
3782,1cfdb314-f010-4b35-9f68-67da9c9d031a,christlichsozialeunion/2021-09-23_08-08-46_UTC.jpg,Unknown,,,,,,Unknown,christlichsozialeunion
3783,4f030c23-df24-4b37-9775-ab3181071670,christlichsozialeunion/2021-09-23_08-08-46_UTC.jpg,Unknown,,,,,,Unknown,christlichsozialeunion
3784,21478a90-54f3-41cf-8a51-778938985cd2,christlichsozialeunion/2021-09-23_08-08-46_UTC.jpg,Unknown,,,,,,Unknown,christlichsozialeunion
3785,9db0646a-042d-4161-a022-cab7eea48ac3,christlichsozialeunion/2021-09-14_17-16-49_UTC.jpg,Unknown,983080ac-9963-4313-84db-4ad3649257da.png,1.0051522484980144,Facenet512,euclidean_l2,2.0,Markus Söder,christlichsozialeunion
3786,7ade315b-2917-44eb-8ad0-e11d3cfe14a2,christlichsozialeunion/2021-09-22_14-30-51_UTC.jpg,Unknown,,,,,,Unknown,christlichsozialeunion
3787,f21b50af-d67d-42be-af9c-d7a8d585a3df,christlichsozialeunion/2021-09-25_12-49-31_UTC.jpg,Unknown,,,,,,Unknown,christlichsozialeunion
3788,603ddaaf-ec71-4539-a80a-8f492e243bdc,christlichsozialeunion/2021-09-14_05-30-12_UTC.jpg,Unknown,,,,,,Unknown,christlichsozialeunion
3789,10cf7efa-ec74-481d-a82f-43c2b750d0f5,christlichsozialeunion/2021-09-19_10-53-20_UTC_7.jpg,Unknown,,,,,,Unknown,christlichsozialeunion
3790,6a7d1f6c-f60f-4e56-8e75-224a6cba5746,christlichsozialeunion/2021-09-19_10-53-20_UTC_7.jpg,Unknown,,,,,,Unknown,christlichsozialeunion
3791,fd62a2a2-72b3-4a2f-810a-a676dc2b0ee5,christlichsozialeunion/2021-09-15_19-36-35_UTC_1.jpg,Markus Söder,471d9645-9a33-471b-9e3e-5bfb82032fd8.png,0.5387726205977331,Facenet512,euclidean_l2,26.0,Markus Söder,christlichsozialeunion
3792,ac7b6cb6-b56c-45fd-a1cc-1e334059a790,christlichsozialeunion/2021-09-15_19-36-35_UTC_1.jpg,Unknown,,,,,,Unknown,christlichsozialeunion
3793,a9da9cda-196d-422a-b533-d089a0b3ce36,christlichsozialeunion/2021-09-15_19-36-35_UTC_6.jpg,Unknown,,,,,,Unknown,christlichsozialeunion
3794,40e092fa-de8c-4993-b64f-f2e09d984aa6,christlichsozialeunion/2021-09-15_19-36-35_UTC_6.jpg,Unknown,,,,,,Unknown,christlichsozialeunion
3795,30919129-4cfc-4037-a7a6-c58cb5004471,christlichsozialeunion/2021-09-17_18-25-15_UTC_5.jpg,Unknown,,,,,,Unknown,christlichsozialeunion
3796,eb3059d5-d4ca-4306-891d-d8d170b3acbd,christlichsozialeunion/2021-09-17_18-25-15_UTC_5.jpg,Unknown,,,,,,Unknown,christlichsozialeunion
3797,f84c904a-0422-42cd-bfb7-f78378abc4f6,christlichsozialeunion/2021-09-17_18-25-15_UTC_5.jpg,Unknown,,,,,,Unknown,christlichsozialeunion
3798,4807c3e6-704b-423e-9f52-31679fb0fd63,christlichsozialeunion/2021-09-17_18-25-15_UTC_5.jpg,Unknown,,,,,,Unknown,christlichsozialeunion
3799,a508f224-90fe-4c7e-975e-1260c68d8ddb,christlichsozialeunion/2021-09-17_13-41-38_UTC.jpg,Unknown,,,,,,Unknown,christlichsozialeunion
3800,1da08149-0498-45a6-854e-f1dabac69e63,christlichsozialeunion/2021-09-17_13-41-38_UTC.jpg,Markus Söder,8cc74ed4-1eaf-489c-8072-432287400d9b.png,0.2950838147593106,Facenet512,euclidean_l2,26.0,Markus Söder,christlichsozialeunion
3801,c9bdaf70-4def-4d91-b1fb-4c7a5745235d,christlichsozialeunion/2021-09-17_13-41-38_UTC.jpg,Unknown,,,,,,Unknown,christlichsozialeunion
3802,43d21af7-dd34-489a-bab3-e209f009f0a0,robert.habeck/2021-09-22_08-19-21_UTC_7.jpg,Unknown,,,,,,Unknown,robert.habeck
3803,24f31cc5-87bf-4b80-9658-899b69fb65f8,robert.habeck/2021-09-22_08-19-21_UTC_7.jpg,Unknown,,,,,,Unknown,robert.habeck
3804,4c26c745-01ef-4436-a5b3-613e34152ec0,robert.habeck/2021-09-22_08-19-21_UTC_7.jpg,Robert Habeck,,,,,,Unknown,robert.habeck
3805,e27448f4-899c-410e-bb7c-04a058e19bd0,robert.habeck/2021-09-22_08-19-21_UTC_7.jpg,Unknown,,,,,,Unknown,robert.habeck
3806,7495b38b-f90f-4437-9190-ab544bc62d9f,robert.habeck/2021-09-22_08-19-21_UTC_7.jpg,Unknown,,,,,,Unknown,robert.habeck
3807,4f6f508a-4f84-4f82-8855-8e320086c958,robert.habeck/2021-09-22_08-19-21_UTC_7.jpg,Unknown,,,,,,Unknown,robert.habeck
3808,9474516b-3cec-4625-94b8-c132b26cae7a,robert.habeck/2021-09-22_08-19-21_UTC_7.jpg,Unknown,,,,,,Unknown,robert.habeck
3809,d3ec9df1-1767-461c-bf4a-fdfc7151a988,robert.habeck/2021-09-22_08-19-21_UTC_7.jpg,Unknown,,,,,,Unknown,robert.habeck
3810,88545c0f-95ad-4d5a-bd53-381e87c3f086,christlichsozialeunion/2021-09-24_17-47-19_UTC_4.jpg,Armin Laschet,,,,,,Unknown,christlichsozialeunion
3811,c0e8bfd6-43df-4e71-ab36-9502f39972ed,christlichsozialeunion/2021-09-14_09-37-37_UTC.jpg,Unknown,,,,,,Unknown,christlichsozialeunion
3812,8d7e3766-0a29-460e-9d89-bae5fc8033e7,christlichsozialeunion/2021-09-13_14-15-00_UTC_1.jpg,Unknown,,,,,,Unknown,christlichsozialeunion
3813,52735d0a-9f56-4709-8e89-e7231baed287,christlichsozialeunion/2021-09-17_15-29-38_UTC_1.jpg,Markus Söder,49bdb61e-e0b0-4666-9cf0-5c7ab16b2516.png,0.6941480601306896,Facenet512,euclidean_l2,26.0,Markus Söder,christlichsozialeunion
3814,e0a100e8-c564-4350-849d-cbfc96e51f5f,christlichsozialeunion/2021-09-17_15-29-38_UTC_1.jpg,Armin Laschet,,,,,,Unknown,christlichsozialeunion
3815,d7beaada-60ed-4f55-9637-2bd2981ad0e8,christlichsozialeunion/2021-09-17_15-29-38_UTC_1.jpg,Unknown,,,,,,Unknown,christlichsozialeunion
3816,4e1aea7d-1b98-45e2-b436-dd51004a902b,christlichsozialeunion/2021-09-17_15-29-38_UTC_1.jpg,Unknown,,,,,,Unknown,christlichsozialeunion
3817,a2b56192-f096-40ff-baad-21de5c3cb74d,christlichsozialeunion/2021-09-17_15-29-38_UTC_1.jpg,Unknown,,,,,,Unknown,christlichsozialeunion
3818,358488dc-3bc4-4fa4-ba13-2cc1992f7bc3,christlichsozialeunion/2021-09-17_15-29-38_UTC_1.jpg,Unknown,,,,,,Unknown,christlichsozialeunion
3819,30e6a4c0-4f85-4087-b979-c5003b4b8795,christlichsozialeunion/2021-09-17_15-29-38_UTC_3.jpg,Armin Laschet,,,,,,Unknown,christlichsozialeunion
3820,93f9499f-5ecc-413a-93d0-bad4771d9d09,christlichsozialeunion/2021-09-14_17-51-04_UTC.jpg,Markus Söder,8cc74ed4-1eaf-489c-8072-432287400d9b.png,0.2340986766586751,Facenet512,euclidean_l2,26.0,Markus Söder,christlichsozialeunion
3821,c9493076-1239-411e-9c87-31ee8288fe6e,christlichsozialeunion/2021-09-14_17-51-04_UTC.jpg,Unknown,,,,,,Unknown,christlichsozialeunion
3822,901a28bc-8a96-47b0-8c9a-ee5250fb7a7c,christlichsozialeunion/2021-09-14_17-51-04_UTC.jpg,Unknown,,,,,,Unknown,christlichsozialeunion
3823,ca593c52-a718-4120-b2bb-8745baa62f3b,christlichsozialeunion/2021-09-14_17-51-04_UTC.jpg,Unknown,,,,,,Unknown,christlichsozialeunion
3824,afa33428-8813-46b5-8002-b44227c78c2a,christlichsozialeunion/2021-09-15_19-36-35_UTC_2.jpg,Unknown,,,,,,Unknown,christlichsozialeunion
3825,45fba16d-ff36-44a6-a9dd-2ad984614926,christlichsozialeunion/2021-09-15_19-36-35_UTC_2.jpg,Unknown,,,,,,Unknown,christlichsozialeunion
3826,b65c2637-9c90-462b-b0c5-ef29891f6b64,christlichsozialeunion/2021-09-15_19-36-35_UTC_2.jpg,Unknown,,,,,,Unknown,christlichsozialeunion
3827,ed636d20-8ac2-427f-a7ea-ffeca3818ec1,christlichsozialeunion/2021-09-21_14-16-48_UTC.jpg,Unknown,,,,,,Unknown,christlichsozialeunion
3828,ec90e21d-c84d-411a-9d39-f74b75703446,christlichsozialeunion/2021-09-21_07-52-26_UTC.jpg,Unknown,,,,,,Unknown,christlichsozialeunion
3829,8db8d8ae-b223-44ad-ab2c-bcd262c7c188,christlichsozialeunion/2021-09-16_06-30-34_UTC.jpg,Unknown,,,,,,Unknown,christlichsozialeunion
3830,f422e45b-b36f-4707-a681-4fb27c1b9ae4,robert.habeck/2021-09-24_09-22-06_UTC_5.jpg,Unknown,,,,,,Unknown,robert.habeck
3831,8ba4e5f4-3145-49ff-b650-f5121e185f28,robert.habeck/2021-09-24_09-22-06_UTC_5.jpg,Unknown,,,,,,Unknown,robert.habeck
3832,48c362c9-3ac3-4a60-b2e7-40ed25ae754f,robert.habeck/2021-09-24_09-22-06_UTC_5.jpg,Robert Habeck,,,,,,Unknown,robert.habeck
3833,99a9bcc3-029a-4632-a420-2b9f8ab67927,robert.habeck/2021-09-24_09-22-06_UTC_5.jpg,Unknown,,,,,,Unknown,robert.habeck
3834,aafa9df1-48bc-43d7-8c54-8ba28e87579d,christlichsozialeunion/2021-09-26_16-30-45_UTC.jpg,Unknown,,,,,,Unknown,christlichsozialeunion
3835,f82ddae4-cc03-4582-9264-af906aafba5d,christlichsozialeunion/2021-09-20_13-23-24_UTC_7.jpg,Unknown,,,,,,Unknown,christlichsozialeunion
3836,76e322f0-57f0-4320-8d7b-5b32a3d995df,christlichsozialeunion/2021-09-13_14-15-00_UTC_3.jpg,Unknown,,,,,,Unknown,christlichsozialeunion
3837,242c2f2c-2142-4c1b-83fc-3bd145bdc6c6,christlichsozialeunion/2021-09-13_14-15-00_UTC_3.jpg,Unknown,,,,,,Unknown,christlichsozialeunion
3838,5d0d3eaa-91f8-4c44-852e-8721bcb54e92,christlichsozialeunion/2021-09-13_14-15-00_UTC_3.jpg,Unknown,,,,,,Unknown,christlichsozialeunion
3839,a57358b9-0398-4a78-93a7-0f40b9cbf9be,christlichsozialeunion/2021-09-21_17-00-51_UTC.jpg,Unknown,,,,,,Unknown,christlichsozialeunion
3840,65245c39-45e6-4cd1-a1f5-d6efbcc4058d,christlichsozialeunion/2021-09-17_15-29-38_UTC_5.jpg,Unknown,,,,,,Unknown,christlichsozialeunion
3841,bef58b70-9618-48e8-8e99-746875caf251,christlichsozialeunion/2021-09-17_15-29-38_UTC_5.jpg,Armin Laschet,,,,,,Unknown,christlichsozialeunion
3842,efc204fc-20f5-4b04-99c5-7f8d09acf38c,christlichsozialeunion/2021-09-17_15-29-38_UTC_5.jpg,Unknown,,,,,,Unknown,christlichsozialeunion
3843,db36f4af-0096-480d-9b6d-1fd12190c3b1,christlichsozialeunion/2021-09-26_16-14-16_UTC.jpg,Unknown,,,,,,Unknown,christlichsozialeunion
3844,8bd94bab-426c-453a-8968-4333e23f4cfc,christlichsozialeunion/2021-09-26_16-14-16_UTC.jpg,Unknown,,,,,,Unknown,christlichsozialeunion
3845,b6c99952-e8e9-495d-a747-b621a950a493,christlichsozialeunion/2021-09-26_16-14-16_UTC.jpg,Unknown,,,,,,Unknown,christlichsozialeunion
3846,fe79e922-d027-45a1-a8b5-7645685b6ae8,christlichsozialeunion/2021-09-26_16-14-16_UTC.jpg,Unknown,,,,,,Unknown,christlichsozialeunion
3847,5fb58f46-94c0-46f2-9784-ae82778d1843,christlichsozialeunion/2021-09-26_16-14-16_UTC.jpg,Unknown,,,,,,Unknown,christlichsozialeunion
3848,5d7ef3b9-a0b6-48a3-a3cb-9ff201027834,christlichsozialeunion/2021-09-26_16-14-16_UTC.jpg,Unknown,,,,,,Unknown,christlichsozialeunion
3849,7eb6846e-4740-4157-83cb-500036ff0d30,christlichsozialeunion/2021-09-26_16-14-16_UTC.jpg,Unknown,,,,,,Unknown,christlichsozialeunion
3850,0196c99a-069f-431c-91c1-30ed3e83f6c3,christlichsozialeunion/2021-09-26_16-14-16_UTC.jpg,Unknown,,,,,,Unknown,christlichsozialeunion
3851,3eada021-691e-43dd-8dc3-915a126f7d13,christlichsozialeunion/2021-09-26_16-14-16_UTC.jpg,Unknown,,,,,,Unknown,christlichsozialeunion
3852,aaafca21-7ce5-47fa-b07b-bbbf13fe30da,christlichsozialeunion/2021-09-26_16-14-16_UTC.jpg,Unknown,,,,,,Unknown,christlichsozialeunion
3853,d69f7399-9646-4159-9f83-d4a173f42926,christlichsozialeunion/2021-09-26_16-14-16_UTC.jpg,Unknown,,,,,,Unknown,christlichsozialeunion
3854,2b8bd8a7-606a-4517-b37b-c380c645f1c0,christlichsozialeunion/2021-09-24_18-00-48_UTC.jpg,Markus Söder,7b71cbfb-e1d9-44c4-98cf-df3e9761a43b.png,0.6879928080347,Facenet512,euclidean_l2,26.0,Markus Söder,christlichsozialeunion
3855,e54f46ce-9dfa-41d2-ba1d-fc147c40771e,christlichsozialeunion/2021-09-19_14-08-09_UTC.jpg,Unknown,,,,,,Unknown,christlichsozialeunion
3856,f7ef5dff-8c4a-41e3-a466-687db8f74dbf,christlichsozialeunion/2021-09-22_05-30-15_UTC.jpg,Markus Söder,732bdb01-2da9-438e-9b36-04c89ad1eea4.png,0.48739794582391,Facenet512,euclidean_l2,26.0,Markus Söder,christlichsozialeunion
3857,1b452124-f0ee-4824-a44b-65b493319aab,christlichsozialeunion/2021-09-17_18-25-15_UTC_6.jpg,Unknown,,,,,,Unknown,christlichsozialeunion
3858,0afbe913-5478-4a57-a6ec-08cd0ba02f71,christlichsozialeunion/2021-09-17_18-25-15_UTC_6.jpg,Unknown,,,,,,Unknown,christlichsozialeunion
3859,190baf44-4bf2-412d-9707-8f548fc469fa,christlichsozialeunion/2021-09-17_18-25-15_UTC_6.jpg,Unknown,,,,,,Unknown,christlichsozialeunion
3860,771e7d32-8a13-448e-a3cf-664ff761c583,christlichsozialeunion/2021-09-17_18-25-15_UTC_6.jpg,Unknown,,,,,,Unknown,christlichsozialeunion
3861,3c32ba10-23dc-4265-9006-bdc7d67e219d,robert.habeck/2021-09-15_08-15-16_UTC_3.jpg,Unknown,,,,,,Unknown,robert.habeck
3862,2a07c1df-4356-4014-bd52-1695e2c26334,robert.habeck/2021-09-15_08-15-16_UTC_3.jpg,Unknown,,,,,,Unknown,robert.habeck
3863,e82393ac-5185-4901-b45e-ca0b187a14ca,robert.habeck/2021-09-15_08-15-16_UTC_3.jpg,Unknown,,,,,,Unknown,robert.habeck
3864,ed09469b-ff1a-4ce6-896a-b23a8a9630c8,robert.habeck/2021-09-15_08-15-16_UTC_3.jpg,Robert Habeck,,,,,,Unknown,robert.habeck
3865,835847d5-d6ff-45a3-a39e-0476a8aed28d,robert.habeck/2021-09-15_08-15-16_UTC_3.jpg,Unknown,,,,,,Unknown,robert.habeck
3866,5d44ea6f-9222-44f0-a10b-32cd08e64459,robert.habeck/2021-09-15_08-15-16_UTC_3.jpg,Unknown,,,,,,Unknown,robert.habeck
3867,ac2021d4-a53a-4cbd-b8b4-571a640071d7,christlichsozialeunion/2021-09-16_14-55-24_UTC.jpg,Unknown,,,,,,Unknown,christlichsozialeunion
3868,ab0130cf-88c5-4f06-bb0e-35976d031d48,christlichsozialeunion/2021-09-20_13-23-24_UTC_6.jpg,Unknown,,,,,,Unknown,christlichsozialeunion
3869,6534e055-3ea0-4f75-8ed8-86ff39a8ea1c,christlichsozialeunion/2021-09-20_13-23-24_UTC_6.jpg,Unknown,,,,,,Unknown,christlichsozialeunion
3870,dce3ee91-3abc-4122-ad0b-7b31ebaa51fe,christlichsozialeunion/2021-09-20_13-23-24_UTC_6.jpg,Unknown,,,,,,Unknown,christlichsozialeunion
3871,44696d81-4dcd-4198-ba7a-bf58695f5e84,christlichsozialeunion/2021-09-17_07-28-12_UTC.jpg,Markus Söder,8cc74ed4-1eaf-489c-8072-432287400d9b.png,0.2900688773426296,Facenet512,euclidean_l2,26.0,Markus Söder,christlichsozialeunion
3872,c50cd26c-994b-4ef8-8e83-d0950dfe8c0d,christlichsozialeunion/2021-09-17_07-28-12_UTC.jpg,Unknown,,,,,,Unknown,christlichsozialeunion
3873,9b2a856a-8ad7-4141-baf7-31127609525d,christlichsozialeunion/2021-09-17_07-28-12_UTC.jpg,Unknown,,,,,,Unknown,christlichsozialeunion
3874,96e26333-5510-47ce-b6d5-9b1dac4fc9e8,christlichsozialeunion/2021-09-24_17-47-19_UTC_5.jpg,Unknown,,,,,,Unknown,christlichsozialeunion
3875,4e358a84-4342-4680-af75-c7a81b631e4d,christlichsozialeunion/2021-09-19_06-23-23_UTC.jpg,Unknown,,,,,,Unknown,christlichsozialeunion
3876,606d9ae1-1f45-4340-a3f1-68403d5330a4,christlichsozialeunion/2021-09-17_18-25-15_UTC_1.jpg,Markus Söder,471d9645-9a33-471b-9e3e-5bfb82032fd8.png,0.5807699479094831,Facenet512,euclidean_l2,26.0,Markus Söder,christlichsozialeunion
3877,9eb3f5a7-0149-43db-8e6b-c4024ae960bd,christlichsozialeunion/2021-09-26_05-30-10_UTC.jpg,Markus Söder,d58b66d8-f621-4c58-9284-a999f266986a.png,0.2953209179517764,Facenet512,euclidean_l2,26.0,Markus Söder,christlichsozialeunion
3878,d6043f3a-acdf-425a-8cd2-a784051e3c33,christlichsozialeunion/2021-09-15_19-36-35_UTC_3.jpg,Unknown,,,,,,Unknown,christlichsozialeunion
3879,18125b19-f262-4fcc-960c-d646eaa4d875,christlichsozialeunion/2021-09-15_19-36-35_UTC_3.jpg,Unknown,,,,,,Unknown,christlichsozialeunion
3880,df0e98dd-cd43-4781-a363-718dbf94791d,christlichsozialeunion/2021-09-20_10-45-27_UTC.jpg,Unknown,,,,,,Unknown,christlichsozialeunion
3881,faac01bf-65f8-44a7-b6b2-6bc59610f27f,christlichsozialeunion/2021-09-17_15-29-38_UTC_4.jpg,Unknown,,,,,,Unknown,christlichsozialeunion
3882,f269f85f-5670-42e8-921f-f3c7fc88a100,christlichsozialeunion/2021-09-17_15-29-38_UTC_4.jpg,Armin Laschet,,,,,,Unknown,christlichsozialeunion
3883,f101d807-35f6-44f7-a090-7cdd4948006a,christlichsozialeunion/2021-09-17_15-29-38_UTC_4.jpg,Unknown,,,,,,Unknown,christlichsozialeunion
3884,e8a81159-1d26-4a72-9be8-5c3d6aff6f96,robert.habeck/2021-09-24_09-22-06_UTC_1.jpg,Unknown,,,,,,Unknown,robert.habeck
3885,313f2e68-d568-4f11-8b1a-177b5ea3cf9b,robert.habeck/2021-09-24_09-22-06_UTC_1.jpg,Unknown,,,,,,Unknown,robert.habeck
3886,89d2d5da-a637-43ba-afbf-e38cc452318a,robert.habeck/2021-09-24_09-22-06_UTC_1.jpg,Unknown,,,,,,Unknown,robert.habeck
3887,9402fb19-369c-432b-953c-71ab720f606f,robert.habeck/2021-09-24_09-22-06_UTC_1.jpg,Unknown,,,,,,Unknown,robert.habeck
3888,a1f7aca0-313b-452b-add1-1179eac5f661,christlichsozialeunion/2021-09-17_15-29-38_UTC_2.jpg,Unknown,,,,,,Unknown,christlichsozialeunion
3889,1b35f187-28b8-4d34-9b73-471b2b92bec9,christlichsozialeunion/2021-09-17_15-29-38_UTC_2.jpg,Markus Söder,49bdb61e-e0b0-4666-9cf0-5c7ab16b2516.png,0.6880586669888465,Facenet512,euclidean_l2,26.0,Markus Söder,christlichsozialeunion
3890,5e46f211-ba92-4bfa-b77d-273755e85b2d,christlichsozialeunion/2021-09-17_15-29-38_UTC_2.jpg,Unknown,,,,,,Unknown,christlichsozialeunion
3891,7e64b13b-124e-418a-bf2f-c27b5d5cc16c,christlichsozialeunion/2021-09-17_15-29-38_UTC_2.jpg,Unknown,,,,,,Unknown,christlichsozialeunion
3892,a93c8c06-d570-4f6d-a74d-4d4d59a0b048,christlichsozialeunion/2021-09-17_15-29-38_UTC_2.jpg,Unknown,,,,,,Unknown,christlichsozialeunion
3893,e9a167e6-2a39-4008-b96d-9ab1754ad313,christlichsozialeunion/2021-09-17_15-29-38_UTC_2.jpg,Unknown,,,,,,Unknown,christlichsozialeunion
3894,ec8704e8-ff4e-442a-9fd4-df0154fef947,christlichsozialeunion/2021-09-17_15-29-38_UTC_2.jpg,Armin Laschet,,,,,,Unknown,christlichsozialeunion
3895,624db4a4-6ddc-4d94-9b88-bd649531c949,christlichsozialeunion/2021-09-17_15-29-38_UTC_2.jpg,Unknown,,,,,,Unknown,christlichsozialeunion
3896,897de60b-1c7d-4a21-a501-96d2dc677a4b,christlichsozialeunion/2021-09-17_15-29-38_UTC_2.jpg,Unknown,,,,,,Unknown,christlichsozialeunion
3897,69978e99-f0ab-4355-a066-a46ee814988a,christlichsozialeunion/2021-09-23_09-34-03_UTC.jpg,Unknown,,,,,,Unknown,christlichsozialeunion
3898,7d8d18b1-a859-4bf7-b640-6ce908ec5e64,christlichsozialeunion/2021-09-12_18-35-16_UTC.jpg,Unknown,,,,,,Unknown,christlichsozialeunion
3899,f7793d64-9828-4c9a-a903-f54089b2df34,christlichsozialeunion/2021-09-12_18-35-16_UTC.jpg,Unknown,,,,,,Unknown,christlichsozialeunion
3900,2d446c74-8e9b-47ce-8a1f-95f50394c10d,christlichsozialeunion/2021-09-23_19-34-53_UTC.jpg,Markus Söder,2e3825be-7e0c-4e62-b2c7-b9aea0bcb158.png,0.5349298914532185,Facenet512,euclidean_l2,26.0,Markus Söder,christlichsozialeunion
3901,25a10fe1-4560-44e8-9ee6-3ee418d5a2cf,christlichsozialeunion/2021-09-21_06-00-11_UTC.jpg,Unknown,,,,,,Unknown,christlichsozialeunion
3902,1887d546-92a3-454b-a9d6-80254a1a30c9,christlichsozialeunion/2021-09-16_11-10-41_UTC.jpg,Unknown,,,,,,Unknown,christlichsozialeunion
3903,b099e796-89d2-4ce8-8c14-d237d1978ee0,christlichsozialeunion/2021-09-24_17-52-49_UTC.jpg,Markus Söder,,,,,,Unknown,christlichsozialeunion
3904,8340961c-9838-45fd-a31c-edfa48ab4b60,christlichsozialeunion/2021-09-24_17-52-49_UTC.jpg,Armin Laschet,,,,,,Unknown,christlichsozialeunion
3905,a7b5b0e5-7617-4f48-82d8-740fe4f5fd12,christlichsozialeunion/2021-09-24_17-52-49_UTC.jpg,Unknown,,,,,,Unknown,christlichsozialeunion
3906,1c293393-b266-4b1a-a596-cc12dc202150,christlichsozialeunion/2021-09-24_17-52-49_UTC.jpg,Unknown,,,,,,Unknown,christlichsozialeunion
3907,4afd4764-c3ac-4818-81ad-53e17c379719,christlichsozialeunion/2021-09-24_17-52-49_UTC.jpg,Unknown,,,,,,Unknown,christlichsozialeunion
3908,c5dc4ab5-81db-4c3d-a9e6-e731999269e7,christlichsozialeunion/2021-09-14_14-40-43_UTC_2.jpg,Unknown,,,,,,Unknown,christlichsozialeunion
3909,e4efb666-a594-4dfe-8a19-a872ccd3218b,christlichsozialeunion/2021-09-19_10-53-20_UTC_5.jpg,Unknown,,,,,,Unknown,christlichsozialeunion
3910,214dce73-473b-4f34-9af6-385389dfa6dc,christlichsozialeunion/2021-09-19_10-53-20_UTC_5.jpg,Unknown,,,,,,Unknown,christlichsozialeunion
3911,647bd97f-1e9b-46c1-89a2-c3c45d0e9d0d,christlichsozialeunion/2021-09-19_10-53-20_UTC_5.jpg,Unknown,,,,,,Unknown,christlichsozialeunion
3912,bc8df620-673f-472a-bc20-587db0e99a69,christlichsozialeunion/2021-09-19_10-53-20_UTC_5.jpg,Unknown,,,,,,Unknown,christlichsozialeunion
3913,5a371487-fbce-481d-8a77-1f34ec5c527c,christlichsozialeunion/2021-09-20_15-40-17_UTC.jpg,Unknown,,,,,,Unknown,christlichsozialeunion
3914,f8379efa-7ba4-40fe-a2f5-87fa926e865b,robert.habeck/2021-09-15_08-15-16_UTC_1.jpg,Robert Habeck,,,,,,Unknown,robert.habeck
3915,7c21f598-578b-4116-8405-9bf8f38ab6cb,robert.habeck/2021-09-15_08-15-16_UTC_1.jpg,Unknown,,,,,,Unknown,robert.habeck
3916,73adcd53-627f-474e-a8bc-3b7fd47bb3c1,christlichsozialeunion/2021-09-17_18-58-42_UTC.jpg,Unknown,,,,,,Unknown,christlichsozialeunion
3917,fb171b5c-a3d4-402d-8866-6a57535c5712,christlichsozialeunion/2021-09-17_18-58-42_UTC.jpg,Unknown,,,,,,Unknown,christlichsozialeunion
3918,7379c226-bb89-4a9d-ba4f-317dd3fde55c,christlichsozialeunion/2021-09-25_08-46-27_UTC.jpg,Unknown,,,,,,Unknown,christlichsozialeunion
3919,6692f70e-aa0f-47a7-a17a-8328490bf697,christlichsozialeunion/2021-09-25_08-46-27_UTC.jpg,Unknown,,,,,,Unknown,christlichsozialeunion
3920,b048b825-2af9-4384-a5f7-e498ebad2912,christlichsozialeunion/2021-09-25_08-46-27_UTC.jpg,Unknown,,,,,,Unknown,christlichsozialeunion
3921,1fdac4ca-86fa-48c6-ad80-ad836aadcf1f,christlichsozialeunion/2021-09-25_08-46-27_UTC.jpg,Unknown,,,,,,Unknown,christlichsozialeunion
3922,38ec3cb5-2cb7-4517-8e6d-568a3ca7f0f5,christlichsozialeunion/2021-09-25_08-46-27_UTC.jpg,Unknown,,,,,,Unknown,christlichsozialeunion
3923,79653f6e-3624-46cd-a975-b887951def6b,christlichsozialeunion/2021-09-25_08-46-27_UTC.jpg,Unknown,,,,,,Unknown,christlichsozialeunion
3924,67fd91c8-affa-404e-9a96-81ec77b91fd9,christlichsozialeunion/2021-09-25_08-46-27_UTC.jpg,Unknown,,,,,,Unknown,christlichsozialeunion
3925,a41ff4ac-ea83-461b-a4d3-54ea4be35193,christlichsozialeunion/2021-09-25_08-46-27_UTC.jpg,Unknown,,,,,,Unknown,christlichsozialeunion
3926,34adfa60-f865-48a9-8244-64641180f6af,christlichsozialeunion/2021-09-25_08-46-27_UTC.jpg,Unknown,,,,,,Unknown,christlichsozialeunion
3927,c011cefd-5628-419b-8d77-d379300b465e,christlichsozialeunion/2021-09-25_08-46-27_UTC.jpg,Unknown,,,,,,Unknown,christlichsozialeunion
3928,3375b000-7e2e-4e47-ae54-3075deb2e4f5,christlichsozialeunion/2021-09-25_08-46-27_UTC.jpg,Unknown,,,,,,Unknown,christlichsozialeunion
3929,ed56f667-e2c4-4db3-be32-2560b34dc4cc,christlichsozialeunion/2021-09-25_08-46-27_UTC.jpg,Unknown,,,,,,Unknown,christlichsozialeunion
3930,b784943a-e579-4193-bdd2-4a6f56e8be6b,christlichsozialeunion/2021-09-21_17-12-07_UTC.jpg,Unknown,,,,,,Unknown,christlichsozialeunion
3931,b1b4dff5-ab96-479e-a7f3-90a5d0fbf3d6,christlichsozialeunion/2021-09-15_19-36-35_UTC_7.jpg,Unknown,,,,,,Unknown,christlichsozialeunion
3932,badb4011-6ee5-4183-b4d2-09da299dac08,christlichsozialeunion/2021-09-15_19-36-35_UTC_7.jpg,Unknown,,,,,,Unknown,christlichsozialeunion
3933,0f066350-2dac-4622-8a58-563201494de9,christlichsozialeunion/2021-09-15_19-36-35_UTC_7.jpg,Unknown,,,,,,Unknown,christlichsozialeunion
3934,64f5cf57-953a-4026-b82a-61a284c3e019,christlichsozialeunion/2021-09-15_19-36-35_UTC_7.jpg,Unknown,,,,,,Unknown,christlichsozialeunion
3935,4eee7603-1edb-4941-a8b1-1fe84578d206,christlichsozialeunion/2021-09-15_19-36-35_UTC_7.jpg,Unknown,,,,,,Unknown,christlichsozialeunion
3936,2278107d-17e8-45fd-812c-26611990e445,christlichsozialeunion/2021-09-15_19-36-35_UTC_7.jpg,Unknown,,,,,,Unknown,christlichsozialeunion
3937,aac5cabf-e15f-42d1-8cf2-ae567e74c2bc,christlichsozialeunion/2021-09-15_19-36-35_UTC_7.jpg,Unknown,,,,,,Unknown,christlichsozialeunion
3938,0bcc3e95-72b3-425f-b9ad-7bc5b00880b4,christlichsozialeunion/2021-09-16_14-58-25_UTC.jpg,Unknown,,,,,,Unknown,christlichsozialeunion
3939,8563743d-9e48-4c41-8284-f82a794da6be,christlichsozialeunion/2021-09-16_14-58-25_UTC.jpg,Unknown,,,,,,Unknown,christlichsozialeunion
3940,61adc052-449d-4d9c-b89b-3c8d1e1adc48,christlichsozialeunion/2021-09-16_14-58-25_UTC.jpg,Unknown,,,,,,Unknown,christlichsozialeunion
3941,9f11f7ef-02b4-4617-89eb-5d53a1e69360,christlichsozialeunion/2021-09-16_14-58-25_UTC.jpg,Unknown,,,,,,Unknown,christlichsozialeunion
3942,95463017-275e-45cc-b240-e53bed1a5e77,christlichsozialeunion/2021-09-16_14-58-25_UTC.jpg,Unknown,,,,,,Unknown,christlichsozialeunion
3943,d7a0a839-3e7c-4f51-b1a1-09b38e56dab3,christlichsozialeunion/2021-09-16_14-58-25_UTC.jpg,Unknown,,,,,,Unknown,christlichsozialeunion
3944,043256ac-b10e-4071-9a28-ad813c0a0749,christlichsozialeunion/2021-09-22_08-45-54_UTC.jpg,Unknown,,,,,,Unknown,christlichsozialeunion
3945,fb9cb237-245c-4da0-be75-681dbe7cc909,christlichsozialeunion/2021-09-23_09-58-30_UTC.jpg,Unknown,,,,,,Unknown,christlichsozialeunion
3946,5909330c-2902-4e6d-b623-3980ed969685,christlichsozialeunion/2021-09-23_09-58-30_UTC.jpg,Unknown,,,,,,Unknown,christlichsozialeunion
3947,babfff48-8910-4288-af88-6928e20b379d,christlichsozialeunion/2021-09-23_09-58-30_UTC.jpg,Unknown,,,,,,Unknown,christlichsozialeunion
3948,6bc2df51-baf3-47f4-9072-93729d2aed38,christlichsozialeunion/2021-09-23_09-58-30_UTC.jpg,Unknown,,,,,,Unknown,christlichsozialeunion
3949,2e2a9e93-57b1-47dd-9797-a681242eb742,christlichsozialeunion/2021-09-23_09-58-30_UTC.jpg,Unknown,,,,,,Unknown,christlichsozialeunion
3950,e542d600-5059-4e30-99ec-93bd1ad27ca2,christlichsozialeunion/2021-09-23_09-58-30_UTC.jpg,Unknown,,,,,,Unknown,christlichsozialeunion
3951,f6e936a6-8c17-416d-8f53-4a7a29b57ec4,christlichsozialeunion/2021-09-23_09-58-30_UTC.jpg,Unknown,,,,,,Unknown,christlichsozialeunion
3952,a1b8a7a3-687d-44e6-97b5-53587e5a573c,christlichsozialeunion/2021-09-20_13-23-24_UTC_8.jpg,Unknown,7b71cbfb-e1d9-44c4-98cf-df3e9761a43b.png,0.9716928657128268,Facenet512,euclidean_l2,2.0,Markus Söder,christlichsozialeunion
3953,be726a67-b5d4-48e5-95a1-c21abd7afed4,christlichsozialeunion/2021-09-19_10-53-20_UTC_6.jpg,Unknown,,,,,,Unknown,christlichsozialeunion
3954,589d228f-0cb0-4c5b-8404-1caed4f1c5b0,christlichsozialeunion/2021-09-19_10-53-20_UTC_6.jpg,Unknown,,,,,,Unknown,christlichsozialeunion
3955,5146f03b-b4fa-4168-a47a-f687d8c109aa,christlichsozialeunion/2021-09-19_10-53-20_UTC_6.jpg,Unknown,,,,,,Unknown,christlichsozialeunion
3956,a6757094-3ece-48d6-b8c5-d0fe7c995dcc,christlichsozialeunion/2021-09-19_10-53-20_UTC_6.jpg,Unknown,,,,,,Unknown,christlichsozialeunion
3957,ceec0226-036e-4be7-90a8-64267c930315,christlichsozialeunion/2021-09-19_10-53-20_UTC_6.jpg,Unknown,,,,,,Unknown,christlichsozialeunion
3958,c2a20c67-0e99-4886-9492-6dd9241d3679,christlichsozialeunion/2021-09-19_10-53-20_UTC_6.jpg,Unknown,,,,,,Unknown,christlichsozialeunion
3959,9bbc60f8-7300-46a8-b765-5f2b1b212690,christlichsozialeunion/2021-09-19_10-53-20_UTC_6.jpg,Unknown,,,,,,Unknown,christlichsozialeunion
3960,288f2f41-e9b0-4273-81e4-083aebca2874,christlichsozialeunion/2021-09-19_10-53-20_UTC_6.jpg,Unknown,,,,,,Unknown,christlichsozialeunion
3961,87985a54-59be-4bd3-82e2-1eac99d5ed5c,christlichsozialeunion/2021-09-19_10-53-20_UTC_6.jpg,Unknown,,,,,,Unknown,christlichsozialeunion
3962,d199b326-3f90-449e-8f61-ecfc5494d842,christlichsozialeunion/2021-09-19_10-53-20_UTC_6.jpg,Unknown,,,,,,Unknown,christlichsozialeunion
3963,78ae7001-c1ae-411d-a590-bf3a3b76b054,christlichsozialeunion/2021-09-19_10-53-20_UTC_6.jpg,Unknown,,,,,,Unknown,christlichsozialeunion
3964,43c80be1-33fb-4b65-9898-4f4746b0befa,christlichsozialeunion/2021-09-19_10-53-20_UTC_6.jpg,Unknown,,,,,,Unknown,christlichsozialeunion
3965,b735ede3-6020-497f-aaa2-7afd5d0f1f13,christlichsozialeunion/2021-09-19_10-53-20_UTC_6.jpg,Unknown,,,,,,Unknown,christlichsozialeunion
3966,53813468-6742-4dd6-819e-b785d7726a47,christlichsozialeunion/2021-09-24_17-47-19_UTC_2.jpg,Markus Söder,471d9645-9a33-471b-9e3e-5bfb82032fd8.png,0.5958401111318211,Facenet512,euclidean_l2,26.0,Markus Söder,christlichsozialeunion
3967,ca4d7b77-4d33-4901-8b63-30f5b03edd1b,robert.habeck/2021-09-12_17-04-49_UTC_2.jpg,Unknown,,,,,,Unknown,robert.habeck
3968,878591c1-378a-4f81-9888-7521580b982a,robert.habeck/2021-09-12_17-04-49_UTC_2.jpg,Unknown,,,,,,Unknown,robert.habeck
3969,a7596520-0cf0-492a-82d9-b5d0c1b9f8a8,robert.habeck/2021-09-12_17-04-49_UTC_2.jpg,Unknown,,,,,,Unknown,robert.habeck
3970,bd5a8b2c-4bb5-4766-a364-ee9f7b5e2e1c,robert.habeck/2021-09-12_17-04-49_UTC_2.jpg,Unknown,,,,,,Unknown,robert.habeck
3971,2bf88b54-6df5-4118-bd78-3c54de8ec0ca,robert.habeck/2021-09-12_17-04-49_UTC_2.jpg,Unknown,,,,,,Unknown,robert.habeck
3972,854ec9d7-586d-4f07-b9e8-631ece294306,robert.habeck/2021-09-12_17-04-49_UTC_2.jpg,Unknown,,,,,,Unknown,robert.habeck
3973,cd08fd37-9fd4-4af6-bcd8-062dd8b433e9,robert.habeck/2021-09-12_17-04-49_UTC_2.jpg,Unknown,,,,,,Unknown,robert.habeck
3974,f434752b-e9c5-4aef-a419-77deb7139abb,robert.habeck/2021-09-12_17-04-49_UTC_2.jpg,Unknown,,,,,,Unknown,robert.habeck
3975,d3ac061b-dc44-481f-8e75-2982ee51f084,robert.habeck/2021-09-12_17-04-49_UTC_2.jpg,Unknown,,,,,,Unknown,robert.habeck
3976,98026f8d-950c-4696-8369-04aaf5b1b47b,robert.habeck/2021-09-12_17-04-49_UTC_2.jpg,Unknown,,,,,,Unknown,robert.habeck
3977,3d4ece30-3380-4cf1-a539-6107008ed321,robert.habeck/2021-09-12_17-04-49_UTC_2.jpg,Unknown,,,,,,Unknown,robert.habeck
3978,8b5b9581-e553-43d6-afcb-79bfadde735a,robert.habeck/2021-09-12_17-04-49_UTC_2.jpg,Unknown,,,,,,Unknown,robert.habeck
3979,ae344a38-1062-45fd-8d76-5f3ca0e43ee8,robert.habeck/2021-09-12_17-04-49_UTC_2.jpg,Unknown,,,,,,Unknown,robert.habeck
3980,caeb2c6f-0a4b-4306-a567-2bf11fdece40,robert.habeck/2021-09-12_17-04-49_UTC_2.jpg,Unknown,,,,,,Unknown,robert.habeck
3981,63debc48-7534-41ec-9714-edc9f5de1991,robert.habeck/2021-09-12_17-04-49_UTC_2.jpg,Unknown,,,,,,Unknown,robert.habeck
3982,788df5cb-2b0e-4e97-bb93-31c223341031,robert.habeck/2021-09-12_17-04-49_UTC_2.jpg,Unknown,,,,,,Unknown,robert.habeck
3983,4b379795-c205-43de-ba59-fb7e129e18ac,robert.habeck/2021-09-12_17-04-49_UTC_2.jpg,Unknown,,,,,,Unknown,robert.habeck
3984,451a157c-355b-4183-958a-5b2ff7d68b3e,robert.habeck/2021-09-12_17-04-49_UTC_2.jpg,Unknown,,,,,,Unknown,robert.habeck
3985,6868f078-7e1b-45dc-bf54-1097bc66f418,robert.habeck/2021-09-12_17-04-49_UTC_2.jpg,Unknown,,,,,,Unknown,robert.habeck
3986,2cad5190-cb8e-4d5b-8923-75b44d2cda4b,robert.habeck/2021-09-12_17-04-49_UTC_2.jpg,Unknown,,,,,,Unknown,robert.habeck
3987,c54fda02-ad3b-42ed-b3dd-9c2f85700377,robert.habeck/2021-09-12_17-04-49_UTC_2.jpg,Unknown,,,,,,Unknown,robert.habeck
3988,069b69a2-6714-4d30-9155-2ab370ec6dc6,robert.habeck/2021-09-12_17-04-49_UTC_2.jpg,Unknown,,,,,,Unknown,robert.habeck
3989,b5e710ab-8834-40a9-860a-8a2ee6f00912,robert.habeck/2021-09-12_17-04-49_UTC_2.jpg,Unknown,,,,,,Unknown,robert.habeck
3990,af89eac6-de06-4cc1-ac09-960cc33f5575,robert.habeck/2021-09-12_17-04-49_UTC_2.jpg,Unknown,,,,,,Unknown,robert.habeck
3991,5118c37f-81da-4b96-bd27-e0166dbc5f52,robert.habeck/2021-09-12_17-04-49_UTC_2.jpg,Unknown,,,,,,Unknown,robert.habeck
3992,53eab9e3-548b-4c85-a37f-404c8fb70f1e,robert.habeck/2021-09-12_17-04-49_UTC_2.jpg,Unknown,,,,,,Unknown,robert.habeck
3993,ba09ff3f-135e-4693-aae4-9381d2bff9e8,robert.habeck/2021-09-12_17-04-49_UTC_2.jpg,Unknown,,,,,,Unknown,robert.habeck
3994,20522bdf-ed67-4ceb-862f-769b752c8fde,robert.habeck/2021-09-12_17-04-49_UTC_2.jpg,Unknown,,,,,,Unknown,robert.habeck
3995,e184bac9-c2b4-477a-85e1-33a3fb4a6069,robert.habeck/2021-09-12_17-04-49_UTC_2.jpg,Unknown,,,,,,Unknown,robert.habeck
3996,53c69ae8-b16f-4bfa-a742-f42d50572e03,robert.habeck/2021-09-12_17-04-49_UTC_2.jpg,Unknown,,,,,,Unknown,robert.habeck
3997,aee16d99-01ef-4736-a34f-2db29812e324,robert.habeck/2021-09-12_17-04-49_UTC_2.jpg,Unknown,,,,,,Unknown,robert.habeck
3998,793a2802-3db7-4716-a9bd-76ea33900a3b,robert.habeck/2021-09-12_17-04-49_UTC_2.jpg,Unknown,,,,,,Unknown,robert.habeck
3999,44d92ded-1186-4d3d-9156-cdbc1b75d9c9,robert.habeck/2021-09-12_17-04-49_UTC_2.jpg,Unknown,,,,,,Unknown,robert.habeck
4000,420f821d-1f2e-46e5-a880-1d3b7f5b2654,robert.habeck/2021-09-12_17-04-49_UTC_2.jpg,Unknown,,,,,,Unknown,robert.habeck
4001,5b3c951e-6012-44da-abe6-41e3aa665019,robert.habeck/2021-09-12_17-04-49_UTC_2.jpg,Unknown,,,,,,Unknown,robert.habeck
4002,2ecd3d02-329c-4fd0-a914-18eb83174eac,robert.habeck/2021-09-12_17-04-49_UTC_2.jpg,Unknown,,,,,,Unknown,robert.habeck
4003,6d104176-774b-4260-9dca-8470447416b8,robert.habeck/2021-09-12_17-04-49_UTC_2.jpg,Unknown,,,,,,Unknown,robert.habeck
4004,d514a7ea-0fa2-4e21-9dcb-b927c3af6dcc,robert.habeck/2021-09-12_17-04-49_UTC_2.jpg,Unknown,,,,,,Unknown,robert.habeck
4005,f68e0616-6673-4c41-b933-00f32f95a3da,robert.habeck/2021-09-12_17-04-49_UTC_2.jpg,Unknown,,,,,,Unknown,robert.habeck
4006,5ad06e7c-4d63-4891-94b7-a14279ef4b9e,robert.habeck/2021-09-12_17-04-49_UTC_2.jpg,Unknown,,,,,,Unknown,robert.habeck
4007,acbc530f-35f5-4456-b32a-730097c0e4cb,robert.habeck/2021-09-12_17-04-49_UTC_2.jpg,Unknown,,,,,,Unknown,robert.habeck
4008,cc810e9c-6066-41d2-bd8a-3b7661121dfc,robert.habeck/2021-09-12_17-04-49_UTC_2.jpg,Unknown,,,,,,Unknown,robert.habeck
4009,1969d9d9-11d7-43e3-9ddf-b22e1ae3754a,robert.habeck/2021-09-12_17-04-49_UTC_2.jpg,Unknown,,,,,,Unknown,robert.habeck
4010,9b6f1ae6-36f0-44b0-a7df-d3c9ec764c13,robert.habeck/2021-09-12_17-04-49_UTC_2.jpg,Unknown,,,,,,Unknown,robert.habeck
4011,9e5463b7-5d61-41f1-add7-f4dcfd014ecf,robert.habeck/2021-09-12_17-04-49_UTC_2.jpg,Unknown,,,,,,Unknown,robert.habeck
4012,d9f407a1-3592-4177-b2f4-8f12f46abc63,robert.habeck/2021-09-12_17-04-49_UTC_2.jpg,Unknown,,,,,,Unknown,robert.habeck
4013,afb83d3d-ba34-4276-bbd8-f08fe6e045dd,robert.habeck/2021-09-12_17-04-49_UTC_2.jpg,Unknown,,,,,,Unknown,robert.habeck
4014,f42db4bf-a597-46b7-ae73-6c190cac77d9,robert.habeck/2021-09-12_17-04-49_UTC_2.jpg,Unknown,,,,,,Unknown,robert.habeck
4015,a663f99e-04d4-4423-b780-1cac760b5120,robert.habeck/2021-09-12_17-04-49_UTC_2.jpg,Unknown,,,,,,Unknown,robert.habeck
4016,e1001eac-367c-4abd-888a-615f64582d45,robert.habeck/2021-09-12_17-04-49_UTC_2.jpg,Unknown,,,,,,Unknown,robert.habeck
4017,3a09fc6e-a173-4fac-810b-d61101d9f75c,robert.habeck/2021-09-12_17-04-49_UTC_2.jpg,Unknown,,,,,,Unknown,robert.habeck
4018,5edff707-3458-40ba-bde3-961580908851,robert.habeck/2021-09-12_17-04-49_UTC_2.jpg,Unknown,,,,,,Unknown,robert.habeck
4019,0e462a86-6e54-4dd6-a56d-381a29158305,robert.habeck/2021-09-12_17-04-49_UTC_2.jpg,Unknown,,,,,,Unknown,robert.habeck
4020,59cc71b5-9fe8-4c0b-8966-68cceee22d53,robert.habeck/2021-09-12_17-04-49_UTC_2.jpg,Unknown,,,,,,Unknown,robert.habeck
4021,5a5e453d-576c-4437-bf99-abf1bb429166,robert.habeck/2021-09-12_17-04-49_UTC_2.jpg,Unknown,,,,,,Unknown,robert.habeck
4022,c1694636-49a1-4f06-8b97-a5a2476a6eca,robert.habeck/2021-09-12_17-04-49_UTC_2.jpg,Unknown,,,,,,Unknown,robert.habeck
4023,dff908a6-6068-4a5c-8336-e899e47d79a1,robert.habeck/2021-09-12_17-04-49_UTC_2.jpg,Unknown,,,,,,Unknown,robert.habeck
4024,7d553e64-f603-4792-bb92-89991ac80652,christlichsozialeunion/2021-09-26_07-00-59_UTC.jpg,Markus Söder,983080ac-9963-4313-84db-4ad3649257da.png,0.6271971856482725,Facenet512,euclidean_l2,26.0,Markus Söder,christlichsozialeunion
4025,d2a4c694-3a4b-4288-b893-0039c7bcc217,christlichsozialeunion/2021-09-24_17-47-19_UTC_7.jpg,Unknown,,,,,,Unknown,christlichsozialeunion
4026,fe00efb1-3fce-42ea-b105-632353f99d98,christlichsozialeunion/2021-09-24_17-47-19_UTC_7.jpg,Unknown,,,,,,Unknown,christlichsozialeunion
4027,00f14add-db8d-4913-945c-0536a6513471,christlichsozialeunion/2021-09-24_17-47-19_UTC_7.jpg,Unknown,,,,,,Unknown,christlichsozialeunion
4028,49d926ed-e925-484e-8de0-a49268aa1ebc,christlichsozialeunion/2021-09-15_19-36-35_UTC_9.jpg,Unknown,,,,,,Unknown,christlichsozialeunion
4029,fc3852c1-981d-44fe-8d5b-f757d5c6e92d,christlichsozialeunion/2021-09-15_19-36-35_UTC_9.jpg,Unknown,,,,,,Unknown,christlichsozialeunion
4030,9d688afe-9855-4e65-ba87-a874eeb83e9f,christlichsozialeunion/2021-09-15_19-36-35_UTC_9.jpg,Unknown,,,,,,Unknown,christlichsozialeunion
4031,08283fcf-155d-4f3d-b6b9-bed6e2e3a1f5,christlichsozialeunion/2021-09-15_19-36-35_UTC_9.jpg,Unknown,,,,,,Unknown,christlichsozialeunion
4032,5cc2dbb6-ee28-4120-97c3-d4095e714997,christlichsozialeunion/2021-09-15_19-36-35_UTC_9.jpg,Unknown,,,,,,Unknown,christlichsozialeunion
4033,08f25713-7b8a-4393-ac3a-fd6404588b25,christlichsozialeunion/2021-09-15_19-36-35_UTC_9.jpg,Unknown,,,,,,Unknown,christlichsozialeunion
4034,88ea7f84-85de-472b-a6a0-4272df7c72df,christlichsozialeunion/2021-09-15_19-36-35_UTC_9.jpg,Unknown,,,,,,Unknown,christlichsozialeunion
4035,0cdbf869-65fb-49be-8b8a-11f991028698,christlichsozialeunion/2021-09-15_19-36-35_UTC_9.jpg,Unknown,,,,,,Unknown,christlichsozialeunion
4036,0fd51ea3-4a79-428f-b005-12ac2af4e445,christlichsozialeunion/2021-09-15_19-36-35_UTC_9.jpg,Markus Söder,af45e70d-e05b-4c1c-89ac-114a74810f45.png,0.8408808339377007,Facenet512,euclidean_l2,16.0,Markus Söder,christlichsozialeunion
4037,3523fe18-7834-4783-823a-f01b1c925954,christlichsozialeunion/2021-09-17_18-25-15_UTC_10.jpg,Unknown,,,,,,Unknown,christlichsozialeunion
4038,958b8873-11b6-4e23-b8e4-13fff497ab89,christlichsozialeunion/2021-09-17_18-25-15_UTC_10.jpg,Unknown,,,,,,Unknown,christlichsozialeunion
4039,4affd1bb-63ae-4310-ad42-6cb2b2662aa1,christlichsozialeunion/2021-09-17_18-25-15_UTC_10.jpg,Unknown,,,,,,Unknown,christlichsozialeunion
4040,096f99ed-cad6-4adf-8058-d55f283603ca,christlichsozialeunion/2021-09-17_18-25-15_UTC_10.jpg,Unknown,,,,,,Unknown,christlichsozialeunion
4041,13bca9b4-48dc-47ca-a3c6-f16417219733,christlichsozialeunion/2021-09-17_18-25-15_UTC_10.jpg,Markus Söder,49bdb61e-e0b0-4666-9cf0-5c7ab16b2516.png,0.8127233644873911,Facenet512,euclidean_l2,26.0,Markus Söder,christlichsozialeunion
4042,a09b4157-47b5-4712-8b7a-a531e255e3b5,christlichsozialeunion/2021-09-17_18-25-15_UTC_10.jpg,Unknown,,,,,,Unknown,christlichsozialeunion
4043,08d8adaa-afe6-4219-9a95-20fe6350ddfa,christlichsozialeunion/2021-09-17_18-25-15_UTC_10.jpg,Unknown,,,,,,Unknown,christlichsozialeunion
4044,784ff90a-0430-47f6-ac6b-d10d1403efa4,christlichsozialeunion/2021-09-17_18-25-15_UTC_10.jpg,Unknown,,,,,,Unknown,christlichsozialeunion
4045,dbb9e7e0-2126-4128-89e7-70a3ff377955,markus.soeder/2021-09-14_06-13-54_UTC.jpg,Markus Söder,2e3825be-7e0c-4e62-b2c7-b9aea0bcb158.png,0.4935759953288597,Facenet512,euclidean_l2,26.0,Markus Söder,markus.soeder
4046,593ac4ab-9ac2-42d6-9e04-55a78da72097,markus.soeder/2021-09-14_07-32-45_UTC_3.jpg,Markus Söder,49bdb61e-e0b0-4666-9cf0-5c7ab16b2516.png,0.8543287510204494,Facenet512,euclidean_l2,16.0,Markus Söder,markus.soeder
4047,01d92ec1-faf6-4651-9d35-0abc724a48b6,markus.soeder/2021-09-14_07-32-45_UTC_3.jpg,Unknown,,,,,,Unknown,markus.soeder
4048,4cbc5a3b-44ea-447d-8e5b-a16ddb9147b9,markus.soeder/2021-09-14_07-32-45_UTC_2.jpg,Unknown,,,,,,Unknown,markus.soeder
4049,52c441e0-0fb4-47c9-a632-5ce2461ca51c,markus.soeder/2021-09-14_07-32-45_UTC_2.jpg,Unknown,,,,,,Unknown,markus.soeder
4050,735b1b8a-9765-46a1-99c9-eddebd47eb04,markus.soeder/2021-09-14_07-32-45_UTC_2.jpg,Markus Söder,49bdb61e-e0b0-4666-9cf0-5c7ab16b2516.png,0.9319515239120156,Facenet512,euclidean_l2,2.0,Markus Söder,markus.soeder
4051,e3feb7fe-e00c-468e-99fe-0020c0e6ffea,markus.soeder/2021-09-14_07-32-45_UTC_2.jpg,Unknown,,,,,,Unknown,markus.soeder
4052,d82ea7d0-a046-4cd0-b1cc-b6f97507ca5d,markus.soeder/2021-09-24_18-00-27_UTC_2.jpg,Markus Söder,aef8776f-6cb2-461e-aa5f-26798f3b263e.png,0.7477886788034567,Facenet512,euclidean_l2,26.0,Markus Söder,markus.soeder
4053,d12226c8-a13b-41d9-9d55-ca0aeac1cbc5,markus.soeder/2021-09-24_18-00-27_UTC_2.jpg,Armin Laschet,,,,,,Unknown,markus.soeder
4054,393a99bf-8825-48a1-aa81-4a7377ddca51,markus.soeder/2021-09-24_18-00-27_UTC_2.jpg,Unknown,,,,,,Unknown,markus.soeder
4055,c6e8e600-5410-4427-a46e-898ab3748377,markus.soeder/2021-09-24_18-00-27_UTC_2.jpg,Unknown,,,,,,Unknown,markus.soeder
4056,5448d494-b2f9-4aa0-90dc-7fd2d3a02237,markus.soeder/2021-09-24_18-00-27_UTC_2.jpg,Unknown,,,,,,Unknown,markus.soeder
4057,ebfac172-0f2d-4a7a-8719-4f4bdaa47a88,markus.soeder/2021-09-24_18-00-27_UTC_2.jpg,Unknown,,,,,,Unknown,markus.soeder
4058,7b31d770-4a49-41b4-9baf-cd90b5da6c98,markus.soeder/2021-09-24_18-00-27_UTC_2.jpg,Unknown,,,,,,Unknown,markus.soeder
4059,9c5f86e7-d598-429c-b046-ca72a7a9d058,markus.soeder/2021-09-15_14-55-59_UTC_3.jpg,Unknown,,,,,,Unknown,markus.soeder
4060,e2a77b61-e929-4473-b3d1-7b08be0a0f78,markus.soeder/2021-09-15_14-55-59_UTC_3.jpg,Markus Söder,49bdb61e-e0b0-4666-9cf0-5c7ab16b2516.png,0.940159093410882,Facenet512,euclidean_l2,12.0,Markus Söder,markus.soeder
4061,817d549f-3f44-4f75-b63a-821c1940fe05,markus.soeder/2021-09-15_14-55-59_UTC_3.jpg,Unknown,,,,,,Unknown,markus.soeder
4062,956676b1-6720-4001-880b-f67887d4547e,markus.soeder/2021-09-14_05-00-05_UTC.jpg,Unknown,,,,,,Unknown,markus.soeder
4063,8b5607d4-a55b-42a3-ab6b-f2277bbab7fc,robert.habeck/2021-09-21_07-27-48_UTC_1.jpg,Unknown,,,,,,Unknown,robert.habeck
4064,c95aff8d-cbf8-4a11-9696-8875a9bec78c,robert.habeck/2021-09-21_07-27-48_UTC_1.jpg,Unknown,,,,,,Unknown,robert.habeck
4065,d04b2566-79d1-4ccf-b187-e23fbde353ce,robert.habeck/2021-09-21_07-27-48_UTC_1.jpg,Robert Habeck,,,,,,Unknown,robert.habeck
4066,b9511cdb-3527-4909-9f2d-e93c292eda00,robert.habeck/2021-09-21_07-27-48_UTC_1.jpg,Unknown,,,,,,Unknown,robert.habeck
4067,7c796496-c56c-41cc-a505-e5760b10a707,robert.habeck/2021-09-21_07-27-48_UTC_1.jpg,Unknown,,,,,,Unknown,robert.habeck
4068,9844326d-c974-492c-861b-938ae1ee4758,robert.habeck/2021-09-21_07-27-48_UTC_1.jpg,Unknown,,,,,,Unknown,robert.habeck
4069,86b5d29d-14be-4a66-a7be-0ffdc84cdc6e,robert.habeck/2021-09-21_07-27-48_UTC_1.jpg,Unknown,,,,,,Unknown,robert.habeck
4070,b04aa79d-f8fe-43fc-88f4-59b0f3ddf622,robert.habeck/2021-09-21_07-27-48_UTC_1.jpg,Unknown,,,,,,Unknown,robert.habeck
4071,1adf124a-0b63-4fe7-8612-8ed5a63f40e1,markus.soeder/2021-09-17_11-05-37_UTC_1.jpg,Unknown,,,,,,Unknown,markus.soeder
4072,6bc93697-82a2-464a-83ac-a7c2351dbb5e,markus.soeder/2021-09-17_11-05-37_UTC_1.jpg,Unknown,,,,,,Unknown,markus.soeder
4073,599c06f6-98dd-4fbc-9ae6-7c6df722dcce,markus.soeder/2021-09-17_11-05-37_UTC_1.jpg,Markus Söder,49bdb61e-e0b0-4666-9cf0-5c7ab16b2516.png,1.0007304823541463,Facenet512,euclidean_l2,2.0,Markus Söder,markus.soeder
4074,d1601512-744f-4e8f-833e-0b73aa323178,markus.soeder/2021-09-17_11-05-37_UTC_1.jpg,Unknown,,,,,,Unknown,markus.soeder
4075,afaad13b-4ca5-4fed-978c-8194d4193395,markus.soeder/2021-09-22_13-27-13_UTC.jpg,Unknown,,,,,,Unknown,markus.soeder
4076,3a06b7a2-2745-457e-bfb2-549670d8e8ea,markus.soeder/2021-09-22_13-27-13_UTC.jpg,Markus Söder,471d9645-9a33-471b-9e3e-5bfb82032fd8.png,0.4701211131907776,Facenet512,euclidean_l2,26.0,Markus Söder,markus.soeder
4077,33fecca3-a0a8-4271-8280-fa6d7f161471,markus.soeder/2021-09-14_10-15-28_UTC.jpg,Markus Söder,8cc74ed4-1eaf-489c-8072-432287400d9b.png,0.6810078982463301,Facenet512,euclidean_l2,26.0,Markus Söder,markus.soeder
4078,b7698855-b0d0-4650-9005-a5848790c14c,markus.soeder/2021-09-18_10-05-35_UTC_3.jpg,Unknown,,,,,,Unknown,markus.soeder
4079,360af307-cf87-4623-9be0-cdcf27711dce,markus.soeder/2021-09-18_10-05-35_UTC_3.jpg,Markus Söder,7b71cbfb-e1d9-44c4-98cf-df3e9761a43b.png,0.6968724176549733,Facenet512,euclidean_l2,26.0,Markus Söder,markus.soeder
4080,cd4df5c3-990d-4c6e-872b-8efc40be5f43,markus.soeder/2021-09-18_10-05-35_UTC_3.jpg,Unknown,,,,,,Unknown,markus.soeder
4081,8ddbb7bc-c4b0-4435-8302-6a81fdece3d5,markus.soeder/2021-09-18_10-05-35_UTC_3.jpg,Unknown,,,,,,Unknown,markus.soeder
4082,61b38a93-f2cc-45ae-94df-b2aff9888247,markus.soeder/2021-09-18_10-05-35_UTC_3.jpg,Unknown,e673e074-b17d-46b3-a482-2f69bca15936.png,1.0031333373926403,Facenet512,euclidean_l2,2.0,Markus Söder,markus.soeder
4083,6e6fee37-0db2-4288-bc37-6c4fbfaeee36,markus.soeder/2021-09-16_10-22-44_UTC_2.jpg,Unknown,af45e70d-e05b-4c1c-89ac-114a74810f45.png,1.014711505278404,Facenet512,euclidean_l2,4.0,Markus Söder,markus.soeder
4084,6bc49056-78b1-4ebb-9261-f9aa978a9bc0,markus.soeder/2021-09-16_10-22-44_UTC_2.jpg,Unknown,,,,,,Unknown,markus.soeder
4085,d75aeeaa-595d-497a-b710-5d16d18437ff,markus.soeder/2021-09-16_10-22-44_UTC_2.jpg,Unknown,,,,,,Unknown,markus.soeder
4086,8e701a76-84e7-4c22-9532-a2f68e22263c,markus.soeder/2021-09-16_10-22-44_UTC_2.jpg,Unknown,,,,,,Unknown,markus.soeder
4087,8ddd8bbc-825f-4b4b-9925-763eaec9ab23,markus.soeder/2021-09-16_10-22-44_UTC_2.jpg,Unknown,,,,,,Unknown,markus.soeder
4088,bf0f5ec3-2778-4109-a9d0-d9204396e371,markus.soeder/2021-09-16_10-22-44_UTC_2.jpg,Unknown,,,,,,Unknown,markus.soeder
4089,51355b8f-3f4d-4dd9-9d0d-673f162c1222,markus.soeder/2021-09-16_10-22-44_UTC_2.jpg,Markus Söder,49bdb61e-e0b0-4666-9cf0-5c7ab16b2516.png,0.8796829843419409,Facenet512,euclidean_l2,8.0,Markus Söder,markus.soeder
4090,24d87478-4321-45c1-85dd-14fc403f589f,markus.soeder/2021-09-16_10-22-44_UTC_2.jpg,Unknown,,,,,,Unknown,markus.soeder
4091,01a1e0c8-1b57-4e4b-94b5-1926871fad3c,markus.soeder/2021-09-16_10-22-44_UTC_2.jpg,Unknown,,,,,,Unknown,markus.soeder
4092,706416e0-c2ab-4e59-a0f4-a0890929a7d8,markus.soeder/2021-09-16_10-22-44_UTC_2.jpg,Unknown,,,,,,Unknown,markus.soeder
4093,619ef6e0-6f62-48d3-8d61-3b26652a6532,markus.soeder/2021-09-16_10-22-44_UTC_2.jpg,Unknown,,,,,,Unknown,markus.soeder
4094,4aefb7d8-fe13-4ab4-84f2-654369cbd582,markus.soeder/2021-09-16_10-22-44_UTC_2.jpg,Unknown,,,,,,Unknown,markus.soeder
4095,6c6675dc-c176-4b8d-97a0-8cc258abf200,markus.soeder/2021-09-16_10-22-44_UTC_2.jpg,Unknown,,,,,,Unknown,markus.soeder
4096,49300ea7-d585-4976-af14-6efcf9025323,markus.soeder/2021-09-20_11-09-29_UTC_1.jpg,Markus Söder,af45e70d-e05b-4c1c-89ac-114a74810f45.png,0.744154931710522,Facenet512,euclidean_l2,24.0,Markus Söder,markus.soeder
4097,9be85ab6-891e-4e56-bdde-6a2e5a882be6,markus.soeder/2021-09-20_11-09-29_UTC_1.jpg,Unknown,,,,,,Unknown,markus.soeder
4098,6b992b48-49b3-4b5f-86cf-43da37e43dc6,markus.soeder/2021-09-24_10-51-37_UTC_1.jpg,Unknown,,,,,,Unknown,markus.soeder
4099,60422c7c-9b5a-44d0-b9d6-3c468a641711,markus.soeder/2021-09-24_10-51-37_UTC_1.jpg,Markus Söder,,,,,,Unknown,markus.soeder
4100,f0be8890-f8b0-47e6-9076-d9989e3093e2,markus.soeder/2021-09-24_10-51-37_UTC_1.jpg,Unknown,,,,,,Unknown,markus.soeder
4101,60bbbb02-7251-4cf1-81e1-e99310293087,markus.soeder/2021-09-24_10-51-37_UTC_1.jpg,Unknown,,,,,,Unknown,markus.soeder
4102,921a10ef-c358-469a-a2cb-d16fb26dcc1b,markus.soeder/2021-09-15_14-55-59_UTC_1.jpg,Unknown,,,,,,Unknown,markus.soeder
4103,1cf632c2-9b1f-46c9-9987-853e9f9b3ad0,markus.soeder/2021-09-15_14-55-59_UTC_1.jpg,Markus Söder,49bdb61e-e0b0-4666-9cf0-5c7ab16b2516.png,1.0081793306028706,Facenet512,euclidean_l2,2.0,Markus Söder,markus.soeder
4104,928a29b1-ee99-4983-9f42-625362dfe9d6,markus.soeder/2021-09-15_14-55-59_UTC_1.jpg,Unknown,,,,,,Unknown,markus.soeder
4105,dcfc5c92-7276-4193-b325-935683ec3c38,markus.soeder/2021-09-24_15-24-01_UTC.jpg,Unknown,,,,,,Unknown,markus.soeder
4106,ffbfb0bd-a439-4536-9af2-b2b199e929c7,markus.soeder/2021-09-24_15-24-01_UTC.jpg,Armin Laschet,,,,,,Unknown,markus.soeder
4107,608415bb-a941-4732-8b8d-d708c9f4fdc6,markus.soeder/2021-09-24_15-24-01_UTC.jpg,Markus Söder,aef8776f-6cb2-461e-aa5f-26798f3b263e.png,0.348803482532012,Facenet512,euclidean_l2,26.0,Markus Söder,markus.soeder
4108,9d883e45-f676-49ff-bba6-7378bedd3cc6,markus.soeder/2021-09-24_15-24-01_UTC.jpg,Unknown,,,,,,Unknown,markus.soeder
4109,0cbdd264-4cf1-4a8b-b953-8e148c1b3b0f,markus.soeder/2021-09-24_15-24-01_UTC.jpg,Unknown,,,,,,Unknown,markus.soeder
4110,d336735b-45a0-4f1d-a972-67018dce4eff,markus.soeder/2021-09-24_15-24-01_UTC.jpg,Unknown,,,,,,Unknown,markus.soeder
4111,81e68380-a17d-43f3-8183-773a0f87b6cf,markus.soeder/2021-09-24_15-24-01_UTC.jpg,Unknown,,,,,,Unknown,markus.soeder
4112,07446cf1-53c7-4da2-95f5-cc6f6cb0ce60,markus.soeder/2021-09-24_15-24-01_UTC.jpg,Unknown,e673e074-b17d-46b3-a482-2f69bca15936.png,0.9881008708231568,Facenet512,euclidean_l2,2.0,Markus Söder,markus.soeder
4113,87b5392a-0ea3-4a21-94c7-a477501bc501,markus.soeder/2021-09-24_15-24-01_UTC.jpg,Unknown,,,,,,Unknown,markus.soeder
4114,66be25c7-ff86-4013-8d1e-84ebcfc81ea4,markus.soeder/2021-09-24_15-24-01_UTC.jpg,Unknown,,,,,,Unknown,markus.soeder
4115,1669f249-846c-4fef-9044-d166da7b19cf,markus.soeder/2021-09-24_15-24-01_UTC.jpg,Unknown,dade5d2a-6e44-4700-a1b0-7a6449735c40.png,0.9877571065242444,Facenet512,euclidean_l2,10.0,Markus Söder,markus.soeder
4116,381f3e17-183d-400c-adf6-7f4dc81ad446,markus.soeder/2021-09-24_15-24-01_UTC.jpg,Unknown,,,,,,Unknown,markus.soeder
4117,98be7286-aec2-4a9d-b9d6-fe572a109475,markus.soeder/2021-09-24_15-24-01_UTC.jpg,Unknown,,,,,,Unknown,markus.soeder
4118,8579268c-18f2-4a2d-b284-76ffa470fff0,markus.soeder/2021-09-24_15-24-01_UTC.jpg,Unknown,,,,,,Unknown,markus.soeder
4119,3639e11b-1ab3-4f42-8a7b-a40267b0f7f5,markus.soeder/2021-09-24_15-24-01_UTC.jpg,Unknown,,,,,,Unknown,markus.soeder
4120,fe80db1c-d422-4506-9601-47abcb7071c3,markus.soeder/2021-09-24_15-24-01_UTC.jpg,Unknown,,,,,,Unknown,markus.soeder
4121,8117ff68-24e4-456b-96dc-41ed3b2641f4,markus.soeder/2021-09-24_15-24-01_UTC.jpg,Unknown,,,,,,Unknown,markus.soeder
4122,39cfb213-8437-40cd-a712-d2e75e093ab3,markus.soeder/2021-09-24_15-24-01_UTC.jpg,Unknown,,,,,,Unknown,markus.soeder
4123,c7111c76-543f-4563-91a4-f638d9ce7d61,markus.soeder/2021-09-24_15-24-01_UTC.jpg,Unknown,,,,,,Unknown,markus.soeder
4124,62329bf1-0c40-4455-93b8-e443104d398d,markus.soeder/2021-09-24_15-24-01_UTC.jpg,Unknown,,,,,,Unknown,markus.soeder
4125,83982c58-8ab2-4cf8-80e4-737e2bd3d9cf,markus.soeder/2021-09-24_15-24-01_UTC.jpg,Unknown,,,,,,Unknown,markus.soeder
4126,c1012f33-049b-4026-8d0d-89d02bede09d,markus.soeder/2021-09-24_09-12-12_UTC.jpg,Armin Laschet,,,,,,Unknown,markus.soeder
4127,297cf6a9-d672-4ed3-ad54-95dc960cd639,markus.soeder/2021-09-24_09-12-12_UTC.jpg,Markus Söder,8cc74ed4-1eaf-489c-8072-432287400d9b.png,0.2762549188277214,Facenet512,euclidean_l2,26.0,Markus Söder,markus.soeder
4128,a1bb6c6e-8da6-412d-bbbb-32265bffb73b,markus.soeder/2021-09-24_09-12-12_UTC.jpg,Unknown,,,,,,Unknown,markus.soeder
4129,a5837f33-854a-4f1a-981d-302956dfda19,robert.habeck/2021-09-12_17-04-49_UTC_1.jpg,Unknown,,,,,,Unknown,robert.habeck
4130,de5c3510-e5bc-4787-bbe4-eeb138dc669a,robert.habeck/2021-09-12_17-04-49_UTC_1.jpg,Unknown,,,,,,Unknown,robert.habeck
4131,94a92319-a20d-437e-a4bb-6c08c077a65b,robert.habeck/2021-09-12_17-04-49_UTC_1.jpg,Unknown,,,,,,Unknown,robert.habeck
4132,67c5b2f9-b9b4-4ed9-9e8e-f6c868947c28,robert.habeck/2021-09-12_17-04-49_UTC_1.jpg,Unknown,,,,,,Unknown,robert.habeck
4133,4b5877e8-7c03-4767-928d-454f3101e7af,robert.habeck/2021-09-12_17-04-49_UTC_1.jpg,Unknown,,,,,,Unknown,robert.habeck
4134,43cae500-12df-429a-acf1-9600156f7629,robert.habeck/2021-09-12_17-04-49_UTC_1.jpg,Unknown,,,,,,Unknown,robert.habeck
4135,229e8185-9995-4c6a-8159-dfe6ee9527dc,robert.habeck/2021-09-12_17-04-49_UTC_1.jpg,Unknown,,,,,,Unknown,robert.habeck
4136,1d727b60-f162-4722-a7e7-9130a2067677,robert.habeck/2021-09-12_17-04-49_UTC_1.jpg,Unknown,,,,,,Unknown,robert.habeck
4137,ba157277-09c9-45f1-b299-6466ea5f3c0e,robert.habeck/2021-09-12_17-04-49_UTC_1.jpg,Unknown,,,,,,Unknown,robert.habeck
4138,130ec73b-ff7f-4985-84f4-d3712d905286,robert.habeck/2021-09-12_17-04-49_UTC_1.jpg,Unknown,,,,,,Unknown,robert.habeck
4139,f50849aa-d411-493c-9ed2-3b09e2a70516,robert.habeck/2021-09-12_17-04-49_UTC_1.jpg,Unknown,,,,,,Unknown,robert.habeck
4140,2e57ba36-87e6-4bc1-b812-1dce5f6ad430,robert.habeck/2021-09-12_17-04-49_UTC_1.jpg,Unknown,,,,,,Unknown,robert.habeck
4141,a718a2c4-dec6-41af-b3d3-d80fb10aaa52,robert.habeck/2021-09-12_17-04-49_UTC_1.jpg,Unknown,,,,,,Unknown,robert.habeck
4142,2493a6ea-d0e0-4795-9596-89afa6d52da2,robert.habeck/2021-09-12_17-04-49_UTC_1.jpg,Unknown,,,,,,Unknown,robert.habeck
4143,83cae9c7-1bb4-4032-a9c4-df120357a9e8,robert.habeck/2021-09-12_17-04-49_UTC_1.jpg,Unknown,,,,,,Unknown,robert.habeck
4144,1a63ee59-33bc-40d3-b246-9e940b514cdf,robert.habeck/2021-09-12_17-04-49_UTC_1.jpg,Unknown,,,,,,Unknown,robert.habeck
4145,753af768-7487-43dd-b353-8880134b22af,robert.habeck/2021-09-12_17-04-49_UTC_1.jpg,Unknown,,,,,,Unknown,robert.habeck
4146,a046a03c-76c7-42b0-981a-32c330be6267,robert.habeck/2021-09-12_17-04-49_UTC_1.jpg,Unknown,,,,,,Unknown,robert.habeck
4147,71ac2d1e-4948-407b-9ba0-62daa94bfadc,robert.habeck/2021-09-12_17-04-49_UTC_1.jpg,Unknown,,,,,,Unknown,robert.habeck
4148,5faf74e7-aac3-4269-bae9-1ad025ef989a,robert.habeck/2021-09-12_17-04-49_UTC_1.jpg,Unknown,,,,,,Unknown,robert.habeck
4149,6445a6b7-097a-4b13-909c-e805f0f3e129,robert.habeck/2021-09-12_17-04-49_UTC_1.jpg,Unknown,,,,,,Unknown,robert.habeck
4150,3f981645-e7c1-463d-8046-0f267bb84943,robert.habeck/2021-09-12_17-04-49_UTC_1.jpg,Unknown,,,,,,Unknown,robert.habeck
4151,74243fd6-e756-45e0-a4fb-a35a69c44dcd,robert.habeck/2021-09-12_17-04-49_UTC_1.jpg,Unknown,,,,,,Unknown,robert.habeck
4152,d0cb832b-ab64-48d7-8e4f-3072670ac042,robert.habeck/2021-09-12_17-04-49_UTC_1.jpg,Unknown,,,,,,Unknown,robert.habeck
4153,e1c1e285-4252-40a0-a74a-fd8e100fd3ec,robert.habeck/2021-09-12_17-04-49_UTC_1.jpg,Unknown,,,,,,Unknown,robert.habeck
4154,24c6e410-1fca-412a-a347-ca718868ce26,robert.habeck/2021-09-12_17-04-49_UTC_1.jpg,Unknown,,,,,,Unknown,robert.habeck
4155,3b73e38b-9489-4d20-b3a6-24ba6800da0b,robert.habeck/2021-09-12_17-04-49_UTC_1.jpg,Unknown,,,,,,Unknown,robert.habeck
4156,ab175b1a-c282-4fd5-a7d1-7abbb4da915d,robert.habeck/2021-09-12_17-04-49_UTC_1.jpg,Unknown,,,,,,Unknown,robert.habeck
4157,499d58dc-b72a-4527-b4ea-0dbb452641e2,robert.habeck/2021-09-12_17-04-49_UTC_1.jpg,Unknown,,,,,,Unknown,robert.habeck
4158,0bbaee68-2886-4fc2-9bcb-7abad56211ee,robert.habeck/2021-09-12_17-04-49_UTC_1.jpg,Unknown,,,,,,Unknown,robert.habeck
4159,ae957edf-2fd2-4e7b-be93-e0292ba2ffc8,robert.habeck/2021-09-12_17-04-49_UTC_1.jpg,Unknown,,,,,,Unknown,robert.habeck
4160,afa1a420-0d10-43c9-aae6-e0b587bea944,robert.habeck/2021-09-12_17-04-49_UTC_1.jpg,Unknown,,,,,,Unknown,robert.habeck
4161,a63605b5-bb0a-417f-bf80-3c4f065eea89,robert.habeck/2021-09-12_17-04-49_UTC_1.jpg,Unknown,,,,,,Unknown,robert.habeck
4162,80375882-6c98-4125-b713-e83d1a504fea,robert.habeck/2021-09-12_17-04-49_UTC_1.jpg,Unknown,,,,,,Unknown,robert.habeck
4163,f2fb67a0-a4ab-44b7-84b1-4ae605c930d3,robert.habeck/2021-09-12_17-04-49_UTC_1.jpg,Unknown,,,,,,Unknown,robert.habeck
4164,c8564fd9-d4a5-4c6c-8c19-a2cef86f67a0,robert.habeck/2021-09-12_17-04-49_UTC_1.jpg,Unknown,,,,,,Unknown,robert.habeck
4165,43d86106-07c4-4685-8e30-d181537a1cd2,robert.habeck/2021-09-12_17-04-49_UTC_1.jpg,Unknown,,,,,,Unknown,robert.habeck
4166,da65baeb-bbee-44e7-8ad6-438b96369c98,markus.soeder/2021-09-24_17-11-37_UTC.jpg,Markus Söder,471d9645-9a33-471b-9e3e-5bfb82032fd8.png,0.5834288865998801,Facenet512,euclidean_l2,26.0,Markus Söder,markus.soeder
4167,bc2600de-b2e0-46cb-bfa6-69994299ad21,markus.soeder/2021-09-17_11-05-37_UTC_2.jpg,Unknown,,,,,,Unknown,markus.soeder
4168,1c866294-1f00-4f28-98ca-694d79c8b1d4,markus.soeder/2021-09-17_11-05-37_UTC_2.jpg,Unknown,,,,,,Unknown,markus.soeder
4169,3eaaa424-d16c-4abe-965f-a6380dd0bb16,markus.soeder/2021-09-17_11-05-37_UTC_2.jpg,Unknown,,,,,,Unknown,markus.soeder
4170,c8398bba-06cc-47c0-8016-22d4fb5c511b,markus.soeder/2021-09-17_11-05-37_UTC_2.jpg,Markus Söder,,,,,,Unknown,markus.soeder
4171,d761491c-4515-47c2-97c9-b8c915c1c769,markus.soeder/2021-09-17_11-05-37_UTC_2.jpg,Unknown,,,,,,Unknown,markus.soeder
4172,73be3a1a-8cc2-4bd4-a0ed-aff6864f3a0a,markus.soeder/2021-09-16_05-00-17_UTC.jpg,Markus Söder,7b71cbfb-e1d9-44c4-98cf-df3e9761a43b.png,0.6252115177635453,Facenet512,euclidean_l2,26.0,Markus Söder,markus.soeder
4173,6cd43e33-0fce-4248-b08c-d3862d5d7b0a,markus.soeder/2021-09-21_13-39-35_UTC.jpg,Unknown,,,,,,Unknown,markus.soeder
4174,68a847d3-338f-43f5-b4f2-3ae31e6b36fa,markus.soeder/2021-09-21_13-39-35_UTC.jpg,Unknown,,,,,,Unknown,markus.soeder
4175,225cbd01-1c44-44ed-af8a-0595329ed040,markus.soeder/2021-09-21_13-39-35_UTC.jpg,Unknown,,,,,,Unknown,markus.soeder
4176,31af6e7d-1f27-4bb9-afd3-248dfcd6c3d0,markus.soeder/2021-09-21_13-39-35_UTC.jpg,Markus Söder,,,,,,Unknown,markus.soeder
4177,3f35a929-77e7-4eea-8bb3-d29359fde694,markus.soeder/2021-09-21_13-39-35_UTC.jpg,Unknown,,,,,,Unknown,markus.soeder
4178,b78ba811-9907-40aa-ad47-e353f5cd81fe,markus.soeder/2021-09-21_13-39-35_UTC.jpg,Unknown,,,,,,Unknown,markus.soeder
4179,daacd769-2ff5-476d-9068-b48b802534e4,markus.soeder/2021-09-21_13-39-35_UTC.jpg,Unknown,dade5d2a-6e44-4700-a1b0-7a6449735c40.png,0.8856585641831399,Facenet512,euclidean_l2,20.0,Markus Söder,markus.soeder
4180,dec589f4-e969-4e6d-8085-d815284f130e,markus.soeder/2021-09-21_13-39-35_UTC.jpg,Unknown,,,,,,Unknown,markus.soeder
4181,ef4bb9ae-55e1-4446-90f6-33c3fbf1c9ce,markus.soeder/2021-09-21_13-39-35_UTC.jpg,Unknown,,,,,,Unknown,markus.soeder
4182,e416ff28-1b46-4c46-ab39-323cf731bd3e,markus.soeder/2021-09-21_13-39-35_UTC.jpg,Unknown,,,,,,Unknown,markus.soeder
4183,dc8d20f7-f094-4951-a38e-d9454682e85d,markus.soeder/2021-09-21_13-39-35_UTC.jpg,Unknown,,,,,,Unknown,markus.soeder
4184,638bb40c-7a6c-434e-8b06-34fe17f1bd27,markus.soeder/2021-09-21_13-39-35_UTC.jpg,Unknown,,,,,,Unknown,markus.soeder
4185,17dafd52-dab0-4941-b9f6-f69f36d5b8fd,markus.soeder/2021-09-21_13-39-35_UTC.jpg,Unknown,,,,,,Unknown,markus.soeder
4186,6816f204-c441-4e2c-98d5-9f59d04a651a,markus.soeder/2021-09-21_13-39-35_UTC.jpg,Unknown,,,,,,Unknown,markus.soeder
4187,8078d5b2-2318-4595-8b23-4b5144578211,markus.soeder/2021-09-21_13-39-35_UTC.jpg,Unknown,,,,,,Unknown,markus.soeder
4188,ca3616b4-949d-420f-85ab-663b7300b8b9,markus.soeder/2021-09-21_13-39-35_UTC.jpg,Unknown,,,,,,Unknown,markus.soeder
4189,083c5e89-3a4f-413f-8e27-aa0cc265a904,markus.soeder/2021-09-21_13-39-35_UTC.jpg,Unknown,,,,,,Unknown,markus.soeder
4190,6468a55b-857e-4a97-adfc-564fdc2e9382,markus.soeder/2021-09-21_13-39-35_UTC.jpg,Unknown,,,,,,Unknown,markus.soeder
4191,6e2daa63-9ee6-42b8-9827-bef1449fa6c2,markus.soeder/2021-09-24_17-27-15_UTC.jpg,Markus Söder,dade5d2a-6e44-4700-a1b0-7a6449735c40.png,0.6856222640956421,Facenet512,euclidean_l2,26.0,Markus Söder,markus.soeder
4192,f4c0171c-8a31-4f29-9c8f-24a3294e9261,markus.soeder/2021-09-23_13-00-42_UTC.jpg,Markus Söder,49bdb61e-e0b0-4666-9cf0-5c7ab16b2516.png,0.965242855967955,Facenet512,euclidean_l2,8.0,Markus Söder,markus.soeder
4193,3b975851-fda7-4403-8294-15620ecf7cbc,markus.soeder/2021-09-15_06-30-30_UTC.jpg,Markus Söder,49bdb61e-e0b0-4666-9cf0-5c7ab16b2516.png,0.6748259036691467,Facenet512,euclidean_l2,26.0,Markus Söder,markus.soeder
4194,9082a509-2b6b-48ee-a65a-3ea29b0d8bd3,markus.soeder/2021-09-17_11-45-11_UTC_2.jpg,Markus Söder,af45e70d-e05b-4c1c-89ac-114a74810f45.png,0.8371425280663068,Facenet512,euclidean_l2,24.0,Markus Söder,markus.soeder
4195,d946bb69-ec58-4eb6-9c6b-0dd7725bf5f2,markus.soeder/2021-09-17_11-45-11_UTC_2.jpg,Armin Laschet,,,,,,Unknown,markus.soeder
4196,ac838f33-db0b-44a8-a69d-34e3eb149292,markus.soeder/2021-09-17_11-45-11_UTC_2.jpg,Unknown,,,,,,Unknown,markus.soeder
4197,c02975f8-ac71-42e4-a66d-d364cdc73cb8,markus.soeder/2021-09-17_11-45-11_UTC_2.jpg,Unknown,,,,,,Unknown,markus.soeder
4198,2ade9e6e-3a7d-4c10-8441-aa4e340fd303,markus.soeder/2021-09-17_11-45-11_UTC_2.jpg,Unknown,,,,,,Unknown,markus.soeder
4199,e9c17ded-b736-4949-bc61-71eca94dc6e8,markus.soeder/2021-09-17_11-45-11_UTC_2.jpg,Unknown,,,,,,Unknown,markus.soeder
4200,2758be86-a658-47c3-a0d3-63002fa00c83,markus.soeder/2021-09-13_14-47-26_UTC_1.jpg,Markus Söder,49bdb61e-e0b0-4666-9cf0-5c7ab16b2516.png,0.8400406586367534,Facenet512,euclidean_l2,18.0,Markus Söder,markus.soeder
4201,946d26a3-c666-4446-a5e9-a65969319a29,markus.soeder/2021-09-22_15-01-58_UTC.jpg,Unknown,,,,,,Unknown,markus.soeder
4202,097c6106-341d-4cf3-9f53-adfaf7834056,markus.soeder/2021-09-22_15-01-58_UTC.jpg,Markus Söder,d58b66d8-f621-4c58-9284-a999f266986a.png,0.4568339215016687,Facenet512,euclidean_l2,26.0,Markus Söder,markus.soeder
4203,88568471-3b7f-4632-8d5f-d6241cfda5dd,robert.habeck/2021-09-19_20-52-46_UTC.jpg,Unknown,,,,,,Unknown,robert.habeck
4204,ade2fbb7-4d1f-4841-8f25-ec8749b493a9,robert.habeck/2021-09-19_20-52-46_UTC.jpg,Unknown,,,,,,Unknown,robert.habeck
4205,c4775487-4e05-44fa-8a86-b57ac0ff3439,robert.habeck/2021-09-19_20-52-46_UTC.jpg,Unknown,,,,,,Unknown,robert.habeck
4206,0d33c915-9ae4-4fee-83f8-9e05ac481856,robert.habeck/2021-09-19_20-52-46_UTC.jpg,Robert Habeck,,,,,,Unknown,robert.habeck
4207,6b12bc49-ed20-4c3c-8107-69e13d5a73ea,markus.soeder/2021-09-17_13-31-31_UTC.jpg,Unknown,,,,,,Unknown,markus.soeder
4208,e535ab01-3703-49ab-8b8a-0db91c0d8a76,markus.soeder/2021-09-17_13-31-31_UTC.jpg,Unknown,,,,,,Unknown,markus.soeder
4209,726be3f3-d317-4709-8b38-513015ee0aee,markus.soeder/2021-09-17_13-31-31_UTC.jpg,Unknown,,,,,,Unknown,markus.soeder
4210,3fd1c989-cc9e-41b5-a5e0-c75868521445,markus.soeder/2021-09-17_13-31-31_UTC.jpg,Unknown,,,,,,Unknown,markus.soeder
4211,8359a82d-cfa6-4e44-8d0e-53bb5fa7cd37,markus.soeder/2021-09-24_06-15-09_UTC.jpg,Markus Söder,2e3825be-7e0c-4e62-b2c7-b9aea0bcb158.png,0.2374972039950531,Facenet512,euclidean_l2,26.0,Markus Söder,markus.soeder
4212,ae7d2114-425e-481d-b025-ed8214080ca4,markus.soeder/2021-09-14_07-32-45_UTC_1.jpg,Markus Söder,49bdb61e-e0b0-4666-9cf0-5c7ab16b2516.png,0.9890125794784868,Facenet512,euclidean_l2,8.0,Markus Söder,markus.soeder
4213,a7384da8-8e95-4d01-a748-d90f83a87536,markus.soeder/2021-09-14_07-32-45_UTC_1.jpg,Unknown,,,,,,Unknown,markus.soeder
4214,44d6a43d-875a-4eef-aeb3-3106f72b8db9,markus.soeder/2021-09-16_15-50-02_UTC_4.jpg,Unknown,,,,,,Unknown,markus.soeder
4215,72678cef-55f4-415e-90c5-b0d549ce6bd6,markus.soeder/2021-09-16_15-50-02_UTC_4.jpg,Unknown,,,,,,Unknown,markus.soeder
4216,c271ffa6-c2db-4692-a2c4-fb8742457c8b,markus.soeder/2021-09-16_15-50-02_UTC_4.jpg,Unknown,,,,,,Unknown,markus.soeder
4217,2f5b52f5-7b83-4d21-b95b-d5b33ffad420,markus.soeder/2021-09-16_15-50-02_UTC_4.jpg,Unknown,,,,,,Unknown,markus.soeder
4218,4fb3852a-c386-4c23-bec6-e4e1cb192038,markus.soeder/2021-09-16_15-50-02_UTC_4.jpg,Markus Söder,2e3825be-7e0c-4e62-b2c7-b9aea0bcb158.png,0.5893798064748378,Facenet512,euclidean_l2,26.0,Markus Söder,markus.soeder
4219,7ec15ba3-05af-4814-ac23-ed1cb9be0ded,markus.soeder/2021-09-16_15-50-02_UTC_4.jpg,Unknown,,,,,,Unknown,markus.soeder
4220,4d003506-3503-49b6-a945-658560a87036,markus.soeder/2021-09-16_15-50-02_UTC_4.jpg,Unknown,,,,,,Unknown,markus.soeder
4221,4bac266b-2ba0-4b35-ad5d-4b3193ffece4,markus.soeder/2021-09-15_15-55-29_UTC_3.jpg,Markus Söder,471d9645-9a33-471b-9e3e-5bfb82032fd8.png,0.6338132819690413,Facenet512,euclidean_l2,26.0,Markus Söder,markus.soeder
4222,22de15d9-f0ae-4a62-aac1-31ef886d6c38,markus.soeder/2021-09-14_09-31-19_UTC.jpg,Unknown,,,,,,Unknown,markus.soeder
4223,5137c64a-788b-42ce-93fb-2394f1fddc96,markus.soeder/2021-09-14_09-31-19_UTC.jpg,Unknown,,,,,,Unknown,markus.soeder
4224,e8a71d01-ecc8-4aca-ad09-7eca688c5392,markus.soeder/2021-09-24_17-43-58_UTC.jpg,Markus Söder,471d9645-9a33-471b-9e3e-5bfb82032fd8.png,0.6152611598382316,Facenet512,euclidean_l2,26.0,Markus Söder,markus.soeder
4225,34f4a52c-1110-4e61-90bb-f599d6fd82a6,markus.soeder/2021-09-23_05-30-49_UTC.jpg,Markus Söder,471d9645-9a33-471b-9e3e-5bfb82032fd8.png,0.5060737314548724,Facenet512,euclidean_l2,26.0,Markus Söder,markus.soeder
4226,20d680c8-b056-45dd-ae4c-cf1a4e68f16e,markus.soeder/2021-09-16_15-50-02_UTC_3.jpg,Markus Söder,aef8776f-6cb2-461e-aa5f-26798f3b263e.png,1.0363720528706628,Facenet512,euclidean_l2,2.0,Markus Söder,markus.soeder
4227,2173e175-d764-484a-a5b0-04608fe8676c,markus.soeder/2021-09-16_15-50-02_UTC_3.jpg,Unknown,49bdb61e-e0b0-4666-9cf0-5c7ab16b2516.png,1.036699032119884,Facenet512,euclidean_l2,2.0,Markus Söder,markus.soeder
4228,a5a7bfd8-f40e-434e-b078-6f62b901c141,markus.soeder/2021-09-16_15-50-02_UTC_3.jpg,Unknown,,,,,,Unknown,markus.soeder
4229,79253784-df82-4489-92a7-e97437a44eae,markus.soeder/2021-09-16_15-50-02_UTC_3.jpg,Unknown,,,,,,Unknown,markus.soeder
4230,1f0ef22d-74c7-4d6d-8e81-301bb4615f1b,markus.soeder/2021-09-16_15-50-02_UTC_3.jpg,Unknown,,,,,,Unknown,markus.soeder
4231,2e8b9102-41d7-44c1-abb6-288e0c63889b,markus.soeder/2021-09-22_05-00-10_UTC.jpg,Markus Söder,732bdb01-2da9-438e-9b36-04c89ad1eea4.png,0.4892751530505754,Facenet512,euclidean_l2,26.0,Markus Söder,markus.soeder
4232,4406eeb7-d8ed-4c59-8c8f-160fbec1c0c3,robert.habeck/2021-09-24_20-23-24_UTC_3.jpg,Unknown,,,,,,Unknown,robert.habeck
4233,8d9ebf0c-bfbe-4eff-96d4-9cdbe7450c87,robert.habeck/2021-09-24_20-23-24_UTC_3.jpg,Unknown,,,,,,Unknown,robert.habeck
4234,ce6e175c-86f9-42a7-a600-8004728f163f,markus.soeder/2021-09-17_11-45-11_UTC_1.jpg,Markus Söder,49bdb61e-e0b0-4666-9cf0-5c7ab16b2516.png,0.6875362574886884,Facenet512,euclidean_l2,26.0,Markus Söder,markus.soeder
4235,b3f1da3c-28fd-4d80-a74d-518b242605b9,markus.soeder/2021-09-17_11-45-11_UTC_1.jpg,Armin Laschet,,,,,,Unknown,markus.soeder
4236,25939870-961f-4099-89de-b095f498fa18,markus.soeder/2021-09-17_11-45-11_UTC_1.jpg,Unknown,,,,,,Unknown,markus.soeder
4237,a7570015-a372-41f4-ade0-02f748f4f6df,markus.soeder/2021-09-17_11-45-11_UTC_1.jpg,Unknown,,,,,,Unknown,markus.soeder
4238,036fff0c-0625-480e-8376-910e41db8ff9,markus.soeder/2021-09-17_11-45-11_UTC_1.jpg,Unknown,,,,,,Unknown,markus.soeder
4239,2dc87720-d75d-42cd-9b05-65d252aff6d3,markus.soeder/2021-09-21_14-32-44_UTC.jpg,Markus Söder,8cc74ed4-1eaf-489c-8072-432287400d9b.png,0.6193044328605491,Facenet512,euclidean_l2,24.0,Markus Söder,markus.soeder
4240,3c84676e-51e1-4845-a8a0-8be6a82fac03,markus.soeder/2021-09-15_05-00-53_UTC.jpg,Markus Söder,983080ac-9963-4313-84db-4ad3649257da.png,0.3737004771464016,Facenet512,euclidean_l2,26.0,Markus Söder,markus.soeder
4241,bab254ce-aaa1-4d0e-9028-fb256d5caa72,markus.soeder/2021-09-15_08-00-34_UTC.jpg,Markus Söder,af45e70d-e05b-4c1c-89ac-114a74810f45.png,0.2347310692084437,Facenet512,euclidean_l2,26.0,Markus Söder,markus.soeder
4242,eb3c1547-474f-424f-8f71-1de150dae7ef,markus.soeder/2021-09-21_15-12-47_UTC.jpg,Markus Söder,d58b66d8-f621-4c58-9284-a999f266986a.png,0.5417475570094735,Facenet512,euclidean_l2,26.0,Markus Söder,markus.soeder
4243,52ab07da-0604-469a-b687-59d310240caa,markus.soeder/2021-09-18_10-05-35_UTC_2.jpg,Unknown,,,,,,Unknown,markus.soeder
4244,23f20bd3-5048-4df3-98e4-1dbd552029e2,markus.soeder/2021-09-18_10-05-35_UTC_2.jpg,Unknown,,,,,,Unknown,markus.soeder
4245,24f8e4ef-2ccb-45c5-9bad-d7152b53b697,markus.soeder/2021-09-18_10-05-35_UTC_2.jpg,Unknown,,,,,,Unknown,markus.soeder
4246,fd62d927-b82d-46cd-8cb6-df59ec2209a5,markus.soeder/2021-09-18_10-05-35_UTC_2.jpg,Markus Söder,d58b66d8-f621-4c58-9284-a999f266986a.png,0.6838524734106665,Facenet512,euclidean_l2,26.0,Markus Söder,markus.soeder
4247,faafea47-65de-47a3-906c-11ac77f59a4a,markus.soeder/2021-09-24_18-00-27_UTC_1.jpg,Unknown,,,,,,Unknown,markus.soeder
4248,35feddc0-6b4f-4f03-94a3-1e164432dc62,markus.soeder/2021-09-24_18-00-27_UTC_1.jpg,Markus Söder,49bdb61e-e0b0-4666-9cf0-5c7ab16b2516.png,0.9011815150212638,Facenet512,euclidean_l2,10.0,Markus Söder,markus.soeder
4249,93eed719-fccd-4f1c-b215-54472ba8a240,markus.soeder/2021-09-24_18-00-27_UTC_1.jpg,Armin Laschet,,,,,,Unknown,markus.soeder
4250,a5559eb6-4d3b-4988-9143-8de94476381a,markus.soeder/2021-09-24_18-00-27_UTC_1.jpg,Unknown,,,,,,Unknown,markus.soeder
4251,c6fa077e-b345-4c6f-90c2-ca10475bfc03,markus.soeder/2021-09-24_18-00-27_UTC_1.jpg,Unknown,,,,,,Unknown,markus.soeder
4252,e4a04658-35de-476b-8ed3-970492689f55,markus.soeder/2021-09-24_18-00-27_UTC_1.jpg,Unknown,,,,,,Unknown,markus.soeder
4253,d2e44f38-093f-41f0-9fe0-ef05baa08c70,markus.soeder/2021-09-24_18-00-27_UTC_1.jpg,Unknown,,,,,,Unknown,markus.soeder
4254,e34358d8-9aa9-4d71-a32c-70cb92ac3845,markus.soeder/2021-09-23_18-11-21_UTC.jpg,Armin Laschet,,,,,,Unknown,markus.soeder
4255,5f5ab89b-dd17-4d89-a454-a727a4300ea9,markus.soeder/2021-09-23_18-11-21_UTC.jpg,Markus Söder,471d9645-9a33-471b-9e3e-5bfb82032fd8.png,0.6528594283653696,Facenet512,euclidean_l2,26.0,Markus Söder,markus.soeder
4256,6a57ff0c-b5b1-4a62-b2fd-8baccb4ed2e0,markus.soeder/2021-09-23_06-45-55_UTC.jpg,Markus Söder,49bdb61e-e0b0-4666-9cf0-5c7ab16b2516.png,0.9403472673271458,Facenet512,euclidean_l2,12.0,Markus Söder,markus.soeder
4257,7c731959-98a2-4463-9519-edfb7b7e7278,markus.soeder/2021-09-16_10-22-44_UTC_1.jpg,Markus Söder,49bdb61e-e0b0-4666-9cf0-5c7ab16b2516.png,0.792029345039398,Facenet512,euclidean_l2,20.0,Markus Söder,markus.soeder
4258,223fd641-3461-49f7-82c8-e440593f0e29,robert.habeck/2021-09-23_09-08-52_UTC_2.jpg,Unknown,,,,,,Unknown,robert.habeck
4259,ac7467e3-945c-4cde-a201-5ed81aa04735,markus.soeder/2021-09-20_14-35-36_UTC.jpg,Markus Söder,,,,,,Unknown,markus.soeder
4260,a7997aa4-3738-4080-810b-cd909f2dd000,markus.soeder/2021-09-20_14-35-36_UTC.jpg,Unknown,,,,,,Unknown,markus.soeder
4261,0d6a8425-2fce-4606-92ff-27199fae29d2,markus.soeder/2021-09-18_10-05-35_UTC_1.jpg,Markus Söder,soeder.jpeg,0.5575187830272242,Facenet512,euclidean_l2,26.0,Markus Söder,markus.soeder
4262,3af9ab65-b85c-424f-85c9-94546046e466,markus.soeder/2021-09-26_05-00-58_UTC.jpg,Markus Söder,d58b66d8-f621-4c58-9284-a999f266986a.png,0.2953209179517764,Facenet512,euclidean_l2,26.0,Markus Söder,markus.soeder
4263,ce7a62d1-bae9-4615-99fc-a67b1f945b9b,markus.soeder/2021-09-20_11-09-29_UTC_2.jpg,Unknown,,,,,,Unknown,markus.soeder
4264,b5911f4f-e02b-487f-8917-9ddfe6a40595,markus.soeder/2021-09-20_11-09-29_UTC_2.jpg,Unknown,,,,,,Unknown,markus.soeder
4265,08917d88-16ed-47ac-93d8-d1328ee2159d,markus.soeder/2021-09-20_11-09-29_UTC_2.jpg,Markus Söder,d58b66d8-f621-4c58-9284-a999f266986a.png,0.5934457096599143,Facenet512,euclidean_l2,26.0,Markus Söder,markus.soeder
4266,4db9f9ff-aab0-4e8a-8db5-1bb4c346a649,markus.soeder/2021-09-20_11-09-29_UTC_2.jpg,Unknown,,,,,,Unknown,markus.soeder
4267,76dd50d3-d16f-4908-8857-f21e3cf35c19,markus.soeder/2021-09-20_11-09-29_UTC_2.jpg,Unknown,,,,,,Unknown,markus.soeder
4268,aa37e9dd-56c4-4f6d-ad78-b61e023a8b83,markus.soeder/2021-09-20_11-09-29_UTC_2.jpg,Unknown,,,,,,Unknown,markus.soeder
4269,ea482ed9-bac1-47c8-90bb-b5c8e0d55200,markus.soeder/2021-09-20_11-09-29_UTC_2.jpg,Unknown,,,,,,Unknown,markus.soeder
4270,e4b53639-ff05-42cc-9db2-eae3fd61750d,markus.soeder/2021-09-20_11-09-29_UTC_2.jpg,Unknown,,,,,,Unknown,markus.soeder
4271,f1d3413a-0a83-470e-9487-6bd4dc0ed8dc,markus.soeder/2021-09-20_11-09-29_UTC_2.jpg,Unknown,,,,,,Unknown,markus.soeder
4272,11c9d9ed-a7f9-4f36-bdb0-46e3f03d17c0,markus.soeder/2021-09-20_11-09-29_UTC_2.jpg,Unknown,,,,,,Unknown,markus.soeder
4273,906412f9-80a3-4baa-bc1b-8c00da40ec11,markus.soeder/2021-09-20_11-09-29_UTC_2.jpg,Unknown,,,,,,Unknown,markus.soeder
4274,934f5c2f-00dc-4fb6-8da3-6f6ae445d2ce,markus.soeder/2021-09-20_11-09-29_UTC_2.jpg,Unknown,,,,,,Unknown,markus.soeder
4275,0310160e-48fd-470f-9e61-ca184795a13c,markus.soeder/2021-09-20_11-09-29_UTC_2.jpg,Unknown,,,,,,Unknown,markus.soeder
4276,5552551c-70ce-493c-9023-aba4e3cf4025,markus.soeder/2021-09-16_16-00-56_UTC.jpg,Markus Söder,471d9645-9a33-471b-9e3e-5bfb82032fd8.png,0.3263466708963746,Facenet512,euclidean_l2,26.0,Markus Söder,markus.soeder
4277,0d4ecf97-987a-4d2a-bd21-717292db4c83,markus.soeder/2021-09-17_11-05-37_UTC_3.jpg,Unknown,,,,,,Unknown,markus.soeder
4278,d8669ac5-c0f3-4382-b317-f82d503617cb,markus.soeder/2021-09-17_11-05-37_UTC_3.jpg,Markus Söder,d58b66d8-f621-4c58-9284-a999f266986a.png,0.6916320376548822,Facenet512,euclidean_l2,26.0,Markus Söder,markus.soeder
4279,576aad00-a833-47de-8235-cba2a4512109,markus.soeder/2021-09-20_13-34-41_UTC.jpg,Markus Söder,dade5d2a-6e44-4700-a1b0-7a6449735c40.png,0.2685234997217153,Facenet512,euclidean_l2,26.0,Markus Söder,markus.soeder
4280,3a3e6556-f783-4cdf-a2f6-bd541afbe691,markus.soeder/2021-09-20_11-09-29_UTC_3.jpg,Markus Söder,d58b66d8-f621-4c58-9284-a999f266986a.png,0.4779326965683849,Facenet512,euclidean_l2,26.0,Markus Söder,markus.soeder
4281,91b3e4ff-fe62-4fc4-818d-5ecdb8a587a9,markus.soeder/2021-09-20_11-09-29_UTC_3.jpg,Unknown,,,,,,Unknown,markus.soeder
4282,894f45e4-f380-46a7-9750-84bf65bb154d,markus.soeder/2021-09-18_10-05-35_UTC_4.jpg,Markus Söder,732bdb01-2da9-438e-9b36-04c89ad1eea4.png,0.6871219134109466,Facenet512,euclidean_l2,26.0,Markus Söder,markus.soeder
4283,28cdd2bc-e054-4570-99ad-d417d85b6476,markus.soeder/2021-09-18_10-05-35_UTC_4.jpg,Unknown,,,,,,Unknown,markus.soeder
4284,f1998f07-25c1-492c-881c-11ffafecc572,markus.soeder/2021-09-18_10-05-35_UTC_4.jpg,Unknown,,,,,,Unknown,markus.soeder
4285,bd8ee23d-7b66-4bcb-ad55-293450fa6cb0,markus.soeder/2021-09-12_20-09-57_UTC.jpg,Markus Söder,d58b66d8-f621-4c58-9284-a999f266986a.png,0.6063669651478586,Facenet512,euclidean_l2,26.0,Markus Söder,markus.soeder
4286,55a62928-9b47-44c6-a351-9a28f7525a07,robert.habeck/2021-09-15_08-15-16_UTC_6.jpg,Unknown,,,,,,Unknown,robert.habeck
4287,ecc578af-375d-404c-9fb4-87e98e292425,markus.soeder/2021-09-16_15-50-02_UTC_2.jpg,Markus Söder,7b71cbfb-e1d9-44c4-98cf-df3e9761a43b.png,0.8380984077233474,Facenet512,euclidean_l2,18.0,Markus Söder,markus.soeder
4288,5b06d092-45c0-497a-8962-be0bc83d4d5e,markus.soeder/2021-09-16_15-50-02_UTC_2.jpg,Unknown,,,,,,Unknown,markus.soeder
4289,1e811cd7-e931-4448-a661-6b109604dbbc,markus.soeder/2021-09-16_15-50-02_UTC_2.jpg,Unknown,,,,,,Unknown,markus.soeder
4290,96127730-6809-4226-8d06-85e91029703b,markus.soeder/2021-09-16_15-50-02_UTC_2.jpg,Unknown,,,,,,Unknown,markus.soeder
4291,da2c5e6e-5cbc-4d29-a85d-eeb8a5766417,markus.soeder/2021-09-24_10-51-37_UTC_3.jpg,Markus Söder,8cc74ed4-1eaf-489c-8072-432287400d9b.png,0.5732389212306442,Facenet512,euclidean_l2,26.0,Markus Söder,markus.soeder
4292,22e2ee11-8ba4-4597-adcd-84ed11948bc9,markus.soeder/2021-09-16_15-50-02_UTC_1.jpg,Markus Söder,dade5d2a-6e44-4700-a1b0-7a6449735c40.png,0.8451001808018855,Facenet512,euclidean_l2,22.0,Markus Söder,markus.soeder
4293,a30ed3f3-d045-4182-a597-d27f886e82fb,markus.soeder/2021-09-16_15-50-02_UTC_1.jpg,Unknown,,,,,,Unknown,markus.soeder
4294,1e720165-b897-40ad-80bb-4af0c7d93194,markus.soeder/2021-09-16_15-50-02_UTC_1.jpg,Unknown,,,,,,Unknown,markus.soeder
4295,6611068c-dd2b-4502-a909-a77a59635236,markus.soeder/2021-09-24_05-24-04_UTC.jpg,Markus Söder,2e3825be-7e0c-4e62-b2c7-b9aea0bcb158.png,0.5349298914532185,Facenet512,euclidean_l2,26.0,Markus Söder,markus.soeder
4296,794381eb-9159-464c-923e-2af6d24d5e1a,markus.soeder/2021-09-15_15-55-29_UTC_2.jpg,Markus Söder,2e3825be-7e0c-4e62-b2c7-b9aea0bcb158.png,0.7217371104720237,Facenet512,euclidean_l2,24.0,Markus Söder,markus.soeder
4297,1291b107-1acc-4d03-aba7-248b9b98ff2e,markus.soeder/2021-09-26_08-32-39_UTC.jpg,Unknown,,,,,,Unknown,markus.soeder
4298,84e922ef-8133-4197-b388-2dd5f5424947,markus.soeder/2021-09-26_08-32-39_UTC.jpg,Markus Söder,983080ac-9963-4313-84db-4ad3649257da.png,0.9705419969078928,Facenet512,euclidean_l2,10.0,Markus Söder,markus.soeder
4299,eb89b724-579d-40db-a211-97038bf4ea7a,markus.soeder/2021-09-26_08-32-39_UTC.jpg,Unknown,,,,,,Unknown,markus.soeder
4300,18147c0f-de88-45ee-a573-ff418a03ec75,markus.soeder/2021-09-26_08-32-39_UTC.jpg,Unknown,,,,,,Unknown,markus.soeder
4301,58c4847a-0dce-4ad0-8c7b-e773d71d6064,markus.soeder/2021-09-26_08-32-39_UTC.jpg,Unknown,,,,,,Unknown,markus.soeder
4302,2d81b78c-cfc2-46f2-8193-e896c52a8591,markus.soeder/2021-09-13_14-47-26_UTC_2.jpg,Markus Söder,d58b66d8-f621-4c58-9284-a999f266986a.png,0.8590896943605281,Facenet512,euclidean_l2,18.0,Markus Söder,markus.soeder
4303,dcfc7ff1-50a4-46c0-b3e0-930052834276,markus.soeder/2021-09-13_14-47-26_UTC_2.jpg,Unknown,,,,,,Unknown,markus.soeder
4304,89c45b3e-1f5f-409b-ab6a-bedd202397af,markus.soeder/2021-09-15_15-55-29_UTC_1.jpg,Unknown,,,,,,Unknown,markus.soeder
4305,143db11e-f3b0-4149-af5e-4738bf15f40d,markus.soeder/2021-09-15_15-55-29_UTC_1.jpg,Markus Söder,471d9645-9a33-471b-9e3e-5bfb82032fd8.png,0.7224647041781275,Facenet512,euclidean_l2,26.0,Markus Söder,markus.soeder
4306,f4236f86-3901-4abe-9c80-5d02a7a4467f,markus.soeder/2021-09-24_10-51-37_UTC_2.jpg,Unknown,,,,,,Unknown,markus.soeder
4307,03d6dd78-8ba3-4b94-b216-b1d7c6b460b5,markus.soeder/2021-09-24_10-51-37_UTC_2.jpg,Unknown,,,,,,Unknown,markus.soeder
4308,e808b1ba-0ac9-4ee9-8607-9fde70847a17,markus.soeder/2021-09-24_10-51-37_UTC_2.jpg,Markus Söder,49bdb61e-e0b0-4666-9cf0-5c7ab16b2516.png,0.7829385816797884,Facenet512,euclidean_l2,18.0,Markus Söder,markus.soeder
4309,764e8530-343d-494d-b309-a784680dc2e1,markus.soeder/2021-09-24_10-51-37_UTC_2.jpg,Unknown,,,,,,Unknown,markus.soeder
4310,8001c267-5869-446e-a04d-e05d2122d2e6,markus.soeder/2021-09-15_14-55-59_UTC_2.jpg,Unknown,,,,,,Unknown,markus.soeder
4311,52d44350-05de-4729-8118-3f43e476a404,markus.soeder/2021-09-15_14-55-59_UTC_2.jpg,Unknown,,,,,,Unknown,markus.soeder
4312,ca65b901-94a8-4aff-94f6-6dce55c35126,markus.soeder/2021-09-15_14-55-59_UTC_2.jpg,Markus Söder,,,,,,Unknown,markus.soeder
4313,76a34351-b28b-49ba-8d1f-d10d75ff948a,robert.habeck/2021-09-15_08-15-16_UTC_4.jpg,Unknown,,,,,,Unknown,robert.habeck
4314,649d937f-774f-4ce0-9a34-cde25e460b49,robert.habeck/2021-09-15_08-15-16_UTC_4.jpg,Unknown,,,,,,Unknown,robert.habeck
4315,0522e3e6-3c95-4e78-8931-f2acad4b9ea0,robert.habeck/2021-09-15_08-15-16_UTC_4.jpg,Unknown,,,,,,Unknown,robert.habeck
4316,81f62882-8e9f-4310-a004-40dd5180ccb7,robert.habeck/2021-09-15_08-15-16_UTC_4.jpg,Unknown,,,,,,Unknown,robert.habeck
4317,c7173ce7-d40d-431d-844b-eb47f4fce6c0,robert.habeck/2021-09-15_08-15-16_UTC_4.jpg,Unknown,,,,,,Unknown,robert.habeck
4318,4a4856a4-aff1-4793-ba0b-e660dab4dbb9,markus.soeder/2021-09-16_10-22-44_UTC_3.jpg,Markus Söder,49bdb61e-e0b0-4666-9cf0-5c7ab16b2516.png,0.9205812298783764,Facenet512,euclidean_l2,6.0,Markus Söder,markus.soeder
4319,0213a4d0-1d4a-4448-a702-f18bcd2d0b98,markus.soeder/2021-09-19_12-43-37_UTC.jpg,Unknown,,,,,,Unknown,markus.soeder
4320,89118434-38d3-4375-83f7-984eb0e4b376,markus.soeder/2021-09-19_12-43-37_UTC.jpg,Markus Söder,49bdb61e-e0b0-4666-9cf0-5c7ab16b2516.png,0.8097432159868738,Facenet512,euclidean_l2,26.0,Markus Söder,markus.soeder
4321,cb3a7d4c-7860-4e09-8d69-d61f7dece605,markus.soeder/2021-09-19_12-43-37_UTC.jpg,Unknown,,,,,,Unknown,markus.soeder
4322,7e32bc35-aec3-4eb7-8b78-a8be51fa23ac,nicola_beer/2021-09-15_16-46-55_UTC_1.jpg,Nicola Beer,,,,,,Unknown,nicola_beer
4323,f38690af-748f-41c1-8d08-3f1e26d7c785,nicola_beer/2021-09-19_10-11-42_UTC.jpg,Unknown,,,,,,Unknown,nicola_beer
4324,dd8e84c7-0ee6-4b6f-a661-fea34daf1784,nicola_beer/2021-09-19_10-11-42_UTC.jpg,Unknown,,,,,,Unknown,nicola_beer
4325,2e5a24cd-a656-4f71-9dcb-11c99afe69b4,nicola_beer/2021-09-19_10-11-42_UTC.jpg,Nicola Beer,,,,,,Unknown,nicola_beer
4326,11947e8b-b627-4cf2-aec5-5629a88d8e4e,nicola_beer/2021-09-19_10-11-42_UTC.jpg,Unknown,,,,,,Unknown,nicola_beer
4327,1893c460-c111-4841-80fc-4d61c3a4f283,nicola_beer/2021-09-19_10-11-42_UTC.jpg,Unknown,,,,,,Unknown,nicola_beer
4328,486942a0-e4a7-4000-bbad-fc724fcb4ec6,nicola_beer/2021-09-19_10-11-42_UTC.jpg,Unknown,,,,,,Unknown,nicola_beer
4329,e3279e74-2296-41a7-a348-2b9e37da4843,nicola_beer/2021-09-19_10-11-42_UTC.jpg,Unknown,,,,,,Unknown,nicola_beer
4330,b36ed0ab-2167-46ee-bb24-c499e63f7cff,nicola_beer/2021-09-19_10-11-42_UTC.jpg,Unknown,,,,,,Unknown,nicola_beer
4331,3542f134-be95-4dcb-afe7-29b74e6458e8,nicola_beer/2021-09-19_10-11-42_UTC.jpg,Unknown,,,,,,Unknown,nicola_beer
4332,75007089-12bf-40d3-948a-54ea66234234,nicola_beer/2021-09-19_10-11-42_UTC.jpg,Unknown,,,,,,Unknown,nicola_beer
4333,8c2073f0-433e-42b6-b910-f1bc2f50b635,nicola_beer/2021-09-19_10-11-42_UTC.jpg,Unknown,,,,,,Unknown,nicola_beer
4334,8c0e422f-1bb1-47fb-8d8e-65fdf9bb03dd,nicola_beer/2021-09-19_10-11-42_UTC.jpg,Unknown,,,,,,Unknown,nicola_beer
4335,01199979-bceb-4b7c-bf1a-cf0eaa29bc64,nicola_beer/2021-09-19_10-11-42_UTC.jpg,Unknown,,,,,,Unknown,nicola_beer
4336,3f37c8bd-d92c-463b-9d3a-d44f679a7d3d,nicola_beer/2021-09-19_10-11-42_UTC.jpg,Unknown,,,,,,Unknown,nicola_beer
4337,284526c5-85a8-46e1-95a1-0ab000ae89da,nicola_beer/2021-09-22_14-59-21_UTC.jpg,Unknown,,,,,,Unknown,nicola_beer
4338,e9f73c71-433c-42d1-bebc-a17394c25069,nicola_beer/2021-09-22_14-59-21_UTC.jpg,Unknown,,,,,,Unknown,nicola_beer
4339,969fcc51-0561-403f-873b-1c8c014b0b1a,nicola_beer/2021-09-22_14-59-21_UTC.jpg,Unknown,,,,,,Unknown,nicola_beer
4340,ad688af4-17be-4e53-90ed-8ce9c910936b,nicola_beer/2021-09-22_14-59-21_UTC.jpg,Unknown,,,,,,Unknown,nicola_beer
4341,4634dab6-81d0-422d-8dc8-bff8d586ecb6,nicola_beer/2021-09-22_14-59-21_UTC.jpg,Nicola Beer,,,,,,Unknown,nicola_beer
4342,9e5192b3-29fc-41f5-be66-8d04d29a6cc5,nicola_beer/2021-09-22_14-59-21_UTC.jpg,Unknown,,,,,,Unknown,nicola_beer
4343,3e458b15-9b9c-4b82-83d2-07bf2820bcf3,nicola_beer/2021-09-22_14-59-21_UTC.jpg,Unknown,,,,,,Unknown,nicola_beer
4344,520ac142-55f8-4d56-970f-d5e77ec5c82f,nicola_beer/2021-09-21_21-03-29_UTC_1.jpg,Nicola Beer,,,,,,Unknown,nicola_beer
4345,c27f30c6-ae5d-475a-8d0b-566b3ce96487,nicola_beer/2021-09-21_21-03-29_UTC_1.jpg,Unknown,,,,,,Unknown,nicola_beer
4346,03ac118c-bf6b-4ab7-bfde-d7eb7bb4257e,nicola_beer/2021-09-25_16-53-57_UTC_1.jpg,Nicola Beer,,,,,,Unknown,nicola_beer
4347,1dab7b89-6117-4104-955f-ab9aecb02d2a,nicola_beer/2021-09-25_16-53-57_UTC_1.jpg,Unknown,,,,,,Unknown,nicola_beer
4348,1a951f95-e475-41af-b2a2-fbfd969c33c9,nicola_beer/2021-09-25_16-53-57_UTC_1.jpg,Unknown,,,,,,Unknown,nicola_beer
4349,fbb2c37b-672d-4c1e-92b8-3e49062924e4,nicola_beer/2021-09-25_16-53-57_UTC_1.jpg,Unknown,,,,,,Unknown,nicola_beer
4350,1669af75-6c23-461a-bdcc-c0337179a15e,nicola_beer/2021-09-25_16-53-57_UTC_1.jpg,Unknown,,,,,,Unknown,nicola_beer
4351,14bd9933-9874-4d80-80ce-467fe9c54aad,nicola_beer/2021-09-25_16-53-57_UTC_1.jpg,Unknown,,,,,,Unknown,nicola_beer
4352,5a0933e0-3862-4bb8-b7e6-60727c7a9010,nicola_beer/2021-09-25_16-53-57_UTC_1.jpg,Unknown,,,,,,Unknown,nicola_beer
4353,e7a4a72b-f7e9-424e-87da-0a3608f51a51,nicola_beer/2021-09-25_16-53-57_UTC_1.jpg,Unknown,,,,,,Unknown,nicola_beer
4354,a6219207-daa5-4f49-bbab-75b172d2242d,nicola_beer/2021-09-25_16-53-57_UTC_1.jpg,Unknown,,,,,,Unknown,nicola_beer
4355,d5e795f8-9a30-4430-af0b-3e38a855c257,nicola_beer/2021-09-25_16-53-57_UTC_1.jpg,Unknown,,,,,,Unknown,nicola_beer
4356,35e4fe1d-0c11-4dc0-8e98-14262226d6dc,nicola_beer/2021-09-25_16-53-57_UTC_1.jpg,Unknown,,,,,,Unknown,nicola_beer
4357,c4dad76c-de18-4c46-b288-f6fd2cb25a5e,nicola_beer/2021-09-25_16-53-57_UTC_1.jpg,Unknown,,,,,,Unknown,nicola_beer
4358,a5563b14-13b7-4840-8029-8cb08b75768a,nicola_beer/2021-09-25_16-53-57_UTC_1.jpg,Unknown,,,,,,Unknown,nicola_beer
4359,18bc2b1c-4545-425d-9631-0ee44e306b7f,nicola_beer/2021-09-25_16-53-57_UTC_1.jpg,Unknown,,,,,,Unknown,nicola_beer
4360,7fe00cb5-43ad-4bee-9296-0e233e72e4e8,nicola_beer/2021-09-25_16-53-57_UTC_1.jpg,Unknown,,,,,,Unknown,nicola_beer
4361,41e699d2-7a71-4d35-bb7c-e065447689ad,nicola_beer/2021-09-25_16-53-57_UTC_1.jpg,Unknown,,,,,,Unknown,nicola_beer
4362,bc967743-c4ca-43ac-ac17-8f63a9d25173,nicola_beer/2021-09-23_12-42-44_UTC_3.jpg,Nicola Beer,,,,,,Unknown,nicola_beer
4363,b9b0cc6a-d340-4ce2-9311-b4b97e073719,nicola_beer/2021-09-23_12-42-44_UTC_3.jpg,Unknown,,,,,,Unknown,nicola_beer
4364,460b3ab7-5a62-4398-b4d1-41be431d06ea,nicola_beer/2021-09-23_12-42-44_UTC_3.jpg,Unknown,,,,,,Unknown,nicola_beer
4365,84275207-65ee-4edb-a1fb-7a034a4b7750,nicola_beer/2021-09-23_12-42-44_UTC_3.jpg,Unknown,,,,,,Unknown,nicola_beer
4366,5576a7eb-f824-46ab-8b57-1db6f8e88773,nicola_beer/2021-09-23_12-42-44_UTC_3.jpg,Unknown,,,,,,Unknown,nicola_beer
4367,9aa680c8-6650-4c58-8d64-e3b560e8f6ce,nicola_beer/2021-09-23_12-42-44_UTC_3.jpg,Unknown,,,,,,Unknown,nicola_beer
4368,86c78fbc-1931-41fb-ae70-afccf708b3d7,nicola_beer/2021-09-23_12-42-44_UTC_3.jpg,Unknown,,,,,,Unknown,nicola_beer
4369,2f855cba-54c1-4ea6-884b-cc304c3c4409,nicola_beer/2021-09-23_12-42-44_UTC_3.jpg,Unknown,,,,,,Unknown,nicola_beer
4370,4fc5764b-9cbc-4600-9804-a9c2a0893c8c,nicola_beer/2021-09-23_12-42-44_UTC_3.jpg,Unknown,,,,,,Unknown,nicola_beer
4371,cbad6eb6-71d6-4539-a94d-01be23d38f34,nicola_beer/2021-09-19_09-58-49_UTC_3.jpg,Nicola Beer,,,,,,Unknown,nicola_beer
4372,a5e10b05-f259-470a-8ffd-15f76778d8c6,nicola_beer/2021-09-19_13-53-28_UTC_2.jpg,Unknown,,,,,,Unknown,nicola_beer
4373,e5823a74-5a2e-4e0a-8e67-726d2aaac500,nicola_beer/2021-09-19_13-53-28_UTC_2.jpg,Nicola Beer,,,,,,Unknown,nicola_beer
4374,c2787780-3236-44bd-af5a-ed574fa4b94b,nicola_beer/2021-09-19_13-53-28_UTC_2.jpg,Christian Lindner,,,,,,Unknown,nicola_beer
4375,4c745a06-849c-42a0-b14f-689f98cf4325,nicola_beer/2021-09-19_13-53-28_UTC_2.jpg,Unknown,,,,,,Unknown,nicola_beer
4376,646ae25f-a51b-462f-a514-8b041efd0b2d,robert.habeck/2021-09-21_07-27-48_UTC_10.jpg,Robert Habeck,,,,,,Unknown,robert.habeck
4377,82697707-0685-4f46-a2ae-dc006b98e2fb,robert.habeck/2021-09-21_07-27-48_UTC_10.jpg,Unknown,,,,,,Unknown,robert.habeck
4378,e6304c84-6faf-407b-8b70-3bd8ccb66f81,robert.habeck/2021-09-21_07-27-48_UTC_10.jpg,Unknown,,,,,,Unknown,robert.habeck
4379,4ce15f6f-0066-4c72-b990-ca8fa02a8cb1,robert.habeck/2021-09-21_07-27-48_UTC_10.jpg,Unknown,,,,,,Unknown,robert.habeck
4380,b299bc0e-7a3c-4087-a7da-3b5d2d09d54d,robert.habeck/2021-09-21_07-27-48_UTC_10.jpg,Unknown,,,,,,Unknown,robert.habeck
4381,92cd5a7c-01b0-418d-b846-7bc61b842704,nicola_beer/2021-09-19_13-53-28_UTC_1.jpg,Unknown,,,,,,Unknown,nicola_beer
4382,26a613bf-4f02-4f3d-bf80-08302626ed18,nicola_beer/2021-09-19_13-53-28_UTC_1.jpg,Nicola Beer,,,,,,Unknown,nicola_beer
4383,bd8a064b-bd53-488c-a187-7a0c20c9a298,nicola_beer/2021-09-19_13-53-28_UTC_1.jpg,Unknown,,,,,,Unknown,nicola_beer
4384,787106ab-d990-433e-8ce3-49e2ffa6c4d7,nicola_beer/2021-09-19_13-53-28_UTC_1.jpg,Unknown,,,,,,Unknown,nicola_beer
4385,b374d519-0f90-4123-8455-897528ebd14b,nicola_beer/2021-09-19_13-53-28_UTC_1.jpg,Unknown,,,,,,Unknown,nicola_beer
4386,a45ca3c1-b45f-49af-ab92-a72cf84a4bf6,nicola_beer/2021-09-19_13-53-28_UTC_1.jpg,Unknown,,,,,,Unknown,nicola_beer
4387,8a2ddf22-cd4d-4f12-aec8-d949a1ec9e18,nicola_beer/2021-09-19_13-53-28_UTC_1.jpg,Unknown,,,,,,Unknown,nicola_beer
4388,0f3dda75-4a2e-4b2d-8e3c-fd7a487c68e0,nicola_beer/2021-09-19_13-53-28_UTC_1.jpg,Christian Lindner,,,,,,Unknown,nicola_beer
4389,5dc285f5-2e9b-4db7-a496-840beb4e141e,nicola_beer/2021-09-19_13-53-28_UTC_1.jpg,Unknown,,,,,,Unknown,nicola_beer
4390,01312633-eb0b-405d-a8e4-5396e10affd4,nicola_beer/2021-09-19_13-53-28_UTC_1.jpg,Unknown,,,,,,Unknown,nicola_beer
4391,1a9479ed-249e-4bf3-8860-a66632c40317,nicola_beer/2021-09-19_13-53-28_UTC_1.jpg,Unknown,,,,,,Unknown,nicola_beer
4392,672884ee-4951-4852-aa30-7977e210feb3,nicola_beer/2021-09-19_13-53-28_UTC_1.jpg,Unknown,,,,,,Unknown,nicola_beer
4393,eaf23ef9-2538-4757-80d4-e6a30d13bb5b,nicola_beer/2021-09-19_13-53-28_UTC_1.jpg,Unknown,,,,,,Unknown,nicola_beer
4394,6211fcb3-3965-4170-ad0c-2a99f18f1ed6,nicola_beer/2021-09-19_13-53-28_UTC_1.jpg,Unknown,,,,,,Unknown,nicola_beer
4395,35a71a53-ccb1-4300-9b1e-42e81db479d4,nicola_beer/2021-09-21_21-03-29_UTC_3.jpg,Nicola Beer,,,,,,Unknown,nicola_beer
4396,c42fe350-d46b-4f51-b565-b070dbb04e70,nicola_beer/2021-09-21_21-03-29_UTC_3.jpg,Unknown,,,,,,Unknown,nicola_beer
4397,04b55d1b-032c-4601-b17d-49ee5e812edc,nicola_beer/2021-09-23_12-42-44_UTC_5.jpg,Unknown,,,,,,Unknown,nicola_beer
4398,b4ca6195-3c3b-43e2-8cf4-be05d755f71c,nicola_beer/2021-09-23_12-42-44_UTC_5.jpg,Unknown,,,,,,Unknown,nicola_beer
4399,e6f87a9a-6eca-4d57-bebc-ced4ad0920fc,nicola_beer/2021-09-23_12-42-44_UTC_5.jpg,Nicola Beer,,,,,,Unknown,nicola_beer
4400,9182c033-b6ce-49e9-ada8-01c1ea88d8b9,nicola_beer/2021-09-23_12-42-44_UTC_5.jpg,Unknown,,,,,,Unknown,nicola_beer
4401,ad537a77-7e20-496c-99fc-db857a80f414,nicola_beer/2021-09-25_16-53-57_UTC_4.jpg,Unknown,,,,,,Unknown,nicola_beer
4402,d40e699f-e2b1-461e-9328-7e987c5aef34,nicola_beer/2021-09-25_16-53-57_UTC_4.jpg,Unknown,,,,,,Unknown,nicola_beer
4403,2a465edb-4d82-4e65-ac1e-6897755e8ea7,nicola_beer/2021-09-25_16-53-57_UTC_4.jpg,Unknown,,,,,,Unknown,nicola_beer
4404,c89ddc18-fad2-48ec-9319-ff18cced4cf1,nicola_beer/2021-09-25_16-53-57_UTC_4.jpg,Unknown,,,,,,Unknown,nicola_beer
4405,909e9ca7-150c-4c37-804b-31827b59e143,nicola_beer/2021-09-25_16-53-57_UTC_4.jpg,Unknown,,,,,,Unknown,nicola_beer
4406,64de19f6-2a24-454c-98fb-81cb2a6889ce,nicola_beer/2021-09-25_16-53-57_UTC_4.jpg,Unknown,,,,,,Unknown,nicola_beer
4407,d615b045-fe4c-4f58-9c4e-4f37f6208785,nicola_beer/2021-09-25_16-53-57_UTC_4.jpg,Unknown,,,,,,Unknown,nicola_beer
4408,bc2aeeda-a519-41df-abfd-11c9389a553c,nicola_beer/2021-09-25_16-53-57_UTC_4.jpg,Unknown,,,,,,Unknown,nicola_beer
4409,cda5bb66-b8b5-4422-a4b7-de47a24b60cf,nicola_beer/2021-09-25_16-53-57_UTC_4.jpg,Unknown,,,,,,Unknown,nicola_beer
4410,55e77ed1-cfc3-4115-ab90-d348a68b89f8,nicola_beer/2021-09-25_16-53-57_UTC_4.jpg,Unknown,,,,,,Unknown,nicola_beer
4411,62b4067f-dd39-453d-a457-cf21f3d1df93,nicola_beer/2021-09-25_16-53-57_UTC_4.jpg,Unknown,,,,,,Unknown,nicola_beer
4412,69ac3678-8e5f-421f-ac28-5194ab025c5a,nicola_beer/2021-09-25_16-53-57_UTC_4.jpg,Unknown,,,,,,Unknown,nicola_beer
4413,a0f8b88d-2e41-47be-b2c8-6691076458db,nicola_beer/2021-09-25_16-53-57_UTC_4.jpg,Unknown,,,,,,Unknown,nicola_beer
4414,7ce07545-d014-4260-86d5-9d466f251297,nicola_beer/2021-09-25_16-53-57_UTC_4.jpg,Unknown,,,,,,Unknown,nicola_beer
4415,0fdf6f33-df0d-4c63-b699-22284a46ed7c,nicola_beer/2021-09-19_09-58-49_UTC_1.jpg,Nicola Beer,,,,,,Unknown,nicola_beer
4416,23d44ea3-b7b6-474c-955f-ffd599e73d80,nicola_beer/2021-09-26_17-32-48_UTC_2.jpg,Nicola Beer,,,,,,Unknown,nicola_beer
4417,846b11cc-4077-4f62-b771-0cc7525af8c3,nicola_beer/2021-09-26_17-32-48_UTC_2.jpg,Unknown,,,,,,Unknown,nicola_beer
4418,2c3fc8dc-7aaf-4ee9-bad2-bf8d34eeb7f2,nicola_beer/2021-09-26_17-32-48_UTC_2.jpg,Unknown,,,,,,Unknown,nicola_beer
4419,1d94eab2-cad9-4497-a36d-d2dcc4cb7b01,nicola_beer/2021-09-26_17-32-48_UTC_2.jpg,Unknown,,,,,,Unknown,nicola_beer
4420,d91d361b-4f30-40a5-8156-e63ae51cf889,nicola_beer/2021-09-23_12-42-44_UTC_2.jpg,Unknown,,,,,,Unknown,nicola_beer
4421,353abf23-576c-478d-8bf6-aed94ccde118,nicola_beer/2021-09-23_12-42-44_UTC_2.jpg,Unknown,,,,,,Unknown,nicola_beer
4422,9383d41b-fc99-4fa1-b985-5aed598bd412,nicola_beer/2021-09-23_12-42-44_UTC_2.jpg,Unknown,,,,,,Unknown,nicola_beer
4423,e31c2a8a-ffb9-4ac3-a967-ee5b8135708d,nicola_beer/2021-09-23_12-42-44_UTC_2.jpg,Unknown,,,,,,Unknown,nicola_beer
4424,31d9714d-5138-4c08-bbca-2d7719b64bea,nicola_beer/2021-09-19_10-04-14_UTC.jpg,Nicola Beer,,,,,,Unknown,nicola_beer
4425,79aad17a-82c9-49b9-b6d2-7ae3caf22b11,nicola_beer/2021-09-19_10-04-14_UTC.jpg,Unknown,,,,,,Unknown,nicola_beer
4426,13c24b2a-88dc-4904-bdc2-14a4d5886416,nicola_beer/2021-09-19_10-04-14_UTC.jpg,Unknown,,,,,,Unknown,nicola_beer
4427,f0676d18-41f7-4fcf-ad07-78d9b3876edd,nicola_beer/2021-09-19_10-04-14_UTC.jpg,Unknown,,,,,,Unknown,nicola_beer
4428,f4ef8cc4-fb60-4f83-835c-dbd246f51f35,nicola_beer/2021-09-19_10-04-14_UTC.jpg,Unknown,,,,,,Unknown,nicola_beer
4429,95bd1766-a6f2-4f5d-80ce-5d7c26671a33,nicola_beer/2021-09-21_18-55-06_UTC_1.jpg,Nicola Beer,,,,,,Unknown,nicola_beer
4430,05a823f7-4323-4a16-b04b-eb15fb581c94,nicola_beer/2021-09-25_16-53-57_UTC_3.jpg,Unknown,,,,,,Unknown,nicola_beer
4431,bd95de0a-9ec2-4393-929e-cd2bbe235169,nicola_beer/2021-09-19_09-58-49_UTC_2.jpg,Nicola Beer,,,,,,Unknown,nicola_beer
4432,b435977a-7f3c-45c4-963f-32f0e80a1f33,nicola_beer/2021-09-19_09-58-49_UTC_2.jpg,Unknown,,,,,,Unknown,nicola_beer
4433,fc1393b3-d488-46db-81b6-6c580b89b97d,nicola_beer/2021-09-19_09-58-49_UTC_2.jpg,Unknown,,,,,,Unknown,nicola_beer
4434,9d174091-bb47-4cb4-ba8f-34712d0b2d44,nicola_beer/2021-09-15_16-46-55_UTC_2.jpg,Nicola Beer,,,,,,Unknown,nicola_beer
4435,cf345dc2-776b-42e4-bebd-24e62fc1eb3f,nicola_beer/2021-09-15_16-46-55_UTC_2.jpg,Unknown,,,,,,Unknown,nicola_beer
4436,4f9fd00f-23ab-448a-8a8f-10619b31c584,nicola_beer/2021-09-15_16-46-55_UTC_2.jpg,Unknown,,,,,,Unknown,nicola_beer
4437,97b33607-b054-4872-bcd1-d09c5dcdd17b,nicola_beer/2021-09-15_16-46-55_UTC_2.jpg,Unknown,,,,,,Unknown,nicola_beer
4438,9797280a-e313-4823-9409-d774037e572f,nicola_beer/2021-09-26_17-32-48_UTC_3.jpg,Nicola Beer,,,,,,Unknown,nicola_beer
4439,46bea8f4-15c4-4f51-8897-6cb3714d08d8,nicola_beer/2021-09-26_17-32-48_UTC_3.jpg,Unknown,,,,,,Unknown,nicola_beer
4440,69e60bde-87fc-4012-a6d9-ab4d21067521,nicola_beer/2021-09-23_12-42-44_UTC_4.jpg,Unknown,,,,,,Unknown,nicola_beer
4441,0945b42c-475f-407a-a83b-f43df19a48e5,nicola_beer/2021-09-23_12-42-44_UTC_4.jpg,Nicola Beer,,,,,,Unknown,nicola_beer
4442,84abb3b0-853e-403c-99de-9cdfeebe97c4,nicola_beer/2021-09-21_18-55-06_UTC_2.jpg,Unknown,,,,,,Unknown,nicola_beer
4443,783a351f-ca4c-41a6-bbad-ca334dc4f879,nicola_beer/2021-09-19_13-53-28_UTC_3.jpg,Unknown,,,,,,Unknown,nicola_beer
4444,d89b1663-1c34-494d-ac7d-8d6c84defd59,nicola_beer/2021-09-19_13-53-28_UTC_3.jpg,Christian Lindner,,,,,,Unknown,nicola_beer
4445,b8ec342f-99f9-4d9a-b2d8-57dd3d71faa8,nicola_beer/2021-09-19_13-53-28_UTC_3.jpg,Unknown,,,,,,Unknown,nicola_beer
4446,822bd066-70ce-4909-ac9e-8affdba19da8,nicola_beer/2021-09-19_13-53-28_UTC_3.jpg,Nicola Beer,,,,,,Unknown,nicola_beer
4447,ce90238c-07ae-4820-a182-9e77b632e817,nicola_beer/2021-09-19_13-53-28_UTC_3.jpg,Unknown,,,,,,Unknown,nicola_beer
4448,af9f1690-0fe0-4c1e-b5b9-d7c0b6bda279,nicola_beer/2021-09-19_13-53-28_UTC_3.jpg,Unknown,,,,,,Unknown,nicola_beer
4449,5215fc89-0581-4301-b1c8-a766e1328b66,nicola_beer/2021-09-19_13-53-28_UTC_3.jpg,Unknown,,,,,,Unknown,nicola_beer
4450,ddf7390d-a93f-47a7-97fa-6cb501263dbf,nicola_beer/2021-09-19_13-53-28_UTC_3.jpg,Unknown,,,,,,Unknown,nicola_beer
4451,125f2a70-2437-4ea0-9365-1b20b6d5c803,nicola_beer/2021-09-19_13-53-28_UTC_3.jpg,Unknown,,,,,,Unknown,nicola_beer
4452,37e7dfe9-817e-4240-922a-5583cbf071a0,nicola_beer/2021-09-19_13-53-28_UTC_3.jpg,Unknown,,,,,,Unknown,nicola_beer
4453,be920dcc-425e-4112-b94c-851519e96e09,nicola_beer/2021-09-19_13-53-28_UTC_3.jpg,Unknown,,,,,,Unknown,nicola_beer
4454,145f1e0c-03f3-47d8-b853-f375828921a3,nicola_beer/2021-09-19_13-53-28_UTC_3.jpg,Unknown,,,,,,Unknown,nicola_beer
4455,7d271a4e-729e-42a4-b48f-0235496669f9,nicola_beer/2021-09-25_16-53-57_UTC_2.jpg,Unknown,,,,,,Unknown,nicola_beer
4456,b92d581a-ed70-4f16-baec-24a9286c692c,nicola_beer/2021-09-25_16-53-57_UTC_2.jpg,Unknown,,,,,,Unknown,nicola_beer
4457,15f86f7f-948a-4f2f-854d-89201052f7c2,nicola_beer/2021-09-25_16-53-57_UTC_2.jpg,Unknown,,,,,,Unknown,nicola_beer
4458,9cdd2efd-e65b-4263-bdc6-4a8ec097f4ae,nicola_beer/2021-09-25_16-53-57_UTC_2.jpg,Nicola Beer,,,,,,Unknown,nicola_beer
4459,c431ce36-343a-4ca0-a974-018d062f8375,nicola_beer/2021-09-25_16-53-57_UTC_2.jpg,Unknown,,,,,,Unknown,nicola_beer
4460,e6413dfb-1491-41a3-9d3e-d2b1bac31f06,nicola_beer/2021-09-25_16-53-57_UTC_2.jpg,Unknown,,,,,,Unknown,nicola_beer
4461,429f3beb-76bf-4d49-8dc5-d12d86053be6,nicola_beer/2021-09-25_16-53-57_UTC_2.jpg,Unknown,,,,,,Unknown,nicola_beer
4462,e1234ed7-bcb1-4e5d-880c-c45dfdca470f,nicola_beer/2021-09-26_17-32-48_UTC_1.jpg,Nicola Beer,,,,,,Unknown,nicola_beer
4463,046086f4-6dcc-469c-b0b8-ef18ab6cd36a,nicola_beer/2021-09-26_17-32-48_UTC_1.jpg,Unknown,,,,,,Unknown,nicola_beer
4464,2272642e-76b5-4a76-90ce-90e5e02f35f0,nicola_beer/2021-09-26_17-32-48_UTC_1.jpg,Unknown,,,,,,Unknown,nicola_beer
4465,c79bef8e-6406-4cb7-a3e9-ca5cf979bee9,nicola_beer/2021-09-21_21-03-29_UTC_2.jpg,Unknown,,,,,,Unknown,nicola_beer
4466,11404da8-7d77-431e-98ab-01098803cc63,nicola_beer/2021-09-21_21-03-29_UTC_2.jpg,Nicola Beer,,,,,,Unknown,nicola_beer
4467,9bb095d4-c7bc-46f8-9588-7376fb1b7f9e,nicola_beer/2021-09-23_12-42-44_UTC_1.jpg,Unknown,,,,,,Unknown,nicola_beer
4468,0d7fa263-7ba0-4b98-8d15-37ddc7dc6231,nicola_beer/2021-09-23_12-42-44_UTC_1.jpg,Christian Lindner,,,,,,Unknown,nicola_beer
4469,e5218550-0e9e-434a-bd48-e05322269dd5,nicola_beer/2021-09-23_12-42-44_UTC_1.jpg,Unknown,,,,,,Unknown,nicola_beer
4470,680e67b7-d6ae-4a80-963d-d5f6e723c3e4,nicola_beer/2021-09-23_12-42-44_UTC_1.jpg,Nicola Beer,,,,,,Unknown,nicola_beer
4471,f35f7195-212c-4b8c-a96c-e150de67f0fa,nicola_beer/2021-09-23_12-42-44_UTC_1.jpg,Unknown,,,,,,Unknown,nicola_beer
4472,b9b5cfaa-1026-4ddb-a6c2-58f9f67ceead,nicola_beer/2021-09-23_12-42-44_UTC_1.jpg,Unknown,,,,,,Unknown,nicola_beer
4473,d4dc0511-bcec-41f7-9891-72c37f9a831d,nicola_beer/2021-09-21_18-55-06_UTC_3.jpg,Unknown,,,,,,Unknown,nicola_beer
4474,1476a5ea-47e0-4992-8276-aada1fdd719b,cdu/2021-09-25_13-50-24_UTC_2.jpg,Unknown,,,,,,Unknown,cdu
4475,acada33c-f8b6-4101-a8a8-df915e4b8093,cdu/2021-09-25_13-50-24_UTC_2.jpg,Unknown,,,,,,Unknown,cdu
4476,d0dfff88-15db-4105-9a83-4e0a99366a09,cdu/2021-09-25_13-50-24_UTC_2.jpg,Unknown,,,,,,Unknown,cdu
4477,4e99f9ff-5078-4ff9-9fb1-3efd1bf245d9,cdu/2021-09-25_13-50-24_UTC_2.jpg,Unknown,,,,,,Unknown,cdu
4478,b485fcad-7206-468d-bd14-5332a2f930b9,cdu/2021-09-25_13-50-24_UTC_2.jpg,Unknown,,,,,,Unknown,cdu
4479,6d63741c-5666-4199-8532-2605792eebf8,cdu/2021-09-25_13-50-24_UTC_2.jpg,Unknown,,,,,,Unknown,cdu
4480,bb9c6f6c-7723-405d-88a5-0cd9cedf2e4f,cdu/2021-09-25_13-50-24_UTC_2.jpg,Unknown,,,,,,Unknown,cdu
4481,68dd8bda-c1a9-4b05-915a-7c1603a42e45,cdu/2021-09-25_13-50-24_UTC_2.jpg,Unknown,,,,,,Unknown,cdu
4482,92bd79b5-8427-4de4-9804-6d889758c28d,cdu/2021-09-20_15-01-31_UTC.jpg,Armin Laschet,d0e6d963-6d02-463b-a226-ce3f34b0fcc5.png,0.3152807167082091,Facenet512,euclidean_l2,40.0,Armin Laschet,cdu
4483,c3cef62b-cfc1-4665-be16-ad9c8aae046c,cdu/2021-09-13_17-44-47_UTC_2.jpg,Unknown,,,,,,Unknown,cdu
4484,a10fda05-a577-4a60-b567-d1e1766f0ded,cdu/2021-09-19_18-40-59_UTC.jpg,Unknown,,,,,,Unknown,cdu
4485,a0326d40-6706-4e99-9c9a-515977c6edaf,cdu/2021-09-21_11-34-09_UTC_1.jpg,Unknown,,,,,,Unknown,cdu
4486,7b54075e-9e77-4115-b2b7-050aa2bb2cd4,cdu/2021-09-21_11-34-09_UTC_1.jpg,Unknown,,,,,,Unknown,cdu
4487,24215c77-f99a-43a5-af44-377bc9b0b86d,cdu/2021-09-21_11-34-09_UTC_1.jpg,Armin Laschet,laschet_armin.jpeg,0.7014654480945308,Facenet512,euclidean_l2,40.0,Armin Laschet,cdu
4488,9221149c-035c-47c0-a097-e0723e1afd9c,cdu/2021-09-21_11-34-09_UTC_1.jpg,Unknown,,,,,,Unknown,cdu
4489,39f5a1e7-0976-4976-a2a3-d9dc3c42ccd6,cdu/2021-09-21_11-34-09_UTC_1.jpg,Unknown,,,,,,Unknown,cdu
4490,7d2537fb-f6e0-4728-a791-0799ee886894,cdu/2021-09-21_14-34-05_UTC.jpg,Unknown,,,,,,Unknown,cdu
4491,feaf6fb4-487d-406c-a4c6-210b4d4a40c6,cdu/2021-09-21_14-34-05_UTC.jpg,Armin Laschet,5efa5b53-ada6-486e-8b66-4c6330a71ea7.png,0.8967117136156396,Facenet512,euclidean_l2,32.0,Armin Laschet,cdu
4492,d5a7d9d2-3a55-4e51-a19f-53e15b30566b,cdu/2021-09-24_19-39-33_UTC_8.jpg,Unknown,,,,,,Unknown,cdu
4493,2e763f32-8690-40d5-a23e-5b355ef67fba,cdu/2021-09-24_19-39-33_UTC_8.jpg,Unknown,,,,,,Unknown,cdu
4494,cb0a6e8c-3e79-4a08-ad91-bd3a87c5520e,cdu/2021-09-25_08-17-29_UTC.jpg,Unknown,,,,,,Unknown,cdu
4495,0e4d281d-f758-422e-a746-c5b5bd2371ed,cdu/2021-09-25_08-17-29_UTC.jpg,Armin Laschet,,,,,,Unknown,cdu
4496,828005f9-fa8a-4037-8a31-e2ffd578b61c,cdu/2021-09-25_08-17-29_UTC.jpg,Unknown,,,,,,Unknown,cdu
4497,872c7af1-034e-4637-9732-41e6a06bb5b8,cdu/2021-09-25_08-17-29_UTC.jpg,Unknown,,,,,,Unknown,cdu
4498,b0459f97-cd22-4c7d-9da1-76065b6708b2,cdu/2021-09-25_08-17-29_UTC.jpg,Unknown,,,,,,Unknown,cdu
4499,64fab7d3-23b7-4c9b-ab70-a0c94d7b8507,cdu/2021-09-25_08-17-29_UTC.jpg,Unknown,,,,,,Unknown,cdu
4500,4946ce55-ccb1-4208-91f5-c6f7860744a1,cdu/2021-09-25_08-17-29_UTC.jpg,Unknown,,,,,,Unknown,cdu
4501,eebe1c80-e6ec-4855-864c-45a23b2da80d,cdu/2021-09-25_08-17-29_UTC.jpg,Unknown,,,,,,Unknown,cdu
4502,10cae54c-1171-4d09-ab1c-b80bc8ccd7fa,cdu/2021-09-17_14-14-38_UTC_2.jpg,Armin Laschet,80b6f539-47d0-408e-8a0b-aadcffe513a5.png,0.7882241034752097,Facenet512,euclidean_l2,40.0,Armin Laschet,cdu
4503,df7412c9-aa45-412f-aba8-c9c08cd5b556,cdu/2021-09-17_14-14-38_UTC_2.jpg,Markus Söder,,,,,,Unknown,cdu
4504,1617741c-6bfe-4c3f-bc82-b6faee142a27,cdu/2021-09-17_14-14-38_UTC_2.jpg,Unknown,,,,,,Unknown,cdu
4505,df00ca92-7255-4240-bc9a-1d9525ab5536,cdu/2021-09-17_14-14-38_UTC_2.jpg,Unknown,,,,,,Unknown,cdu
4506,b97b817b-576c-4f07-b42c-292727e7a45f,cdu/2021-09-17_14-14-38_UTC_2.jpg,Unknown,,,,,,Unknown,cdu
4507,b6579ce4-79b9-41cf-a3f2-68fe157e4d58,cdu/2021-09-17_14-14-38_UTC_2.jpg,Unknown,,,,,,Unknown,cdu
4508,bbbc17a2-669b-4bd9-8659-1e97bfd0ab49,cdu/2021-09-21_20-02-32_UTC_5.jpg,Unknown,,,,,,Unknown,cdu
4509,c486565d-bd4f-439b-8d43-ab431079b840,cdu/2021-09-21_20-02-32_UTC_5.jpg,Armin Laschet,1e103923-022b-4d3f-a32e-e9c848a00e70.png,0.717845070568025,Facenet512,euclidean_l2,40.0,Armin Laschet,cdu
4510,5219dff8-98bd-473e-bf60-5664c78ebaa1,cdu/2021-09-21_20-02-32_UTC_5.jpg,Unknown,laschet_armin.jpeg,0.9827066864203934,Facenet512,euclidean_l2,2.0,Armin Laschet,cdu
4511,79cbaf06-aeff-4582-8bb4-24ebefba66df,cdu/2021-09-21_20-02-32_UTC_5.jpg,Unknown,,,,,,Unknown,cdu
4512,eba87867-beac-4b11-b2bd-2939ba91cf16,cdu/2021-09-21_20-02-32_UTC_5.jpg,Unknown,,,,,,Unknown,cdu
4513,73f6941e-c505-4192-8fef-c14f19041bd3,cdu/2021-09-21_20-02-32_UTC_5.jpg,Unknown,,,,,,Unknown,cdu
4514,a7aae73e-ae0a-4fb4-a0c8-b31376d36a00,cdu/2021-09-21_20-02-32_UTC_5.jpg,Unknown,,,,,,Unknown,cdu
4515,1f6385b6-0c89-423f-8954-cf7b781ce53e,cdu/2021-09-21_20-02-32_UTC_5.jpg,Unknown,,,,,,Unknown,cdu
4516,32e5324e-7c38-4723-9c33-467206bcc57c,cdu/2021-09-24_19-39-33_UTC_3.jpg,Unknown,,,,,,Unknown,cdu
4517,160463d0-315c-48d2-8414-e492991596ab,cdu/2021-09-24_19-39-33_UTC_3.jpg,Markus Söder,5efa5b53-ada6-486e-8b66-4c6330a71ea7.png,1.030057888915615,Facenet512,euclidean_l2,2.0,Armin Laschet,cdu
4518,cf7242b1-ad33-47f4-97ca-85b6db925082,cdu/2021-09-24_19-39-33_UTC_3.jpg,Armin Laschet,b95e4651-bf56-4f12-8d9c-4defe1aef9b0.png,0.6481344470193322,Facenet512,euclidean_l2,38.0,Armin Laschet,cdu
4519,ef813837-6a64-4480-b6db-f8d6233c1f8c,cdu/2021-09-21_20-02-32_UTC_1.jpg,Unknown,,,,,,Unknown,cdu
4520,2c586aec-3775-4d03-a6cb-e0b622391115,cdu/2021-09-21_20-02-32_UTC_1.jpg,Unknown,,,,,,Unknown,cdu
4521,8a0a1511-4aa3-43f6-8ac5-07d838f66fd7,cdu/2021-09-21_20-02-32_UTC_1.jpg,Armin Laschet,1f347af9-a36f-4727-923b-4c1a1e934ab9.png,0.9184651058993548,Facenet512,euclidean_l2,22.0,Armin Laschet,cdu
4522,b2e3601e-f0f6-457f-ab26-4106f8c9c30b,cdu/2021-09-21_20-02-32_UTC_1.jpg,Unknown,d0e6d963-6d02-463b-a226-ce3f34b0fcc5.png,0.9301042530689014,Facenet512,euclidean_l2,10.0,Armin Laschet,cdu
4523,28c83b89-812d-41ee-b037-76b30bd1d618,cdu/2021-09-16_17-02-39_UTC_5.jpg,Unknown,,,,,,Unknown,cdu
4524,2b08566f-dfb7-4b34-bd84-43d50be3a5fd,cdu/2021-09-16_17-02-39_UTC_5.jpg,Unknown,,,,,,Unknown,cdu
4525,305b9400-2f12-4cf2-a18c-74dd5880340f,cdu/2021-09-16_17-02-39_UTC_5.jpg,Unknown,,,,,,Unknown,cdu
4526,01567dd3-ba1a-4afa-bbd5-9fa6b898ae4e,cdu/2021-09-16_17-02-39_UTC_5.jpg,Unknown,,,,,,Unknown,cdu
4527,77fa9eaf-0391-4c82-8068-68d0ec428396,cdu/2021-09-16_17-02-39_UTC_5.jpg,Unknown,,,,,,Unknown,cdu
4528,311f6c8d-0262-43d4-9947-7406adc8a104,cdu/2021-09-16_17-02-39_UTC_5.jpg,Unknown,,,,,,Unknown,cdu
4529,3f457c21-f8be-4344-86ac-ba29975a2b26,cdu/2021-09-16_17-02-39_UTC_5.jpg,Unknown,,,,,,Unknown,cdu
4530,8c14e398-d12a-4d7c-8927-74a0bbadc0c3,cdu/2021-09-16_17-02-39_UTC_5.jpg,Unknown,,,,,,Unknown,cdu
4531,a0c5d15a-426c-47f1-8407-085bcbbd6e93,cdu/2021-09-16_17-02-39_UTC_5.jpg,Unknown,,,,,,Unknown,cdu
4532,631b97c2-4a41-4d21-8d00-c8dbf93ad6d1,cdu/2021-09-16_17-02-39_UTC_5.jpg,Unknown,,,,,,Unknown,cdu
4533,f619eea7-d086-4dfe-8d1b-1413461f8db5,cdu/2021-09-16_17-02-39_UTC_5.jpg,Unknown,,,,,,Unknown,cdu
4534,d445b653-4352-4ca6-9226-21144a03b4ff,cdu/2021-09-16_17-02-39_UTC_5.jpg,Armin Laschet,,,,,,Unknown,cdu
4535,dfcb8e2e-c4cb-4c8d-be8b-36b5fda4d401,cdu/2021-09-16_17-02-39_UTC_5.jpg,Unknown,,,,,,Unknown,cdu
4536,4356a907-9d5c-4587-90c4-3d39b1e0347e,cdu/2021-09-16_17-02-39_UTC_5.jpg,Unknown,,,,,,Unknown,cdu
4537,04a6e383-58db-4490-9782-e776211b0447,cdu/2021-09-16_17-02-39_UTC_5.jpg,Unknown,,,,,,Unknown,cdu
4538,02e25012-5a6a-435b-bbac-413848018175,cdu/2021-09-16_17-02-39_UTC_5.jpg,Unknown,,,,,,Unknown,cdu
4539,3b39621e-e659-4737-a1ed-5caddcb4dd97,cdu/2021-09-18_13-19-15_UTC_7.jpg,Unknown,,,,,,Unknown,cdu
4540,8d32855b-4fe6-44ac-be9d-3d47aaaf4f64,cdu/2021-09-18_13-19-15_UTC_7.jpg,Armin Laschet,5efa5b53-ada6-486e-8b66-4c6330a71ea7.png,0.9863668029433048,Facenet512,euclidean_l2,4.0,Armin Laschet,cdu
4541,83f6148a-416a-4a49-83c7-4c6f1555365a,cdu/2021-09-18_13-19-15_UTC_7.jpg,Unknown,,,,,,Unknown,cdu
4542,732b0146-3ab6-48b0-8785-ebe265b9b6c1,cdu/2021-09-18_13-19-15_UTC_7.jpg,Unknown,,,,,,Unknown,cdu
4543,31da01a3-cdf5-4d11-825e-150c1c61c798,cdu/2021-09-25_13-50-24_UTC_3.jpg,Unknown,,,,,,Unknown,cdu
4544,119292bd-8461-49cf-9b09-42ae7f7a37e1,cdu/2021-09-25_13-50-24_UTC_3.jpg,Unknown,,,,,,Unknown,cdu
4545,0d252677-97ec-483a-b725-bf78fec576c3,cdu/2021-09-25_13-50-24_UTC_3.jpg,Armin Laschet,,,,,,Unknown,cdu
4546,56239880-1112-4fb9-9019-65ddca3cd5cd,cdu/2021-09-25_13-50-24_UTC_3.jpg,Unknown,6b5fba44-8fb8-4e07-98e3-960e82e765a9.png,0.9759998469474742,Facenet512,euclidean_l2,6.0,Armin Laschet,cdu
4547,f7bd9146-5636-4eba-a516-0cc2067a0890,cdu/2021-09-25_13-50-24_UTC_3.jpg,Unknown,,,,,,Unknown,cdu
4548,15e0ecdc-b3c5-4353-a8fb-f39bd36081db,cdu/2021-09-24_14-19-26_UTC.jpg,Markus Söder,,,,,,Unknown,cdu
4549,3f6a53c8-53b0-4961-96d4-acc887e8ff07,cdu/2021-09-24_14-19-26_UTC.jpg,Armin Laschet,b95e4651-bf56-4f12-8d9c-4defe1aef9b0.png,0.3559267774070867,Facenet512,euclidean_l2,40.0,Armin Laschet,cdu
4550,eda7a8e6-88bc-419a-9a3c-65ff7095fb05,cdu/2021-09-24_14-19-26_UTC.jpg,Unknown,,,,,,Unknown,cdu
4551,6d719252-b87b-49f1-88b6-7262c764d262,cdu/2021-09-15_14-32-35_UTC.jpg,Armin Laschet,laschet_armin.jpeg,0.6112509607569606,Facenet512,euclidean_l2,38.0,Armin Laschet,cdu
4552,66e211b1-8965-4b6b-b6a4-39f619af69aa,cdu/2021-09-17_13-01-02_UTC.jpg,Unknown,,,,,,Unknown,cdu
4553,251e7a9c-e316-4be7-9bb0-a1535dc392db,cdu/2021-09-17_13-01-02_UTC.jpg,Unknown,,,,,,Unknown,cdu
4554,cc5943fb-2b05-4f77-990d-6fdfd7993458,cdu/2021-09-17_13-01-02_UTC.jpg,Unknown,,,,,,Unknown,cdu
4555,b7519645-3178-4be3-8c6e-f18b5372ef06,cdu/2021-09-17_13-01-02_UTC.jpg,Unknown,,,,,,Unknown,cdu
4556,41ed88c0-0460-4276-babc-6dfdf95b5830,cdu/2021-09-17_13-01-02_UTC.jpg,Unknown,,,,,,Unknown,cdu
4557,53d22fb8-54c3-43dc-a9da-9be76cd2252b,cdu/2021-09-17_13-01-02_UTC.jpg,Unknown,,,,,,Unknown,cdu
4558,8d86ea48-601a-4dea-bd52-44b2cc991ab5,cdu/2021-09-17_13-01-02_UTC.jpg,Unknown,,,,,,Unknown,cdu
4559,23bf0e58-7a3d-43f5-9e3a-5509d65410d1,cdu/2021-09-17_13-01-02_UTC.jpg,Unknown,,,,,,Unknown,cdu
4560,69584d0c-8584-46fd-81cd-d737f56a6550,cdu/2021-09-17_13-01-02_UTC.jpg,Unknown,,,,,,Unknown,cdu
4561,5b205a34-f7b6-4e4e-bc82-f7f3eb400cfd,cdu/2021-09-17_13-01-02_UTC.jpg,Unknown,,,,,,Unknown,cdu
4562,10def744-947d-460a-8f67-91d56ef23f06,cdu/2021-09-17_13-01-02_UTC.jpg,Unknown,,,,,,Unknown,cdu
4563,37e9b771-d7d8-4566-bd66-16b94b7145fe,cdu/2021-09-17_13-01-02_UTC.jpg,Unknown,,,,,,Unknown,cdu
4564,38465772-6c72-4257-a5c8-c0665ec980d1,cdu/2021-09-17_13-01-02_UTC.jpg,Unknown,,,,,,Unknown,cdu
4565,89244b3b-177f-40b2-baf0-b5d7f319bbe6,cdu/2021-09-17_13-01-02_UTC.jpg,Unknown,,,,,,Unknown,cdu
4566,e00884d9-0352-480f-88da-a05a8c56f536,cdu/2021-09-17_13-01-02_UTC.jpg,Unknown,,,,,,Unknown,cdu
4567,4f3efc47-a282-4097-b918-9b6158003764,cdu/2021-09-17_13-01-02_UTC.jpg,Unknown,,,,,,Unknown,cdu
4568,93999f67-b54a-45bf-8c20-b706fc5eb536,cdu/2021-09-17_13-01-02_UTC.jpg,Unknown,,,,,,Unknown,cdu
4569,82f5bf6b-687d-4653-832f-cd55720f105f,cdu/2021-09-17_13-01-02_UTC.jpg,Unknown,,,,,,Unknown,cdu
4570,ad1e7bd3-c87f-4277-94e9-55d3f3c88f54,cdu/2021-09-17_13-01-02_UTC.jpg,Unknown,,,,,,Unknown,cdu
4571,258c99a0-26a6-4d0e-9cb3-c50e5a7e0610,cdu/2021-09-16_17-02-39_UTC_9.jpg,Armin Laschet,,,,,,Unknown,cdu
4572,25a88cb3-051f-4738-bf49-9c9e57a60411,cdu/2021-09-16_17-02-39_UTC_9.jpg,Unknown,,,,,,Unknown,cdu
4573,633f6a37-4798-4079-b189-404ee2f1f80a,cdu/2021-09-16_17-02-39_UTC_9.jpg,Unknown,,,,,,Unknown,cdu
4574,a3ac4ef7-7c1b-4731-90ba-003bdbacb59f,cdu/2021-09-16_17-02-39_UTC_9.jpg,Unknown,,,,,,Unknown,cdu
4575,7b8d7ddd-11e4-4af7-96c0-c785d5af8ae4,cdu/2021-09-21_08-37-35_UTC.jpg,Armin Laschet,5efa5b53-ada6-486e-8b66-4c6330a71ea7.png,0.7310175340781768,Facenet512,euclidean_l2,18.0,Armin Laschet,cdu
4576,e51b6dc4-1376-457f-bd6d-b9b9411a41b6,cdu/2021-09-18_17-06-46_UTC_2.jpg,Armin Laschet,d0e6d963-6d02-463b-a226-ce3f34b0fcc5.png,0.8945555595172392,Facenet512,euclidean_l2,30.0,Armin Laschet,cdu
4577,8ea0ffae-81a7-46c3-8b4e-fddbf262a8c0,cdu/2021-09-18_17-06-46_UTC_2.jpg,Unknown,,,,,,Unknown,cdu
4578,85d631b9-6549-4937-b371-c791966e734c,cdu/2021-09-18_17-06-46_UTC_2.jpg,Unknown,,,,,,Unknown,cdu
4579,47b3f0ee-7b54-4420-a796-01718e6ac265,cdu/2021-09-18_17-06-46_UTC_2.jpg,Unknown,cc6b3530-cd71-4500-a5fe-d868c449b8d1.png,1.004985650916761,Facenet512,euclidean_l2,4.0,Armin Laschet,cdu
4580,fcd6be2a-4d78-40cd-bb19-cde46d80fb24,cdu/2021-09-18_17-06-46_UTC_2.jpg,Unknown,,,,,,Unknown,cdu
4581,1e5f710a-8d3b-4328-acf6-5506160ecc2d,cdu/2021-09-18_17-06-46_UTC_2.jpg,Unknown,,,,,,Unknown,cdu
4582,a33e2f1d-c0d2-43ee-8b8e-00e5b9a56444,cdu/2021-09-18_17-06-46_UTC_2.jpg,Unknown,,,,,,Unknown,cdu
4583,1fb85068-c4b9-4ae5-8554-736aa51a6e31,cdu/2021-09-18_17-06-46_UTC_2.jpg,Unknown,,,,,,Unknown,cdu
4584,0b3c475e-2f13-49db-9ffd-9d923bff78f7,cdu/2021-09-18_17-06-46_UTC_2.jpg,Unknown,,,,,,Unknown,cdu
4585,2e63761c-02c7-4acc-bae4-741d2f509755,cdu/2021-09-20_18-32-31_UTC_2.jpg,Unknown,,,,,,Unknown,cdu
4586,2cfcfbb2-b789-42a4-9ca6-d660b221b3ab,cdu/2021-09-20_18-32-31_UTC_2.jpg,Unknown,,,,,,Unknown,cdu
4587,b29c6813-1c53-43bd-9073-c7465b51487d,cdu/2021-09-25_11-10-23_UTC.jpg,Unknown,,,,,,Unknown,cdu
4588,40648470-b0cf-4e07-a08b-2b9063a9e78b,cdu/2021-09-25_11-10-23_UTC.jpg,Armin Laschet,5efa5b53-ada6-486e-8b66-4c6330a71ea7.png,0.6610316140845086,Facenet512,euclidean_l2,34.0,Armin Laschet,cdu
4589,4641e69c-6c8d-4049-8a58-81484793a04f,cdu/2021-09-25_11-10-23_UTC.jpg,Unknown,,,,,,Unknown,cdu
4590,442c755f-2607-460e-a482-e24978f240fd,cdu/2021-09-17_14-14-38_UTC_1.jpg,Markus Söder,,,,,,Unknown,cdu
4591,c7564238-1c25-4f5d-9d89-48efdabc9cd9,cdu/2021-09-17_14-14-38_UTC_1.jpg,Unknown,,,,,,Unknown,cdu
4592,f5558936-d413-489c-b2f2-2e67b0a6fe82,cdu/2021-09-17_14-14-38_UTC_1.jpg,Unknown,,,,,,Unknown,cdu
4593,5b0f7f4d-0666-4f02-9231-409d3fb3ead7,cdu/2021-09-17_14-14-38_UTC_1.jpg,Unknown,,,,,,Unknown,cdu
4594,cd028337-c567-4276-a042-c49e97e32d09,cdu/2021-09-17_14-14-38_UTC_1.jpg,Unknown,,,,,,Unknown,cdu
4595,9f029c4a-797d-421d-9219-35ed8875c31c,cdu/2021-09-17_14-14-38_UTC_1.jpg,Armin Laschet,,,,,,Unknown,cdu
4596,553a70db-c5e2-43c6-bae7-17cd1f8ca968,cdu/2021-09-17_14-14-38_UTC_1.jpg,Unknown,,,,,,Unknown,cdu
4597,23c01338-65b7-425b-839a-9d9fe399a28f,cdu/2021-09-17_14-14-38_UTC_1.jpg,Unknown,,,,,,Unknown,cdu
4598,152ef238-794a-4c40-8c8c-4b99eff5305c,cdu/2021-09-17_14-14-38_UTC_1.jpg,Unknown,,,,,,Unknown,cdu
4599,7708ba80-d087-4b95-a941-283f45a97463,cdu/2021-09-17_14-14-38_UTC_1.jpg,Unknown,,,,,,Unknown,cdu
4600,542852fd-d642-4629-8f26-c13d2b70ceae,cdu/2021-09-17_14-14-38_UTC_1.jpg,Unknown,,,,,,Unknown,cdu
4601,9c376024-9109-46a5-8ff3-2cc8044e063c,cdu/2021-09-17_14-14-38_UTC_1.jpg,Unknown,,,,,,Unknown,cdu
4602,88c06f36-1572-49b7-9ec5-ef0ecc6868f3,cdu/2021-09-17_14-14-38_UTC_1.jpg,Unknown,,,,,,Unknown,cdu
4603,a0a18620-e90c-4bc3-b0df-5a4351fc1c8e,cdu/2021-09-17_14-14-38_UTC_1.jpg,Unknown,,,,,,Unknown,cdu
4604,1095d896-32ef-4f41-95cd-1933f38ad039,cdu/2021-09-15_09-26-42_UTC_1.jpg,Armin Laschet,f891fb5e-737c-4bf0-9c55-824f2cdff348.png,0.5952369324097313,Facenet512,euclidean_l2,38.0,Armin Laschet,cdu
4605,d1c93cab-7c72-49de-a1e7-1e90e2259cc4,cdu/2021-09-20_18-32-31_UTC_1.jpg,Unknown,,,,,,Unknown,cdu
4606,4a7eddcc-5567-4b03-8b96-f2347a8e0387,cdu/2021-09-20_16-32-49_UTC_1.jpg,Unknown,,,,,,Unknown,cdu
4607,5d68be8d-8517-409c-beb5-30987127b718,cdu/2021-09-20_16-32-49_UTC_1.jpg,Unknown,,,,,,Unknown,cdu
4608,b9542270-9efd-4217-953f-a1be77b229fe,cdu/2021-09-20_16-32-49_UTC_1.jpg,Armin Laschet,5efa5b53-ada6-486e-8b66-4c6330a71ea7.png,0.5707881427268557,Facenet512,euclidean_l2,40.0,Armin Laschet,cdu
4609,61ef973a-5a8a-46f4-9437-5249f1fe556b,cdu/2021-09-18_20-02-46_UTC.jpg,Unknown,,,,,,Unknown,cdu
4610,0229058a-cd18-4283-9b43-73cc3332a11e,cdu/2021-09-22_09-45-48_UTC.jpg,Unknown,,,,,,Unknown,cdu
4611,8bf451b1-478b-4026-8b65-5071d93916d3,cdu/2021-09-16_17-02-39_UTC_8.jpg,Unknown,,,,,,Unknown,cdu
4612,34b35283-d2e5-499b-8f2b-7cd7a87bb8b9,cdu/2021-09-16_17-02-39_UTC_8.jpg,Unknown,,,,,,Unknown,cdu
4613,d1e455fe-19a6-40dc-b187-0c7915841eb0,cdu/2021-09-16_17-02-39_UTC_8.jpg,Unknown,,,,,,Unknown,cdu
4614,1bee575a-cdd2-4ae8-a682-173e78107ce5,cdu/2021-09-16_17-02-39_UTC_8.jpg,Armin Laschet,c0c7aedd-97dc-4394-8336-f812c19fc1a2.png,0.5291036243974621,Facenet512,euclidean_l2,36.0,Armin Laschet,cdu
4615,bb048500-a826-41c3-b304-4e80aabbbf2b,cdu/2021-09-13_19-24-53_UTC.jpg,Unknown,,,,,,Unknown,cdu
4616,2f9036ce-d146-4fc3-aad3-30fe86a04044,cdu/2021-09-18_13-19-15_UTC_5.jpg,Unknown,,,,,,Unknown,cdu
4617,b5462d77-f6c6-4d28-95f2-d7961470efce,cdu/2021-09-18_13-19-15_UTC_5.jpg,Unknown,,,,,,Unknown,cdu
4618,f5aaca69-14d5-4d79-9544-d988ad227431,cdu/2021-09-18_13-19-15_UTC_5.jpg,Unknown,cc6b3530-cd71-4500-a5fe-d868c449b8d1.png,0.9525343704908528,Facenet512,euclidean_l2,14.0,Armin Laschet,cdu
4619,3ece92bd-cb8c-4bc6-afc1-66e3b8891a32,cdu/2021-09-18_13-19-15_UTC_5.jpg,Unknown,,,,,,Unknown,cdu
4620,a73132e4-23b9-431c-8977-2824490d32ea,cdu/2021-09-18_13-19-15_UTC_5.jpg,Unknown,,,,,,Unknown,cdu
4621,3530136b-6ce6-422c-a25d-5e3985c8d431,cdu/2021-09-18_13-19-15_UTC_5.jpg,Unknown,,,,,,Unknown,cdu
4622,6bfcc117-4663-46f1-8268-8dc50f4725b2,cdu/2021-09-18_13-19-15_UTC_5.jpg,Unknown,,,,,,Unknown,cdu
4623,4fbe67cc-2bb6-4723-aedb-ab62e6d7392b,cdu/2021-09-18_13-19-15_UTC_5.jpg,Unknown,,,,,,Unknown,cdu
4624,56977cec-7ece-444f-a6d0-fe24dcb0d7e2,cdu/2021-09-18_13-19-15_UTC_5.jpg,Unknown,,,,,,Unknown,cdu
4625,0eb6630e-95af-45df-a450-8f1f687c2d97,cdu/2021-09-18_13-19-15_UTC_5.jpg,Unknown,,,,,,Unknown,cdu
4626,7d7a255b-db79-492b-9dfa-1acdd3c0f7a1,cdu/2021-09-18_13-19-15_UTC_5.jpg,Unknown,,,,,,Unknown,cdu
4627,05837e06-fcc3-4215-9f11-9640ed7be176,cdu/2021-09-18_13-19-15_UTC_5.jpg,Unknown,,,,,,Unknown,cdu
4628,c226aa38-9162-4ad5-bfe4-340b6651579b,cdu/2021-09-18_13-19-15_UTC_5.jpg,Unknown,,,,,,Unknown,cdu
4629,41a26f26-bded-4839-a28e-f5f0f2bc44f1,cdu/2021-09-18_13-19-15_UTC_5.jpg,Unknown,,,,,,Unknown,cdu
4630,bd68af48-8962-4697-a2f4-efb8a25d283e,cdu/2021-09-18_13-19-15_UTC_5.jpg,Unknown,,,,,,Unknown,cdu
4631,9ba107cd-b1cf-4600-8f4e-8041c9594538,cdu/2021-09-18_13-19-15_UTC_5.jpg,Unknown,,,,,,Unknown,cdu
4632,8001c362-d430-44b1-a524-51d38216e58f,cdu/2021-09-16_08-30-37_UTC.jpg,Armin Laschet,laschet_armin.jpeg,0.5495788570219918,Facenet512,euclidean_l2,38.0,Armin Laschet,cdu
4633,a76417bd-a322-45e6-ba00-0cb0c304dcd6,cdu/2021-09-26_19-11-44_UTC.jpg,Unknown,,,,,,Unknown,cdu
4634,7f3c7ee7-d898-4427-bd5e-d33255801336,cdu/2021-09-26_19-11-44_UTC.jpg,Armin Laschet,1e103923-022b-4d3f-a32e-e9c848a00e70.png,0.6103242769164782,Facenet512,euclidean_l2,38.0,Armin Laschet,cdu
4635,8af27609-b3ff-4201-8153-222975c24579,cdu/2021-09-24_19-39-33_UTC_5.jpg,Unknown,,,,,,Unknown,cdu
4636,0bf338ab-17a9-4689-a03f-b754ee07eb87,cdu/2021-09-23_16-10-56_UTC_3.jpg,Unknown,,,,,,Unknown,cdu
4637,1ae24499-2f24-4dd1-b227-cc10e7f96e9b,cdu/2021-09-23_16-10-56_UTC_3.jpg,Unknown,,,,,,Unknown,cdu
4638,56317dc6-9642-4961-9947-36b209fbbb85,cdu/2021-09-23_16-10-56_UTC_3.jpg,Armin Laschet,544c4dd7-ae0f-4d1e-825f-3d9e1eca7fd3.png,0.6423275830266211,Facenet512,euclidean_l2,40.0,Armin Laschet,cdu
4639,d5421244-73da-4864-a8ab-58a490f12434,cdu/2021-09-23_16-10-56_UTC_3.jpg,Unknown,,,,,,Unknown,cdu
4640,1cd8df13-e870-44bf-b09c-26417779cab2,cdu/2021-09-23_16-10-56_UTC_3.jpg,Unknown,1e103923-022b-4d3f-a32e-e9c848a00e70.png,1.028656237889607,Facenet512,euclidean_l2,2.0,Armin Laschet,cdu
4641,55f6100c-5d00-4477-bc7e-a70f8cc36eb2,cdu/2021-09-23_16-10-56_UTC_3.jpg,Unknown,,,,,,Unknown,cdu
4642,f76b6078-1ca4-4508-8a4a-df89e069e9f9,cdu/2021-09-23_16-10-56_UTC_3.jpg,Unknown,,,,,,Unknown,cdu
4643,7819426e-7c2f-47b6-9d86-50c608ed9700,cdu/2021-09-16_17-02-39_UTC_6.jpg,Unknown,,,,,,Unknown,cdu
4644,aa819c3c-6603-485f-b83f-b04877ef26f8,cdu/2021-09-16_17-02-39_UTC_6.jpg,Unknown,,,,,,Unknown,cdu
4645,d9480122-cda3-4190-b88d-e6a1b410be9c,cdu/2021-09-16_17-02-39_UTC_6.jpg,Unknown,,,,,,Unknown,cdu
4646,f2e7ce19-6b60-4898-9d49-2d5f0083f819,cdu/2021-09-21_20-16-34_UTC.jpg,Unknown,,,,,,Unknown,cdu
4647,ec527d22-18f5-4ece-81e7-bad2cc5a11d5,cdu/2021-09-21_20-16-34_UTC.jpg,Unknown,,,,,,Unknown,cdu
4648,f7728b10-b372-4286-9767-5648f17585e8,cdu/2021-09-21_20-16-34_UTC.jpg,Unknown,,,,,,Unknown,cdu
4649,03197b4d-b5ae-4ad2-9dfd-f13b697ee4b9,cdu/2021-09-22_14-30-18_UTC.jpg,Armin Laschet,b95e4651-bf56-4f12-8d9c-4defe1aef9b0.png,0.5193661865856709,Facenet512,euclidean_l2,40.0,Armin Laschet,cdu
4650,4b311669-16a1-4548-ae9c-317e12d05be1,cdu/2021-09-20_16-32-49_UTC_3.jpg,Armin Laschet,c1a12a4c-30ca-47ec-b1c5-11409ded5262.png,0.6877742022172308,Facenet512,euclidean_l2,40.0,Armin Laschet,cdu
4651,a04746ea-b9e5-4261-8be5-da9d189f8dc6,cdu/2021-09-20_16-32-49_UTC_3.jpg,Unknown,,,,,,Unknown,cdu
4652,88c22877-d1d7-454e-b84c-fcbb2647a20d,cdu/2021-09-19_19-01-23_UTC.jpg,Unknown,,,,,,Unknown,cdu
4653,09e4cd87-6d1c-436f-a45d-f5f479e005dc,cdu/2021-09-18_17-06-46_UTC_1.jpg,Unknown,,,,,,Unknown,cdu
4654,e56c1f02-1037-4060-a30b-f6bfac00ee76,cdu/2021-09-18_17-06-46_UTC_1.jpg,Armin Laschet,5efa5b53-ada6-486e-8b66-4c6330a71ea7.png,0.5643933721946263,Facenet512,euclidean_l2,38.0,Armin Laschet,cdu
4655,a3fba160-1c20-4a9d-964c-292cb54163fa,cdu/2021-09-18_17-06-46_UTC_1.jpg,Unknown,,,,,,Unknown,cdu
4656,ed366179-66ee-41ff-985a-dbc90b6c415a,cdu/2021-09-18_17-06-46_UTC_1.jpg,Unknown,,,,,,Unknown,cdu
4657,2609b3ca-e7af-4ef8-a26f-08893221416e,cdu/2021-09-18_17-06-46_UTC_1.jpg,Unknown,cc6b3530-cd71-4500-a5fe-d868c449b8d1.png,0.9711481306042868,Facenet512,euclidean_l2,8.0,Armin Laschet,cdu
4658,c992cb1b-31cc-4c9d-b287-d5cf8985d94c,cdu/2021-09-18_17-06-46_UTC_1.jpg,Unknown,,,,,,Unknown,cdu
4659,50de0e7a-6e27-4112-9f17-65f87010d74a,cdu/2021-09-18_17-06-46_UTC_1.jpg,Unknown,,,,,,Unknown,cdu
4660,b134e224-971c-4bb8-8c7d-eaff876227bc,cdu/2021-09-18_17-06-46_UTC_1.jpg,Unknown,,,,,,Unknown,cdu
4661,3791668c-8e6d-4345-a763-4745cbe2bc83,cdu/2021-09-18_17-06-46_UTC_6.jpg,Unknown,,,,,,Unknown,cdu
4662,b1d12f18-2fd2-42ad-a06a-765c1708f6b0,cdu/2021-09-18_17-06-46_UTC_6.jpg,Armin Laschet,,,,,,Unknown,cdu
4663,42ce2459-f0fc-42ca-808d-a50357e2b7cf,cdu/2021-09-14_11-58-16_UTC.jpg,Unknown,,,,,,Unknown,cdu
4664,fc1aa905-8b64-42bc-a11b-dbadec659755,cdu/2021-09-25_07-45-25_UTC.jpg,Armin Laschet,laschet_armin.jpeg,0.7631107970495009,Facenet512,euclidean_l2,34.0,Armin Laschet,cdu
4665,30a3b04b-0377-44d2-8135-21df4718b311,cdu/2021-09-19_20-01-46_UTC.jpg,Armin Laschet,laschet_armin.jpeg,0.5787475325654615,Facenet512,euclidean_l2,38.0,Armin Laschet,cdu
4666,47171035-14ad-4683-a489-6104bedcc609,cdu/2021-09-18_10-16-45_UTC_3.jpg,Unknown,,,,,,Unknown,cdu
4667,6d0768e0-b678-45ec-b17d-af4cde239ed0,cdu/2021-09-18_10-16-45_UTC_3.jpg,Unknown,,,,,,Unknown,cdu
4668,4ea6dfc6-7794-4b15-8a7a-59183f98b607,cdu/2021-09-18_10-16-45_UTC_3.jpg,Unknown,,,,,,Unknown,cdu
4669,29e5ef8d-c48e-48af-9d42-1245e7243c22,cdu/2021-09-18_10-16-45_UTC_3.jpg,Armin Laschet,d0e6d963-6d02-463b-a226-ce3f34b0fcc5.png,0.6742863005102261,Facenet512,euclidean_l2,38.0,Armin Laschet,cdu
4670,c98a37a8-8939-4fa1-b65d-209160020dc5,cdu/2021-09-18_10-16-45_UTC_3.jpg,Unknown,,,,,,Unknown,cdu
4671,22b28af0-f4d7-43c2-9c70-328a98194f05,cdu/2021-09-18_10-16-45_UTC_3.jpg,Unknown,,,,,,Unknown,cdu
4672,7afba148-ad9e-4b47-9b3f-30bbaed71e64,cdu/2021-09-18_10-16-45_UTC_3.jpg,Unknown,,,,,,Unknown,cdu
4673,a6d9983b-a79b-4a3f-89d8-e7fbc9711305,cdu/2021-09-21_11-34-09_UTC_2.jpg,Unknown,,,,,,Unknown,cdu
4674,46a2ebc2-f6b7-4bc5-88e5-dfea0a25c8f7,cdu/2021-09-21_11-34-09_UTC_2.jpg,Unknown,,,,,,Unknown,cdu
4675,8ac5e58e-5856-4443-9814-16727c378156,cdu/2021-09-21_11-34-09_UTC_2.jpg,Unknown,,,,,,Unknown,cdu
4676,791c830e-a835-4fd3-b2bb-9ec9a5c148a2,cdu/2021-09-21_11-34-09_UTC_2.jpg,Unknown,,,,,,Unknown,cdu
4677,c3b897d1-4353-4b1b-9287-cdb89147e53f,cdu/2021-09-21_11-34-09_UTC_2.jpg,Armin Laschet,,,,,,Unknown,cdu
4678,f2e3bf26-73e8-4cab-bd9c-29959867fbc2,cdu/2021-09-24_19-39-33_UTC_1.jpg,Armin Laschet,1f347af9-a36f-4727-923b-4c1a1e934ab9.png,0.7994569554742387,Facenet512,euclidean_l2,36.0,Armin Laschet,cdu
4679,e0861478-bea9-4eb3-badb-455d3f0de7aa,cdu/2021-09-24_19-39-33_UTC_1.jpg,Unknown,,,,,,Unknown,cdu
4680,217302a7-bb5d-4c64-8ebd-6272156df53d,cdu/2021-09-24_19-39-33_UTC_1.jpg,Unknown,,,,,,Unknown,cdu
4681,b40b1c61-44f8-41bd-905c-4120c20f32c3,cdu/2021-09-24_19-39-33_UTC_1.jpg,Markus Söder,,,,,,Unknown,cdu
4682,67a6ff38-a57c-4c8f-a262-782a810ea415,cdu/2021-09-24_19-39-33_UTC_1.jpg,Unknown,,,,,,Unknown,cdu
4683,012e70e5-903c-4b09-a757-df43ed819941,cdu/2021-09-24_19-39-33_UTC_1.jpg,Unknown,,,,,,Unknown,cdu
4684,25f85329-dbda-4dca-8040-549373d18c50,cdu/2021-09-24_19-39-33_UTC_1.jpg,Unknown,,,,,,Unknown,cdu
4685,1ad31183-eab1-40db-a7ac-6950841aa1e5,cdu/2021-09-24_19-39-33_UTC_1.jpg,Unknown,,,,,,Unknown,cdu
4686,d5f1a10d-f90b-457e-ace7-21bb26e2dd20,cdu/2021-09-24_19-39-33_UTC_1.jpg,Unknown,,,,,,Unknown,cdu
4687,8c1c7300-d5b3-419e-a2b4-09f0977f4de0,cdu/2021-09-24_19-39-33_UTC_1.jpg,Unknown,,,,,,Unknown,cdu
4688,6b2ef840-831e-40d4-bd41-25fe27567f62,cdu/2021-09-24_19-39-33_UTC_1.jpg,Unknown,,,,,,Unknown,cdu
4689,ff6feb43-4907-42ec-9166-bb46aa2b61f3,cdu/2021-09-24_19-39-33_UTC_1.jpg,Unknown,,,,,,Unknown,cdu
4690,0ba9430d-66ef-430b-9228-be5688d76a22,cdu/2021-09-24_19-39-33_UTC_1.jpg,Unknown,,,,,,Unknown,cdu
4691,2b99bde6-4c6b-4827-b5d4-c1a09d9a593f,cdu/2021-09-24_19-39-33_UTC_1.jpg,Unknown,,,,,,Unknown,cdu
4692,e8c8e554-a4f3-45f5-951f-5cc7763ad3f1,cdu/2021-09-24_19-39-33_UTC_1.jpg,Unknown,,,,,,Unknown,cdu
4693,4e5b6555-923a-412c-97ce-1e4a021311cf,cdu/2021-09-24_19-39-33_UTC_1.jpg,Unknown,,,,,,Unknown,cdu
4694,eb50b739-63df-45c0-814b-96334acde919,cdu/2021-09-24_19-39-33_UTC_1.jpg,Unknown,,,,,,Unknown,cdu
4695,b8ab9066-e5d6-4614-a5fa-11b246532499,cdu/2021-09-24_19-39-33_UTC_1.jpg,Unknown,,,,,,Unknown,cdu
4696,633bfbcf-0a60-40a2-825c-2a7f03b78cbb,cdu/2021-09-24_19-39-33_UTC_1.jpg,Unknown,,,,,,Unknown,cdu
4697,3f30a170-b852-4d0d-bbbd-d8399e99834f,cdu/2021-09-24_19-39-33_UTC_1.jpg,Unknown,,,,,,Unknown,cdu
4698,995b67b0-252f-4df7-a355-eccd1c902e83,cdu/2021-09-24_19-39-33_UTC_1.jpg,Unknown,,,,,,Unknown,cdu
4699,426a87ca-4e73-4d56-9f5f-52349eda0520,cdu/2021-09-24_19-39-33_UTC_1.jpg,Unknown,,,,,,Unknown,cdu
4700,274c8e08-3790-419d-a023-c5749ff29bcc,cdu/2021-09-19_13-42-10_UTC.jpg,Unknown,,,,,,Unknown,cdu
4701,716d1d8d-6ac9-4f21-8e40-8fb2a3b7580e,cdu/2021-09-19_13-42-10_UTC.jpg,Armin Laschet,,,,,,Unknown,cdu
4702,edebee0d-92bb-493b-8fc1-aef4aca6abc3,cdu/2021-09-19_13-42-10_UTC.jpg,Unknown,,,,,,Unknown,cdu
4703,1af21416-fc59-4d73-a370-e5951391ae53,cdu/2021-09-19_13-42-10_UTC.jpg,Unknown,,,,,,Unknown,cdu
4704,9f1e586a-19cf-4a1b-a5b3-241b93a368f2,cdu/2021-09-18_13-19-15_UTC_2.jpg,Armin Laschet,1f347af9-a36f-4727-923b-4c1a1e934ab9.png,0.8947740101182574,Facenet512,euclidean_l2,28.0,Armin Laschet,cdu
4705,93b4d556-f31d-456b-a1d6-bdb4c7157287,cdu/2021-09-18_13-19-15_UTC_2.jpg,Unknown,,,,,,Unknown,cdu
4706,630d99c4-b98d-41f7-88cd-ce1d8594ae50,cdu/2021-09-18_13-19-15_UTC_2.jpg,Unknown,,,,,,Unknown,cdu
4707,3311cae6-8fa3-452d-8785-5a3926a8c37e,cdu/2021-09-18_13-19-15_UTC_2.jpg,Unknown,,,,,,Unknown,cdu
4708,e16948dd-56df-4ec6-b043-d2a34f88c0ae,cdu/2021-09-18_13-19-15_UTC_2.jpg,Unknown,cc6b3530-cd71-4500-a5fe-d868c449b8d1.png,1.0156475400443672,Facenet512,euclidean_l2,2.0,Armin Laschet,cdu
4709,5fd7f77a-9a12-4876-b30e-9e969a38a992,cdu/2021-09-18_13-19-15_UTC_2.jpg,Unknown,,,,,,Unknown,cdu
4710,d8009c71-53d4-4e8c-ab96-ca4d7e339fad,cdu/2021-09-18_13-19-15_UTC_2.jpg,Unknown,,,,,,Unknown,cdu
4711,c8c10eca-c16a-40a3-8690-54d9f83bd382,cdu/2021-09-18_13-19-15_UTC_2.jpg,Unknown,,,,,,Unknown,cdu
4712,2243eb9c-64ae-45b6-b83e-9feb2b886e2b,cdu/2021-09-18_13-19-15_UTC_2.jpg,Unknown,,,,,,Unknown,cdu
4713,cd50a569-fc2f-464d-a7f5-a154a660aab7,cdu/2021-09-21_18-48-32_UTC_5.jpg,Unknown,,,,,,Unknown,cdu
4714,ec1e9cd2-f136-4016-a0e1-2ea216300740,cdu/2021-09-21_18-48-32_UTC_5.jpg,Unknown,,,,,,Unknown,cdu
4715,fe2617d2-6add-42fe-b356-92dde065ea50,cdu/2021-09-21_18-48-32_UTC_5.jpg,Unknown,,,,,,Unknown,cdu
4716,4b976f2b-af6d-4ad8-ad60-4cd89678f8fc,cdu/2021-09-21_18-48-32_UTC_5.jpg,Unknown,,,,,,Unknown,cdu
4717,4aacef4c-ad9e-4d54-8ddd-0552c6d26247,cdu/2021-09-21_18-48-32_UTC_5.jpg,Unknown,,,,,,Unknown,cdu
4718,63868890-b06c-4d32-ba31-8c7b3dafcc2d,cdu/2021-09-21_18-48-32_UTC_5.jpg,Unknown,,,,,,Unknown,cdu
4719,1caa9d37-5ec2-402a-b844-20c75cf40186,cdu/2021-09-21_12-24-33_UTC.jpg,Armin Laschet,5efa5b53-ada6-486e-8b66-4c6330a71ea7.png,0.4656587888735456,Facenet512,euclidean_l2,38.0,Armin Laschet,cdu
4720,ee66c762-f481-4bc3-b736-bedb9999ed3e,cdu/2021-09-21_12-24-33_UTC.jpg,Unknown,,,,,,Unknown,cdu
4721,22a22368-df58-4e0e-a958-957430f8305c,cdu/2021-09-21_12-24-33_UTC.jpg,Unknown,,,,,,Unknown,cdu
4722,87cc3194-8523-4d06-9953-16a774c61f0d,cdu/2021-09-18_13-19-15_UTC_9.jpg,Armin Laschet,,,,,,Unknown,cdu
4723,0fad2894-6275-438a-af90-9079c1481d5c,cdu/2021-09-18_13-19-15_UTC_9.jpg,Unknown,,,,,,Unknown,cdu
4724,3f71ef98-40bd-4c74-a351-9e2473c8a3ce,cdu/2021-09-18_13-19-15_UTC_9.jpg,Unknown,,,,,,Unknown,cdu
4725,f86246b3-971a-4d66-9291-aae5181880cf,cdu/2021-09-18_13-19-15_UTC_9.jpg,Unknown,,,,,,Unknown,cdu
4726,bf8c0f50-8cc9-4be9-892e-77e443a2970c,cdu/2021-09-18_13-19-15_UTC_9.jpg,Unknown,,,,,,Unknown,cdu
4727,0bcb9399-e265-4342-aff0-9c83606eace2,cdu/2021-09-19_17-14-41_UTC.jpg,Unknown,laschet_armin.jpeg,1.0103399605622312,Facenet512,euclidean_l2,4.0,Armin Laschet,cdu
4728,877000a2-c019-40b8-a335-8173b04a38a8,cdu/2021-09-19_17-14-41_UTC.jpg,Unknown,,,,,,Unknown,cdu
4729,d1e8e830-14f3-437d-a92f-491fed55460a,cdu/2021-09-16_17-02-39_UTC_7.jpg,Unknown,,,,,,Unknown,cdu
4730,4c48c7d3-51f5-40fe-b5fc-f3e5d31e4cdf,cdu/2021-09-16_17-02-39_UTC_7.jpg,Armin Laschet,,,,,,Unknown,cdu
4731,259f613a-3fd0-4f5c-8898-6e7720f54258,cdu/2021-09-16_17-02-39_UTC_7.jpg,Armin Laschet,c1a12a4c-30ca-47ec-b1c5-11409ded5262.png,0.717794696320458,Facenet512,euclidean_l2,40.0,Armin Laschet,cdu
4732,e5d72f19-f4ec-4db4-9657-f8968684d1ec,cdu/2021-09-16_17-02-39_UTC_7.jpg,Unknown,,,,,,Unknown,cdu
4733,6c3f80e2-2fe1-406f-a6a4-49f61b3f098d,cdu/2021-09-16_17-02-39_UTC_7.jpg,Unknown,,,,,,Unknown,cdu
4734,87fd3635-ab24-4ae8-b498-74d88257b642,cdu/2021-09-16_17-02-39_UTC_7.jpg,Unknown,,,,,,Unknown,cdu
4735,4f42dece-0781-40b8-9287-1b979882b4af,cdu/2021-09-21_18-48-32_UTC_3.jpg,Armin Laschet,c0c7aedd-97dc-4394-8336-f812c19fc1a2.png,0.5728352502259123,Facenet512,euclidean_l2,40.0,Armin Laschet,cdu
4736,0edcb710-87d7-4685-b41b-6ec7f62be1e3,cdu/2021-09-21_18-48-32_UTC_3.jpg,Unknown,,,,,,Unknown,cdu
4737,64ff6311-8c5f-4e9b-8881-ffa3e34e4aba,cdu/2021-09-23_10-08-51_UTC_5.jpg,Unknown,,,,,,Unknown,cdu
4738,79d3ae76-a9bf-4c83-95ff-384b9ab6c28a,cdu/2021-09-23_10-08-51_UTC_5.jpg,Armin Laschet,laschet_armin.jpeg,0.5531691956031897,Facenet512,euclidean_l2,40.0,Armin Laschet,cdu
4739,d8afedce-a4ab-4fd6-96f0-a4ea15542be4,cdu/2021-09-23_10-08-51_UTC_5.jpg,Unknown,,,,,,Unknown,cdu
4740,b22f689c-85ca-4de1-93b1-1bf9515cef0a,cdu/2021-09-12_10-18-41_UTC.jpg,Armin Laschet,80b6f539-47d0-408e-8a0b-aadcffe513a5.png,0.3927596205372656,Facenet512,euclidean_l2,40.0,Armin Laschet,cdu
4741,50137cd2-e222-46ee-86da-95fd9385bde3,cdu/2021-09-23_16-10-56_UTC_1.jpg,Armin Laschet,5efa5b53-ada6-486e-8b66-4c6330a71ea7.png,0.5716220079655375,Facenet512,euclidean_l2,40.0,Armin Laschet,cdu
4742,b3253ff0-5f6e-4b39-9242-57d91f54b6b8,cdu/2021-09-23_16-10-56_UTC_1.jpg,Unknown,,,,,,Unknown,cdu
4743,b0101382-48bc-4757-902e-b4a16432275e,cdu/2021-09-23_16-10-56_UTC_1.jpg,Unknown,,,,,,Unknown,cdu
4744,99727f21-3628-46fb-8f0c-9decce5a846d,cdu/2021-09-23_16-10-56_UTC_1.jpg,Unknown,,,,,,Unknown,cdu
4745,d6681763-14b5-460b-85e8-463d40466a6c,cdu/2021-09-23_16-10-56_UTC_1.jpg,Unknown,,,,,,Unknown,cdu
4746,888d70cd-e6a3-4aca-8c84-9b8b7e69a5cd,cdu/2021-09-23_16-10-56_UTC_1.jpg,Unknown,,,,,,Unknown,cdu
4747,9b93704e-725d-4254-8159-568c8b26c148,cdu/2021-09-16_17-02-39_UTC_3.jpg,Unknown,,,,,,Unknown,cdu
4748,dbfe9b62-e1af-49c4-87ed-da6cb8b57108,cdu/2021-09-16_17-02-39_UTC_3.jpg,Unknown,,,,,,Unknown,cdu
4749,e7156360-aefc-4537-8594-e52f3558446a,cdu/2021-09-16_17-02-39_UTC_3.jpg,Unknown,,,,,,Unknown,cdu
4750,8a7f1bd1-73a5-440f-a037-ba0240a72dca,cdu/2021-09-16_17-02-39_UTC_3.jpg,Unknown,,,,,,Unknown,cdu
4751,ff9ac377-c042-42b8-8ac8-4a2b11c6e57a,cdu/2021-09-16_17-02-39_UTC_3.jpg,Unknown,,,,,,Unknown,cdu
4752,6000962f-c9c2-45c0-9a33-fea6c456404b,cdu/2021-09-16_17-02-39_UTC_3.jpg,Unknown,,,,,,Unknown,cdu
4753,d89773fe-f0bb-4518-9ef5-ec05d6319a17,cdu/2021-09-16_17-02-39_UTC_3.jpg,Unknown,,,,,,Unknown,cdu
4754,53ad5b14-b348-4221-8258-9a8bfdbfe2e0,cdu/2021-09-16_17-02-39_UTC_3.jpg,Unknown,,,,,,Unknown,cdu
4755,4cefc3f8-7fd0-4039-9836-52ee36b29e9b,cdu/2021-09-16_17-02-39_UTC_3.jpg,Unknown,,,,,,Unknown,cdu
4756,b9b1b488-3c38-43a3-aefb-7f3ab1c2a425,cdu/2021-09-16_17-02-39_UTC_3.jpg,Unknown,,,,,,Unknown,cdu
4757,5c740cd1-ee08-4249-a929-73440fbeb734,cdu/2021-09-16_17-02-39_UTC_3.jpg,Unknown,,,,,,Unknown,cdu
4758,7b334214-776f-4f30-8c14-ce8fe375d0f4,cdu/2021-09-16_17-02-39_UTC_3.jpg,Armin Laschet,6eea9eca-17f8-4cce-b3dd-7cf5cb345415.png,0.6013440996679211,Facenet512,euclidean_l2,40.0,Armin Laschet,cdu
4759,ad791837-6bf4-4d72-a7bd-d38a8f4da45a,cdu/2021-09-16_17-02-39_UTC_3.jpg,Unknown,,,,,,Unknown,cdu
4760,f518784d-c7f9-4233-92ca-1452fedabaf2,cdu/2021-09-16_17-02-39_UTC_3.jpg,Unknown,,,,,,Unknown,cdu
4761,529411cd-8500-4597-8ff0-75f97225d4cc,cdu/2021-09-16_17-02-39_UTC_3.jpg,Unknown,,,,,,Unknown,cdu
4762,ec297a91-3436-4be9-a39b-3de536635862,cdu/2021-09-16_17-02-39_UTC_3.jpg,Unknown,,,,,,Unknown,cdu
4763,61fd23bc-eea2-4291-8431-c08f4d90895c,cdu/2021-09-16_17-02-39_UTC_3.jpg,Unknown,,,,,,Unknown,cdu
4764,841d427b-fb23-4b74-a081-1abc793215ff,cdu/2021-09-16_17-02-39_UTC_3.jpg,Unknown,,,,,,Unknown,cdu
4765,c66714fe-540f-4082-accc-2f0a8459d21d,cdu/2021-09-23_10-08-51_UTC_2.jpg,Unknown,,,,,,Unknown,cdu
4766,963cefe4-4b86-42d6-8d39-d139bf012f8a,cdu/2021-09-23_10-08-51_UTC_2.jpg,Unknown,,,,,,Unknown,cdu
4767,f728e8bd-1b33-4e72-a753-a1c931d9ade8,cdu/2021-09-23_10-08-51_UTC_2.jpg,Unknown,,,,,,Unknown,cdu
4768,03074040-91ca-4b69-b629-d99ea4812038,cdu/2021-09-23_10-08-51_UTC_2.jpg,Unknown,,,,,,Unknown,cdu
4769,60bc3eda-d7f5-46f2-8c3f-e257d1d01f0d,cdu/2021-09-23_10-08-51_UTC_2.jpg,Unknown,,,,,,Unknown,cdu
4770,538d33ba-4d97-4bee-8779-077e2e788a07,cdu/2021-09-23_10-08-51_UTC_2.jpg,Unknown,,,,,,Unknown,cdu
4771,4ebf4b33-bc24-44dd-9449-130890a87b9e,cdu/2021-09-23_10-08-51_UTC_2.jpg,Unknown,,,,,,Unknown,cdu
4772,1c24a888-95c3-4ccb-8bec-b1fa63390eec,cdu/2021-09-23_10-08-51_UTC_2.jpg,Armin Laschet,1f347af9-a36f-4727-923b-4c1a1e934ab9.png,0.6795891688656649,Facenet512,euclidean_l2,38.0,Armin Laschet,cdu
4773,9de0a59f-0e90-463a-98be-fcf29846af9a,cdu/2021-09-18_13-19-15_UTC_1.jpg,Armin Laschet,c0c7aedd-97dc-4394-8336-f812c19fc1a2.png,0.622175150141716,Facenet512,euclidean_l2,40.0,Armin Laschet,cdu
4774,eb4e28f2-a3d6-471d-864d-ed57d8b866e3,cdu/2021-09-18_13-19-15_UTC_1.jpg,Unknown,,,,,,Unknown,cdu
4775,444a8670-11d4-4cad-8fe8-31b0f2cc1e1f,cdu/2021-09-18_13-19-15_UTC_1.jpg,Unknown,,,,,,Unknown,cdu
4776,7953ce9d-da86-4e7a-a005-9570bb8eb72e,cdu/2021-09-18_13-19-15_UTC_1.jpg,Armin Laschet,,,,,,Unknown,cdu
4777,eac982f0-c3c5-4e6f-a2cb-4647cb572d75,cdu/2021-09-18_13-19-15_UTC_1.jpg,Unknown,,,,,,Unknown,cdu
4778,982c9bd6-8ad8-48b5-8f58-14075ac30fa8,cdu/2021-09-18_13-19-15_UTC_1.jpg,Unknown,,,,,,Unknown,cdu
4779,0dad2386-8cf0-48b1-99de-a566ac929fa2,cdu/2021-09-18_13-19-15_UTC_1.jpg,Unknown,,,,,,Unknown,cdu
4780,475e8d8e-10cf-4e72-a449-d35c662f4f82,cdu/2021-09-18_13-19-15_UTC_1.jpg,Unknown,,,,,,Unknown,cdu
4781,79fc3470-a614-405d-b996-b337a99d4436,cdu/2021-09-17_14-14-38_UTC_3.jpg,Unknown,,,,,,Unknown,cdu
4782,1084b244-0b80-4b8b-bf0d-8b162a8640dd,cdu/2021-09-17_14-14-38_UTC_3.jpg,Markus Söder,,,,,,Unknown,cdu
4783,7b97a6ef-efdd-450a-88bc-a92b7fed43d4,cdu/2021-09-17_14-14-38_UTC_3.jpg,Unknown,,,,,,Unknown,cdu
4784,e65a2d29-194f-45c5-8468-7a5f1b2ff5ff,cdu/2021-09-17_14-14-38_UTC_3.jpg,Unknown,,,,,,Unknown,cdu
4785,59d047fc-f098-4a11-9174-612dbdefa595,cdu/2021-09-17_14-14-38_UTC_3.jpg,Unknown,,,,,,Unknown,cdu
4786,ca8015a3-ba29-48a5-b78d-9e47aec5bd65,cdu/2021-09-17_14-14-38_UTC_3.jpg,Armin Laschet,1e103923-022b-4d3f-a32e-e9c848a00e70.png,0.7513780798324007,Facenet512,euclidean_l2,38.0,Armin Laschet,cdu
4787,838514f8-b447-4a2d-ad8c-dde7dd5e6fa8,cdu/2021-09-17_14-14-38_UTC_3.jpg,Unknown,,,,,,Unknown,cdu
4788,825b7d30-619c-4479-80d3-18dc5d4aeb68,cdu/2021-09-18_17-06-46_UTC_7.jpg,Unknown,,,,,,Unknown,cdu
4789,38703ede-cd93-439f-9da1-d1bf37d2d755,cdu/2021-09-18_17-06-46_UTC_7.jpg,Unknown,,,,,,Unknown,cdu
4790,4aa09354-996b-4212-92ef-9473fefa9f66,cdu/2021-09-18_17-06-46_UTC_7.jpg,Armin Laschet,c0c7aedd-97dc-4394-8336-f812c19fc1a2.png,0.5545357769881297,Facenet512,euclidean_l2,34.0,Armin Laschet,cdu
4791,f0d6d776-9f38-4a29-8455-c0c6a6d9b736,cdu/2021-09-23_19-45-26_UTC.jpg,Unknown,,,,,,Unknown,cdu
4792,15ff594a-9436-4dd7-b0cb-6e4de16ca121,cdu/2021-09-23_19-45-26_UTC.jpg,Unknown,1bd44b42-05b1-4e5e-9ecf-b19872c3a776.png,0.9902575128847904,Facenet512,euclidean_l2,4.0,Armin Laschet,cdu
4793,bb8cc05a-29dd-4b98-8221-1a104ddeb26e,cdu/2021-09-23_19-45-26_UTC.jpg,Armin Laschet,d0e6d963-6d02-463b-a226-ce3f34b0fcc5.png,0.5838815047240713,Facenet512,euclidean_l2,40.0,Armin Laschet,cdu
4794,b758998f-57b0-453f-b54c-e759101f99d4,cdu/2021-09-23_19-45-26_UTC.jpg,Unknown,,,,,,Unknown,cdu
4795,ee3a4872-68e0-489b-ab2f-48b7afdb1f72,cdu/2021-09-15_18-01-26_UTC.jpg,Armin Laschet,d0e6d963-6d02-463b-a226-ce3f34b0fcc5.png,0.6301074872460092,Facenet512,euclidean_l2,40.0,Armin Laschet,cdu
4796,5c539bab-600b-4081-b182-69cb51169b3b,cdu/2021-09-13_12-04-40_UTC_1.jpg,Armin Laschet,1e103923-022b-4d3f-a32e-e9c848a00e70.png,0.5919771783111887,Facenet512,euclidean_l2,40.0,Armin Laschet,cdu
4797,b42c702f-c7d1-49bb-90a1-0366c35c207d,cdu/2021-09-16_13-38-07_UTC.jpg,Armin Laschet,laschet_armin.jpeg,0.5879728620575109,Facenet512,euclidean_l2,38.0,Armin Laschet,cdu
4798,c4178fa0-8423-44f6-b52c-88c353bc4fa3,cdu/2021-09-16_10-34-42_UTC.jpg,Unknown,6b5fba44-8fb8-4e07-98e3-960e82e765a9.png,1.0047428845412616,Facenet512,euclidean_l2,4.0,Armin Laschet,cdu
4799,032cb0ca-8ec0-4a32-acfb-c1e1283fe83f,cdu/2021-09-25_13-50-24_UTC_4.jpg,Unknown,,,,,,Unknown,cdu
4800,a5f96477-b14f-4283-b2d0-56213d858057,cdu/2021-09-25_13-50-24_UTC_4.jpg,Unknown,,,,,,Unknown,cdu
4801,0b84c0ac-dfe3-41a8-a7c8-22eeacfbfa5c,cdu/2021-09-25_13-50-24_UTC_4.jpg,Armin Laschet,5efa5b53-ada6-486e-8b66-4c6330a71ea7.png,0.6282950406020926,Facenet512,euclidean_l2,32.0,Armin Laschet,cdu
4802,2a6154fe-5567-4375-a230-a3c7297d6612,cdu/2021-09-25_13-50-24_UTC_4.jpg,Unknown,,,,,,Unknown,cdu
4803,27587ba5-1e7b-4568-9568-df5f993c98e5,cdu/2021-09-25_13-50-24_UTC_4.jpg,Unknown,,,,,,Unknown,cdu
4804,b61fe511-eaed-4516-975e-6d58120d42c3,cdu/2021-09-25_13-50-24_UTC_4.jpg,Unknown,,,,,,Unknown,cdu
4805,86e499cf-4004-45bd-8fc0-002c6488a825,cdu/2021-09-18_17-06-46_UTC_8.jpg,Unknown,,,,,,Unknown,cdu
4806,53826c7f-07c3-4ea3-b07c-37dff2997b90,cdu/2021-09-18_17-06-46_UTC_8.jpg,Unknown,,,,,,Unknown,cdu
4807,80d105e9-496a-4647-9b46-23f8dbdbe391,cdu/2021-09-18_17-06-46_UTC_8.jpg,Unknown,,,,,,Unknown,cdu
4808,30383295-5c75-4d1f-a49f-1fd9de3aad35,cdu/2021-09-18_17-06-46_UTC_8.jpg,Unknown,,,,,,Unknown,cdu
4809,51db388c-da74-450a-8986-e0e8273bc174,cdu/2021-09-18_17-06-46_UTC_8.jpg,Unknown,,,,,,Unknown,cdu
4810,0902021a-0c7f-47c7-9e17-e0e7c7efd6f4,cdu/2021-09-18_17-06-46_UTC_8.jpg,Unknown,,,,,,Unknown,cdu
4811,23ab169e-bed1-489f-bd1b-487ee97fdb3f,cdu/2021-09-18_17-06-46_UTC_8.jpg,Unknown,,,,,,Unknown,cdu
4812,891d89ab-62da-41dd-8513-452c5afa7b2d,cdu/2021-09-18_17-06-46_UTC_8.jpg,Unknown,,,,,,Unknown,cdu
4813,a64045c0-f205-4c81-a016-7953494e678f,cdu/2021-09-18_17-06-46_UTC_8.jpg,Unknown,,,,,,Unknown,cdu
4814,6e4f6be8-0fd6-4ac2-8ede-786172ecc932,cdu/2021-09-18_17-06-46_UTC_8.jpg,Unknown,,,,,,Unknown,cdu
4815,bf3b9939-f753-4e72-981c-00d9906b005f,cdu/2021-09-18_17-06-46_UTC_8.jpg,Unknown,,,,,,Unknown,cdu
4816,307bd09f-9dfc-4000-a26c-65b9a599f4c0,cdu/2021-09-18_17-06-46_UTC_8.jpg,Unknown,,,,,,Unknown,cdu
4817,814df946-4f65-4559-ab28-4331689ba404,cdu/2021-09-18_17-06-46_UTC_8.jpg,Unknown,,,,,,Unknown,cdu
4818,eb599c74-de56-4c53-b57c-7c3ba15fdcfb,cdu/2021-09-18_17-06-46_UTC_8.jpg,Unknown,,,,,,Unknown,cdu
4819,d8ad75d3-fbf0-4ad4-91b6-39f01edffcac,cdu/2021-09-21_09-28-34_UTC.jpg,Armin Laschet,,,,,,Unknown,cdu
4820,b88ce544-b4e4-4060-9c22-eb0990d584d0,cdu/2021-09-21_09-28-34_UTC.jpg,Unknown,,,,,,Unknown,cdu
4821,5733a1ac-63e9-461c-9d5a-83935f8198c5,cdu/2021-09-21_07-12-22_UTC.jpg,Unknown,,,,,,Unknown,cdu
4822,c483369c-3e44-459c-9e94-b7cae7662976,cdu/2021-09-19_06-23-34_UTC.jpg,Armin Laschet,7cdeee40-f222-4b03-a819-4db32fc47d20.png,0.7542373038055451,Facenet512,euclidean_l2,34.0,Armin Laschet,cdu
4823,157f63a0-3834-4ce2-952d-0eaa30b9350f,cdu/2021-09-12_18-40-41_UTC.jpg,Unknown,,,,,,Unknown,cdu
4824,cc4823d0-fb2a-4f31-88e8-fddc12011942,cdu/2021-09-12_18-40-41_UTC.jpg,Unknown,,,,,,Unknown,cdu
4825,698bcd26-c6b9-45df-98ac-390df2837130,cdu/2021-09-12_18-40-41_UTC.jpg,Unknown,,,,,,Unknown,cdu
4826,760f808c-582a-4e41-abb3-fd2819d3a0c0,cdu/2021-09-12_18-40-41_UTC.jpg,Unknown,,,,,,Unknown,cdu
4827,9c1624a3-e6e8-4e1a-9eab-2e33218c38df,cdu/2021-09-12_18-40-41_UTC.jpg,Unknown,,,,,,Unknown,cdu
4828,823773dd-464d-409b-913f-4c1853c658e9,cdu/2021-09-18_17-06-46_UTC_10.jpg,Unknown,,,,,,Unknown,cdu
4829,3a1051b0-1c09-49a4-ba7c-df99111a34d5,cdu/2021-09-18_17-06-46_UTC_10.jpg,Unknown,,,,,,Unknown,cdu
4830,dd1dc778-6aa6-4ff2-8119-73ed55271675,cdu/2021-09-18_17-06-46_UTC_10.jpg,Unknown,,,,,,Unknown,cdu
4831,44f9b2f0-a762-4587-8b0e-bde39adf00d4,cdu/2021-09-18_17-06-46_UTC_10.jpg,Unknown,,,,,,Unknown,cdu
4832,a71d3c77-f120-48af-b183-ed66d8747e55,cdu/2021-09-18_17-06-46_UTC_10.jpg,Armin Laschet,5efa5b53-ada6-486e-8b66-4c6330a71ea7.png,0.6286549502042148,Facenet512,euclidean_l2,40.0,Armin Laschet,cdu
4833,9e74acaa-377c-4121-8f55-f9f15aac5f55,cdu/2021-09-18_17-06-46_UTC_10.jpg,Unknown,,,,,,Unknown,cdu
4834,548afd62-bc96-40cb-99de-465667621066,cdu/2021-09-18_17-06-46_UTC_10.jpg,Unknown,,,,,,Unknown,cdu
4835,dcb723ec-7fcc-43de-8a3c-ab5b6bbad12a,cdu/2021-09-18_17-06-46_UTC_10.jpg,Unknown,9c3a43b8-03a7-453c-a980-1c4523abd5f3.png,0.8111061476758904,Facenet512,euclidean_l2,34.0,Armin Laschet,cdu
4836,30ae8f2f-5285-40fa-852a-2aefe71688d2,cdu/2021-09-18_17-06-46_UTC_10.jpg,Unknown,,,,,,Unknown,cdu
4837,6d3129d3-f7db-455b-abaf-f34b2c84b9f3,cdu/2021-09-21_11-34-09_UTC_3.jpg,Unknown,,,,,,Unknown,cdu
4838,17fd31d7-eecb-4784-b5b4-9f4ba043d911,cdu/2021-09-21_11-34-09_UTC_3.jpg,Armin Laschet,5efa5b53-ada6-486e-8b66-4c6330a71ea7.png,0.7124538656258073,Facenet512,euclidean_l2,40.0,Armin Laschet,cdu
4839,caa698e1-cc38-4e4e-aa79-8fc71e7934b7,cdu/2021-09-21_11-34-09_UTC_3.jpg,Unknown,,,,,,Unknown,cdu
4840,3431e73e-1a26-4bdb-b9d9-a32c257da153,cdu/2021-09-21_11-34-09_UTC_3.jpg,Unknown,,,,,,Unknown,cdu
4841,34b5a8d8-594f-407a-9d9d-20024f331da0,cdu/2021-09-21_11-34-09_UTC_3.jpg,Unknown,,,,,,Unknown,cdu
4842,9e94abed-51f4-440a-bd99-9fb2756329fe,cdu/2021-09-21_11-34-09_UTC_3.jpg,Unknown,,,,,,Unknown,cdu
4843,60506bff-318f-4c4a-88aa-d2961cd95c38,cdu/2021-09-21_11-34-09_UTC_3.jpg,Unknown,,,,,,Unknown,cdu
4844,753a1c0d-ebcf-4c2b-8dfe-6fb775811c3a,cdu/2021-09-21_11-34-09_UTC_3.jpg,Unknown,,,,,,Unknown,cdu
4845,6bb88e32-c5c5-43dc-857a-f92a7884595f,cdu/2021-09-21_20-02-32_UTC_4.jpg,Unknown,,,,,,Unknown,cdu
4846,83d10fb8-b1f3-43d4-b908-22e0b871a0f7,cdu/2021-09-21_20-02-32_UTC_4.jpg,Unknown,,,,,,Unknown,cdu
4847,3acefd16-178b-473a-a7b7-ca9420b95411,cdu/2021-09-21_20-02-32_UTC_4.jpg,Armin Laschet,cc6b3530-cd71-4500-a5fe-d868c449b8d1.png,0.8936283767930981,Facenet512,euclidean_l2,20.0,Armin Laschet,cdu
4848,48406acc-13fa-456c-86a8-eca4e5151f04,cdu/2021-09-21_20-02-32_UTC_4.jpg,Unknown,,,,,,Unknown,cdu
4849,6716445d-b802-42f9-a5eb-3c5880667374,cdu/2021-09-21_20-02-32_UTC_4.jpg,Unknown,,,,,,Unknown,cdu
4850,a241d898-1508-46e3-9af9-0e9d636206d7,cdu/2021-09-21_20-02-32_UTC_4.jpg,Unknown,,,,,,Unknown,cdu
4851,5d70dae0-df7c-4809-839d-104ea157cebb,cdu/2021-09-21_20-02-32_UTC_4.jpg,Unknown,,,,,,Unknown,cdu
4852,b701cace-0432-4f1c-b161-d4e50e8a7508,cdu/2021-09-21_20-02-32_UTC_4.jpg,Unknown,,,,,,Unknown,cdu
4853,b0548d47-e6bf-49a0-b3d9-bb7f2eb5eb18,cdu/2021-09-22_14-55-38_UTC.jpg,Unknown,,,,,,Unknown,cdu
4854,9fd5269b-3cfe-43e8-b418-eaffe7eeafda,cdu/2021-09-22_14-55-38_UTC.jpg,Unknown,,,,,,Unknown,cdu
4855,86f4d933-aa12-4cee-9974-68248973d580,cdu/2021-09-22_14-55-38_UTC.jpg,Unknown,,,,,,Unknown,cdu
4856,51f06990-163d-4c7b-b19a-3455e59655d3,cdu/2021-09-22_14-55-38_UTC.jpg,Unknown,,,,,,Unknown,cdu
4857,ae023fb7-bae8-4caa-9d3d-0beba7290f9e,cdu/2021-09-22_14-55-38_UTC.jpg,Unknown,,,,,,Unknown,cdu
4858,b8259c7f-ac13-4608-b0c9-fc74a058c53f,cdu/2021-09-22_14-55-38_UTC.jpg,Unknown,,,,,,Unknown,cdu
4859,06aabfb7-58ab-4b45-b5ee-09b5ca4d0f82,cdu/2021-09-22_14-55-38_UTC.jpg,Unknown,,,,,,Unknown,cdu
4860,e97c055a-ff1e-4cba-acf2-0b6672d99aac,cdu/2021-09-22_14-55-38_UTC.jpg,Unknown,,,,,,Unknown,cdu
4861,e4e74295-c683-493e-bc54-8f293e1f12ff,cdu/2021-09-22_14-55-38_UTC.jpg,Unknown,,,,,,Unknown,cdu
4862,932cd87c-68ac-4e72-a46d-71b01c7f6a22,cdu/2021-09-22_14-55-38_UTC.jpg,Unknown,,,,,,Unknown,cdu
4863,4adbbf91-2021-4ce6-9c1c-ec2446484b60,cdu/2021-09-22_14-55-38_UTC.jpg,Unknown,,,,,,Unknown,cdu
4864,27e8df23-9bd1-4c95-aa3d-8bfe1c958cdf,cdu/2021-09-18_17-06-46_UTC_3.jpg,Armin Laschet,5efa5b53-ada6-486e-8b66-4c6330a71ea7.png,0.7401198083230182,Facenet512,euclidean_l2,16.0,Armin Laschet,cdu
4865,381ce11b-8a63-408a-bf0c-63d37bb07e91,cdu/2021-09-23_16-10-56_UTC_4.jpg,Armin Laschet,7cdeee40-f222-4b03-a819-4db32fc47d20.png,0.7001195839434124,Facenet512,euclidean_l2,40.0,Armin Laschet,cdu
4866,541e4edc-8a8f-4768-8e4d-5ce947f8b7f9,cdu/2021-09-23_16-10-56_UTC_4.jpg,Unknown,,,,,,Unknown,cdu
4867,d97c1c44-c9e7-426c-888a-02ca688618ca,cdu/2021-09-12_19-45-25_UTC.jpg,Armin Laschet,9c3a43b8-03a7-453c-a980-1c4523abd5f3.png,0.4987659720415882,Facenet512,euclidean_l2,40.0,Armin Laschet,cdu
4868,fedad987-8f08-4220-935f-543ffb22b1e0,cdu/2021-09-25_10-37-25_UTC.jpg,Unknown,,,,,,Unknown,cdu
4869,a684bc9d-05df-408d-8395-dd3ec4572e3f,atesgurpinar/2021-09-12_14-33-40_UTC_1.jpg,Ates Gürpinar,,,,,,Unknown,atesgurpinar
4870,c8b09232-4e73-4c00-b1d1-43f7310c391e,atesgurpinar/2021-09-19_08-42-11_UTC_2.jpg,Unknown,,,,,,Unknown,atesgurpinar
4871,d3404fcc-77ea-4d60-a46b-090d16c0c1dc,atesgurpinar/2021-09-19_08-42-11_UTC_2.jpg,Unknown,,,,,,Unknown,atesgurpinar
4872,aeee1782-df5d-430b-b071-ad3394e865b5,atesgurpinar/2021-09-19_18-52-07_UTC.jpg,Unknown,,,,,,Unknown,atesgurpinar
4873,31aa757e-6901-44ef-9912-c8f241ba253c,atesgurpinar/2021-09-19_18-52-07_UTC.jpg,Unknown,,,,,,Unknown,atesgurpinar
4874,81774617-a27e-41c0-b02a-b196b681b14c,atesgurpinar/2021-09-19_18-52-07_UTC.jpg,Ates Gürpinar,,,,,,Unknown,atesgurpinar
4875,9d417062-c2da-4430-b0ce-b4c553a67d48,atesgurpinar/2021-09-19_18-52-07_UTC.jpg,Unknown,,,,,,Unknown,atesgurpinar
4876,7881ff9a-72e8-4a64-a5ab-449986e779a7,atesgurpinar/2021-09-19_18-52-07_UTC.jpg,Unknown,,,,,,Unknown,atesgurpinar
4877,bebfb43d-7382-4d62-8418-1dc2f8324bae,atesgurpinar/2021-09-19_18-52-07_UTC.jpg,Unknown,,,,,,Unknown,atesgurpinar
4878,685fd81d-cf1b-4701-a222-080782b155d4,atesgurpinar/2021-09-26_19-21-54_UTC.jpg,Unknown,,,,,,Unknown,atesgurpinar
4879,4b455141-d68f-4ea9-b34f-878ddb129570,atesgurpinar/2021-09-26_19-21-54_UTC.jpg,Ates Gürpinar,,,,,,Unknown,atesgurpinar
4880,46568c86-5956-49e1-ba39-25e33d0c78d7,atesgurpinar/2021-09-26_19-21-54_UTC.jpg,Unknown,,,,,,Unknown,atesgurpinar
4881,746abab0-60bc-4c76-b4b7-55c3d3f467cf,atesgurpinar/2021-09-26_19-21-54_UTC.jpg,Unknown,,,,,,Unknown,atesgurpinar
4882,4c687048-d15b-447e-be62-6f2cca06b5a9,atesgurpinar/2021-09-26_19-21-54_UTC.jpg,Unknown,,,,,,Unknown,atesgurpinar
4883,7a94611e-da7e-4b6e-9685-39786652ee7a,atesgurpinar/2021-09-26_19-21-54_UTC.jpg,Unknown,,,,,,Unknown,atesgurpinar
4884,69f44deb-f96a-4c8f-9a3f-ef8f6aaaa65d,atesgurpinar/2021-09-26_19-21-54_UTC.jpg,Unknown,,,,,,Unknown,atesgurpinar
4885,c043dc10-4556-41a4-8c89-a2f79c8b9d78,atesgurpinar/2021-09-19_08-42-11_UTC_5.jpg,Unknown,,,,,,Unknown,atesgurpinar
4886,b6b8abfd-c385-4a98-b87e-a2497df722c7,atesgurpinar/2021-09-19_08-42-11_UTC_6.jpg,Unknown,,,,,,Unknown,atesgurpinar
4887,87b92b4c-966e-4a0b-bdc3-eb9f2a1af20f,atesgurpinar/2021-09-21_14-45-46_UTC_6.jpg,Unknown,,,,,,Unknown,atesgurpinar
4888,dfa79878-4a2b-4d8e-98de-cc34c5eb3a25,atesgurpinar/2021-09-22_09-21-29_UTC.jpg,Ates Gürpinar,,,,,,Unknown,atesgurpinar
4889,3ccb8794-b2c8-4d3f-8d4c-83b80071a0b8,atesgurpinar/2021-09-16_07-42-52_UTC_1.jpg,Ates Gürpinar,,,,,,Unknown,atesgurpinar
4890,918d230e-436b-406f-805c-43db872b387b,atesgurpinar/2021-09-16_07-42-52_UTC_1.jpg,Unknown,,,,,,Unknown,atesgurpinar
4891,6ffa4a74-fee7-4cf5-9eaa-12f20606e729,atesgurpinar/2021-09-16_07-42-52_UTC_1.jpg,Unknown,,,,,,Unknown,atesgurpinar
4892,2730d4f3-3106-4a49-9d30-a48cf4d481ec,atesgurpinar/2021-09-16_07-42-52_UTC_1.jpg,Unknown,,,,,,Unknown,atesgurpinar
4893,86691fe1-dbb2-4f7f-910e-283b7657565b,atesgurpinar/2021-09-16_07-42-52_UTC_1.jpg,Unknown,,,,,,Unknown,atesgurpinar
4894,4115d4bf-210a-417d-b352-f13fc99a0b8c,atesgurpinar/2021-09-19_08-42-11_UTC_4.jpg,Ates Gürpinar,,,,,,Unknown,atesgurpinar
4895,5edc5107-a036-4db2-8702-1e9b027a41e8,atesgurpinar/2021-09-23_09-00-11_UTC.jpg,Ates Gürpinar,,,,,,Unknown,atesgurpinar
4896,c678ee9c-ba37-4de6-9b40-106e80745361,atesgurpinar/2021-09-24_11-50-25_UTC.jpg,Ates Gürpinar,,,,,,Unknown,atesgurpinar
4897,339876ea-12b3-431b-b26d-82b19723598a,atesgurpinar/2021-09-16_07-42-52_UTC_2.jpg,Ates Gürpinar,,,,,,Unknown,atesgurpinar
4898,7d6046b7-4faa-4f24-932f-ec9d5ba976a6,atesgurpinar/2021-09-16_07-42-52_UTC_2.jpg,Unknown,,,,,,Unknown,atesgurpinar
4899,59d54d21-300a-428a-94ae-6c07589155db,atesgurpinar/2021-09-16_07-42-52_UTC_2.jpg,Unknown,,,,,,Unknown,atesgurpinar
4900,72047485-f689-4ef8-978b-f84fbdb716ca,atesgurpinar/2021-09-21_14-45-46_UTC_3.jpg,Unknown,,,,,,Unknown,atesgurpinar
4901,a2653345-8145-4cea-868c-0764fa8deb98,atesgurpinar/2021-09-25_18-59-54_UTC.jpg,Ates Gürpinar,,,,,,Unknown,atesgurpinar
4902,a00c159a-3052-43ba-b7f2-dd61a48ae5ea,atesgurpinar/2021-09-14_16-49-35_UTC.jpg,Ates Gürpinar,,,,,,Unknown,atesgurpinar
4903,fadc33ac-37f8-4721-bbaa-dc8b8c71ef22,atesgurpinar/2021-09-12_14-33-40_UTC_3.jpg,Unknown,,,,,,Unknown,atesgurpinar
4904,f83b19b6-14f7-4be7-8d82-faef6b7e0cb0,atesgurpinar/2021-09-19_08-42-11_UTC_3.jpg,Unknown,,,,,,Unknown,atesgurpinar
4905,267f81b7-0d31-4e8f-9a4c-26d0e9c37ac2,atesgurpinar/2021-09-16_12-58-24_UTC.jpg,Unknown,,,,,,Unknown,atesgurpinar
4906,c300af67-0ed0-4699-91c3-85bf44d7cee8,atesgurpinar/2021-09-16_12-58-24_UTC.jpg,Ates Gürpinar,,,,,,Unknown,atesgurpinar
4907,91700b8b-4660-48b9-979f-ee31ea19d85a,atesgurpinar/2021-09-19_08-42-11_UTC_7.jpg,Unknown,,,,,,Unknown,atesgurpinar
4908,4f154613-309f-4794-acf2-5211fc1d893f,atesgurpinar/2021-09-12_14-33-40_UTC_2.jpg,Unknown,,,,,,Unknown,atesgurpinar
4909,a0c26a03-3948-4e03-b736-761d0584d4c2,atesgurpinar/2021-09-12_14-33-40_UTC_2.jpg,Unknown,,,,,,Unknown,atesgurpinar
4910,950bfb01-6fbd-4f4a-8435-536f7000ff13,atesgurpinar/2021-09-16_07-42-52_UTC_3.jpg,Ates Gürpinar,,,,,,Unknown,atesgurpinar
4911,1facc7aa-f11f-40e3-b529-40214f1cac2f,atesgurpinar/2021-09-16_07-42-52_UTC_3.jpg,Unknown,,,,,,Unknown,atesgurpinar
4912,fe3c595a-671e-466d-a5a2-23945c581782,susanne_hennig_wellsow/2021-09-24_17-21-09_UTC_6.jpg,Unknown,,,,,,Unknown,susanne_hennig_wellsow
4913,0c2821b1-006f-4a2a-bd11-24a93e299f7d,susanne_hennig_wellsow/2021-09-24_17-21-09_UTC_6.jpg,Susanne Hennig-Wellsow,,,,,,Unknown,susanne_hennig_wellsow
4914,982e622f-6403-4fe7-ac21-9d772b795d81,susanne_hennig_wellsow/2021-09-24_17-21-09_UTC_1.jpg,Unknown,,,,,,Unknown,susanne_hennig_wellsow
4915,a940435c-09d8-4272-875b-87a70e56094a,susanne_hennig_wellsow/2021-09-24_17-21-09_UTC_1.jpg,Susanne Hennig-Wellsow,,,,,,Unknown,susanne_hennig_wellsow
4916,94570e79-1de3-4bcb-bb5c-7ec9147dff93,susanne_hennig_wellsow/2021-09-17_11-47-48_UTC_2.jpg,Unknown,,,,,,Unknown,susanne_hennig_wellsow
4917,f16a11a9-f006-4c89-966c-70fb0c26d3f0,susanne_hennig_wellsow/2021-09-17_11-47-48_UTC_2.jpg,Unknown,,,,,,Unknown,susanne_hennig_wellsow
4918,06fc3f73-b5aa-42ac-9a6f-f29bec613683,susanne_hennig_wellsow/2021-09-17_11-47-48_UTC_2.jpg,Unknown,,,,,,Unknown,susanne_hennig_wellsow
4919,5526defb-c414-4002-89c6-05e24f91d40f,susanne_hennig_wellsow/2021-09-17_11-47-48_UTC_2.jpg,Unknown,,,,,,Unknown,susanne_hennig_wellsow
4920,d8b86ae3-485e-405f-820c-0d6df980f34f,susanne_hennig_wellsow/2021-09-17_11-47-48_UTC_2.jpg,Unknown,,,,,,Unknown,susanne_hennig_wellsow
4921,b5b32ab0-ae05-4700-9cd6-bea0d697ccdb,susanne_hennig_wellsow/2021-09-17_11-47-48_UTC_2.jpg,Unknown,,,,,,Unknown,susanne_hennig_wellsow
4922,39f4adf4-964b-4335-8cc2-f590baa16fe5,susanne_hennig_wellsow/2021-09-17_11-47-48_UTC_2.jpg,Unknown,,,,,,Unknown,susanne_hennig_wellsow
4923,9888661f-66ed-4f89-86ce-2708727aae88,susanne_hennig_wellsow/2021-09-17_11-47-48_UTC_2.jpg,Unknown,,,,,,Unknown,susanne_hennig_wellsow
4924,ec0169a5-fa6b-4e5e-b2c5-c03420e8c8b0,susanne_hennig_wellsow/2021-09-17_11-47-48_UTC_2.jpg,Unknown,,,,,,Unknown,susanne_hennig_wellsow
4925,5e091e4b-2269-4584-899e-96b81b8a7c13,susanne_hennig_wellsow/2021-09-17_11-47-48_UTC_2.jpg,Unknown,,,,,,Unknown,susanne_hennig_wellsow
4926,e730dc86-3569-46ba-9981-ef8aa00560d8,susanne_hennig_wellsow/2021-09-17_11-47-48_UTC_2.jpg,Unknown,,,,,,Unknown,susanne_hennig_wellsow
4927,9adf6bbb-b074-482f-aa20-a2d34436c705,susanne_hennig_wellsow/2021-09-17_11-47-48_UTC_2.jpg,Unknown,,,,,,Unknown,susanne_hennig_wellsow
4928,a8bd7385-bc14-4d40-87b9-a45e4fb0fd00,susanne_hennig_wellsow/2021-09-17_11-47-48_UTC_2.jpg,Unknown,,,,,,Unknown,susanne_hennig_wellsow
4929,9a3447f9-abab-4549-8ba1-c25e6c5adba7,susanne_hennig_wellsow/2021-09-17_11-47-48_UTC_2.jpg,Unknown,,,,,,Unknown,susanne_hennig_wellsow
4930,8ffb193f-fcc3-4390-9127-4f228d88bc65,susanne_hennig_wellsow/2021-09-17_11-47-48_UTC_2.jpg,Unknown,,,,,,Unknown,susanne_hennig_wellsow
4931,edbea297-dc69-40a0-8baf-0f051686869f,susanne_hennig_wellsow/2021-09-17_11-47-48_UTC_2.jpg,Unknown,,,,,,Unknown,susanne_hennig_wellsow
4932,4e9ba1f5-9fac-4fc6-b402-8c45101a5ca2,susanne_hennig_wellsow/2021-09-24_17-21-09_UTC_4.jpg,Unknown,,,,,,Unknown,susanne_hennig_wellsow
4933,fdf9c347-6892-4f77-bf42-de5e8739bd0a,susanne_hennig_wellsow/2021-09-24_17-21-09_UTC_4.jpg,Susanne Hennig-Wellsow,,,,,,Unknown,susanne_hennig_wellsow
4934,3b514df1-9e7c-4ace-bce0-de58f03ae160,susanne_hennig_wellsow/2021-09-17_11-47-48_UTC_1.jpg,Susanne Hennig-Wellsow,,,,,,Unknown,susanne_hennig_wellsow
4935,ed543e4d-fb4d-4757-96f5-1abb12527b06,susanne_hennig_wellsow/2021-09-17_11-47-48_UTC_1.jpg,Unknown,,,,,,Unknown,susanne_hennig_wellsow
4936,bac297bd-9beb-4b5d-9d7e-123f3a58e711,susanne_hennig_wellsow/2021-09-17_11-47-48_UTC_1.jpg,Unknown,,,,,,Unknown,susanne_hennig_wellsow
4937,b864efb1-0c29-4770-abf7-2d5cc9fd2190,susanne_hennig_wellsow/2021-09-25_17-31-57_UTC_4.jpg,Unknown,,,,,,Unknown,susanne_hennig_wellsow
4938,16f387d4-a825-40ea-9a02-2f1ed07c5dbb,susanne_hennig_wellsow/2021-09-25_17-31-57_UTC_1.jpg,Unknown,,,,,,Unknown,susanne_hennig_wellsow
4939,aa809633-6167-4d74-9c09-a4d686ac27b3,susanne_hennig_wellsow/2021-09-25_17-31-57_UTC_1.jpg,Susanne Hennig-Wellsow,,,,,,Unknown,susanne_hennig_wellsow
4940,d37d4cc4-1eba-49bf-99e0-da6cc14958fb,susanne_hennig_wellsow/2021-09-25_17-31-57_UTC_2.jpg,Susanne Hennig-Wellsow,,,,,,Unknown,susanne_hennig_wellsow
4941,4c0f6ed2-8646-4ae9-9a96-540bc917d9c0,susanne_hennig_wellsow/2021-09-25_17-31-57_UTC_2.jpg,Unknown,,,,,,Unknown,susanne_hennig_wellsow
4942,ba4f7592-acb0-4304-9e60-d7b01ac1c9d8,susanne_hennig_wellsow/2021-09-25_17-31-57_UTC_2.jpg,Unknown,,,,,,Unknown,susanne_hennig_wellsow
4943,993e0943-61c5-4f21-b790-bf8baf607938,susanne_hennig_wellsow/2021-09-25_17-31-57_UTC_2.jpg,Unknown,,,,,,Unknown,susanne_hennig_wellsow
4944,30c5a05f-4ffa-4980-b005-e733bc836a11,susanne_hennig_wellsow/2021-09-25_17-31-57_UTC_2.jpg,Unknown,,,,,,Unknown,susanne_hennig_wellsow
4945,86586dd6-c234-44a1-99d6-63f7603d9ff5,susanne_hennig_wellsow/2021-09-25_17-31-57_UTC_2.jpg,Unknown,,,,,,Unknown,susanne_hennig_wellsow
4946,2724fc14-585d-4c7b-8f7a-a9301ba49011,susanne_hennig_wellsow/2021-09-25_17-31-57_UTC_2.jpg,Unknown,,,,,,Unknown,susanne_hennig_wellsow
4947,54a1ec5c-2521-4cb1-8080-2e9e9cdb418b,susanne_hennig_wellsow/2021-09-25_17-31-57_UTC_2.jpg,Unknown,,,,,,Unknown,susanne_hennig_wellsow
4948,1ec4a184-b79f-4e92-b659-8dd1a8a48e0f,susanne_hennig_wellsow/2021-09-24_17-21-09_UTC_5.jpg,Susanne Hennig-Wellsow,,,,,,Unknown,susanne_hennig_wellsow
4949,246713a8-59e7-488e-8870-dd72a84c1461,susanne_hennig_wellsow/2021-09-14_16-35-45_UTC.jpg,Unknown,,,,,,Unknown,susanne_hennig_wellsow
4950,3121b918-5d5a-46db-9009-5817649e2bec,susanne_hennig_wellsow/2021-09-14_16-35-45_UTC.jpg,Susanne Hennig-Wellsow,,,,,,Unknown,susanne_hennig_wellsow
4951,a42c24d3-71c9-4e21-9e72-2a967ecc01eb,susanne_hennig_wellsow/2021-09-24_17-21-09_UTC_3.jpg,Unknown,,,,,,Unknown,susanne_hennig_wellsow
4952,7ae071b2-96df-439d-819c-71b5e0cd36b0,susanne_hennig_wellsow/2021-09-24_17-21-09_UTC_3.jpg,Unknown,,,,,,Unknown,susanne_hennig_wellsow
4953,a4d9c549-629d-4e7e-9be8-686bebe27346,susanne_hennig_wellsow/2021-09-24_17-21-09_UTC_3.jpg,Unknown,,,,,,Unknown,susanne_hennig_wellsow
4954,33ec57e2-207e-444a-a506-bacdd5f065ef,susanne_hennig_wellsow/2021-09-24_17-21-09_UTC_3.jpg,Unknown,,,,,,Unknown,susanne_hennig_wellsow
4955,b482d3e4-282d-4ca1-8a9a-a7b9a60bb70c,susanne_hennig_wellsow/2021-09-24_17-21-09_UTC_3.jpg,Unknown,,,,,,Unknown,susanne_hennig_wellsow
4956,d7679ea9-046c-4ac4-b39a-a73c4d250888,susanne_hennig_wellsow/2021-09-16_12-09-48_UTC_4.jpg,Unknown,,,,,,Unknown,susanne_hennig_wellsow
4957,68495f5d-2114-4918-8df9-4473665b5803,susanne_hennig_wellsow/2021-09-16_12-09-48_UTC_4.jpg,Unknown,,,,,,Unknown,susanne_hennig_wellsow
4958,145bc4f5-a661-4a94-9645-db5369385b6a,susanne_hennig_wellsow/2021-09-16_12-09-48_UTC_4.jpg,Unknown,,,,,,Unknown,susanne_hennig_wellsow
4959,c22cbf5d-5297-406d-b54b-55d830e7bbf4,susanne_hennig_wellsow/2021-09-16_12-09-48_UTC_4.jpg,Unknown,,,,,,Unknown,susanne_hennig_wellsow
4960,f4f60cdf-4077-4dd7-a956-a2bbc5519006,susanne_hennig_wellsow/2021-09-18_13-31-19_UTC.jpg,Unknown,,,,,,Unknown,susanne_hennig_wellsow
4961,02441630-e029-447b-811e-ee133c1a5634,susanne_hennig_wellsow/2021-09-18_13-31-19_UTC.jpg,Unknown,,,,,,Unknown,susanne_hennig_wellsow
4962,7b67314e-61af-4d5e-9478-e5d4e63b68d9,susanne_hennig_wellsow/2021-09-18_13-31-19_UTC.jpg,Unknown,,,,,,Unknown,susanne_hennig_wellsow
4963,2f53df12-ae01-4a11-b39c-e811a16996e1,susanne_hennig_wellsow/2021-09-25_17-31-57_UTC_3.jpg,Unknown,,,,,,Unknown,susanne_hennig_wellsow
4964,eea769e6-1249-49f6-94c5-b1c7d59d332b,susanne_hennig_wellsow/2021-09-25_17-31-57_UTC_3.jpg,Unknown,,,,,,Unknown,susanne_hennig_wellsow
4965,3fd0acc4-e72a-49ca-aa38-89c9404dd8e9,susanne_hennig_wellsow/2021-09-25_17-31-57_UTC_3.jpg,Unknown,,,,,,Unknown,susanne_hennig_wellsow
4966,320b88fd-6f86-4113-aeb3-73aa50e5931b,susanne_hennig_wellsow/2021-09-24_16-04-40_UTC.jpg,Susanne Hennig-Wellsow,,,,,,Unknown,susanne_hennig_wellsow
4967,cf89b6d1-c650-441a-b2dc-3d1ee7963981,spdde/2021-09-18_09-00-38_UTC.jpg,Olaf Scholz,04a53ef1-618b-4c9c-97a8-a1187a75c05c.png,0.4749560007281349,Facenet512,euclidean_l2,38.0,Olaf Scholz,spdde
4968,fa333bc0-4388-4a66-b256-22e0d3013d9b,spdde/2021-09-18_14-42-04_UTC_5.jpg,Unknown,,,,,,Unknown,spdde
4969,4935e57f-c44f-4965-b51f-1c63c99f24c3,spdde/2021-09-18_14-42-04_UTC_5.jpg,Unknown,,,,,,Unknown,spdde
4970,3e4ecaa0-27cb-4d6c-a297-a40b44b7cd57,spdde/2021-09-18_14-42-04_UTC_5.jpg,Unknown,,,,,,Unknown,spdde
4971,50f24562-71ad-4792-be92-222490ddbfa3,spdde/2021-09-12_18-32-44_UTC.jpg,Unknown,,,,,,Unknown,spdde
4972,c38fca27-14a9-46d9-852e-50ebcee2a0bf,spdde/2021-09-18_14-42-04_UTC_4.jpg,Unknown,,,,,,Unknown,spdde
4973,75306c2e-630e-41db-a499-ae1d2ba13f37,spdde/2021-09-18_14-42-04_UTC_4.jpg,Unknown,,,,,,Unknown,spdde
4974,507d0348-ed2d-4297-871a-bf00bcc9028c,spdde/2021-09-25_10-04-18_UTC.jpg,Unknown,91d6fa25-3671-4110-8beb-1c3296cdf4d0.png,0.971502142522158,Facenet512,euclidean_l2,8.0,Olaf Scholz,spdde
4975,bf38e9ca-d601-4dc6-83fe-7a5b16f29744,spdde/2021-09-25_10-04-18_UTC.jpg,Unknown,,,,,,Unknown,spdde
4976,741f89aa-9072-4448-a78c-221289b7cfad,spdde/2021-09-25_10-04-18_UTC.jpg,Unknown,,,,,,Unknown,spdde
4977,650241b3-2ceb-4eba-a449-a814a6ff4227,spdde/2021-09-25_10-04-18_UTC.jpg,Unknown,,,,,,Unknown,spdde
4978,c602f865-9d68-4a1a-bee9-a27fb94c8030,spdde/2021-09-25_10-04-18_UTC.jpg,Unknown,,,,,,Unknown,spdde
4979,f74b4ba5-5c60-4c86-9e75-2339283062f4,spdde/2021-09-25_10-04-18_UTC.jpg,Unknown,,,,,,Unknown,spdde
4980,2fba5387-ccbe-42f1-9fa4-67a6b12da2f2,spdde/2021-09-25_10-04-18_UTC.jpg,Unknown,,,,,,Unknown,spdde
4981,754b6363-703f-4dc9-a80b-1976970e79c4,spdde/2021-09-25_10-04-18_UTC.jpg,Unknown,,,,,,Unknown,spdde
4982,c612f910-8454-436f-938c-2d650c1d2257,spdde/2021-09-25_10-04-18_UTC.jpg,Unknown,,,,,,Unknown,spdde
4983,fa02882e-4071-46b9-bffc-03b04174748d,spdde/2021-09-25_10-04-18_UTC.jpg,Unknown,,,,,,Unknown,spdde
4984,693d94f5-0bd9-4400-beb6-a91b2b3cb76f,spdde/2021-09-25_10-04-18_UTC.jpg,Unknown,,,,,,Unknown,spdde
4985,5124416f-8049-499d-9ab6-9140a1cf38c8,spdde/2021-09-25_10-04-18_UTC.jpg,Unknown,,,,,,Unknown,spdde
4986,73ac7b14-e116-48f2-9c71-ee9a87009bfa,spdde/2021-09-25_10-04-18_UTC.jpg,Unknown,,,,,,Unknown,spdde
4987,afdc0dc6-cb35-4839-bd5a-f2013d75a0a9,spdde/2021-09-25_10-04-18_UTC.jpg,Unknown,,,,,,Unknown,spdde
4988,82550fde-5685-4e9e-949c-4221aee7a896,spdde/2021-09-25_10-04-18_UTC.jpg,Unknown,,,,,,Unknown,spdde
4989,20e3d4ad-4287-4c19-9d53-b6fb30391bdf,spdde/2021-09-25_10-04-18_UTC.jpg,Unknown,,,,,,Unknown,spdde
4990,9e70d7ac-6fd1-4200-900a-ac6c46984f40,spdde/2021-09-25_10-04-18_UTC.jpg,Unknown,,,,,,Unknown,spdde
4991,9079f9b6-5c3c-4f11-bc84-a6d4b688fb83,spdde/2021-09-25_10-04-18_UTC.jpg,Unknown,,,,,,Unknown,spdde
4992,fea1df9f-a045-40dd-bca7-8cab66b098dd,spdde/2021-09-25_10-04-18_UTC.jpg,Unknown,,,,,,Unknown,spdde
4993,7c06bd6d-c2a1-4ed4-916f-d891364e0878,spdde/2021-09-25_10-04-18_UTC.jpg,Unknown,,,,,,Unknown,spdde
4994,b1cf4724-a3ba-4dd5-91df-dce095164a8f,spdde/2021-09-25_10-04-18_UTC.jpg,Unknown,,,,,,Unknown,spdde
4995,e5656934-7d80-49d1-887c-1675f4420a1d,spdde/2021-09-25_10-04-18_UTC.jpg,Unknown,,,,,,Unknown,spdde
4996,aa21914f-c84d-4e73-bb01-9f6347542f79,spdde/2021-09-25_10-04-18_UTC.jpg,Unknown,,,,,,Unknown,spdde
4997,90108751-e2f1-407c-a4dc-e2ecaac2f764,spdde/2021-09-25_10-04-18_UTC.jpg,Unknown,,,,,,Unknown,spdde
4998,bce2e501-50ef-4d9d-802b-6ac701cf6cd8,spdde/2021-09-25_10-04-18_UTC.jpg,Unknown,,,,,,Unknown,spdde
4999,2a015fb1-9dd1-4db9-9bdc-af5ff57ac202,spdde/2021-09-25_10-04-18_UTC.jpg,Unknown,,,,,,Unknown,spdde
5000,2772bfd2-3607-4e05-a66c-688a74eb4e48,spdde/2021-09-25_10-04-18_UTC.jpg,Unknown,,,,,,Unknown,spdde
5001,b468949d-5981-4b5c-acad-8e01b31835f4,spdde/2021-09-25_10-04-18_UTC.jpg,Unknown,,,,,,Unknown,spdde
5002,a99b265c-55f9-4d13-82e4-3e046c4a4ed3,spdde/2021-09-25_10-04-18_UTC.jpg,Unknown,,,,,,Unknown,spdde
5003,c3673046-c74b-404a-bb3d-fd6e739fd439,spdde/2021-09-25_10-04-18_UTC.jpg,Unknown,,,,,,Unknown,spdde
5004,7fb90d7c-783e-4219-a54b-b33d59427ce5,spdde/2021-09-25_10-04-18_UTC.jpg,Unknown,,,,,,Unknown,spdde
5005,ec7e2fe2-ccd4-40b9-a473-9a34a6806192,spdde/2021-09-25_10-04-18_UTC.jpg,Unknown,,,,,,Unknown,spdde
5006,baa47ee0-9bd5-4251-94b9-c2b11142e853,spdde/2021-09-25_10-04-18_UTC.jpg,Unknown,,,,,,Unknown,spdde
5007,1dfd0cc4-9c20-4f53-983d-cffc252dcb9a,spdde/2021-09-25_10-04-18_UTC.jpg,Unknown,,,,,,Unknown,spdde
5008,8d66bfbf-5066-4a6b-a15a-56044ae65989,spdde/2021-09-25_10-04-18_UTC.jpg,Unknown,,,,,,Unknown,spdde
5009,f59d27a7-793b-4b59-9ad0-0c0f34f24b8e,spdde/2021-09-25_10-04-18_UTC.jpg,Unknown,,,,,,Unknown,spdde
5010,fb296003-9ae0-4eca-807d-7ce8c32fabbc,spdde/2021-09-25_10-04-18_UTC.jpg,Unknown,,,,,,Unknown,spdde
5011,0733aee3-8a50-4685-b0f8-9b8b05bd5ca8,spdde/2021-09-14_16-08-41_UTC.jpg,Unknown,,,,,,Unknown,spdde
5012,6e8a9061-f2cb-4635-a627-6560ba73cabe,spdde/2021-09-16_14-37-13_UTC.jpg,Olaf Scholz,77b54f7d-504a-4313-ab25-b66060e08f06.png,0.2728312766107804,Facenet512,euclidean_l2,38.0,Olaf Scholz,spdde
5013,b672cae1-355b-4502-884c-2a1f418d974f,spdde/2021-09-13_16-00-15_UTC.jpg,Olaf Scholz,04a53ef1-618b-4c9c-97a8-a1187a75c05c.png,0.3337934802261093,Facenet512,euclidean_l2,40.0,Olaf Scholz,spdde
5014,bacf9e10-e57e-4adb-9e1c-f4cc772658b9,spdde/2021-09-20_17-17-32_UTC.jpg,Olaf Scholz,8d943c06-bff2-429b-a407-9931a3761618.png,0.5309895923592686,Facenet512,euclidean_l2,38.0,Olaf Scholz,spdde
5015,b8f6b66d-1cbc-4072-ab77-120f31f3158a,spdde/2021-09-20_17-17-32_UTC.jpg,Unknown,82f4d29e-1d17-4672-b015-52009fda2a23.png,0.9561331878526134,Facenet512,euclidean_l2,4.0,Olaf Scholz,spdde
5016,8916bea7-b838-4bd8-8e75-7bc8497192be,spdde/2021-09-18_12-09-36_UTC.jpg,Olaf Scholz,cf207ba3-2a6b-42b2-b0c6-b0fb9e7532f0.png,0.4324520922303277,Facenet512,euclidean_l2,40.0,Olaf Scholz,spdde
5017,489b4aa5-265f-4c90-b41e-ed8892920c2a,spdde/2021-09-17_09-18-30_UTC.jpg,Unknown,,,,,,Unknown,spdde
5018,c3952918-cd80-4d2c-88bd-5eaa214501a1,spdde/2021-09-19_18-45-34_UTC.jpg,Olaf Scholz,04a53ef1-618b-4c9c-97a8-a1187a75c05c.png,0.2415559469447496,Facenet512,euclidean_l2,38.0,Olaf Scholz,spdde
5019,3bce7f55-b2c9-4d7f-8e25-2e45ace801f6,spdde/2021-09-19_18-45-34_UTC.jpg,Unknown,82f4d29e-1d17-4672-b015-52009fda2a23.png,0.9452002659852587,Facenet512,euclidean_l2,2.0,Olaf Scholz,spdde
5020,3983986b-b3b9-4aad-a4c4-6ea87da84cff,spdde/2021-09-20_15-56-40_UTC.jpg,Unknown,,,,,,Unknown,spdde
5021,5adf01b0-1610-45c7-9850-13ee3d4fbc76,spdde/2021-09-20_15-56-40_UTC.jpg,Unknown,,,,,,Unknown,spdde
5022,1461471e-705f-4ac7-a221-c18c1a9a14cf,spdde/2021-09-20_15-56-40_UTC.jpg,Olaf Scholz,,,,,,Unknown,spdde
5023,0a01ad01-ed22-4694-957c-753cf5803de3,spdde/2021-09-20_15-56-40_UTC.jpg,Unknown,,,,,,Unknown,spdde
5024,239a03cd-a71b-434c-a26c-4e6c9b5cf80b,spdde/2021-09-25_18-18-01_UTC.jpg,Olaf Scholz,82f4d29e-1d17-4672-b015-52009fda2a23.png,0.891868673766704,Facenet512,euclidean_l2,18.0,Olaf Scholz,spdde
5025,ccd92941-beed-4893-a486-bcfea96b3c3d,spdde/2021-09-14_18-00-57_UTC_3.jpg,Unknown,,,,,,Unknown,spdde
5026,fc8d51f9-bfe0-45fc-8dfa-d39d3017b689,spdde/2021-09-14_18-00-57_UTC_3.jpg,Unknown,,,,,,Unknown,spdde
5027,914f5eda-11fd-42ba-b67d-8c2d72889939,spdde/2021-09-14_18-00-57_UTC_3.jpg,Olaf Scholz,04a53ef1-618b-4c9c-97a8-a1187a75c05c.png,0.4976247772801505,Facenet512,euclidean_l2,40.0,Olaf Scholz,spdde
5028,f16d8206-ef16-4584-b4b6-fae016c48a64,spdde/2021-09-14_18-00-57_UTC_1.jpg,Unknown,,,,,,Unknown,spdde
5029,d25e30e7-430e-4da7-a901-d98ee06cd666,spdde/2021-09-14_18-00-57_UTC_1.jpg,Olaf Scholz,fb89d12e-d3a5-48c2-b506-eca8454e847b.png,0.5313009282860909,Facenet512,euclidean_l2,40.0,Olaf Scholz,spdde
5030,dc4e4c63-08d2-42dd-8690-b9f5c184ddde,spdde/2021-09-14_18-00-57_UTC_1.jpg,Unknown,,,,,,Unknown,spdde
5031,25a10f1c-0ed4-43eb-ba5e-1b049409b1ef,spdde/2021-09-17_18-00-10_UTC.jpg,Olaf Scholz,77b54f7d-504a-4313-ab25-b66060e08f06.png,0.2991828428319092,Facenet512,euclidean_l2,40.0,Olaf Scholz,spdde
5032,857b2b7f-297d-45d0-9e9f-a0a5bebb6e4d,spdde/2021-09-14_12-19-45_UTC.jpg,Unknown,,,,,,Unknown,spdde
5033,cf574603-3dfd-4396-bed8-183222dd9316,spdde/2021-09-22_13-31-09_UTC_1.jpg,Unknown,,,,,,Unknown,spdde
5034,28eacd9c-71e3-436f-a743-809ab682f705,spdde/2021-09-24_17-55-02_UTC_3.jpg,Unknown,,,,,,Unknown,spdde
5035,4d684099-b0da-4dfb-9484-a8a68e2e8031,spdde/2021-09-24_17-55-02_UTC_3.jpg,Unknown,,,,,,Unknown,spdde
5036,e43a2350-d41a-4281-b593-afb21363ac94,spdde/2021-09-24_17-55-02_UTC_3.jpg,Unknown,,,,,,Unknown,spdde
5037,8c47944a-8f53-4e28-9dd4-f14a2e67ae92,spdde/2021-09-24_17-55-02_UTC_3.jpg,Unknown,,,,,,Unknown,spdde
5038,d7cdfae3-5a17-436c-bd06-58cbb5ccb9d4,spdde/2021-09-24_17-55-02_UTC_3.jpg,Unknown,,,,,,Unknown,spdde
5039,a9e8a3b5-16d0-4dcd-8794-4eaf24aec9c7,spdde/2021-09-24_17-55-02_UTC_3.jpg,Unknown,,,,,,Unknown,spdde
5040,3e738eaf-60e5-49f5-98b3-491da4e3f18e,spdde/2021-09-24_17-55-02_UTC_3.jpg,Unknown,,,,,,Unknown,spdde
5041,99bc846e-14f9-4ae1-9c49-1320cffbdf57,spdde/2021-09-24_17-55-02_UTC_3.jpg,Unknown,,,,,,Unknown,spdde
5042,6ec7776f-2a4a-4619-8df6-d0c3517aeaed,spdde/2021-09-24_17-55-02_UTC_3.jpg,Unknown,,,,,,Unknown,spdde
5043,d2d214d4-22fd-4c2c-93b5-86a7f3c5a23f,spdde/2021-09-24_17-55-02_UTC_3.jpg,Unknown,7283a49c-fba4-43e9-9a0b-a767ea44c1c0.png,0.9555883579750188,Facenet512,euclidean_l2,6.0,Olaf Scholz,spdde
5044,0afa3eba-2fa1-460e-b649-69d680050454,spdde/2021-09-24_17-55-02_UTC_3.jpg,Unknown,,,,,,Unknown,spdde
5045,391f1e3c-23b9-4ead-878c-8278a887c425,spdde/2021-09-24_17-55-02_UTC_3.jpg,Unknown,,,,,,Unknown,spdde
5046,96608a09-b46a-4036-a0f3-2757a08be3cd,spdde/2021-09-24_17-55-02_UTC_3.jpg,Unknown,,,,,,Unknown,spdde
5047,fe3a8e1b-ec5e-4839-a9c1-5cb3860ee908,spdde/2021-09-24_17-55-02_UTC_3.jpg,Unknown,,,,,,Unknown,spdde
5048,50124a57-19f2-41dd-bf48-f815a0a04aec,spdde/2021-09-24_17-55-02_UTC_3.jpg,Unknown,,,,,,Unknown,spdde
5049,a52d3f4d-5250-417f-bf60-e2191cc9b3f5,spdde/2021-09-24_17-55-02_UTC_3.jpg,Unknown,,,,,,Unknown,spdde
5050,6653ca8f-a565-40a1-81dd-411698782a5a,spdde/2021-09-24_17-55-02_UTC_3.jpg,Unknown,,,,,,Unknown,spdde
5051,49fc1802-420a-4f37-b3d8-a860b18462e4,spdde/2021-09-24_17-55-02_UTC_3.jpg,Unknown,,,,,,Unknown,spdde
5052,5490e570-4189-487a-9b9f-3761e1c4e8b4,spdde/2021-09-20_12-42-02_UTC_1.jpg,Unknown,,,,,,Unknown,spdde
5053,3b3688aa-a4a6-4148-869b-848c221dc44e,spdde/2021-09-22_11-21-14_UTC.jpg,Unknown,,,,,,Unknown,spdde
5054,630e5104-6ce0-42eb-aee7-e25dc8f559c9,spdde/2021-09-24_16-19-58_UTC.jpg,Unknown,,,,,,Unknown,spdde
5055,8ae0455f-da39-4ca4-8d9d-0a756e16f61e,spdde/2021-09-24_16-19-58_UTC.jpg,Unknown,,,,,,Unknown,spdde
5056,7e801e16-9c19-4fc8-8d65-c8455314843c,spdde/2021-09-24_16-19-58_UTC.jpg,Unknown,,,,,,Unknown,spdde
5057,d1fa9fbf-9c94-4c24-a57a-941307d9acb9,spdde/2021-09-24_16-19-58_UTC.jpg,Unknown,,,,,,Unknown,spdde
5058,c92c8b77-43bc-4596-bdf5-1d580fc32c07,spdde/2021-09-24_16-19-58_UTC.jpg,Unknown,,,,,,Unknown,spdde
5059,45d2dffa-4c92-4f80-be38-dffb1b45a1bd,spdde/2021-09-24_16-19-58_UTC.jpg,Unknown,,,,,,Unknown,spdde
5060,557fbb75-de9d-4cb2-a312-d0020819c819,spdde/2021-09-24_16-19-58_UTC.jpg,Unknown,,,,,,Unknown,spdde
5061,702fa854-5734-4319-b93b-15f635d63c40,spdde/2021-09-24_16-19-58_UTC.jpg,Unknown,,,,,,Unknown,spdde
5062,3599ad26-edd5-4bd4-af4b-c78a2972142d,spdde/2021-09-24_16-19-58_UTC.jpg,Unknown,,,,,,Unknown,spdde
5063,7d15499c-64e5-4e41-a761-6c645d7e4816,spdde/2021-09-24_16-19-58_UTC.jpg,Unknown,,,,,,Unknown,spdde
5064,103b54d9-a173-48fe-87a0-eb7c8400176d,spdde/2021-09-24_16-19-58_UTC.jpg,Unknown,,,,,,Unknown,spdde
5065,6bc9f632-e532-4336-8323-a026871512b8,spdde/2021-09-24_20-19-17_UTC_2.jpg,Unknown,7283a49c-fba4-43e9-9a0b-a767ea44c1c0.png,0.7982430146788022,Facenet512,euclidean_l2,34.0,Olaf Scholz,spdde
5066,94dbca94-ebed-42dc-a37e-0ca88dd2d2c8,spdde/2021-09-24_20-19-17_UTC_2.jpg,Olaf Scholz,cf207ba3-2a6b-42b2-b0c6-b0fb9e7532f0.png,0.7181891828819597,Facenet512,euclidean_l2,40.0,Olaf Scholz,spdde
5067,a702d9a4-d858-48a8-8467-ebd7ca4a3a10,spdde/2021-09-18_14-42-04_UTC_8.jpg,Unknown,,,,,,Unknown,spdde
5068,69e2432a-aeb7-4bfa-99d1-461b4fe84ff0,spdde/2021-09-18_14-42-04_UTC_8.jpg,Unknown,,,,,,Unknown,spdde
5069,ab7f5386-946c-44a1-ae26-3d3fe59c1133,spdde/2021-09-18_14-42-04_UTC_8.jpg,Unknown,,,,,,Unknown,spdde
5070,3a6965fe-3be0-4355-97b3-c707a9f21a1f,spdde/2021-09-18_14-42-04_UTC_8.jpg,Unknown,,,,,,Unknown,spdde
5071,6094569a-a063-485b-901f-26c0283f53fa,spdde/2021-09-18_14-42-04_UTC_8.jpg,Unknown,,,,,,Unknown,spdde
5072,901a375f-7f77-4db5-a6c5-87a8ced51a06,spdde/2021-09-18_14-42-04_UTC_8.jpg,Unknown,,,,,,Unknown,spdde
5073,86439049-df03-4281-b19d-dc8442b667b7,spdde/2021-09-18_14-42-04_UTC_8.jpg,Unknown,,,,,,Unknown,spdde
5074,8c136f1f-6c2c-46ea-8773-1703e6257ca9,spdde/2021-09-18_14-42-04_UTC_8.jpg,Unknown,,,,,,Unknown,spdde
5075,6c3848a3-fdc7-4265-92b3-adbcaa698409,spdde/2021-09-18_14-42-04_UTC_8.jpg,Unknown,,,,,,Unknown,spdde
5076,782fd402-1501-4635-8315-9fc4fdf3e848,spdde/2021-09-18_14-42-04_UTC_8.jpg,Unknown,,,,,,Unknown,spdde
5077,a752564d-7c96-47ab-ab29-66f993880c95,spdde/2021-09-18_14-42-04_UTC_8.jpg,Unknown,,,,,,Unknown,spdde
5078,efd253d2-51b6-4522-86eb-788158fdc1e3,spdde/2021-09-18_14-42-04_UTC_8.jpg,Unknown,,,,,,Unknown,spdde
5079,edcaabfa-6d49-41e9-bb53-b711c458b1e0,spdde/2021-09-23_12-54-38_UTC.jpg,Unknown,7283a49c-fba4-43e9-9a0b-a767ea44c1c0.png,0.920840567456838,Facenet512,euclidean_l2,18.0,Olaf Scholz,spdde
5080,eb391492-2496-4cf8-85a6-bfb0ea783285,spdde/2021-09-12_12-25-49_UTC.jpg,Olaf Scholz,2ec8c611-8404-4676-9523-28f0cc6181ab.png,0.3557703099822184,Facenet512,euclidean_l2,40.0,Olaf Scholz,spdde
5081,bd229171-6a76-4da9-92cb-852424fb5249,spdde/2021-09-24_20-19-17_UTC_1.jpg,Unknown,,,,,,Unknown,spdde
5082,5b2adbc1-364b-4291-9068-f771c4db1ab7,spdde/2021-09-24_20-19-17_UTC_1.jpg,Unknown,,,,,,Unknown,spdde
5083,431601b4-dcf3-499f-8a1e-d82e8652ded3,spdde/2021-09-24_20-19-17_UTC_1.jpg,Unknown,,,,,,Unknown,spdde
5084,da7b49b1-7e65-452a-bd16-c3b0a2960d56,spdde/2021-09-24_20-19-17_UTC_1.jpg,Unknown,,,,,,Unknown,spdde
5085,00049261-efb5-47c9-ba27-2f1bfcc236af,spdde/2021-09-24_20-19-17_UTC_1.jpg,Unknown,,,,,,Unknown,spdde
5086,e206039b-5084-4a5d-9549-d77bcd7c7790,spdde/2021-09-24_20-19-17_UTC_1.jpg,Unknown,,,,,,Unknown,spdde
5087,438503f6-06c7-4c6f-86f2-b7e59e40ea57,spdde/2021-09-24_20-19-17_UTC_1.jpg,Olaf Scholz,f124d4ca-3c2d-40fd-a3a4-81e0a32b39d5.png,0.4738547898813284,Facenet512,euclidean_l2,40.0,Olaf Scholz,spdde
5088,f694ce31-8128-47a2-8b31-4bb3c134e59e,spdde/2021-09-24_17-55-02_UTC_2.jpg,Unknown,,,,,,Unknown,spdde
5089,38ef95f5-8e13-494d-8915-e043891cf361,spdde/2021-09-24_17-55-02_UTC_2.jpg,Olaf Scholz,04a53ef1-618b-4c9c-97a8-a1187a75c05c.png,0.4561423838183714,Facenet512,euclidean_l2,38.0,Olaf Scholz,spdde
5090,68fc3fb8-2453-481c-8065-d0602f49fa48,spdde/2021-09-12_19-26-11_UTC.jpg,Olaf Scholz,04a53ef1-618b-4c9c-97a8-a1187a75c05c.png,0.2389606052819148,Facenet512,euclidean_l2,38.0,Olaf Scholz,spdde
5091,df8c8008-c22f-4e6d-94a2-f47554dd1ce0,spdde/2021-09-24_20-19-17_UTC_4.jpg,Unknown,,,,,,Unknown,spdde
5092,852ef509-5c1f-4dc9-a189-eb7b54e322c7,spdde/2021-09-24_20-19-17_UTC_4.jpg,Olaf Scholz,82f4d29e-1d17-4672-b015-52009fda2a23.png,0.5440525018633683,Facenet512,euclidean_l2,40.0,Olaf Scholz,spdde
5093,d480c4b4-274e-4a35-80e3-34727df1182d,spdde/2021-09-12_20-35-20_UTC.jpg,Olaf Scholz,c27ee252-e37c-4074-92b5-20e300431107.png,0.4803124130090327,Facenet512,euclidean_l2,38.0,Olaf Scholz,spdde
5094,39325db8-72e0-4bca-af19-682a5c8eac36,spdde/2021-09-12_20-35-20_UTC.jpg,Unknown,,,,,,Unknown,spdde
5095,43303542-b528-4a6f-8ee2-1e999dcd0611,spdde/2021-09-12_20-35-20_UTC.jpg,Unknown,,,,,,Unknown,spdde
5096,699c53f9-d2f8-4931-a5f1-d7ff42c68099,spdde/2021-09-22_18-00-38_UTC_3.jpg,Unknown,,,,,,Unknown,spdde
5097,a5df558a-ad5d-4e9e-86b3-0c5ec1e0a802,spdde/2021-09-22_18-00-38_UTC_3.jpg,Unknown,9bc42743-ba76-4b29-8ae3-88daa99f6988.png,0.9825421663104968,Facenet512,euclidean_l2,2.0,Olaf Scholz,spdde
5098,6802fd13-8e62-4034-9c77-8ed75196338e,spdde/2021-09-22_18-00-38_UTC_3.jpg,Unknown,,,,,,Unknown,spdde
5099,d489f1bb-049c-4c01-83d1-4dd8ef903a7b,spdde/2021-09-22_18-00-38_UTC_3.jpg,Unknown,,,,,,Unknown,spdde
5100,da788d8f-5407-49aa-9333-9f2ed9c04e0d,spdde/2021-09-22_18-00-38_UTC_3.jpg,Olaf Scholz,addb18d2-ca87-4104-b149-5ecb974f1432.png,0.9356807731437472,Facenet512,euclidean_l2,30.0,Olaf Scholz,spdde
5101,ee00ac0a-45d1-4a6f-b3d0-8c68f3b08e64,spdde/2021-09-22_18-00-38_UTC_3.jpg,Unknown,,,,,,Unknown,spdde
5102,3bf85cec-3949-45c8-a469-95239470105d,spdde/2021-09-22_18-00-38_UTC_3.jpg,Unknown,,,,,,Unknown,spdde
5103,4b9010e0-af84-478c-85f8-11ca27ffe225,spdde/2021-09-18_14-42-04_UTC_2.jpg,Olaf Scholz,8c8b42f9-47e7-4df5-bffb-da674eab6953.png,0.7673668799185794,Facenet512,euclidean_l2,38.0,Olaf Scholz,spdde
5104,5201736b-24e8-4cc1-92e1-caf21ed87823,spdde/2021-09-22_15-28-23_UTC.jpg,Unknown,,,,,,Unknown,spdde
5105,22d551d6-dafc-40ab-af07-d2790f852c5e,spdde/2021-09-22_15-28-23_UTC.jpg,Unknown,,,,,,Unknown,spdde
5106,04fa3ad8-acc0-4507-b7ae-efec42580efe,spdde/2021-09-22_15-28-23_UTC.jpg,Unknown,,,,,,Unknown,spdde
5107,70701ea5-c49d-477b-95ac-807b30d2515e,spdde/2021-09-22_15-28-23_UTC.jpg,Unknown,,,,,,Unknown,spdde
5108,fdb7b13b-3056-4c6a-81c5-7234b08a390a,spdde/2021-09-22_15-28-23_UTC.jpg,Olaf Scholz,82f4d29e-1d17-4672-b015-52009fda2a23.png,0.9250385438573582,Facenet512,euclidean_l2,30.0,Olaf Scholz,spdde
5109,0dde78fe-8f2e-4379-8603-0f6f14327391,spdde/2021-09-22_15-28-23_UTC.jpg,Unknown,,,,,,Unknown,spdde
5110,fbed5684-9c84-40e8-ab6f-3fe9e44429f3,spdde/2021-09-22_15-28-23_UTC.jpg,Unknown,,,,,,Unknown,spdde
5111,7f9c6e59-a23d-403e-8b2a-b69133218c53,spdde/2021-09-22_15-28-23_UTC.jpg,Unknown,,,,,,Unknown,spdde
5112,979c56da-0b5b-4863-b740-86b2776e96a8,spdde/2021-09-22_15-28-23_UTC.jpg,Unknown,,,,,,Unknown,spdde
5113,df6c77dd-4e29-4832-98ab-db22a5a0a75c,spdde/2021-09-24_18-00-20_UTC_1.jpg,Olaf Scholz,91d6fa25-3671-4110-8beb-1c3296cdf4d0.png,0.4917096564149391,Facenet512,euclidean_l2,40.0,Olaf Scholz,spdde
5114,0fa8c75e-dd78-46a4-a1a5-00eb014b3032,spdde/2021-09-17_10-32-40_UTC.jpg,Olaf Scholz,77b54f7d-504a-4313-ab25-b66060e08f06.png,0.4085066993643834,Facenet512,euclidean_l2,38.0,Olaf Scholz,spdde
5115,6bfe622c-66b5-4281-9241-a3155602338b,spdde/2021-09-24_20-19-17_UTC_3.jpg,Unknown,,,,,,Unknown,spdde
5116,3ee3c315-2771-4b90-bc93-f9531a71b902,spdde/2021-09-24_20-19-17_UTC_3.jpg,Unknown,,,,,,Unknown,spdde
5117,adcfda25-4c3f-4115-ace9-57dcb7e665ca,spdde/2021-09-24_17-55-02_UTC_4.jpg,Unknown,,,,,,Unknown,spdde
5118,1b60e881-5613-419d-894a-c0c9c303427e,spdde/2021-09-24_15-25-20_UTC.jpg,Unknown,,,,,,Unknown,spdde
5119,f64a4357-bee5-4b21-9803-e18dcc750288,spdde/2021-09-24_17-55-02_UTC_1.jpg,Unknown,,,,,,Unknown,spdde
5120,17140f83-c928-4b83-a43f-02a2555d371b,spdde/2021-09-24_17-55-02_UTC_1.jpg,Unknown,,,,,,Unknown,spdde
5121,9b7dfa3d-f0d6-439f-9c87-d310a1d1ef48,spdde/2021-09-24_17-55-02_UTC_1.jpg,Saskia Esken,,,,,,Unknown,spdde
5122,e2325e85-d51d-481d-86c1-d58f30a1986e,spdde/2021-09-24_17-55-02_UTC_1.jpg,Unknown,,,,,,Unknown,spdde
5123,6fa17537-2918-4acb-91f9-da703e312011,spdde/2021-09-24_17-55-02_UTC_1.jpg,Unknown,,,,,,Unknown,spdde
5124,7cb6372b-68ca-46b8-8484-3b4aff4c658a,spdde/2021-09-24_17-55-02_UTC_1.jpg,Unknown,,,,,,Unknown,spdde
5125,ed8055c7-86e2-48f4-b6ea-7131d45a80c3,spdde/2021-09-13_14-53-39_UTC.jpg,Unknown,,,,,,Unknown,spdde
5126,a4212ff4-a627-4a18-83ee-9f13b340df6e,spdde/2021-09-18_14-42-04_UTC_9.jpg,Unknown,,,,,,Unknown,spdde
5127,3191bbb6-bbe2-44e6-b0ea-cdaa6f5a55ac,spdde/2021-09-18_14-42-04_UTC_9.jpg,Unknown,,,,,,Unknown,spdde
5128,09b36105-091e-4a25-ae4a-2ac703c1ff44,spdde/2021-09-18_14-42-04_UTC_9.jpg,Unknown,,,,,,Unknown,spdde
5129,57db0522-6785-4ddc-ab3d-59e1017b20f6,spdde/2021-09-18_14-42-04_UTC_9.jpg,Unknown,,,,,,Unknown,spdde
5130,f7f6acf5-ffc2-4140-aba1-c69345e7ccc6,spdde/2021-09-18_14-42-04_UTC_9.jpg,Unknown,baaa081f-7a38-4907-b92b-ba3d791c4012.png,1.0392645343724756,Facenet512,euclidean_l2,2.0,Olaf Scholz,spdde
5131,c277eb4c-0de6-4cb4-9f2d-c1ae5a048656,spdde/2021-09-18_14-42-04_UTC_9.jpg,Unknown,,,,,,Unknown,spdde
5132,dc5b74a2-e202-4d63-8960-11a158e0b70c,spdde/2021-09-18_14-42-04_UTC_9.jpg,Unknown,,,,,,Unknown,spdde
5133,3d448687-7fab-4e20-b7f0-0b2c4a075177,spdde/2021-09-18_14-42-04_UTC_9.jpg,Unknown,,,,,,Unknown,spdde
5134,1ea596b0-b746-4d4e-8de2-456edbd3c104,spdde/2021-09-18_14-42-04_UTC_9.jpg,Unknown,,,,,,Unknown,spdde
5135,e45ff4a0-2f90-48db-bc58-d8f4de853df1,spdde/2021-09-18_14-42-04_UTC_9.jpg,Unknown,,,,,,Unknown,spdde
5136,bc24a612-4466-46a9-9d75-786d77f773c3,spdde/2021-09-18_14-42-04_UTC_9.jpg,Unknown,,,,,,Unknown,spdde
5137,314dfa67-0562-4675-b25d-78015138ed44,spdde/2021-09-18_14-42-04_UTC_9.jpg,Olaf Scholz,9bc42743-ba76-4b29-8ae3-88daa99f6988.png,0.9752974225930292,Facenet512,euclidean_l2,4.0,Olaf Scholz,spdde
5138,b9d5d63b-9d79-4cca-b224-5ba08927f481,spdde/2021-09-18_14-42-04_UTC_9.jpg,Unknown,,,,,,Unknown,spdde
5139,e7d2fa65-2e8d-4339-b580-3b9ebd7fa3a1,spdde/2021-09-24_17-55-02_UTC_6.jpg,Unknown,,,,,,Unknown,spdde
5140,f3c2ad5b-f1b3-4ec3-ad59-68e209523ec0,spdde/2021-09-24_17-55-02_UTC_6.jpg,Unknown,,,,,,Unknown,spdde
5141,015935d3-2d3b-4c63-b963-a6db173caf7e,spdde/2021-09-24_17-55-02_UTC_6.jpg,Unknown,,,,,,Unknown,spdde
5142,8533b7a9-77a9-421e-9e9d-ab63443b97f3,spdde/2021-09-24_17-55-02_UTC_6.jpg,Unknown,,,,,,Unknown,spdde
5143,b51ea952-e6ab-489a-a446-005b7a2bc4bf,spdde/2021-09-24_17-55-02_UTC_6.jpg,Unknown,82f4d29e-1d17-4672-b015-52009fda2a23.png,1.0368939227766962,Facenet512,euclidean_l2,2.0,Olaf Scholz,spdde
5144,d6144576-5895-4eb3-8151-f062054e23a4,spdde/2021-09-24_17-55-02_UTC_6.jpg,Unknown,,,,,,Unknown,spdde
5145,52ffbf05-3f83-4634-975b-c9c389852f6e,spdde/2021-09-24_17-55-02_UTC_6.jpg,Unknown,,,,,,Unknown,spdde
5146,34902b37-72f6-4d59-a7a7-91826328bb5f,spdde/2021-09-24_17-55-02_UTC_6.jpg,Olaf Scholz,cf207ba3-2a6b-42b2-b0c6-b0fb9e7532f0.png,0.5635751841892319,Facenet512,euclidean_l2,40.0,Olaf Scholz,spdde
5147,f7b781af-098c-43f3-a91c-fa3b65d1c6fd,spdde/2021-09-14_18-00-57_UTC_2.jpg,Olaf Scholz,c27ee252-e37c-4074-92b5-20e300431107.png,0.4391855302269115,Facenet512,euclidean_l2,40.0,Olaf Scholz,spdde
5148,ca8190ae-5d41-4602-b0e2-ece8e71ea927,spdde/2021-09-14_18-00-57_UTC_2.jpg,Unknown,8c8b42f9-47e7-4df5-bffb-da674eab6953.png,0.8786670275462107,Facenet512,euclidean_l2,40.0,Olaf Scholz,spdde
5149,983f845a-e7e6-41e0-8e87-f4e0743ebd37,spdde/2021-09-14_18-00-57_UTC_2.jpg,Unknown,,,,,,Unknown,spdde
5150,2235e76b-e8ef-4025-a39f-795f96eb06af,spdde/2021-09-18_14-42-04_UTC_6.jpg,Unknown,9bc42743-ba76-4b29-8ae3-88daa99f6988.png,1.0284616836081657,Facenet512,euclidean_l2,2.0,Olaf Scholz,spdde
5151,168ec63a-010e-4938-be35-83dcd32b4b1f,spdde/2021-09-14_15-07-56_UTC.jpg,Unknown,,,,,,Unknown,spdde
5152,749c8de6-0295-4a95-9059-9020e83ff1c3,spdde/2021-09-19_20-34-50_UTC.jpg,Unknown,,,,,,Unknown,spdde
5153,4ee44fbf-586d-4a82-a4ad-1bf3ff50d112,spdde/2021-09-19_20-34-50_UTC.jpg,Olaf Scholz,77b54f7d-504a-4313-ab25-b66060e08f06.png,0.5501500843023975,Facenet512,euclidean_l2,38.0,Olaf Scholz,spdde
5154,1e275839-a0fb-44c5-a2b9-651a97308b6d,spdde/2021-09-19_20-34-50_UTC.jpg,Unknown,,,,,,Unknown,spdde
5155,4cd9ce96-650e-489e-a29b-5844367d8159,spdde/2021-09-24_07-37-11_UTC.jpg,Unknown,,,,,,Unknown,spdde
5156,b6022893-aee7-4787-9c7f-462285a408ad,spdde/2021-09-21_15-00-10_UTC.jpg,Olaf Scholz,77b54f7d-504a-4313-ab25-b66060e08f06.png,0.4211936844228721,Facenet512,euclidean_l2,38.0,Olaf Scholz,spdde
5157,de179721-c81e-4d6a-a650-fca7ccf683f2,spdde/2021-09-18_14-42-04_UTC_7.jpg,Olaf Scholz,fb89d12e-d3a5-48c2-b506-eca8454e847b.png,0.5918726387959699,Facenet512,euclidean_l2,38.0,Olaf Scholz,spdde
5158,33260681-c930-49c5-93dd-c0cc42dd0598,spdde/2021-09-18_14-42-04_UTC_7.jpg,Unknown,,,,,,Unknown,spdde
5159,ad2eae1a-ff47-4610-badf-bb180f448fb2,spdde/2021-09-25_11-23-57_UTC.jpg,Saskia Esken,,,,,,Unknown,spdde
5160,c01021e7-2b88-43c7-9495-347d152ddf79,spdde/2021-09-21_13-30-09_UTC_1.jpg,Unknown,,,,,,Unknown,spdde
5161,d2679261-5dbf-459c-a04f-be10d011fe57,spdde/2021-09-24_17-55-02_UTC_9.jpg,Unknown,,,,,,Unknown,spdde
5162,57d40aa2-b425-4ce1-878f-b069d47538fa,spdde/2021-09-24_17-55-02_UTC_9.jpg,Unknown,,,,,,Unknown,spdde
5163,9725ca45-973a-458c-a199-7378d9f22cd9,spdde/2021-09-24_17-55-02_UTC_9.jpg,Unknown,,,,,,Unknown,spdde
5164,0873046f-d68e-402d-abe1-7c1dacc8aa47,spdde/2021-09-24_17-55-02_UTC_9.jpg,Unknown,,,,,,Unknown,spdde
5165,74cd7875-194a-465e-9648-ca397e6b2624,spdde/2021-09-24_17-55-02_UTC_9.jpg,Unknown,,,,,,Unknown,spdde
5166,aa411dd0-7dce-4144-8f96-6c24e7f53cbd,spdde/2021-09-24_17-55-02_UTC_9.jpg,Unknown,,,,,,Unknown,spdde
5167,a51a7be0-8187-48ec-8389-d678d0eddb63,spdde/2021-09-24_17-55-02_UTC_9.jpg,Unknown,,,,,,Unknown,spdde
5168,a03ce1ee-493a-4b00-998d-2caaf7b08df5,spdde/2021-09-24_17-55-02_UTC_8.jpg,Unknown,,,,,,Unknown,spdde
5169,65688ccd-1c38-4171-80c9-6d4bd049a722,spdde/2021-09-13_10-51-14_UTC_1.jpg,Unknown,,,,,,Unknown,spdde
5170,c6319844-cb1b-4eee-8e02-0ed262021d78,spdde/2021-09-22_18-00-38_UTC_2.jpg,Unknown,,,,,,Unknown,spdde
5171,dc3e0e2f-fab7-41f7-a2d2-35b87b405508,spdde/2021-09-22_18-00-38_UTC_2.jpg,Unknown,,,,,,Unknown,spdde
5172,9af999e3-8a90-418c-a9f9-bbdb2e9ec2f6,spdde/2021-09-22_18-00-38_UTC_2.jpg,Unknown,,,,,,Unknown,spdde
5173,6d463021-3bad-4280-b4f7-8b29aa98e367,spdde/2021-09-22_18-00-38_UTC_2.jpg,Unknown,,,,,,Unknown,spdde
5174,3b6be43c-2445-405d-8a8b-67f433685897,spdde/2021-09-22_18-00-38_UTC_2.jpg,Unknown,,,,,,Unknown,spdde
5175,9f6fb9a3-ab40-4fba-8ca0-9e96fb67a9d5,spdde/2021-09-22_18-00-38_UTC_2.jpg,Unknown,,,,,,Unknown,spdde
5176,b632abd2-263d-4365-b493-45738c77954e,spdde/2021-09-22_18-00-38_UTC_2.jpg,Unknown,,,,,,Unknown,spdde
5177,60f1f96b-a03d-4e7f-979d-5543cc55613b,spdde/2021-09-22_18-00-38_UTC_2.jpg,Olaf Scholz,9bc42743-ba76-4b29-8ae3-88daa99f6988.png,0.9317965156456408,Facenet512,euclidean_l2,30.0,Olaf Scholz,spdde
5178,db9b1a9f-889c-4214-872d-21b8649606b5,spdde/2021-09-22_18-00-38_UTC_2.jpg,Unknown,,,,,,Unknown,spdde
5179,3c4f75ad-77b8-44ef-9017-28ea8d1df3a1,spdde/2021-09-22_18-00-38_UTC_2.jpg,Unknown,,,,,,Unknown,spdde
5180,8458b0b7-c387-40bc-9392-3bfa1e7fd8cc,spdde/2021-09-22_18-00-38_UTC_2.jpg,Unknown,97bef193-f3fe-4df6-b6d6-37ad2790018d.png,1.0208649427756422,Facenet512,euclidean_l2,2.0,Olaf Scholz,spdde
5181,0809f426-5e49-4de5-9de1-245550072782,spdde/2021-09-22_18-00-38_UTC_2.jpg,Unknown,,,,,,Unknown,spdde
5182,1bf3f655-3b82-43f2-91f5-3c47bc8df93f,spdde/2021-09-22_18-00-38_UTC_2.jpg,Unknown,,,,,,Unknown,spdde
5183,f89cdec2-6640-40d1-834b-e0026f27a931,spdde/2021-09-22_18-00-38_UTC_2.jpg,Unknown,,,,,,Unknown,spdde
5184,776dd1dd-6c24-42db-bbf6-e71e3f9df3e2,spdde/2021-09-22_18-00-38_UTC_2.jpg,Unknown,,,,,,Unknown,spdde
5185,54cfc5fa-13fd-49b0-9f60-a0c3d4d06148,spdde/2021-09-22_18-00-38_UTC_2.jpg,Unknown,,,,,,Unknown,spdde
5186,1a96ede3-a326-4968-b17f-18fb088d7548,spdde/2021-09-22_18-00-38_UTC_2.jpg,Unknown,,,,,,Unknown,spdde
5187,6709d5c9-f226-45ca-92a9-e19670fa3e90,spdde/2021-09-16_16-07-38_UTC.jpg,Unknown,,,,,,Unknown,spdde
5188,5d940d94-d6bd-4486-bd57-722ad262d0e6,spdde/2021-09-16_16-07-38_UTC.jpg,Unknown,,,,,,Unknown,spdde
5189,6f2ff400-47ba-44b3-81b1-719f4107356f,spdde/2021-09-16_16-07-38_UTC.jpg,Unknown,,,,,,Unknown,spdde
5190,bb3041d8-d253-4e60-b491-e9bf2a8a0fd4,spdde/2021-09-16_16-07-38_UTC.jpg,Unknown,,,,,,Unknown,spdde
5191,38aeb156-ea93-47c1-8fce-be6e758d149f,spdde/2021-09-16_16-07-38_UTC.jpg,Unknown,,,,,,Unknown,spdde
5192,f00fdd5b-1de7-4fd3-a5fe-ddc212056a17,spdde/2021-09-16_16-07-38_UTC.jpg,Unknown,,,,,,Unknown,spdde
5193,5458853d-c660-4a81-bbf4-c6b18fffecce,spdde/2021-09-16_16-07-38_UTC.jpg,Unknown,,,,,,Unknown,spdde
5194,8bffbc60-ef9c-4c26-8691-f4e92d50772c,spdde/2021-09-16_16-07-38_UTC.jpg,Unknown,,,,,,Unknown,spdde
5195,92efb919-df39-4f22-95f2-30e736a61e3a,spdde/2021-09-16_16-07-38_UTC.jpg,Unknown,,,,,,Unknown,spdde
5196,3273d51d-a922-47fd-b8b6-88ca32e88985,spdde/2021-09-16_16-07-38_UTC.jpg,Unknown,,,,,,Unknown,spdde
5197,fb9cb8f5-fe70-41b0-85f0-cf291c3c862a,spdde/2021-09-16_16-07-38_UTC.jpg,Unknown,,,,,,Unknown,spdde
5198,93dbde33-0f79-4e94-8275-f7d718781dd5,spdde/2021-09-16_16-07-38_UTC.jpg,Unknown,,,,,,Unknown,spdde
5199,88b656ef-0a63-4e8e-ab88-3d5e4d14db44,spdde/2021-09-16_16-07-38_UTC.jpg,Unknown,,,,,,Unknown,spdde
5200,eea203a7-5569-4235-9475-c43640557095,spdde/2021-09-16_16-07-38_UTC.jpg,Unknown,,,,,,Unknown,spdde
5201,053cbbf4-4982-4b2b-afc6-9ef2c97a076f,spdde/2021-09-16_16-07-38_UTC.jpg,Unknown,,,,,,Unknown,spdde
5202,0a0b267c-11fd-4ca3-80ed-274cb0386700,spdde/2021-09-16_16-07-38_UTC.jpg,Unknown,,,,,,Unknown,spdde
5203,205fc60f-99bf-4c6b-8f5e-33e0f0f55352,spdde/2021-09-16_16-07-38_UTC.jpg,Unknown,,,,,,Unknown,spdde
5204,ede7b53f-154d-4de7-aec2-34bc24451fd2,spdde/2021-09-16_16-07-38_UTC.jpg,Unknown,,,,,,Unknown,spdde
5205,cf7c0bba-98ce-4ec5-bb5e-955b2857acdb,spdde/2021-09-16_16-07-38_UTC.jpg,Unknown,,,,,,Unknown,spdde
5206,a003dd1e-c187-4cf9-a1b3-0d4698534cba,spdde/2021-09-16_16-07-38_UTC.jpg,Unknown,,,,,,Unknown,spdde
5207,34cbdd3a-85ae-428d-8ceb-a2be90a37dd7,spdde/2021-09-22_18-00-38_UTC_1.jpg,Olaf Scholz,8c8b42f9-47e7-4df5-bffb-da674eab6953.png,0.9370095709454048,Facenet512,euclidean_l2,32.0,Olaf Scholz,spdde
5208,37691edd-0994-4df0-9702-76b065eda356,spdde/2021-09-22_18-00-38_UTC_1.jpg,Unknown,,,,,,Unknown,spdde
5209,498cb0b9-d7c4-4081-b094-67a892ac5b50,spdde/2021-09-19_19-05-20_UTC_2.jpg,Unknown,,,,,,Unknown,spdde
