filename,Ground Truth,Model,account_name,match_score,GPT,GPT Comment
abaerbock_13-09-2021_00:00_image0.jpeg,Annalena Baerbock,Annalena Baerbock,abaerbock,0.4122580191247825,['True'],"The image includes the name Annalena Baerbock and the Die Grünen party logo, indicating the presence of the front-runner."
abaerbock_13-09-2021_00:00_image1.jpeg,"Unknown, Annalena Baerbock","Unknown, Annalena Baerbock",abaerbock,0.8045331415401109,['True'],
abaerbock_13-09-2021_00:00_image2.jpeg,Annalena Baerbock,Annalena Baerbock,abaerbock,0.6298837288117614,['True'],"The image shows a person who appears to be Annalena Baerbock, the front-runner of the Die Grünen party, based on the context and visual cues."
abaerbock_13-09-2021_00:00_image3.jpeg,Annalena Baerbock,Annalena Baerbock,abaerbock,0.5706775484320785,['True'],"The image shows a person who appears to be Annalena Baerbock, the front-runner of the Die Grünen party, based on the context and visual cues."
abaerbock_13-09-2021_00:00_image4.jpeg,Annalena Baerbock,Unknown,abaerbock,,['True'],
abaerbock_13-09-2021_00:00_image5.jpeg,"Unknown, Annalena Baerbock","Unknown, Annalena Baerbock",abaerbock,0.9814457877287864,['True'],
abaerbock_13-09-2021_00:00_image6.jpeg,Unknown,"Unknown, Annalena Baerbock",abaerbock,1.0140376708197707,['False'],"The image does not picture Annalena Baerbock, the front-runner of the Die Grünen party."
abaerbock_13-09-2021_00:00_video0.jpeg,"Unknown, Annalena Baerbock","Unknown, Annalena Baerbock",abaerbock,0.6608954697582642,['True'],"The image includes the name Annalena Baerbock, who is the front-runner of the Die Grünen party."
abaerbock_13-09-2021_00:00_video1.jpeg,"Unknown, Annalena Baerbock","Unknown, Annalena Baerbock",abaerbock,0.5510539088768149,['True'],
abaerbock_14-09-2021_00:00_image0.jpeg,Unknown,Unknown,abaerbock,,['False'],"The image does not clearly show the front-runner of the Die Grünen party, Annalena Baerbock. It shows a campaign bus and a crowd, but no identifiable individuals."
abaerbock_14-09-2021_00:00_image1.jpeg,Unknown,Unknown,abaerbock,,['False'],"The image does not clearly show Annalena Baerbock, the front-runner of the Die Grünen party."
abaerbock_14-09-2021_00:00_image10.jpeg,"Unknown, Annalena Baerbock",Unknown,abaerbock,,"[""I don't know""]","The image shows two individuals in a greenhouse, but I cannot determine if one of them is Annalena Baerbock, the front-runner of the Die Grünen party."
abaerbock_14-09-2021_00:00_image11.jpeg,Annalena Baerbock,Annalena Baerbock,abaerbock,0.5608351436046979,['True'],"The image shows a person in front of a banner with the WWF logo and text related to climate protection and election programs, which aligns with the activities of Annalena Baerbock, the front-runner of the Die Grünen party."
abaerbock_14-09-2021_00:00_image12.jpeg,Unknown,Unknown,abaerbock,,['False'],"The image does not show Annalena Baerbock, the front-runner of the Die Grünen party. It features a sheep and some people in the background, but none of them can be identified as the candidate."
abaerbock_14-09-2021_00:00_image13.jpeg,"Unknown, Annalena Baerbock",Unknown,abaerbock,,['False'],"The image does not clearly show Annalena Baerbock, the front-runner of the Die Grünen party."
abaerbock_14-09-2021_00:00_image14.jpeg,Annalena Baerbock,Unknown,abaerbock,,['True'],"The image includes the handle '@abaerbock', which is associated with Annalena Baerbock, the front-runner of the Die Grünen party."
abaerbock_14-09-2021_00:00_image15.jpeg,Unknown,Unknown,abaerbock,,['False'],"The image does not provide a clear view of any individuals, making it impossible to determine the presence of the Die Grünen's front-runner."
abaerbock_14-09-2021_00:00_image16.jpeg,Unknown,Unknown,abaerbock,,['False'],"The image does not picture Annalena Baerbock, the front-runner of the Die Grünen party."
abaerbock_14-09-2021_00:00_image2.jpeg,"Unknown, Annalena Baerbock","Unknown, Annalena Baerbock",abaerbock,0.4887141591156818,['True'],"The image shows a person who appears to be Annalena Baerbock, the front-runner of the Die Grünen party, based on the context and visual cues."
abaerbock_14-09-2021_00:00_image3.jpeg,"Unknown, Annalena Baerbock",Unknown,abaerbock,,['True'],"The image shows a person who appears to be Annalena Baerbock, the front-runner of the Die Grünen party, speaking at an event."
abaerbock_14-09-2021_00:00_image4.jpeg,Annalena Baerbock,Annalena Baerbock,abaerbock,0.7560119118523807,['True'],"The image shows a person who appears to be Annalena Baerbock, the front-runner of the Die Grünen party, speaking at an event."
abaerbock_14-09-2021_00:00_image5.jpeg,"Unknown, Annalena Baerbock",Unknown,abaerbock,,['True'],"The image shows a person on stage with a microphone, and the stage has Die Grünen (The Greens) party symbols, suggesting the presence of their front-runner."
abaerbock_14-09-2021_00:00_image6.jpeg,Unknown,Unknown,abaerbock,,['False'],"The image does not appear to show Annalena Baerbock, the front-runner of the Die Grünen party."
abaerbock_14-09-2021_00:00_image7.jpeg,Annalena Baerbock,Unknown,abaerbock,,['True'],"The image includes a profile picture of a person who appears to be Annalena Baerbock, the front-runner of the Die Grünen party."
abaerbock_14-09-2021_00:00_image8.jpeg,Unknown,Unknown,abaerbock,,['False'],"The image shows a crowd of people, but it does not clearly depict Annalena Baerbock, the front-runner of the Die Grünen party."
abaerbock_14-09-2021_00:00_image9.jpeg,"Unknown, Annalena Baerbock","Unknown, Annalena Baerbock",abaerbock,0.5763867876426569,['True'],"The image shows a person speaking at a public event with a Die Grünen banner in the background, indicating the presence of the party's front-runner."
abaerbock_14-09-2021_00:00_video0.jpeg,"Unknown, Annalena Baerbock","Unknown, Annalena Baerbock",abaerbock,0.981125966426355,['True'],
abaerbock_14-09-2021_00:00_video1.jpeg,"Unknown, Annalena Baerbock","Unknown, Annalena Baerbock",abaerbock,1.0349702230709728,['True'],
abaerbock_14-09-2021_00:00_video2.jpeg,"Unknown, Annalena Baerbock",Unknown,abaerbock,,['True'],"The image shows a person who appears to be speaking at a public event, which is consistent with the activities of a political candidate during a campaign."
abaerbock_14-09-2021_00:00_video3.jpeg,"Unknown, Annalena Baerbock",Unknown,abaerbock,,['True'],"The image shows a person on stage, and the text in the image suggests a political context. The presence of the Die Grünen's front-runner is inferred based on the context."
abaerbock_14-09-2021_00:00_video4.jpeg,"Unknown, Annalena Baerbock","Unknown, Annalena Baerbock",abaerbock,0.8933615597392557,['True'],"The image shows a person speaking at a public event, and the text in the image is in German, which aligns with the context of the 2021 Federal German election campaign. The presence of the Die Grünen's front-runner is confirmed."
abaerbock_14-09-2021_00:00_video6.jpeg,"Unknown, Annalena Baerbock",Unknown,abaerbock,,['True'],"The image shows a campaign bus with the Die Grünen party's logo and images of their front-runners, including Annalena Baerbock."
abaerbock_14-09-2021_00:00_video7.jpeg,Unknown,Unknown,abaerbock,,['False'],
abaerbock_16-09-2021_00:00_image1.jpeg,"Unknown, Annalena Baerbock",Unknown,abaerbock,,['True'],"The image appears to show Annalena Baerbock, the front-runner of the Die Grünen party, engaging with others."
abaerbock_16-09-2021_00:00_image2.jpeg,"Unknown, Annalena Baerbock",Unknown,abaerbock,,['True'],"The image includes a person who appears to be Annalena Baerbock, the front-runner of the Die Grünen party."
abaerbock_16-09-2021_00:00_image3.jpeg,Annalena Baerbock,Annalena Baerbock,abaerbock,0.7219158207026252,['True'],
abaerbock_16-09-2021_00:00_image4.jpeg,"Unknown, Annalena Baerbock",Unknown,abaerbock,,['True'],"The image includes a sunflower, which is a symbol associated with the Die Grünen party, and the text suggests a discussion on environmental and health protection, topics relevant to the party's platform."
abaerbock_16-09-2021_00:00_image8.jpeg,"Unknown, Annalena Baerbock",Unknown,abaerbock,,['True'],
abaerbock_17-09-2021_00:00_image1.jpeg,Unknown,Unknown,abaerbock,,['False'],"The image does not picture Annalena Baerbock, the front-runner of the Die Grünen party."
abaerbock_17-09-2021_00:00_image2.jpeg,Unknown,Unknown,abaerbock,,['False'],"The image does not appear to show Annalena Baerbock, the front-runner of the Die Grünen party."
abaerbock_17-09-2021_00:00_image3.jpeg,Annalena Baerbock,Annalena Baerbock,abaerbock,0.2182825847832526,['True'],"The image shows a person in front of a background with the Die Grünen logo, suggesting the presence of a prominent party member."
abaerbock_17-09-2021_00:00_image4.jpeg,"Unknown, Annalena Baerbock","Unknown, Annalena Baerbock",abaerbock,1.0150724254889565,['True'],"The image appears to show Annalena Baerbock, the front-runner of the Die Grünen party, based on the context and visual cues."
abaerbock_17-09-2021_00:00_image5.jpeg,"Unknown, Annalena Baerbock","Unknown, Annalena Baerbock",abaerbock,0.6343650943045264,['True'],
abaerbock_17-09-2021_00:00_image6.jpeg,Unknown,Unknown,abaerbock,,['False'],"The image does not picture Annalena Baerbock, the front-runner of the Die Grünen party."
abaerbock_17-09-2021_00:00_video1.jpeg,Unknown,Unknown,abaerbock,,['False'],"The image does not provide enough information to confirm the presence of Annalena Baerbock, the front-runner of the Die Grünen party."
abaerbock_17-09-2021_00:00_video2.jpeg,"Unknown, Annalena Baerbock",Unknown,abaerbock,,['True'],
abaerbock_17-09-2021_00:00_video3.jpeg,Unknown,Unknown,abaerbock,,['True'],
abaerbock_17-09-2021_00:00_video4.jpeg,"Unknown, Annalena Baerbock",Unknown,abaerbock,,['True'],
abaerbock_17-09-2021_00:00_video5.jpeg,"Unknown, Annalena Baerbock","Unknown, Annalena Baerbock",abaerbock,0.9431463878527068,['True'],
abaerbock_17-09-2021_00:00_video6.jpeg,"Unknown, Annalena Baerbock","Unknown, Annalena Baerbock",abaerbock,0.1873030050304824,['True'],
abaerbock_17-09-2021_00:00_video7.jpeg,"Unknown, Annalena Baerbock","Unknown, Annalena Baerbock",abaerbock,0.7195337848980783,['True'],"The image includes a person tagged as 'abaerbock', which suggests the presence of Annalena Baerbock, the front-runner of the Die Grünen party."
abaerbock_18-09-2021_00:00_image1.jpeg,Unknown,Unknown,abaerbock,,['False'],"The image shows a crowd of people, but it does not clearly depict the front-runner of the Die Grünen party, Annalena Baerbock."
abaerbock_18-09-2021_00:00_image10.jpeg,Annalena Baerbock,Unknown,abaerbock,,['False'],"The image does not clearly show the front-runner of the Die Grünen party, Annalena Baerbock."
abaerbock_18-09-2021_00:00_image11.jpeg,"Unknown, Annalena Baerbock",Unknown,abaerbock,,['True'],
abaerbock_18-09-2021_00:00_image12.jpeg,"Unknown, Annalena Baerbock",Unknown,abaerbock,,['True'],
abaerbock_18-09-2021_00:00_image13.jpeg,Unknown,Unknown,abaerbock,,['False'],"The image does not clearly show Annalena Baerbock, the front-runner of the Die Grünen party."
abaerbock_18-09-2021_00:00_image14.jpeg,Unknown,Unknown,abaerbock,,['False'],"The image does not appear to picture Annalena Baerbock, the front-runner of the Die Grünen party."
abaerbock_18-09-2021_00:00_image15.jpeg,"Unknown, Annalena Baerbock",Unknown,abaerbock,,['True'],"The image includes a person wearing a yellow coat, and the text '@abaerbock' suggests it is Annalena Baerbock, the front-runner of the Die Grünen party."
abaerbock_18-09-2021_00:00_image16.jpeg,Unknown,Unknown,abaerbock,,['False'],"The image does not appear to show Annalena Baerbock, the front-runner of the Die Grünen party."
abaerbock_18-09-2021_00:00_image2.jpeg,Unknown,Unknown,abaerbock,,['False'],"The image does not clearly show Annalena Baerbock, the front-runner of the Die Grünen party."
abaerbock_18-09-2021_00:00_image3.jpeg,Unknown,Unknown,abaerbock,,['False'],"The image does not provide enough information to confirm the presence of Annalena Baerbock, the front-runner of the Die Grünen party."
abaerbock_18-09-2021_00:00_image4.jpeg,Unknown,Unknown,abaerbock,,['False'],"The image does not picture Annalena Baerbock, the front-runner of the Die Grünen party."
abaerbock_18-09-2021_00:00_image6.jpeg,"Unknown, Annalena Baerbock",Unknown,abaerbock,,['False'],"The image does not clearly show Annalena Baerbock, the front-runner of the Die Grünen party."
abaerbock_18-09-2021_00:00_image7.jpeg,"Unknown, Annalena Baerbock",Unknown,abaerbock,,['False'],"The image does not appear to show Annalena Baerbock, the front-runner of the Die Grünen party."
abaerbock_18-09-2021_00:00_image8.jpeg,Unknown,Unknown,abaerbock,,['False'],"The image does not clearly show Annalena Baerbock, the front-runner of the Die Grünen party."
abaerbock_18-09-2021_00:00_image9.jpeg,Unknown,Unknown,abaerbock,,['False'],The image does not show Annalena Baerbock or any identifiable political leader from the Die Grünen party. It depicts police officers and a public space.
abaerbock_18-09-2021_00:00_video1.jpeg,Unknown,Unknown,abaerbock,,['False'],"The image shows a person playing the piano at an outdoor event. There is no indication that this person is Annalena Baerbock, the front-runner of the Die Grünen party."
abaerbock_18-09-2021_00:00_video2.jpeg,Unknown,Unknown,abaerbock,,['False'],"The image shows a person playing the piano, and there is no indication that it features Annalena Baerbock, the front-runner of the Die Grünen party."
abaerbock_20-09-2021_00:00_image0.jpeg,Annalena Baerbock,Annalena Baerbock,abaerbock,0.2238864032819843,['True'],"The image includes the name Annalena Baerbock and the logo of Die Grünen, indicating the presence of the front-runner of the Die Grünen party."
abaerbock_20-09-2021_00:00_image2.jpeg,"Unknown, Annalena Baerbock","Unknown, Annalena Baerbock",abaerbock,1.0143051275765265,['True'],"The image shows a person interacting with supporters holding signs that say 'Team Annalena,' indicating the presence of the Die Grünen's front-runner."
abaerbock_20-09-2021_00:00_image3.jpeg,Annalena Baerbock,Annalena Baerbock,abaerbock,0.826588726859936,['True'],"The image shows a person who appears to be Annalena Baerbock, the front-runner of the Die Grünen party, based on the context and visual cues."
abaerbock_20-09-2021_00:00_image4.jpeg,Annalena Baerbock,Annalena Baerbock,abaerbock,0.7347148056840398,['True'],"The image contains text and a person who appears to be a political figure, likely associated with the Die Grünen party."
abaerbock_20-09-2021_00:00_image6.jpeg,"Unknown, Annalena Baerbock","Unknown, Annalena Baerbock",abaerbock,1.0191883016763552,['True'],"The image includes a person tagged as @annalena.baerbock, who is the front-runner of the Die Grünen party."
abaerbock_20-09-2021_00:00_video0.jpeg,Annalena Baerbock,Annalena Baerbock,abaerbock,0.3651231888252751,['True'],
abaerbock_20-09-2021_00:00_video1.jpeg,Unknown,Unknown,abaerbock,,['False'],"The image does not provide clear evidence that the individual is Annalena Baerbock, the front-runner of the Die Grünen party."
abaerbock_20-09-2021_00:00_video2.jpeg,"Unknown, Annalena Baerbock",Unknown,abaerbock,,['True'],
abaerbock_21-09-2021_00:00_image0.jpeg,Annalena Baerbock,Annalena Baerbock,abaerbock,0.97386284868635,['True'],"The image shows a person in front of a background with the Die Grünen party's logo and colors, suggesting the presence of the party's front-runner."
abaerbock_21-09-2021_00:00_image1.jpeg,Unknown,Unknown,abaerbock,,['False'],"The image does not provide enough information to confirm the presence of Annalena Baerbock, the front-runner of the Die Grünen party."
abaerbock_21-09-2021_00:00_image10.jpeg,Annalena Baerbock,Unknown,abaerbock,,['False'],"The image does not provide enough information to confirm the presence of Annalena Baerbock, the front-runner of the Die Grünen party."
abaerbock_21-09-2021_00:00_image12.jpeg,Unknown,Unknown,abaerbock,,['False'],"The image does not provide enough information to confirm the presence of the Die Grünen's front-runner, Annalena Baerbock."
abaerbock_21-09-2021_00:00_image13.jpeg,Unknown,Unknown,abaerbock,,['True'],The image shows a political event with a person speaking on stage under a tent with the Die Grünen party's branding.
abaerbock_21-09-2021_00:00_image14.jpeg,Unknown,Unknown,abaerbock,,['False'],"The image does not appear to show the front-runner of the Die Grünen party, Annalena Baerbock."
abaerbock_21-09-2021_00:00_image15.jpeg,Unknown,Unknown,abaerbock,,['True'],"The image shows a political event with a speaker on stage, and the banner on the stage has the Die Grünen party logo, indicating the presence of their front-runner."
abaerbock_21-09-2021_00:00_image4.jpeg,Unknown,Unknown,abaerbock,,['False'],"The image depicts a dog, not a human candidate."
abaerbock_21-09-2021_00:00_image5.jpeg,"Unknown, Annalena Baerbock","Unknown, Annalena Baerbock",abaerbock,1.0271679494568138,['True'],"The image shows a political event with the Die Grünen party's branding, and the person on stage appears to be the front-runner of the Die Grünen party."
abaerbock_21-09-2021_00:00_image6.jpeg,"Unknown, Annalena Baerbock",Unknown,abaerbock,,['False'],"The image does not provide enough information to confirm the presence of Annalena Baerbock, the front-runner of the Die Grünen party."
abaerbock_21-09-2021_00:00_image8.jpeg,Unknown,Unknown,abaerbock,,['False'],"The image shows a person playing a guitar, and there is no indication that this person is Annalena Baerbock, the front-runner of the Die Grünen party."
abaerbock_21-09-2021_00:00_image9.jpeg,Unknown,Unknown,abaerbock,,['False'],The image does not picture the front-runner of the Die Grünen party.
abaerbock_21-09-2021_00:00_video0.jpeg,Annalena Baerbock,Unknown,abaerbock,,['True'],
abaerbock_21-09-2021_00:00_video1.jpeg,Unknown,Unknown,abaerbock,,['False'],The image does not provide enough information to confirm the presence of the Die Grünen's front-runner.
abaerbock_21-09-2021_00:00_video2.jpeg,Unknown,Unknown,abaerbock,,['False'],"The image shows a musical performance with a band on stage. There is no indication that the front-runner of the Die Grünen party, Annalena Baerbock, is present in this image."
abaerbock_21-09-2021_00:00_video4.jpeg,Annalena Baerbock,Annalena Baerbock,abaerbock,0.9787443608616622,['True'],"The image shows a person speaking at a public event with a banner in the background indicating a date range that includes the 2021 Federal German election period. The person appears to be a political figure, and the context suggests it could be Annalena Baerbock, the front-runner of the Die Grünen party."
abaerbock_21-09-2021_00:00_video5.jpeg,Annalena Baerbock,Unknown,abaerbock,,['True'],
abaerbock_21-09-2021_00:00_video6.jpeg,Annalena Baerbock,Annalena Baerbock,abaerbock,0.7580031713952625,['True'],"The image shows a person speaking at an event with a sign in German that translates to 'Children's rights belong in the Basic Law,' which aligns with the political messaging of Die Grünen."
abaerbock_21-09-2021_00:00_video7.jpeg,Annalena Baerbock,Annalena Baerbock,abaerbock,0.709157458827551,['True'],
abaerbock_21-09-2021_00:00_video8.jpeg,Annalena Baerbock,Annalena Baerbock,abaerbock,0.9371671396891934,['True'],
abaerbock_22-09-2021_00:00_image0.jpeg,Unknown,Unknown,abaerbock,,['False'],"The image depicts a street scene in Freiburg, Baden-Württemberg, Germany, but does not show any individuals, including the front-runner of the Die Grünen party."
abaerbock_22-09-2021_00:00_image1.jpeg,"Unknown, Annalena Baerbock",Unknown,abaerbock,,['True'],"The image shows a person in the foreground who appears to be speaking at a public event, with a crowd in the background. The presence of green flags and the context suggest it is related to Die Grünen."
abaerbock_22-09-2021_00:00_image10.jpeg,"Unknown, Annalena Baerbock",Unknown,abaerbock,,['True'],"The image shows a person who appears to be Annalena Baerbock, the front-runner of the Die Grünen party, based on the context and visual cues."
abaerbock_22-09-2021_00:00_image11.jpeg,Annalena Baerbock,Unknown,abaerbock,,['True'],"The text on the screen mentions Annalena Baerbock and her plans for Germany, indicating her presence or focus in the event."
abaerbock_22-09-2021_00:00_image13.jpeg,"Unknown, Annalena Baerbock","Unknown, Annalena Baerbock",abaerbock,0.7693045541389723,['True'],"The image appears to show Annalena Baerbock, the front-runner of the Die Grünen party, based on the context and visual cues."
abaerbock_22-09-2021_00:00_image14.jpeg,"Unknown, Annalena Baerbock",Unknown,abaerbock,,['True'],"The image shows a discussion panel with a screen displaying Annalena Baerbock's name, indicating her presence or focus in the event."
abaerbock_22-09-2021_00:00_image15.jpeg,"Unknown, Annalena Baerbock",Unknown,abaerbock,,['True'],"The image on the screen appears to show Annalena Baerbock, the front-runner of the Die Grünen party."
abaerbock_22-09-2021_00:00_image16.jpeg,"Unknown, Annalena Baerbock",Unknown,abaerbock,,['True'],"The image includes a tag '@abaerbock', which suggests the presence of Annalena Baerbock, the front-runner of the Die Grünen party."
abaerbock_22-09-2021_00:00_image2.jpeg,Unknown,Unknown,abaerbock,,['True'],"The image shows a campaign event with a poster of Annalena Baerbock, the front-runner of the Die Grünen party."
abaerbock_22-09-2021_00:00_image3.jpeg,Unknown,Unknown,abaerbock,,['False'],"The image does not picture Annalena Baerbock, the front-runner of the Die Grünen party."
abaerbock_22-09-2021_00:00_image4.jpeg,Unknown,Unknown,abaerbock,,['False'],"The image does not show Annalena Baerbock, the front-runner of the Die Grünen party."
abaerbock_22-09-2021_00:00_image5.jpeg,"Unknown, Annalena Baerbock","Unknown, Annalena Baerbock",abaerbock,0.9463688912788852,['True'],
abaerbock_22-09-2021_00:00_image6.jpeg,Unknown,Unknown,abaerbock,,['False'],The image does not clearly show the front-runner of the Die Grünen party.
abaerbock_22-09-2021_00:00_image8.jpeg,"Unknown, Annalena Baerbock","Unknown, Annalena Baerbock",abaerbock,0.9804427774110044,['True'],"The image shows a panel discussion with a large screen displaying Annalena Baerbock's name, indicating her presence."
abaerbock_22-09-2021_00:00_image9.jpeg,Unknown,Unknown,abaerbock,,['False'],"The image does not picture Annalena Baerbock, the front-runner of the Die Grünen party."
abaerbock_22-09-2021_00:00_video0.jpeg,Unknown,Unknown,abaerbock,,['True'],"The image shows a bus with Die Grünen's campaign colors and slogans, and a person who appears to be a political figure associated with the party."
abaerbock_22-09-2021_00:00_video1.jpeg,"Unknown, Annalena Baerbock",Unknown,abaerbock,,['True'],
abaerbock_22-09-2021_00:00_video2.jpeg,Unknown,Unknown,abaerbock,,['False'],"The image does not clearly show the front-runner of the Die Grünen party, Annalena Baerbock."
abaerbock_22-09-2021_00:00_video3.jpeg,Unknown,Unknown,abaerbock,,['False'],"The image does not provide enough information to confirm the presence of Annalena Baerbock, the front-runner of the Die Grünen party."
abaerbock_23-09-2021_00:00_image0.jpeg,"Unknown, Annalena Baerbock",Unknown,abaerbock,,['True'],"The image shows a person who appears to be Annalena Baerbock, the front-runner of the Die Grünen party, based on the context and visual cues."
abaerbock_23-09-2021_00:00_image10.jpeg,"Unknown, Annalena Baerbock",Unknown,abaerbock,,['False'],
abaerbock_23-09-2021_00:00_image11.jpeg,Unknown,Unknown,abaerbock,,['False'],The image is too blurred to identify the individual.
abaerbock_23-09-2021_00:00_image12.jpeg,Annalena Baerbock,Unknown,abaerbock,,['False'],"The image does not clearly show the front-runner of the Die Grünen party, Annalena Baerbock."
abaerbock_23-09-2021_00:00_image15.jpeg,"Unknown, Annalena Baerbock","Unknown, Annalena Baerbock",abaerbock,0.745683785036273,['True'],
abaerbock_23-09-2021_00:00_image16.jpeg,"Unknown, Annalena Baerbock",Unknown,abaerbock,,['True'],"The image shows a person speaking at a public event with a message encouraging people to vote for Die Grünen, which suggests the presence of the party's front-runner."
abaerbock_23-09-2021_00:00_image3.jpeg,Unknown,Unknown,abaerbock,,['False'],"The image does not appear to show Annalena Baerbock, the front-runner of the Die Grünen party."
abaerbock_23-09-2021_00:00_image5.jpeg,Unknown,Unknown,abaerbock,,['True'],The image shows a person on stage at a political event with Die Grünen's logo visible.
abaerbock_23-09-2021_00:00_image6.jpeg,Unknown,Unknown,abaerbock,,['False'],"The image does not appear to show Annalena Baerbock, the front-runner of the Die Grünen party."
abaerbock_23-09-2021_00:00_image9.jpeg,Unknown,Unknown,abaerbock,,['False'],
abaerbock_23-09-2021_00:00_video0.jpeg,"Unknown, Annalena Baerbock","Unknown, Annalena Baerbock",abaerbock,0.7967373077694051,['True'],"The image includes a person with the Instagram handle @abaerbock, which suggests the presence of Annalena Baerbock, the front-runner of the Die Grünen party."
abaerbock_23-09-2021_00:00_video1.jpeg,"Unknown, Annalena Baerbock",Unknown,abaerbock,,['True'],
abaerbock_23-09-2021_00:00_video2.jpeg,"Unknown, Annalena Baerbock",Unknown,abaerbock,,['False'],"The image does not provide enough information to confirm the presence of Annalena Baerbock, the front-runner of the Die Grünen party."
abaerbock_24-09-2021_00:00_image0.jpeg,Annalena Baerbock,Annalena Baerbock,abaerbock,0.3646443374952803,['True'],"The image includes the name Annalena Baerbock, who is associated with Die Grünen."
abaerbock_24-09-2021_00:00_image1.jpeg,Annalena Baerbock,Annalena Baerbock,abaerbock,0.7543837374609925,['True'],"The image includes a picture of Annalena Baerbock, the front-runner of the Die Grünen party, on the right side."
abaerbock_24-09-2021_00:00_image2.jpeg,"Unknown, Annalena Baerbock","Unknown, Annalena Baerbock",abaerbock,0.5372001695422816,['True'],"The image appears to show Annalena Baerbock, the front-runner of the Die Grünen party."
abaerbock_24-09-2021_00:00_image3.jpeg,Unknown,Unknown,abaerbock,,['False'],"The image does not appear to show Annalena Baerbock, the front-runner of the Die Grünen party."
abaerbock_24-09-2021_00:00_image4.jpeg,Unknown,Unknown,abaerbock,,['False'],"The image does not picture Annalena Baerbock, the front-runner of the Die Grünen party."
abaerbock_24-09-2021_00:00_image5.jpeg,Unknown,Unknown,abaerbock,,['False'],"The image does not show Annalena Baerbock, the front-runner of the Die Grünen party."
abaerbock_24-09-2021_00:00_image6.jpeg,Unknown,Unknown,abaerbock,,['False'],"The image does not show the front-runner of the Die Grünen party, Annalena Baerbock."
abaerbock_24-09-2021_00:00_image7.jpeg,"Unknown, Annalena Baerbock","Unknown, Annalena Baerbock",abaerbock,0.8691486960245451,['True'],
abaerbock_24-09-2021_00:00_image9.jpeg,"Unknown, Annalena Baerbock",Unknown,abaerbock,,['False'],"The image does not clearly show the front-runner of the Die Grünen party, Annalena Baerbock."
abaerbock_24-09-2021_00:00_video0.jpeg,"Unknown, Annalena Baerbock","Unknown, Annalena Baerbock",abaerbock,0.8169755953693278,['True'],"The image includes a reference to Annalena Baerbock, the front-runner of the Die Grünen party, as indicated by the text in the background."
abaerbock_24-09-2021_00:00_video4.jpeg,Unknown,Unknown,abaerbock,,['False'],"The image does not show Annalena Baerbock, the front-runner of the Die Grünen party."
abaerbock_25-09-2021_00:00_image0.jpeg,"Unknown, Annalena Baerbock","Unknown, Annalena Baerbock",abaerbock,0.3337803233942255,['True'],
abaerbock_25-09-2021_00:00_image1.jpeg,Unknown,Unknown,abaerbock,,['False'],"The image does not show the front-runner of the Die Grünen party, Annalena Baerbock."
abaerbock_25-09-2021_00:00_image10.jpeg,Unknown,Unknown,abaerbock,,['False'],"The image shows two individuals performing music, and there is no indication that it features Annalena Baerbock, the front-runner of the Die Grünen party."
abaerbock_25-09-2021_00:00_image11.jpeg,"Unknown, Annalena Baerbock","Unknown, Annalena Baerbock",abaerbock,0.9387802791350964,['True'],
abaerbock_25-09-2021_00:00_image12.jpeg,Unknown,Unknown,abaerbock,,['False'],"The image does not show Annalena Baerbock, the front-runner of the Die Grünen party. It depicts a crowd holding signs related to climate protection."
abaerbock_25-09-2021_00:00_image13.jpeg,"Unknown, Annalena Baerbock","Unknown, Annalena Baerbock",abaerbock,0.8885752808616176,['True'],
abaerbock_25-09-2021_00:00_image14.jpeg,Unknown,Unknown,abaerbock,,['False'],"The image does not clearly show Annalena Baerbock, the front-runner of the Die Grünen party."
abaerbock_25-09-2021_00:00_image2.jpeg,Unknown,Unknown,abaerbock,,['False'],"The image does not clearly show Annalena Baerbock, the front-runner of the Die Grünen party."
abaerbock_25-09-2021_00:00_image3.jpeg,Unknown,"Unknown, Annalena Baerbock",abaerbock,0.9198406440437688,['False'],The image does not provide enough information to confirm the presence of the Die Grünen's front-runner.
abaerbock_25-09-2021_00:00_image4.jpeg,"Unknown, Annalena Baerbock","Unknown, Annalena Baerbock",abaerbock,0.6397773100067556,['True'],"The image includes Annalena Baerbock, the front-runner of the Die Grünen party."
abaerbock_25-09-2021_00:00_image5.jpeg,Unknown,"Unknown, Annalena Baerbock",abaerbock,1.0330173064871475,['False'],"The image does not clearly show the front-runner of the Die Grünen party, Annalena Baerbock."
abaerbock_25-09-2021_00:00_image6.jpeg,"Unknown, Annalena Baerbock","Unknown, Annalena Baerbock",abaerbock,0.8437631857200703,['True'],
abaerbock_25-09-2021_00:00_image9.jpeg,Unknown,Unknown,abaerbock,,['False'],"The image does not clearly show the front-runner of the Die Grünen party, Annalena Baerbock."
abaerbock_25-09-2021_00:00_video0.jpeg,"Unknown, Annalena Baerbock",Unknown,abaerbock,,['False'],"The image shows a group of people with signs and a banner related to Die Grünen, but it does not specifically picture Annalena Baerbock, the front-runner of the Die Grünen party."
abaerbock_25-09-2021_00:00_video1.jpeg,"Unknown, Annalena Baerbock",Unknown,abaerbock,,['True'],"The image includes a tag '@ABAERBOCK' and a quote attributed to Annalena Baerbock, indicating the presence of the Die Grünen's front-runner."
abaerbock_25-09-2021_00:00_video2.jpeg,"Unknown, Annalena Baerbock","Unknown, Annalena Baerbock",abaerbock,0.6716998628663122,['True'],
abaerbock_26-09-2021_00:00_image0.jpeg,Annalena Baerbock,Annalena Baerbock,abaerbock,0.7669854619941232,['True'],"The image shows a person who appears to be associated with Die Grünen, indicated by the green background and the party's logo."
abaerbock_26-09-2021_00:00_image1.jpeg,"Unknown, Annalena Baerbock","Unknown, Annalena Baerbock",abaerbock,0.800207131156049,['True'],"The image shows a person who appears to be a prominent figure in the Die Grünen party, indicated by the green party logos and the context of the scene."
abaerbock_26-09-2021_00:00_image2.jpeg,Unknown,Unknown,abaerbock,,['False'],
abaerbock_26-09-2021_00:00_image3.jpeg,"Unknown, Annalena Baerbock","Unknown, Annalena Baerbock",abaerbock,0.7607353223444105,['True'],
abaerbock_26-09-2021_00:00_image5.jpeg,"Unknown, Annalena Baerbock","Unknown, Annalena Baerbock",abaerbock,0.9673657600134938,['False'],"The image does not appear to show Annalena Baerbock, the front-runner of the Die Grünen party."
abaerbock_26-09-2021_00:00_image6.jpeg,"Unknown, Annalena Baerbock","Unknown, Annalena Baerbock",abaerbock,0.8852781969700206,['True'],
abaerbock_26-09-2021_00:00_image7.jpeg,Unknown,Unknown,abaerbock,,['False'],"The image does not clearly show Annalena Baerbock, the front-runner of the Die Grünen party."
abaerbock_26-09-2021_00:00_video0.jpeg,Annalena Baerbock,Annalena Baerbock,abaerbock,0.4784039258289556,['True'],
abaerbock_26-09-2021_00:00_video1.jpeg,"Unknown, Annalena Baerbock",Unknown,abaerbock,,['True'],"The image includes a person with a bicycle and a text mentioning 'Wahlkampftentspurt heute in meiner Heimat Potsdam' which suggests a campaign activity in Potsdam. The sunflower symbol is associated with Die Grünen, indicating the presence of their front-runner."
abaerbock_26-09-2021_00:00_video2.jpeg,Unknown,Unknown,abaerbock,,['False'],"The image does not appear to show Annalena Baerbock, the front-runner of the Die Grünen party."
armin_laschet_13-09-2021_00:00_image0.jpeg,Armin Laschet,Armin Laschet,armin_laschet,0.6380159148538993,['True'],
armin_laschet_13-09-2021_00:00_image1.jpeg,"Armin Laschet, Unknown","Armin Laschet, Unknown",armin_laschet,0.6367235305661194,['True'],The image includes text that identifies the person as Armin Laschet.
armin_laschet_13-09-2021_00:00_image2.jpeg,Armin Laschet,Armin Laschet,armin_laschet,0.6128261530508008,['True'],"The image includes text and visual elements that indicate the presence of Armin Laschet, the front-runner of the CDU party."
armin_laschet_13-09-2021_00:00_image3.jpeg,Unknown,Unknown,armin_laschet,,['False'],"The image contains a tweet mentioning Armin Laschet, but it does not picture him."
armin_laschet_13-09-2021_00:00_video0.jpeg,Armin Laschet,Armin Laschet,armin_laschet,0.4949889618471182,['True'],
armin_laschet_13-09-2021_00:00_video2.jpeg,"Armin Laschet, Unknown","Armin Laschet, Unknown",armin_laschet,0.6979852443471595,['True'],"The image contains text mentioning Armin Laschet, the front-runner of the CDU party, indicating his presence."
armin_laschet_13-09-2021_00:00_video3.jpeg,Armin Laschet,Armin Laschet,armin_laschet,1.0354105247228402,['True'],"The image includes text that mentions Armin Laschet, the front-runner of the CDU party, indicating his presence."
armin_laschet_13-09-2021_00:00_video4.jpeg,Armin Laschet,Unknown,armin_laschet,,['True'],"The image includes the hashtag #meinkanzler and the handle @armin_laschet, indicating the presence of the CDU's front-runner."
armin_laschet_13-09-2021_00:00_video5.jpeg,Armin Laschet,Armin Laschet,armin_laschet,0.4877148260474943,['True'],
armin_laschet_13-09-2021_00:00_video6.jpeg,Armin Laschet,Armin Laschet,armin_laschet,0.5106833062934603,['True'],"The image appears to show the front-runner of the CDU party, Armin Laschet."
armin_laschet_14-09-2021_00:00_image0.jpeg,Armin Laschet,Armin Laschet,armin_laschet,0.5360561529669347,['True'],
armin_laschet_14-09-2021_00:00_image1.jpeg,"Armin Laschet, Unknown","Armin Laschet, Unknown",armin_laschet,1.029899278800828,['True'],"The image includes text indicating the presence of Armin Laschet, the front-runner of the CDU party."
armin_laschet_14-09-2021_00:00_image2.jpeg,"Armin Laschet, Unknown","Armin Laschet, Unknown",armin_laschet,0.6488233634183743,['True'],"The image appears to be from the Instagram account of Armin Laschet, the front-runner of the CDU party, suggesting his presence in the picture."
armin_laschet_14-09-2021_00:00_video0.jpeg,"Armin Laschet, Unknown",Unknown,armin_laschet,,['True'],
armin_laschet_14-09-2021_00:00_video1.jpeg,Armin Laschet,Armin Laschet,armin_laschet,0.847401728840292,['True'],"The image shows a person identified as 'Herr Laschet' in the text, which suggests it is Armin Laschet, the front-runner of the CDU party."
armin_laschet_14-09-2021_00:00_video2.jpeg,Armin Laschet,Armin Laschet,armin_laschet,0.5273305104059129,['True'],The image appears to show the front-runner of the CDU party in the 2021 Federal German election campaign.
armin_laschet_14-09-2021_00:00_video3.jpeg,Unknown,Unknown,armin_laschet,,['True'],"The image shows a person in a suit walking towards a crowd holding CDU signs, which suggests the presence of a political leader, likely the front-runner of the CDU party."
armin_laschet_14-09-2021_00:00_video4.jpeg,Unknown,Unknown,armin_laschet,,['False'],"The image shows a crowd of people with CDU signs, but it does not clearly depict Armin Laschet, the front-runner of the CDU party."
armin_laschet_16-09-2021_00:00_image0.jpeg,"Armin Laschet, Unknown","Armin Laschet, Unknown",armin_laschet,1.001871318096836,['True'],
armin_laschet_16-09-2021_00:00_image1.jpeg,Armin Laschet,Unknown,armin_laschet,,['True'],"The image contains a tweet from an account named 'Armin Laschet', who is the front-runner of the CDU party."
armin_laschet_16-09-2021_00:00_image2.jpeg,"Armin Laschet, Unknown","Armin Laschet, Unknown",armin_laschet,0.5402702026747844,['True'],"The image includes a poster with the name 'Armin Laschet' and the CDU logo, indicating the presence of the CDU's front-runner."
armin_laschet_16-09-2021_00:00_image3.jpeg,"Armin Laschet, Unknown","Armin Laschet, Unknown",armin_laschet,0.9407851480855244,['True'],"The image shows a person holding a sign with the CDU logo and campaign slogans, indicating the presence of the CDU's front-runner."
armin_laschet_16-09-2021_00:00_video0.jpeg,Armin Laschet,Armin Laschet,armin_laschet,0.4198606085113103,['True'],"The image includes a nameplate that identifies the individual as Armin Laschet, the front-runner of the CDU party."
armin_laschet_16-09-2021_00:00_video1.jpeg,Armin Laschet,Armin Laschet,armin_laschet,0.2780260059059478,['True'],"The image includes a label identifying the individual as Armin Laschet, the front-runner of the CDU party."
armin_laschet_16-09-2021_00:00_video2.jpeg,Unknown,Unknown,armin_laschet,,['False'],"The image does not picture Armin Laschet, the front-runner of the CDU party. It shows a different individual speaking at a podium."
armin_laschet_16-09-2021_00:00_video3.jpeg,Unknown,Unknown,armin_laschet,,['True'],"The image shows a person who appears to be Armin Laschet, the front-runner of the CDU party, on a screen in the background."
armin_laschet_17-09-2021_00:00_image0.jpeg,Armin Laschet,Armin Laschet,armin_laschet,0.9418637564884834,['True'],"The image contains a tweet from an account named 'Armin Laschet', who is the front-runner of the CDU party."
armin_laschet_17-09-2021_00:00_image1.jpeg,Armin Laschet,Armin Laschet,armin_laschet,0.9290278354597168,['True'],
armin_laschet_17-09-2021_00:00_image10.jpeg,Unknown,Unknown,armin_laschet,,['True'],"The image shows a person speaking at a CDU event, which suggests the presence of the CDU's front-runner."
armin_laschet_17-09-2021_00:00_image11.jpeg,"Armin Laschet, Unknown","Armin Laschet, Unknown",armin_laschet,0.6360032065817678,['False'],The image does not provide enough information to confirm the presence of the CDU's front-runner.
armin_laschet_17-09-2021_00:00_image12.jpeg,"Armin Laschet, Unknown","Armin Laschet, Unknown",armin_laschet,0.7043396428810716,['True'],"The image includes a person holding a sign with the name 'Armin' and a picture of a person who appears to be Armin Laschet, the front-runner of the CDU party."
armin_laschet_17-09-2021_00:00_image2.jpeg,Armin Laschet,Armin Laschet,armin_laschet,0.5410147421370856,['True'],
armin_laschet_17-09-2021_00:00_image3.jpeg,"Armin Laschet, Unknown",Unknown,armin_laschet,,['True'],
armin_laschet_17-09-2021_00:00_image4.jpeg,Unknown,Unknown,armin_laschet,,['True'],"The image caption mentions Armin Laschet, indicating his presence in the picture."
armin_laschet_17-09-2021_00:00_image5.jpeg,Unknown,Unknown,armin_laschet,,['True'],"The image shows a person who appears to be Armin Laschet, the front-runner of the CDU party, interacting with people holding CDU campaign materials."
armin_laschet_17-09-2021_00:00_image6.jpeg,"Armin Laschet, Unknown",Unknown,armin_laschet,,['True'],"The image shows a CDU event, and the individual in the blue suit on the left side of the stage resembles Armin Laschet, the front-runner of the CDU party during the 2021 Federal German election campaign."
armin_laschet_17-09-2021_00:00_image7.jpeg,"Armin Laschet, Unknown","Armin Laschet, Unknown",armin_laschet,0.9264543841161892,['True'],"The image shows a person who appears to be a prominent figure in the CDU party, likely the front-runner."
armin_laschet_17-09-2021_00:00_image8.jpeg,Unknown,Unknown,armin_laschet,,['True'],"The image contains text mentioning Armin Laschet, the front-runner of the CDU party."
armin_laschet_17-09-2021_00:00_image9.jpeg,"Armin Laschet, Unknown","Armin Laschet, Unknown",armin_laschet,0.7577581951509943,['True'],"The image includes text mentioning Armin Laschet and shows a person speaking at a CDU event, indicating the presence of the CDU's front-runner."
armin_laschet_17-09-2021_00:00_video0.jpeg,Armin Laschet,Armin Laschet,armin_laschet,0.7219205470691838,['True'],"The image includes a press statement by NRW-Ministerpräsident Laschet, who is the front-runner of the CDU party."
armin_laschet_17-09-2021_00:00_video1.jpeg,Armin Laschet,Armin Laschet,armin_laschet,0.6102046267784195,['True'],
armin_laschet_17-09-2021_00:00_video10.jpeg,Unknown,Unknown,armin_laschet,,['False'],"The image shows a crowd and a stage with people, but it is not clear if the CDU's front-runner is present."
armin_laschet_17-09-2021_00:00_video12.jpeg,"Armin Laschet, Unknown",Unknown,armin_laschet,,['True'],"The image includes text that mentions Armin Laschet, indicating his presence."
armin_laschet_17-09-2021_00:00_video13.jpeg,"Armin Laschet, Unknown","Armin Laschet, Unknown",armin_laschet,0.92867974591044,['True'],"The image includes a tag with the name @armin_laschet, indicating the presence of the CDU's front-runner."
armin_laschet_17-09-2021_00:00_video14.jpeg,Unknown,Unknown,armin_laschet,,['False'],"The image does not show Armin Laschet, the front-runner of the CDU party. It appears to show a different individual."
armin_laschet_17-09-2021_00:00_video15.jpeg,Armin Laschet,Armin Laschet,armin_laschet,0.8539482485604816,['True'],"The image shows a person speaking at a podium with the CDU logo, which suggests it is likely the front-runner of the CDU party."
armin_laschet_17-09-2021_00:00_video16.jpeg,Armin Laschet,Unknown,armin_laschet,,['True'],"The image includes the name 'Armin Laschet' and shows a CDU event, indicating the presence of the CDU's front-runner."
armin_laschet_17-09-2021_00:00_video17.jpeg,Armin Laschet,Unknown,armin_laschet,,['True'],"The image shows a person speaking at a CDU event, which suggests the presence of the CDU's front-runner."
armin_laschet_17-09-2021_00:00_video18.jpeg,Unknown,Unknown,armin_laschet,,['True'],"The image includes a mention of Armin Laschet, the front-runner of the CDU party, indicating his presence."
armin_laschet_17-09-2021_00:00_video2.jpeg,Armin Laschet,Armin Laschet,armin_laschet,0.5870506908218524,['True'],
armin_laschet_17-09-2021_00:00_video3.jpeg,Armin Laschet,Armin Laschet,armin_laschet,0.8618189847935597,['True'],"The image shows a person who appears to be associated with the CDU party, as indicated by the text and context."
armin_laschet_17-09-2021_00:00_video4.jpeg,Armin Laschet,Unknown,armin_laschet,,['True'],"The image shows a person speaking at a podium with a CDU backdrop and the Instagram handle @armin_laschet, indicating the presence of the CDU's front-runner."
armin_laschet_17-09-2021_00:00_video5.jpeg,Unknown,Unknown,armin_laschet,,['True'],"The text in the image mentions Armin Laschet, the front-runner of the CDU party, indicating his presence."
armin_laschet_17-09-2021_00:00_video6.jpeg,"Armin Laschet, Unknown","Armin Laschet, Unknown",armin_laschet,0.8898066289774169,['True'],"The image shows a person who appears to be the front-runner of the CDU party, Armin Laschet, during the 2021 Federal German election campaign."
armin_laschet_17-09-2021_00:00_video7.jpeg,"Armin Laschet, Unknown","Armin Laschet, Unknown",armin_laschet,0.824512533344475,['True'],"The image prominently features posters and banners with the name and image of Armin Laschet, indicating his presence in the campaign event."
armin_laschet_17-09-2021_00:00_video9.jpeg,Unknown,Unknown,armin_laschet,,['False'],"The image shows a CDU event, but it does not clearly depict the front-runner of the CDU party, Armin Laschet."
armin_laschet_18-09-2021_00:00_image0.jpeg,Armin Laschet,Armin Laschet,armin_laschet,0.9564900828651683,['True'],"The image appears to show a person who is likely the front-runner of the CDU party, based on the context and visual cues."
armin_laschet_18-09-2021_00:00_image1.jpeg,Armin Laschet,Armin Laschet,armin_laschet,0.7280270802785647,['True'],"The image includes a reference to Armin Laschet, the front-runner of the CDU party, as indicated by the text."
armin_laschet_18-09-2021_00:00_image3.jpeg,"Armin Laschet, Unknown",Unknown,armin_laschet,,['True'],"The image shows a political event with CDU branding, and the individual at the podium is likely the front-runner of the CDU party."
armin_laschet_18-09-2021_00:00_image4.jpeg,"Armin Laschet, Unknown","Armin Laschet, Unknown",armin_laschet,0.5425993695354997,['True'],"The image includes a poster featuring the front-runner of the CDU party, indicating his presence in the campaign."
armin_laschet_18-09-2021_00:00_video0.jpeg,Unknown,"Armin Laschet, Unknown",armin_laschet,0.9946682812411488,['True'],"The image includes a tag with the name 'Armin Laschet', indicating the presence of the CDU's front-runner."
armin_laschet_18-09-2021_00:00_video2.jpeg,Armin Laschet,Unknown,armin_laschet,,['True'],"The image includes the CDU logo and appears to be from a campaign event, suggesting the presence of the CDU's front-runner."
armin_laschet_18-09-2021_00:00_video3.jpeg,"Armin Laschet, Unknown","Armin Laschet, Unknown",armin_laschet,1.0353269718878664,['True'],"The image includes a mention of Armin Laschet in the text overlay, suggesting his presence."
armin_laschet_18-09-2021_00:00_video4.jpeg,Unknown,Unknown,armin_laschet,,['True'],"The image includes a mention of @armin_laschet, indicating the presence of the CDU's front-runner."
armin_laschet_19-09-2021_00:00_image0.jpeg,Armin Laschet,Armin Laschet,armin_laschet,0.9648004962600988,['True'],"The image appears to show a prominent figure associated with the CDU party, likely the front-runner."
armin_laschet_19-09-2021_00:00_image1.jpeg,Armin Laschet,Armin Laschet,armin_laschet,0.5467074084797501,['True'],"The image includes a caption and text that identifies the person as Armin Laschet, the front-runner of the CDU party."
armin_laschet_19-09-2021_00:00_image2.jpeg,Unknown,Unknown,armin_laschet,,['False'],"The image shows a person speaking at an event, but it is not possible to confirm if this is the front-runner of the CDU party, Armin Laschet."
armin_laschet_19-09-2021_00:00_image3.jpeg,"Armin Laschet, Unknown","Armin Laschet, Unknown",armin_laschet,0.8073670460554022,['True'],"The image includes a banner with the text 'LIEBER ARMIN LASCHET, WILLKOMMEN IN DER CDU', indicating the presence of Armin Laschet, the front-runner of the CDU party."
armin_laschet_19-09-2021_00:00_image4.jpeg,"Armin Laschet, Unknown","Armin Laschet, Unknown",armin_laschet,0.3008876369909066,['True'],"The image shows a person who appears to be the front-runner of the CDU party, Armin Laschet, taking a selfie with another individual."
armin_laschet_19-09-2021_00:00_image5.jpeg,"Armin Laschet, Unknown","Armin Laschet, Unknown",armin_laschet,1.0088468829892072,['True'],
armin_laschet_19-09-2021_00:00_image6.jpeg,Unknown,Unknown,armin_laschet,,['False'],"The image does not clearly show the front-runner of the CDU party, Armin Laschet."
armin_laschet_19-09-2021_00:00_image7.jpeg,"Armin Laschet, Unknown","Armin Laschet, Unknown",armin_laschet,1.0182809184813688,['True'],"The image includes a bus with the name 'Armin Laschet' and the CDU logo, indicating the presence of the CDU's front-runner."
armin_laschet_19-09-2021_00:00_image8.jpeg,"Armin Laschet, Unknown","Armin Laschet, Unknown",armin_laschet,0.6451648097599695,['True'],
armin_laschet_19-09-2021_00:00_video2.jpeg,Unknown,Unknown,armin_laschet,,['False'],"The image shows a crowded scene, but it does not clearly depict Armin Laschet, the front-runner of the CDU party."
armin_laschet_19-09-2021_00:00_video3.jpeg,"Armin Laschet, Unknown","Armin Laschet, Unknown",armin_laschet,0.4144226291982282,['True'],
armin_laschet_19-09-2021_00:00_video4.jpeg,"Armin Laschet, Unknown","Armin Laschet, Unknown",armin_laschet,1.011874407670947,['True'],"The image shows a person speaking at a podium with CDU branding, which suggests the presence of the CDU's front-runner."
armin_laschet_20-09-2021_00:00_image0.jpeg,Armin Laschet,Armin Laschet,armin_laschet,0.694909027092864,['True'],"The text in the image mentions Armin Laschet, Kanzlerkandidat der Union, indicating the presence of the CDU's front-runner."
armin_laschet_20-09-2021_00:00_image2.jpeg,Armin Laschet,Armin Laschet,armin_laschet,0.5532410861659078,['True'],"The image contains text that mentions Armin Laschet, the front-runner of the CDU party."
armin_laschet_20-09-2021_00:00_image3.jpeg,Armin Laschet,Armin Laschet,armin_laschet,0.9394326604520208,['True'],"The image includes the name 'Armin Laschet' and the CDU party logo, indicating the presence of the CDU's front-runner."
armin_laschet_20-09-2021_00:00_video0.jpeg,Armin Laschet,Armin Laschet,armin_laschet,0.7442789886433282,"[""I don't know""]","As an AI, I cannot identify individuals in images. Therefore, I cannot confirm if the person in the image is Armin Laschet, the front-runner of the CDU party."
armin_laschet_20-09-2021_00:00_video1.jpeg,Armin Laschet,Armin Laschet,armin_laschet,0.3477298564618923,['True'],The image appears to show the front-runner of the CDU party for the 2021 Federal German election campaign.
armin_laschet_20-09-2021_00:00_video2.jpeg,Armin Laschet,Armin Laschet,armin_laschet,0.5982103824280561,['True'],"The image appears to show a political figure in a formal setting, which aligns with the context of the 2021 Federal German election campaign."
armin_laschet_20-09-2021_00:00_video3.jpeg,Armin Laschet,Armin Laschet,armin_laschet,0.5454688322190536,['True'],
armin_laschet_20-09-2021_00:00_video4.jpeg,Armin Laschet,Armin Laschet,armin_laschet,0.7059180206523479,['True'],
armin_laschet_20-09-2021_00:00_video5.jpeg,Armin Laschet,Armin Laschet,armin_laschet,0.7318957792381368,['True'],
armin_laschet_20-09-2021_00:00_video6.jpeg,Armin Laschet,Armin Laschet,armin_laschet,0.6318174212405551,['True'],
armin_laschet_21-09-2021_00:00_image0.jpeg,"Armin Laschet, Unknown","Armin Laschet, Unknown",armin_laschet,0.7178976646303407,['True'],"The image and text mention Armin Laschet, the front-runner of the CDU party, indicating his presence."
armin_laschet_21-09-2021_00:00_image1.jpeg,Armin Laschet,Armin Laschet,armin_laschet,0.7008556143023337,['True'],
armin_laschet_21-09-2021_00:00_image2.jpeg,Armin Laschet,Armin Laschet,armin_laschet,0.6837141024540114,['True'],
armin_laschet_21-09-2021_00:00_image3.jpeg,Armin Laschet,Unknown,armin_laschet,,['True'],"The tweet is from the account @ArminLaschet, which indicates the presence of the CDU's front-runner."
armin_laschet_21-09-2021_00:00_video0.jpeg,Armin Laschet,Armin Laschet,armin_laschet,0.5991835788421429,['True'],
armin_laschet_21-09-2021_00:00_video1.jpeg,Armin Laschet,Unknown,armin_laschet,,['False'],I cannot identify individuals in images.
armin_laschet_21-09-2021_00:00_video2.jpeg,Armin Laschet,Armin Laschet,armin_laschet,0.8120856506362376,['False'],I cannot identify individuals in images.
armin_laschet_21-09-2021_00:00_video3.jpeg,"Armin Laschet, Unknown",Unknown,armin_laschet,,['True'],
armin_laschet_21-09-2021_00:00_video4.jpeg,Armin Laschet,Armin Laschet,armin_laschet,0.6228994568607145,['True'],"The image shows a person speaking at a podium with CDU branding, which suggests it is likely the front-runner of the CDU party."
armin_laschet_21-09-2021_00:00_video5.jpeg,Armin Laschet,Armin Laschet,armin_laschet,0.5746865250321188,['True'],"The image shows a person at a podium with CDU branding, which suggests the presence of the CDU's front-runner."
armin_laschet_21-09-2021_00:00_video6.jpeg,Armin Laschet,Armin Laschet,armin_laschet,0.3235325422764321,['True'],The image features the front-runner of the CDU party in the 2021 Federal German election campaign.
armin_laschet_22-09-2021_00:00_image0.jpeg,Armin Laschet,Armin Laschet,armin_laschet,0.2987210291370141,['True'],
armin_laschet_22-09-2021_00:00_image1.jpeg,"Armin Laschet, Unknown","Armin Laschet, Unknown",armin_laschet,0.624173205343887,['True'],The image includes a person who appears to be the front-runner of the CDU party in the 2021 Federal German election campaign.
armin_laschet_22-09-2021_00:00_image2.jpeg,Unknown,Unknown,armin_laschet,,['True'],"The image includes a reference to Armin Laschet, the front-runner of the CDU party, in the text overlay."
armin_laschet_22-09-2021_00:00_image3.jpeg,"Armin Laschet, Unknown","Armin Laschet, Unknown",armin_laschet,0.901335408896158,['True'],"The image includes the name 'Armin Laschet' and shows a person next to Angela Merkel, indicating the presence of the CDU's front-runner."
armin_laschet_22-09-2021_00:00_image5.jpeg,Unknown,Unknown,armin_laschet,,['False'],"The image does not clearly show the front-runner of the CDU party, Armin Laschet."
armin_laschet_22-09-2021_00:00_image6.jpeg,Unknown,Unknown,armin_laschet,,['True'],"The image shows a person who appears to be a political figure from the CDU party, engaging with a crowd. The presence of the CDU logo and the context suggest that this could be the front-runner of the CDU party."
armin_laschet_22-09-2021_00:00_video0.jpeg,Armin Laschet,Armin Laschet,armin_laschet,0.5791026287827766,['True'],
armin_laschet_22-09-2021_00:00_video1.jpeg,Armin Laschet,Armin Laschet,armin_laschet,0.7753534301621933,['True'],
armin_laschet_22-09-2021_00:00_video10.jpeg,"Armin Laschet, Unknown",Unknown,armin_laschet,,['True'],"The image shows a CDU event with a speaker at the podium, which suggests the presence of a CDU front-runner."
armin_laschet_22-09-2021_00:00_video11.jpeg,"Armin Laschet, Unknown",Unknown,armin_laschet,,['True'],"The image shows a person at a podium with CDU branding, which suggests the presence of a CDU front-runner."
armin_laschet_22-09-2021_00:00_video12.jpeg,"Armin Laschet, Unknown",Unknown,armin_laschet,,['True'],"The image shows a person who appears to be a political figure at a public event, which aligns with the context of the CDU party's front-runner during the 2021 Federal German election campaign."
armin_laschet_22-09-2021_00:00_video13.jpeg,Unknown,Unknown,armin_laschet,,['True'],"The image includes a reference to Armin Laschet, the front-runner of the CDU party, in the text overlay."
armin_laschet_22-09-2021_00:00_video2.jpeg,Armin Laschet,Armin Laschet,armin_laschet,0.6872065444346401,['True'],"The image shows a person who appears to be Armin Laschet, the front-runner of the CDU party during the 2021 Federal German election campaign."
armin_laschet_22-09-2021_00:00_video3.jpeg,Armin Laschet,Unknown,armin_laschet,,['True'],"The text in the image mentions Armin Laschet, indicating his presence."
armin_laschet_22-09-2021_00:00_video4.jpeg,Armin Laschet,Armin Laschet,armin_laschet,0.7971353711819672,['True'],
armin_laschet_22-09-2021_00:00_video5.jpeg,Unknown,"Armin Laschet, Unknown",armin_laschet,1.024350939166415,['True'],"The image mentions @armin_laschet in the text overlay, indicating his presence."
armin_laschet_22-09-2021_00:00_video6.jpeg,Unknown,Unknown,armin_laschet,,['True'],"The image includes text indicating the presence of Armin Laschet, the front-runner of the CDU party."
armin_laschet_22-09-2021_00:00_video9.jpeg,"Armin Laschet, Unknown",Unknown,armin_laschet,,['True'],
armin_laschet_23-09-2021_00:00_image0.jpeg,"Armin Laschet, Unknown","Armin Laschet, Unknown",armin_laschet,0.624173205343887,['True'],The image includes a person who appears to be the front-runner of the CDU party.
armin_laschet_23-09-2021_00:00_image1.jpeg,Armin Laschet,Armin Laschet,armin_laschet,0.7083051427601125,['True'],"The image includes a reference to Armin Laschet, the front-runner of the CDU party, in the text."
armin_laschet_23-09-2021_00:00_image2.jpeg,"Armin Laschet, Unknown","Armin Laschet, Unknown",armin_laschet,0.5629316176029988,['True'],
armin_laschet_23-09-2021_00:00_image3.jpeg,"Armin Laschet, Unknown",Unknown,armin_laschet,,['True'],"The image includes the hashtag #LaschetMachet and the CDU logo, indicating the presence of Armin Laschet, the front-runner of the CDU party."
armin_laschet_23-09-2021_00:00_image4.jpeg,"Armin Laschet, Unknown","Armin Laschet, Unknown",armin_laschet,0.9636913042433072,['True'],"The image includes a reference to Armin Laschet, the front-runner of the CDU party, as indicated by the text '@armin_laschet' and the CDU logo in the background."
armin_laschet_23-09-2021_00:00_image5.jpeg,Unknown,Unknown,armin_laschet,,['True'],"The image shows a CDU campaign event with a large poster of the CDU's front-runner, indicating his presence."
armin_laschet_23-09-2021_00:00_image6.jpeg,"Armin Laschet, Unknown","Armin Laschet, Unknown",armin_laschet,1.0149060928904503,['True'],
armin_laschet_23-09-2021_00:00_video0.jpeg,"Armin Laschet, Unknown","Armin Laschet, Unknown",armin_laschet,0.793140676727974,['True'],"The image includes a person who appears to be associated with the CDU party, as indicated by the CDU logo and text."
armin_laschet_23-09-2021_00:00_video1.jpeg,Unknown,Unknown,armin_laschet,,['False'],"The image does not picture Armin Laschet, the front-runner of the CDU party."
armin_laschet_23-09-2021_00:00_video10.jpeg,"Armin Laschet, Unknown","Armin Laschet, Unknown",armin_laschet,0.8804177825476921,['True'],
armin_laschet_23-09-2021_00:00_video11.jpeg,"Armin Laschet, Unknown","Armin Laschet, Unknown",armin_laschet,1.0282618262795138,['True'],"The image includes a reference to Armin Laschet, the front-runner of the CDU party, in the text overlay."
armin_laschet_23-09-2021_00:00_video12.jpeg,Unknown,Unknown,armin_laschet,,['False'],"The image does not picture Armin Laschet, the front-runner of the CDU party."
armin_laschet_23-09-2021_00:00_video13.jpeg,Unknown,Unknown,armin_laschet,,['True'],"The image includes text thanking Armin Laschet, indicating his presence."
armin_laschet_23-09-2021_00:00_video14.jpeg,"Armin Laschet, Unknown",Unknown,armin_laschet,,['True'],"The image includes text that welcomes 'Armin', which suggests the presence of Armin Laschet, the front-runner of the CDU party."
armin_laschet_23-09-2021_00:00_video15.jpeg,"Armin Laschet, Unknown",Unknown,armin_laschet,,['True'],"The image includes a tag with the name 'ARMIN_LASCHET', indicating the presence of the CDU's front-runner."
armin_laschet_23-09-2021_00:00_video16.jpeg,"Armin Laschet, Unknown",Unknown,armin_laschet,,['True'],"The image includes text that mentions Armin Laschet, the front-runner of the CDU party."
armin_laschet_23-09-2021_00:00_video17.jpeg,Unknown,Unknown,armin_laschet,,['True'],"The image includes a tag with the name 'Armin Laschet', indicating the presence of the CDU's front-runner."
armin_laschet_23-09-2021_00:00_video18.jpeg,"Armin Laschet, Unknown",Unknown,armin_laschet,,['True'],"The image includes a reference to Armin Laschet, the front-runner of the CDU party, in the text overlay."
armin_laschet_23-09-2021_00:00_video19.jpeg,Unknown,Unknown,armin_laschet,,['True'],"The image includes a tag with the name 'armin_laschet', indicating the presence of the CDU's front-runner."
armin_laschet_23-09-2021_00:00_video2.jpeg,"Armin Laschet, Unknown","Armin Laschet, Unknown",armin_laschet,0.7502083045035045,['True'],
armin_laschet_23-09-2021_00:00_video3.jpeg,Armin Laschet,Armin Laschet,armin_laschet,0.7489834339869094,['True'],
armin_laschet_23-09-2021_00:00_video4.jpeg,Armin Laschet,Armin Laschet,armin_laschet,0.4816571985440265,['True'],"The image shows a person who appears to be a political figure, and the context suggests it is related to the CDU party's front-runner."
armin_laschet_23-09-2021_00:00_video5.jpeg,Unknown,Unknown,armin_laschet,,['False'],"The image does not picture Armin Laschet, the front-runner of the CDU party."
armin_laschet_23-09-2021_00:00_video6.jpeg,Armin Laschet,Armin Laschet,armin_laschet,0.7348624066274348,['True'],
armin_laschet_23-09-2021_00:00_video8.jpeg,Unknown,Unknown,armin_laschet,,['False'],The image does not provide enough information to confirm the presence of the CDU's front-runner.
armin_laschet_23-09-2021_00:00_video9.jpeg,Unknown,Unknown,armin_laschet,,['True'],"The text in the image mentions the arrival of Armin Laschet, the CDU's front-runner."
armin_laschet_24-09-2021_00:00_image0.jpeg,"Armin Laschet, Unknown","Armin Laschet, Unknown",armin_laschet,0.6237716978236304,['True'],
armin_laschet_24-09-2021_00:00_image1.jpeg,"Armin Laschet, Unknown","Armin Laschet, Unknown",armin_laschet,0.7512698297363369,['True'],"The image includes a reference to Armin Laschet, the front-runner of the CDU party, in the text overlay."
armin_laschet_24-09-2021_00:00_video0.jpeg,Unknown,Unknown,armin_laschet,,['False'],"The image shows a crowd of people, but it does not appear to include the front-runner of the CDU party, Armin Laschet."
armin_laschet_24-09-2021_00:00_video1.jpeg,"Armin Laschet, Unknown","Armin Laschet, Unknown",armin_laschet,0.7060414000244746,['True'],
armin_laschet_24-09-2021_00:00_video10.jpeg,Armin Laschet,Armin Laschet,armin_laschet,0.7462797673029471,['True'],
armin_laschet_24-09-2021_00:00_video11.jpeg,"Armin Laschet, Unknown",Unknown,armin_laschet,,['True'],"The image shows a debate setting for the 2021 Federal German election campaign, and one of the individuals present is the front-runner of the CDU party."
armin_laschet_24-09-2021_00:00_video12.jpeg,Armin Laschet,Unknown,armin_laschet,,['True'],
armin_laschet_24-09-2021_00:00_video13.jpeg,Unknown,Unknown,armin_laschet,,['False'],"The image shows a group of people in a debate setting, but it is not possible to confirm the presence of the CDU's front-runner, Armin Laschet, based on this image alone."
armin_laschet_24-09-2021_00:00_video14.jpeg,Armin Laschet,Armin Laschet,armin_laschet,0.7180863904826238,['True'],"The image appears to show Armin Laschet, the front-runner of the CDU party during the 2021 Federal German election campaign."
armin_laschet_24-09-2021_00:00_video15.jpeg,Unknown,Unknown,armin_laschet,,['True'],"The image shows a political debate setting with multiple candidates, including the front-runner of the CDU party, Armin Laschet."
armin_laschet_24-09-2021_00:00_video16.jpeg,Armin Laschet,Armin Laschet,armin_laschet,0.655199596437013,['True'],"The image shows a person who appears to be Armin Laschet, the front-runner of the CDU party in the 2021 Federal German election campaign."
armin_laschet_24-09-2021_00:00_video17.jpeg,Armin Laschet,Armin Laschet,armin_laschet,0.3750055724389641,['True'],"The image appears to show the front-runner of the CDU party, Armin Laschet."
armin_laschet_24-09-2021_00:00_video2.jpeg,Armin Laschet,Armin Laschet,armin_laschet,0.7723472742669765,['True'],
armin_laschet_24-09-2021_00:00_video3.jpeg,Armin Laschet,Armin Laschet,armin_laschet,0.7456054427298333,['True'],"The image shows a person who appears to be giving an interview, and the context suggests it is related to the 2021 Federal German election campaign. The individual resembles Armin Laschet, the front-runner of the CDU party."
armin_laschet_24-09-2021_00:00_video4.jpeg,Armin Laschet,Armin Laschet,armin_laschet,0.6278476541834274,['True'],
armin_laschet_24-09-2021_00:00_video5.jpeg,Unknown,Unknown,armin_laschet,,['True'],"The text in the image mentions Armin Laschet, indicating his presence."
armin_laschet_24-09-2021_00:00_video6.jpeg,"Armin Laschet, Unknown",Unknown,armin_laschet,,['True'],"The image includes a welcome message for Armin Laschet, indicating his presence."
armin_laschet_24-09-2021_00:00_video8.jpeg,"Armin Laschet, Unknown",Unknown,armin_laschet,,['True'],"The image appears to show a political figure who could be Armin Laschet, the front-runner of the CDU party, based on the context and the presence of a crowd."
armin_laschet_24-09-2021_00:00_video9.jpeg,"Armin Laschet, Unknown",Unknown,armin_laschet,,['True'],"The image shows a political debate setting with multiple individuals, including the front-runner of the CDU party, Armin Laschet."
armin_laschet_25-09-2021_00:00_image0.jpeg,"Armin Laschet, Unknown","Armin Laschet, Unknown",armin_laschet,0.6237716978236304,['True'],
armin_laschet_25-09-2021_00:00_image1.jpeg,Armin Laschet,Armin Laschet,armin_laschet,0.6767817070347334,['True'],"The image includes the text '@ARMIN_LASCHET' and '@CDU', indicating the presence of the CDU's front-runner."
armin_laschet_25-09-2021_00:00_image2.jpeg,"Armin Laschet, Unknown","Armin Laschet, Unknown",armin_laschet,0.6853334453129808,['True'],The image includes a person who appears to be the front-runner of the CDU party.
armin_laschet_25-09-2021_00:00_video0.jpeg,"Armin Laschet, Unknown",Unknown,armin_laschet,,['True'],"The image shows a person who appears to be Armin Laschet, the front-runner of the CDU party, in an interview setting."
armin_laschet_25-09-2021_00:00_video1.jpeg,Armin Laschet,Armin Laschet,armin_laschet,0.7730747167329953,['True'],
armin_laschet_25-09-2021_00:00_video10.jpeg,"Armin Laschet, Unknown",Unknown,armin_laschet,,['False'],"The image does not provide clear evidence of the presence of Armin Laschet, the front-runner of the CDU party."
armin_laschet_25-09-2021_00:00_video11.jpeg,Unknown,Unknown,armin_laschet,,['True'],"The image shows a person at a podium with CDU branding and mentions Armin Laschet in the text, indicating the presence of the CDU's front-runner."
armin_laschet_25-09-2021_00:00_video12.jpeg,Unknown,"Armin Laschet, Unknown",armin_laschet,0.9727698747243164,['True'],"The image includes a reference to Armin Laschet, the front-runner of the CDU party, in the text at the bottom."
armin_laschet_25-09-2021_00:00_video13.jpeg,"Armin Laschet, Unknown",Unknown,armin_laschet,,['True'],"The image includes text that mentions Armin Laschet, the front-runner of the CDU party."
armin_laschet_25-09-2021_00:00_video14.jpeg,Armin Laschet,Armin Laschet,armin_laschet,0.4664719906115303,['True'],"The image shows a person speaking at a podium with CDU and CSU logos, indicating the presence of the CDU's front-runner."
armin_laschet_25-09-2021_00:00_video15.jpeg,Armin Laschet,Armin Laschet,armin_laschet,0.6128103306019439,['True'],
armin_laschet_25-09-2021_00:00_video16.jpeg,Armin Laschet,Armin Laschet,armin_laschet,0.6583633314074367,['True'],"The image shows a person speaking at a podium with CDU/CSU branding, which suggests the presence of the CDU's front-runner."
armin_laschet_25-09-2021_00:00_video17.jpeg,Armin Laschet,Unknown,armin_laschet,,['True'],"The image shows a person at a CDU event, which suggests the presence of the CDU's front-runner."
armin_laschet_25-09-2021_00:00_video18.jpeg,Unknown,Unknown,armin_laschet,,['True'],"The image shows a person at a CDU event, which suggests the presence of the CDU's front-runner."
armin_laschet_25-09-2021_00:00_video3.jpeg,Unknown,Unknown,armin_laschet,,['False'],"The image does not picture Armin Laschet, the front-runner of the CDU party."
armin_laschet_25-09-2021_00:00_video4.jpeg,Armin Laschet,Armin Laschet,armin_laschet,0.595120630388513,['True'],
armin_laschet_25-09-2021_00:00_video5.jpeg,Armin Laschet,Armin Laschet,armin_laschet,0.3717071723727,['True'],The image appears to show a prominent political figure associated with the CDU party.
armin_laschet_25-09-2021_00:00_video7.jpeg,"Armin Laschet, Unknown",Unknown,armin_laschet,,['True'],"The image includes the text '@ARMIN_LASCHET', which suggests the presence of the CDU's front-runner."
armin_laschet_25-09-2021_00:00_video8.jpeg,Unknown,Unknown,armin_laschet,,['False'],The image does not provide enough information to confirm the presence of the CDU's front-runner.
armin_laschet_26-09-2021_00:00_image0.jpeg,"Armin Laschet, Unknown","Armin Laschet, Unknown",armin_laschet,0.8454172854253821,['True'],"The image includes text that mentions Armin Laschet, indicating his presence."
armin_laschet_26-09-2021_00:00_video0.jpeg,Unknown,Unknown,armin_laschet,,['False'],"The image does not picture Armin Laschet, the front-runner of the CDU party."
armin_laschet_26-09-2021_00:00_video1.jpeg,Armin Laschet,Armin Laschet,armin_laschet,0.6400105429335163,['True'],"The image shows a person speaking at a CDU event, which suggests the presence of the CDU's front-runner."
armin_laschet_26-09-2021_00:00_video10.jpeg,"Armin Laschet, Unknown",Armin Laschet,armin_laschet,0.6895935751352423,['True'],
armin_laschet_26-09-2021_00:00_video2.jpeg,"Armin Laschet, Unknown","Armin Laschet, Unknown",armin_laschet,0.7983085170280382,['True'],"The image shows a person at a podium with CDU and CSU logos in the background, suggesting the presence of a CDU front-runner."
armin_laschet_26-09-2021_00:00_video3.jpeg,Armin Laschet,Armin Laschet,armin_laschet,0.3254488128994053,['True'],
armin_laschet_26-09-2021_00:00_video4.jpeg,Armin Laschet,Armin Laschet,armin_laschet,0.4312817494714832,['True'],"The image includes the CDU logo and the name 'armin_laschet', indicating the presence of the CDU's front-runner."
armin_laschet_26-09-2021_00:00_video5.jpeg,"Armin Laschet, Unknown",Unknown,armin_laschet,,['False'],"The image shows a crowd of people, but it is not possible to confirm the presence of the CDU's front-runner, Armin Laschet, based on this image alone."
armin_laschet_26-09-2021_00:00_video6.jpeg,"Armin Laschet, Unknown",Unknown,armin_laschet,,['True'],"The image shows a political event with CDU branding, and the individual on stage is likely the front-runner of the CDU party."
armin_laschet_26-09-2021_00:00_video7.jpeg,Unknown,Unknown,armin_laschet,,['False'],"The image does not clearly show the front-runner of the CDU party, Armin Laschet."
armin_laschet_26-09-2021_00:00_video8.jpeg,"Armin Laschet, Unknown","Armin Laschet, Unknown",armin_laschet,0.7418250991772425,['True'],"The image shows a person speaking at a podium with CDU branding, which suggests the presence of the CDU's front-runner."
armin_laschet_26-09-2021_00:00_video9.jpeg,Armin Laschet,Armin Laschet,armin_laschet,0.865920915732165,['True'],"The image shows a person at a podium with the CDU logo, suggesting the presence of the CDU's front-runner."
cdu_13-09-2021_00:00_image0.jpeg,Unknown,Unknown,cdu,,['True'],The image mentions @armin_laschet and shows a group of people supporting the CDU's front-runner.
cdu_13-09-2021_00:00_image1.jpeg,"Armin Laschet, Unknown","Armin Laschet, Unknown",cdu,0.6344469654014315,['True'],
cdu_13-09-2021_00:00_image2.jpeg,Unknown,Armin Laschet,cdu,1.0309481393389537,['False'],"The image contains a tweet from the CDU's official Twitter account, but it does not picture Armin Laschet."
cdu_13-09-2021_00:00_image3.jpeg,Unknown,Unknown,cdu,,['False'],The image does not provide enough information to confirm the presence of the CDU's front-runner.
cdu_13-09-2021_00:00_video0.jpeg,Armin Laschet,Armin Laschet,cdu,0.4545399975570509,['True'],"The image includes a reference to Armin Laschet, the front-runner of the CDU party, as indicated by the text and social media handle."
cdu_13-09-2021_00:00_video1.jpeg,"Armin Laschet, Unknown",Unknown,cdu,,['False'],"The image does not provide enough information to confirm the presence of the CDU's front-runner, Armin Laschet."
cdu_13-09-2021_00:00_video10.jpeg,"Armin Laschet, Unknown","Armin Laschet, Unknown",cdu,0.6316004752094275,['True'],
cdu_13-09-2021_00:00_video11.jpeg,Armin Laschet,Unknown,cdu,,['True'],"The image shows a screen with a person speaking, and the text mentions Armin Laschet, indicating his presence in the image."
cdu_13-09-2021_00:00_video12.jpeg,Unknown,Unknown,cdu,,['False'],"The image does not appear to show Armin Laschet, the front-runner of the CDU party."
cdu_13-09-2021_00:00_video13.jpeg,Unknown,Unknown,cdu,,['False'],"The image does not picture Armin Laschet, the front-runner of the CDU party."
cdu_13-09-2021_00:00_video14.jpeg,Unknown,Unknown,cdu,,['False'],"The image does not appear to show Armin Laschet, the front-runner of the CDU party."
cdu_13-09-2021_00:00_video15.jpeg,Unknown,Unknown,cdu,,['False'],"The image does not picture Armin Laschet, the front-runner of the CDU party."
cdu_13-09-2021_00:00_video16.jpeg,Unknown,Unknown,cdu,,['False'],"The image does not picture Armin Laschet, the front-runner of the CDU party."
cdu_13-09-2021_00:00_video17.jpeg,"Armin Laschet, Unknown",Unknown,cdu,,['True'],"The image includes a person who appears to be the front-runner of the CDU party, Armin Laschet, based on the context and visual cues."
cdu_13-09-2021_00:00_video18.jpeg,Unknown,Unknown,cdu,,['True'],"The image shows a person who appears to be the front-runner of the CDU party, Armin Laschet, based on the context and setting."
cdu_13-09-2021_00:00_video19.jpeg,Unknown,Unknown,cdu,,['False'],"The image shows a crowd of people holding CDU signs, but it does not clearly depict the front-runner of the CDU party, Armin Laschet."
cdu_13-09-2021_00:00_video2.jpeg,"Armin Laschet, Unknown",Unknown,cdu,,['True'],"The image includes a sign with the hashtag #Laschet, indicating the presence of the CDU's front-runner."
cdu_13-09-2021_00:00_video3.jpeg,Unknown,Unknown,cdu,,['False'],"The image does not picture Armin Laschet, the front-runner of the CDU party."
cdu_13-09-2021_00:00_video4.jpeg,Unknown,Unknown,cdu,,['False'],"The image does not picture Armin Laschet, the front-runner of the CDU party."
cdu_13-09-2021_00:00_video5.jpeg,Unknown,Unknown,cdu,,['False'],"The image does not picture Armin Laschet, the front-runner of the CDU party."
cdu_13-09-2021_00:00_video6.jpeg,Armin Laschet,Armin Laschet,cdu,0.8090025459413271,['False'],"The image shows a screen with a person labeled as @olafscholz, not Armin Laschet."
cdu_13-09-2021_00:00_video7.jpeg,Unknown,Unknown,cdu,,['False'],"The image does not picture Armin Laschet, the front-runner of the CDU party."
cdu_13-09-2021_00:00_video8.jpeg,Unknown,Unknown,cdu,,['True'],"The image includes a tag with the name 'armin_laschet', indicating the presence of the CDU's front-runner."
cdu_13-09-2021_00:00_video9.jpeg,Unknown,Unknown,cdu,,['True'],"The image includes a tag with the name 'armin_laschet', indicating the presence of the CDU's front-runner."
cdu_14-09-2021_00:00_video2.jpeg,Unknown,Armin Laschet,cdu,0.9930990306497188,['False'],"The image does not show the front-runner of the CDU party, Armin Laschet."
cdu_14-09-2021_00:00_video3.jpeg,Unknown,Unknown,cdu,,['False'],"The image does not picture Armin Laschet, the front-runner of the CDU party."
cdu_14-09-2021_00:00_video4.jpeg,Unknown,Unknown,cdu,,['False'],"The image does not show Armin Laschet, the front-runner of the CDU party."
cdu_14-09-2021_00:00_video5.jpeg,Unknown,Unknown,cdu,,['False'],"The image does not show Armin Laschet, the front-runner of the CDU party."
cdu_16-09-2021_00:00_image0.jpeg,"Armin Laschet, Unknown",Unknown,cdu,,['True'],"The image shows a person holding a sign with the CDU logo and campaign slogan, and the person in the center appears to be a prominent figure, likely the front-runner of the CDU party."
cdu_16-09-2021_00:00_video0.jpeg,Unknown,"Armin Laschet, Unknown",cdu,1.0071150182308537,['False'],"The image does not picture Armin Laschet, the front-runner of the CDU party."
cdu_16-09-2021_00:00_video10.jpeg,Unknown,Unknown,cdu,,['False'],"The image does not picture Armin Laschet, the front-runner of the CDU party."
cdu_16-09-2021_00:00_video12.jpeg,Unknown,Unknown,cdu,,['False'],"The image does not picture Armin Laschet, the front-runner of the CDU party."
cdu_16-09-2021_00:00_video14.jpeg,Unknown,Unknown,cdu,,['False'],"The image does not picture Armin Laschet, the front-runner of the CDU party."
cdu_16-09-2021_00:00_video16.jpeg,Unknown,Unknown,cdu,,['False'],"The image does not picture Armin Laschet, the front-runner of the CDU party."
cdu_16-09-2021_00:00_video17.jpeg,Unknown,Unknown,cdu,,['False'],"The image does not picture Armin Laschet, the front-runner of the CDU party."
cdu_16-09-2021_00:00_video18.jpeg,Unknown,Unknown,cdu,,['False'],"The image does not picture Armin Laschet, the front-runner of the CDU party."
cdu_16-09-2021_00:00_video20.jpeg,Unknown,Unknown,cdu,,['False'],"The image does not picture Armin Laschet, the front-runner of the CDU party."
cdu_16-09-2021_00:00_video21.jpeg,Unknown,Unknown,cdu,,['False'],"The image does not picture Armin Laschet, the front-runner of the CDU party."
cdu_16-09-2021_00:00_video25.jpeg,Unknown,Unknown,cdu,,['False'],"The image shows a group of people holding signs and taking photos, but it does not clearly depict the front-runner of the CDU party, Armin Laschet."
cdu_16-09-2021_00:00_video26.jpeg,Unknown,Unknown,cdu,,['False'],"The image does not provide enough information to confirm the presence of Armin Laschet, the front-runner of the CDU party."
cdu_16-09-2021_00:00_video4.jpeg,Unknown,Unknown,cdu,,['False'],
cdu_16-09-2021_00:00_video6.jpeg,Unknown,Unknown,cdu,,['False'],"The image does not picture Armin Laschet, the front-runner of the CDU party."
cdu_16-09-2021_00:00_video8.jpeg,Unknown,Unknown,cdu,,['False'],"The image does not picture Armin Laschet, the front-runner of the CDU party."
cdu_17-09-2021_00:00_image0.jpeg,"Armin Laschet, Unknown","Armin Laschet, Unknown",cdu,1.0136579586789054,['True'],"The image appears to show a political figure speaking at an event, which aligns with the context of a campaign."
cdu_17-09-2021_00:00_image1.jpeg,"Armin Laschet, Unknown","Armin Laschet, Unknown",cdu,0.9288455217033867,['True'],"The image shows a political event with CDU branding, and the individual on the far left resembles Armin Laschet, the front-runner of the CDU party."
cdu_17-09-2021_00:00_image2.jpeg,"Armin Laschet, Unknown","Armin Laschet, Unknown",cdu,0.9024207749024488,['True'],"The image appears to show a political event with a prominent figure who resembles Armin Laschet, the front-runner of the CDU party in the 2021 Federal German election campaign."
cdu_17-09-2021_00:00_image3.jpeg,"Armin Laschet, Unknown","Armin Laschet, Unknown",cdu,0.610185839839093,['True'],
cdu_17-09-2021_00:00_image4.jpeg,Unknown,Unknown,cdu,,['True'],"The image shows a person speaking at a CDU event, which suggests the presence of the CDU's front-runner."
cdu_17-09-2021_00:00_image5.jpeg,"Armin Laschet, Unknown","Armin Laschet, Unknown",cdu,0.6522704783658847,['True'],"The image includes a person holding a sign with the name 'Armin' and a picture of a man in a suit, which suggests the presence of the CDU's front-runner."
cdu_17-09-2021_00:00_video0.jpeg,"Armin Laschet, Unknown","Armin Laschet, Unknown",cdu,0.8428778758236869,['True'],
cdu_17-09-2021_00:00_video1.jpeg,"Armin Laschet, Unknown","Armin Laschet, Unknown",cdu,0.8842383210344951,['True'],"The image contains posters and a bus with the name and image of Armin Laschet, indicating his presence in the campaign."
cdu_17-09-2021_00:00_video2.jpeg,Unknown,Unknown,cdu,,['False'],"The image does not provide enough information to confirm the presence of Armin Laschet, the front-runner of the CDU party."
cdu_17-09-2021_00:00_video3.jpeg,Unknown,Unknown,cdu,,['False'],"The image shows a CDU event, but it does not clearly indicate the presence of Armin Laschet, the front-runner of the CDU party."
cdu_17-09-2021_00:00_video4.jpeg,Unknown,Unknown,cdu,,['False'],"The image shows a crowd and a stage with people, but it is not clear if the CDU's front-runner, Armin Laschet, is present."
cdu_17-09-2021_00:00_video5.jpeg,Unknown,Unknown,cdu,,['False'],"The image does not appear to show Armin Laschet, the front-runner of the CDU party."
cdu_17-09-2021_00:00_video6.jpeg,"Armin Laschet, Unknown","Armin Laschet, Unknown",cdu,0.8972354598878955,['True'],"The image includes a reference to Armin Laschet, the front-runner of the CDU party, in the text overlay."
cdu_17-09-2021_00:00_video7.jpeg,Armin Laschet,Armin Laschet,cdu,0.7977164274150716,['True'],"The image shows a political figure speaking at a podium, which aligns with the context of a political campaign."
cdu_17-09-2021_00:00_video8.jpeg,Armin Laschet,Unknown,cdu,,['False'],The image does not provide enough information to confirm the presence of the CDU's front-runner.
cdu_18-09-2021_00:00_image0.jpeg,"Armin Laschet, Unknown",Unknown,cdu,,['True'],"The image shows a political event with CDU/CSU branding, and the individual at the podium is likely the front-runner of the CDU party."
cdu_18-09-2021_00:00_image1.jpeg,"Armin Laschet, Unknown","Armin Laschet, Unknown",cdu,0.5353837989301884,['True'],"The image includes a poster featuring Armin Laschet, the front-runner of the CDU party."
cdu_18-09-2021_00:00_image2.jpeg,"Armin Laschet, Unknown","Armin Laschet, Unknown",cdu,1.0290021346448786,['True'],
cdu_18-09-2021_00:00_image3.jpeg,Armin Laschet,Armin Laschet,cdu,0.7730878281817822,['True'],"The image includes a reference to Armin Laschet, the front-runner of the CDU party, and a picture of a person who is likely him."
cdu_18-09-2021_00:00_video1.jpeg,"Armin Laschet, Unknown","Armin Laschet, Unknown",cdu,0.9162284183333638,['True'],"The image appears to show the front-runner of the CDU party, Armin Laschet, during the 2021 Federal German election campaign."
cdu_18-09-2021_00:00_video2.jpeg,"Armin Laschet, Unknown","Armin Laschet, Unknown",cdu,0.8290625147744846,['True'],"The image includes a person standing at a podium with a banner that has the CDU logo, and the text in the image mentions Armin Laschet."
cdu_18-09-2021_00:00_video3.jpeg,Armin Laschet,Armin Laschet,cdu,0.746721897563204,['True'],"The image shows a person who appears to be Armin Laschet, the front-runner of the CDU party, based on the context and visual cues."
cdu_18-09-2021_00:00_video4.jpeg,Unknown,Unknown,cdu,,['False'],"The image does not picture Armin Laschet, the front-runner of the CDU party."
cdu_18-09-2021_00:00_video5.jpeg,"Armin Laschet, Unknown",Unknown,cdu,,['True'],"The image shows a person who appears to be Armin Laschet, the front-runner of the CDU party, during the 2021 Federal German election campaign."
cdu_18-09-2021_00:00_video6.jpeg,Unknown,Unknown,cdu,,['False'],"The image does not provide enough information to confirm the presence of Armin Laschet, the front-runner of the CDU party."
cdu_19-09-2021_00:00_image0.jpeg,"Armin Laschet, Unknown","Armin Laschet, Unknown",cdu,0.4079156807123957,['True'],
cdu_19-09-2021_00:00_image1.jpeg,Unknown,Unknown,cdu,,['False'],The image does not provide enough information to confirm the presence of the CDU's front-runner.
cdu_19-09-2021_00:00_image2.jpeg,Unknown,"Armin Laschet, Unknown",cdu,0.9935077164467652,['False'],The image does not provide enough information to confirm the presence of the CDU's front-runner.
cdu_19-09-2021_00:00_image3.jpeg,"Armin Laschet, Unknown","Armin Laschet, Unknown",cdu,0.9013891540021132,['True'],"The image includes a banner with the name 'Armin Laschet' and several pictures of him, indicating his presence."
cdu_19-09-2021_00:00_image4.jpeg,"Armin Laschet, Unknown","Armin Laschet, Unknown",cdu,0.3231481471561569,['True'],
cdu_19-09-2021_00:00_image5.jpeg,"Armin Laschet, Unknown","Armin Laschet, Unknown",cdu,1.0263080252679833,['True'],
cdu_19-09-2021_00:00_image6.jpeg,"Armin Laschet, Unknown","Armin Laschet, Unknown",cdu,0.6974172279455593,['True'],"The image shows a bus with the CDU logo and the name 'Armin Laschet' prominently displayed, indicating the presence of the CDU's front-runner."
cdu_19-09-2021_00:00_image7.jpeg,Unknown,"Armin Laschet, Unknown",cdu,0.9844748237926249,['True'],"The image shows a CDU event, and the person in the foreground appears to be a prominent figure, likely the front-runner."
cdu_19-09-2021_00:00_image8.jpeg,Unknown,"Armin Laschet, Unknown",cdu,1.0194344447117627,['False'],"The image does not provide clear evidence of the presence of Armin Laschet, the front-runner of the CDU party."
cdu_19-09-2021_00:00_video0.jpeg,Unknown,Unknown,cdu,,['False'],"The image shows a band performing, and there is no clear indication of the presence of the CDU's front-runner, Armin Laschet."
cdu_19-09-2021_00:00_video1.jpeg,Unknown,"Armin Laschet, Unknown",cdu,0.9948884707792568,['False'],"The image does not picture Armin Laschet, the front-runner of the CDU party. It shows three children standing outdoors."
cdu_19-09-2021_00:00_video2.jpeg,Unknown,Unknown,cdu,,['False'],The image does not provide enough information to confirm the presence of the CDU's front-runner.
cdu_19-09-2021_00:00_video4.jpeg,Unknown,Unknown,cdu,,['False'],"The image shows a crowd at a CDU event, but it is not possible to confirm the presence of the CDU's front-runner, Armin Laschet, based on this image alone."
cdu_19-09-2021_00:00_video5.jpeg,Armin Laschet,Unknown,cdu,,['True'],"The image shows a person speaking at a CDU event, which suggests the presence of the CDU's front-runner."
cdu_20-09-2021_00:00_image0.jpeg,Unknown,Unknown,cdu,,['False'],"The image does not appear to include Armin Laschet, the front-runner of the CDU party."
cdu_20-09-2021_00:00_video0.jpeg,Armin Laschet,"Armin Laschet, Unknown",cdu,0.7449026550477233,['True'],"The image appears to show Armin Laschet, the front-runner of the CDU party, based on the username and context provided."
cdu_20-09-2021_00:00_video1.jpeg,Unknown,Unknown,cdu,,['False'],"The image does not picture Armin Laschet, the front-runner of the CDU party."
cdu_20-09-2021_00:00_video11.jpeg,Unknown,Unknown,cdu,,['False'],"The image does not picture Armin Laschet, the front-runner of the CDU party."
cdu_20-09-2021_00:00_video12.jpeg,Unknown,Unknown,cdu,,['False'],"The image does not picture Armin Laschet, the front-runner of the CDU party."
cdu_20-09-2021_00:00_video13.jpeg,Unknown,Unknown,cdu,,['False'],"The image does not picture Armin Laschet, the front-runner of the CDU party."
cdu_20-09-2021_00:00_video14.jpeg,Unknown,Unknown,cdu,,['False'],"The image does not picture Armin Laschet, the front-runner of the CDU party."
cdu_20-09-2021_00:00_video15.jpeg,Unknown,Unknown,cdu,,['False'],"The image does not picture Armin Laschet, the front-runner of the CDU party."
cdu_20-09-2021_00:00_video16.jpeg,Unknown,Unknown,cdu,,['False'],"The image does not picture Armin Laschet, the front-runner of the CDU party."
cdu_20-09-2021_00:00_video17.jpeg,Unknown,Unknown,cdu,,['False'],"The image does not picture Armin Laschet, the front-runner of the CDU party."
cdu_20-09-2021_00:00_video18.jpeg,Unknown,Unknown,cdu,,['False'],"The image does not picture Armin Laschet, the front-runner of the CDU party."
cdu_20-09-2021_00:00_video19.jpeg,Unknown,Unknown,cdu,,['False'],
cdu_20-09-2021_00:00_video2.jpeg,Unknown,Unknown,cdu,,['False'],
cdu_20-09-2021_00:00_video20.jpeg,"Armin Laschet, Unknown",Unknown,cdu,,['False'],The image does not provide enough information to confirm the presence of the CDU's front-runner.
cdu_20-09-2021_00:00_video21.jpeg,"Armin Laschet, Unknown",Unknown,cdu,,['True'],"The image shows a person who appears to be Armin Laschet, the front-runner of the CDU party, during the 2021 Federal German election campaign."
cdu_20-09-2021_00:00_video22.jpeg,Unknown,Unknown,cdu,,['False'],"The image does not picture Armin Laschet, the front-runner of the CDU party."
cdu_20-09-2021_00:00_video23.jpeg,Unknown,Unknown,cdu,,['False'],"The image does not picture Armin Laschet, the front-runner of the CDU party."
cdu_20-09-2021_00:00_video24.jpeg,Unknown,Unknown,cdu,,['False'],"The image does not picture Armin Laschet, the front-runner of the CDU party."
cdu_20-09-2021_00:00_video25.jpeg,Unknown,Unknown,cdu,,['False'],"The image does not picture Armin Laschet, the front-runner of the CDU party."
cdu_20-09-2021_00:00_video26.jpeg,Unknown,"Armin Laschet, Unknown",cdu,0.954048637407426,['False'],"The image does not picture Armin Laschet, the front-runner of the CDU party."
cdu_20-09-2021_00:00_video27.jpeg,Unknown,Unknown,cdu,,['False'],"The image does not picture Armin Laschet, the front-runner of the CDU party."
cdu_20-09-2021_00:00_video28.jpeg,Unknown,"Armin Laschet, Unknown",cdu,0.9709702591213796,['False'],"The image does not picture Armin Laschet, the front-runner of the CDU party."
cdu_20-09-2021_00:00_video29.jpeg,Unknown,Unknown,cdu,,['True'],"The image includes the Instagram handle @armin_laschet, indicating the presence of the CDU's front-runner."
cdu_20-09-2021_00:00_video3.jpeg,Unknown,Unknown,cdu,,['False'],"The image does not picture Armin Laschet, the front-runner of the CDU party."
cdu_20-09-2021_00:00_video30.jpeg,Unknown,Unknown,cdu,,['False'],"The image does not picture Armin Laschet, the front-runner of the CDU party."
cdu_20-09-2021_00:00_video31.jpeg,Unknown,Unknown,cdu,,['False'],"The image does not picture Armin Laschet, the front-runner of the CDU party."
cdu_20-09-2021_00:00_video32.jpeg,Unknown,Unknown,cdu,,['False'],"The image does not picture Armin Laschet, the front-runner of the CDU party."
cdu_20-09-2021_00:00_video33.jpeg,"Armin Laschet, Unknown",Unknown,cdu,,['True'],"The image shows a person surrounded by supporters holding signs with the name 'Laschet' and 'CDU', indicating the presence of the CDU's front-runner."
cdu_20-09-2021_00:00_video4.jpeg,Unknown,Unknown,cdu,,['False'],"The image does not picture Armin Laschet, the front-runner of the CDU party."
cdu_20-09-2021_00:00_video5.jpeg,Unknown,Unknown,cdu,,['False'],"The image does not picture Armin Laschet, the front-runner of the CDU party."
cdu_20-09-2021_00:00_video7.jpeg,Unknown,Armin Laschet,cdu,1.0272920847000493,['False'],"The image does not picture Armin Laschet, the front-runner of the CDU party."
cdu_20-09-2021_00:00_video8.jpeg,Unknown,Unknown,cdu,,['False'],"The image does not picture Armin Laschet, the front-runner of the CDU party."
cdu_20-09-2021_00:00_video9.jpeg,Unknown,Unknown,cdu,,['False'],"The image does not picture Armin Laschet, the front-runner of the CDU party."
cdu_21-09-2021_00:00_image0.jpeg,Unknown,Unknown,cdu,,['False'],"The image does not picture Armin Laschet, the front-runner of the CDU party."
cdu_21-09-2021_00:00_video0.jpeg,Unknown,Unknown,cdu,,['True'],"The image mentions Armin Laschet in the text overlay, indicating his presence at the press conference."
cdu_21-09-2021_00:00_video1.jpeg,Unknown,Unknown,cdu,,['False'],"The image shows a group of people at a CDU event, but it does not clearly identify any individual as Armin Laschet, the front-runner of the CDU party."
cdu_21-09-2021_00:00_video2.jpeg,Armin Laschet,"Armin Laschet, Unknown",cdu,0.5926730898597534,['True'],"The image includes the name 'armin_laschet' and shows a person speaking at a CDU event, indicating the presence of the CDU's front-runner."
cdu_21-09-2021_00:00_video3.jpeg,Armin Laschet,"Armin Laschet, Unknown",cdu,0.5397511540566736,['True'],"The image includes a person at a podium with CDU branding and the name 'armin_laschet' at the top, indicating the presence of the CDU's front-runner."
cdu_21-09-2021_00:00_video4.jpeg,Unknown,Unknown,cdu,,['False'],"The image does not appear to show Armin Laschet, the front-runner of the CDU party."
cdu_22-09-2021_00:00_image0.jpeg,Unknown,Unknown,cdu,,['True'],"The image shows a person who appears to be speaking at a public event, and the context suggests it is related to the CDU party."
cdu_22-09-2021_00:00_image1.jpeg,"Armin Laschet, Unknown","Armin Laschet, Unknown",cdu,0.7438565964311136,['True'],The image includes a person who appears to be the front-runner of the CDU party.
cdu_22-09-2021_00:00_image2.jpeg,Unknown,Unknown,cdu,,['False'],"The image shows a crowd in front of a building in Stralsund, but it does not clearly depict the front-runner of the CDU party, Armin Laschet."
cdu_22-09-2021_00:00_image3.jpeg,"Armin Laschet, Unknown",Unknown,cdu,,['False'],The image does not provide a clear view of any specific individual to determine if the CDU's front-runner is present.
cdu_22-09-2021_00:00_image4.jpeg,Unknown,Unknown,cdu,,['False'],The image does not provide enough information to confirm the presence of the CDU's front-runner.
cdu_22-09-2021_00:00_video0.jpeg,Unknown,Unknown,cdu,,['False'],"The image does not picture Armin Laschet, the front-runner of the CDU party."
cdu_22-09-2021_00:00_video1.jpeg,"Armin Laschet, Unknown",Unknown,cdu,,['False'],"The image does not provide enough information to confirm the presence of Armin Laschet, the front-runner of the CDU party."
cdu_22-09-2021_00:00_video10.jpeg,"Armin Laschet, Unknown",Unknown,cdu,,['True'],"The image shows a political event with CDU branding, and the individual at the podium is likely the front-runner of the CDU party."
cdu_22-09-2021_00:00_video11.jpeg,"Armin Laschet, Unknown",Unknown,cdu,,['True'],
cdu_22-09-2021_00:00_video12.jpeg,Unknown,Unknown,cdu,,['True'],"The image includes a reference to @armin_laschet, indicating the presence of the CDU's front-runner."
cdu_22-09-2021_00:00_video2.jpeg,"Armin Laschet, Unknown",Armin Laschet,cdu,0.9946793233248432,['True'],
cdu_22-09-2021_00:00_video3.jpeg,"Armin Laschet, Unknown",Unknown,cdu,,['True'],
cdu_22-09-2021_00:00_video4.jpeg,Unknown,Unknown,cdu,,['False'],"The image does not provide enough information to confirm the presence of the CDU's front-runner, Armin Laschet."
cdu_22-09-2021_00:00_video5.jpeg,Unknown,Unknown,cdu,,['False'],"The image does not provide enough information to confirm the presence of Armin Laschet, the front-runner of the CDU party."
cdu_22-09-2021_00:00_video6.jpeg,Unknown,Unknown,cdu,,['False'],"The image does not provide enough information to confirm the presence of the CDU's front-runner, Armin Laschet."
cdu_22-09-2021_00:00_video7.jpeg,Unknown,Unknown,cdu,,['False'],"The image does not provide enough information to confirm the presence of Armin Laschet, the front-runner of the CDU party."
cdu_22-09-2021_00:00_video8.jpeg,"Armin Laschet, Unknown",Unknown,cdu,,['True'],"The image shows a person speaking at a podium with a CDU backdrop, which suggests the presence of the CDU's front-runner."
cdu_22-09-2021_00:00_video9.jpeg,"Armin Laschet, Unknown","Armin Laschet, Unknown",cdu,0.9035435164631896,['True'],"The image shows a person speaking at a podium with a CDU backdrop, which suggests the presence of a CDU front-runner."
cdu_23-09-2021_00:00_image0.jpeg,Unknown,Unknown,cdu,,['True'],"The image shows a political event with CDU branding, and a person who appears to be a political leader is speaking on stage."
cdu_23-09-2021_00:00_image1.jpeg,"Armin Laschet, Unknown","Armin Laschet, Unknown",cdu,0.777994148027787,['True'],"The image shows a person standing in front of a CDU banner, which suggests the presence of the CDU's front-runner."
cdu_23-09-2021_00:00_image2.jpeg,Unknown,Unknown,cdu,,['False'],"The image shows a CDU event, but it does not clearly depict Armin Laschet, the front-runner of the CDU party."
cdu_23-09-2021_00:00_image3.jpeg,"Armin Laschet, Unknown","Armin Laschet, Unknown",cdu,1.0344979929185478,['True'],
cdu_23-09-2021_00:00_video0.jpeg,Armin Laschet,"Armin Laschet, Unknown",cdu,0.7108377742113323,['True'],"The image shows a person with the username 'armin_laschet' and appears to be an interview with ntv, indicating the presence of the CDU's front-runner."
cdu_23-09-2021_00:00_video1.jpeg,Armin Laschet,"Armin Laschet, Unknown",cdu,0.4612931172156223,['True'],
cdu_23-09-2021_00:00_video10.jpeg,"Armin Laschet, Unknown",Unknown,cdu,,['True'],"The image shows a CDU event with a speaker at the podium, which suggests the presence of the CDU's front-runner."
cdu_23-09-2021_00:00_video11.jpeg,"Armin Laschet, Unknown",Unknown,cdu,,['True'],"The image shows a CDU event with a speaker on stage, which suggests the presence of the CDU's front-runner."
cdu_23-09-2021_00:00_video12.jpeg,"Armin Laschet, Unknown",Unknown,cdu,,['False'],The image does not provide enough information to confirm the presence of the CDU's front-runner.
cdu_23-09-2021_00:00_video13.jpeg,"Armin Laschet, Unknown",Unknown,cdu,,['False'],"The image does not appear to show Armin Laschet, the front-runner of the CDU party."
cdu_23-09-2021_00:00_video2.jpeg,Unknown,Unknown,cdu,,['False'],"The image does not provide enough information to confirm the presence of the CDU's front-runner, Armin Laschet."
cdu_23-09-2021_00:00_video3.jpeg,Unknown,Unknown,cdu,,['False'],I cannot identify individuals in the image.
cdu_23-09-2021_00:00_video4.jpeg,"Armin Laschet, Unknown",Unknown,cdu,,['True'],"The image appears to show the front-runner of the CDU party, Armin Laschet."
cdu_23-09-2021_00:00_video5.jpeg,Armin Laschet,Unknown,cdu,,['False'],The image does not provide enough information to confirm the presence of the CDU's front-runner.
cdu_23-09-2021_00:00_video6.jpeg,Unknown,Unknown,cdu,,['False'],The image does not provide enough information to confirm the presence of the CDU's front-runner.
cdu_23-09-2021_00:00_video7.jpeg,Unknown,Unknown,cdu,,['False'],The image does not provide enough information to confirm the presence of the CDU's front-runner.
cdu_23-09-2021_00:00_video9.jpeg,"Armin Laschet, Unknown",Unknown,cdu,,['True'],The image appears to show a political figure who could be the front-runner of the CDU party during the 2021 Federal German election campaign.
cdu_24-09-2021_00:00_video11.jpeg,Unknown,Unknown,cdu,,['False'],"The image does not picture Armin Laschet, the front-runner of the CDU party."
cdu_24-09-2021_00:00_video13.jpeg,Unknown,Unknown,cdu,,['False'],"The image does not picture Armin Laschet, the front-runner of the CDU party."
cdu_24-09-2021_00:00_video15.jpeg,Unknown,Unknown,cdu,,['False'],"The image does not picture Armin Laschet, the front-runner of the CDU party."
cdu_24-09-2021_00:00_video16.jpeg,Unknown,Unknown,cdu,,['False'],"The image does not picture Armin Laschet, the front-runner of the CDU party."
cdu_24-09-2021_00:00_video18.jpeg,Unknown,Unknown,cdu,,['False'],"The image does not picture Armin Laschet, the front-runner of the CDU party."
cdu_24-09-2021_00:00_video19.jpeg,Unknown,Unknown,cdu,,['False'],"The image does not picture Armin Laschet, the front-runner of the CDU party."
cdu_24-09-2021_00:00_video3.jpeg,Unknown,Unknown,cdu,,['False'],"The image does not picture Armin Laschet, the front-runner of the CDU party."
cdu_24-09-2021_00:00_video5.jpeg,Unknown,Unknown,cdu,,['False'],"The image does not picture Armin Laschet, the front-runner of the CDU party."
cdu_24-09-2021_00:00_video7.jpeg,Unknown,Unknown,cdu,,['False'],"The image does not picture Armin Laschet, the front-runner of the CDU party."
cdu_24-09-2021_00:00_video9.jpeg,Unknown,Unknown,cdu,,['False'],"The image does not picture Armin Laschet, the front-runner of the CDU party."
cdu_25-09-2021_00:00_image0.jpeg,"Armin Laschet, Unknown","Armin Laschet, Unknown",cdu,0.3806166459505756,"['True', 'True', 'True']",
cdu_25-09-2021_00:00_video0.jpeg,Unknown,Unknown,cdu,,['False'],"The image does not picture Armin Laschet, the front-runner of the CDU party."
cdu_25-09-2021_00:00_video1.jpeg,Unknown,Unknown,cdu,,['False'],"The image does not provide enough information to confirm the presence of the CDU's front-runner, Armin Laschet."
cdu_25-09-2021_00:00_video10.jpeg,"Armin Laschet, Unknown","Armin Laschet, Unknown",cdu,0.8292469269711555,['True'],"The image shows a person at a CDU event with the slogan 'DAMIT DEUTSCHLAND STABIL BLEIBT,' which is associated with the CDU's campaign."
cdu_25-09-2021_00:00_video11.jpeg,"Armin Laschet, Unknown",Unknown,cdu,,['True'],"The image appears to show a political event with CDU branding, and the individual on stage could be the front-runner of the CDU party."
cdu_25-09-2021_00:00_video12.jpeg,"Armin Laschet, Unknown",Unknown,cdu,,['True'],"The image includes text that mentions Armin Laschet, indicating his presence or relevance in the context of the event."
cdu_25-09-2021_00:00_video13.jpeg,Unknown,Unknown,cdu,,['True'],"The image shows a person who appears to be a political leader at a CDU event, which suggests the presence of the CDU's front-runner."
cdu_25-09-2021_00:00_video2.jpeg,Unknown,Unknown,cdu,,['False'],"The image shows a crowd with CDU/CSU banners, but it is not clear if the front-runner of the CDU party is present."
cdu_25-09-2021_00:00_video3.jpeg,"Armin Laschet, Unknown","Armin Laschet, Unknown",cdu,0.9241509988612608,['True'],The image includes a person who appears to be the front-runner of the CDU party in the 2021 Federal German election campaign.
cdu_25-09-2021_00:00_video4.jpeg,Unknown,Unknown,cdu,,['False'],"The image does not provide clear evidence of the presence of Armin Laschet, the front-runner of the CDU party."
cdu_25-09-2021_00:00_video5.jpeg,Unknown,Unknown,cdu,,['False'],"The image does not picture Armin Laschet, the front-runner of the CDU party."
cdu_25-09-2021_00:00_video6.jpeg,Unknown,Unknown,cdu,,['True'],"The image includes a reference to Armin Laschet, the front-runner of the CDU party, in the text."
cdu_25-09-2021_00:00_video7.jpeg,Unknown,Unknown,cdu,,['True'],"The image includes a reference to Armin Laschet, the front-runner of the CDU party, as indicated by the text and social media handle."
cdu_25-09-2021_00:00_video8.jpeg,Armin Laschet,Armin Laschet,cdu,0.6146210409207556,['True'],"The image shows a person speaking at a podium with CDU/CSU branding, which suggests the presence of the CDU's front-runner."
cdu_25-09-2021_00:00_video9.jpeg,Armin Laschet,Armin Laschet,cdu,1.037052673331026,['True'],"The image shows a person at a podium with CDU/CSU branding, and the text mentions Armin, indicating the presence of the CDU's front-runner."
cdu_26-09-2021_00:00_image0.jpeg,"Armin Laschet, Unknown",Unknown,cdu,,['True'],"The image shows a political event with CDU branding, and the individual at the podium is likely the front-runner of the CDU party."
cdu_26-09-2021_00:00_image1.jpeg,Armin Laschet,Armin Laschet,cdu,0.5173983206419691,['True'],"The image shows a campaign poster for the CDU party with a prominent figure, likely the front-runner."
cdu_26-09-2021_00:00_video0.jpeg,Unknown,Unknown,cdu,,['False'],"The image does not appear to show Armin Laschet, the front-runner of the CDU party."
cdu_26-09-2021_00:00_video10.jpeg,"Armin Laschet, Unknown","Armin Laschet, Unknown",cdu,0.903400971346452,['True'],
cdu_26-09-2021_00:00_video11.jpeg,"Armin Laschet, Unknown","Armin Laschet, Unknown",cdu,0.9401924639355568,['True'],
cdu_26-09-2021_00:00_video12.jpeg,"Armin Laschet, Unknown","Armin Laschet, Unknown",cdu,0.7128697527128518,['True'],"The image shows a person at a podium with CDU branding, which suggests the presence of the CDU's front-runner."
cdu_26-09-2021_00:00_video13.jpeg,"Armin Laschet, Unknown",Unknown,cdu,,['True'],"The image includes a reference to Armin Laschet, the front-runner of the CDU party, in the text overlay."
cdu_26-09-2021_00:00_video14.jpeg,Unknown,"Armin Laschet, Unknown",cdu,1.0193312944398707,['False'],"The image shows a crowd with CDU signs, but it does not clearly picture the front-runner of the CDU party, Armin Laschet."
cdu_26-09-2021_00:00_video15.jpeg,"Armin Laschet, Unknown","Armin Laschet, Unknown",cdu,0.9874320887312846,['False'],"The image shows a crowd of people taking selfies, but it is not possible to confirm the presence of the CDU's front-runner, Armin Laschet."
cdu_26-09-2021_00:00_video3.jpeg,Unknown,Unknown,cdu,,['False'],"The image does not provide enough information to confirm the presence of the CDU's front-runner, Armin Laschet."
cdu_26-09-2021_00:00_video4.jpeg,"Armin Laschet, Unknown","Armin Laschet, Unknown",cdu,0.9776248817792432,['True'],"The image includes a welcome message mentioning @armin_laschet, indicating his presence."
cdu_26-09-2021_00:00_video5.jpeg,Armin Laschet,Unknown,cdu,,['True'],"The image shows a political event with two individuals on stage, one of whom is likely the front-runner of the CDU party."
cdu_26-09-2021_00:00_video6.jpeg,"Armin Laschet, Unknown","Armin Laschet, Unknown",cdu,0.9153743183338028,['True'],"The image includes a reference to Armin Laschet, the front-runner of the CDU party, in the text overlay."
cdu_26-09-2021_00:00_video7.jpeg,"Armin Laschet, Unknown",Unknown,cdu,,['True'],
cdu_26-09-2021_00:00_video8.jpeg,"Armin Laschet, Unknown","Armin Laschet, Unknown",cdu,0.8933029316953477,['True'],
cdu_26-09-2021_00:00_video9.jpeg,"Armin Laschet, Unknown",Unknown,cdu,,['True'],"The image shows a political event with CDU branding and prominent figures, including the front-runner of the CDU party."
christianlindner_14-09-2021_00:00_image0.jpeg,"Christian Lindner, Unknown","Christian Lindner, Unknown",christianlindner,0.6110860741558639,['True'],
christianlindner_16-09-2021_00:00_image0.jpeg,Unknown,Unknown,christianlindner,,['False'],"The image does not provide enough information to confirm the presence of Christian Lindner, the front-runner of the FDP party."
christianlindner_17-09-2021_00:00_image1.jpeg,"Christian Lindner, Unknown","Christian Lindner, Unknown",christianlindner,1.0201082908536592,['True'],
christianlindner_17-09-2021_00:00_image2.jpeg,"Christian Lindner, Unknown","Christian Lindner, Unknown",christianlindner,0.6858800158163574,['True'],"The image shows a person speaking at a podium with the FDP logo, which suggests the presence of the FDP's front-runner."
christianlindner_17-09-2021_00:00_image3.jpeg,Unknown,Unknown,christianlindner,,['True'],"The image shows a person addressing a crowd with a caption mentioning the FDP party, indicating the presence of the FDP's front-runner."
christianlindner_17-09-2021_00:00_image4.jpeg,"Christian Lindner, Unknown",Unknown,christianlindner,,['True'],"The image shows a political rally with a speaker on stage, and the banner in the background indicates it is an FDP event."
christianlindner_17-09-2021_00:00_image5.jpeg,Christian Lindner,Christian Lindner,christianlindner,0.3320103265904421,['True'],"The image contains text that references 'CHRISTIAN-LINDNER.DE', indicating the presence of the FDP's front-runner."
christianlindner_17-09-2021_00:00_video0.jpeg,"Christian Lindner, Unknown",Unknown,christianlindner,,['True'],"The image shows a person standing at a podium with the Freie Demokraten (FDP) logo, indicating the presence of the FDP's front-runner."
christianlindner_17-09-2021_00:00_video1.jpeg,"Christian Lindner, Unknown",Unknown,christianlindner,,['True'],"The image shows a political event with the FDP party's branding, and the individual on the right is likely the front-runner of the FDP party."
christianlindner_17-09-2021_00:00_video2.jpeg,Unknown,Unknown,christianlindner,,['True'],"The image shows a person speaking at an event with the Freie Demokraten (FDP) logo in the background, which suggests the presence of the FDP's front-runner."
christianlindner_18-09-2021_00:00_image0.jpeg,Unknown,Unknown,christianlindner,,['False'],"The image shows a crowd of people, but it does not clearly depict the front-runner of the FDP party, Christian Lindner."
christianlindner_18-09-2021_00:00_image1.jpeg,"Christian Lindner, Unknown","Christian Lindner, Unknown",christianlindner,0.7536022188194553,['False'],I cannot identify individuals in the image.
christianlindner_18-09-2021_00:00_image2.jpeg,Unknown,Unknown,christianlindner,,['True'],"The image shows a political event with a speaker on stage, and the FDP's branding is visible, suggesting the presence of their front-runner."
christianlindner_18-09-2021_00:00_image3.jpeg,Unknown,"Christian Lindner, Unknown",christianlindner,1.0161987567453994,['False'],"The image shows a crowd of people taking selfies, but it does not clearly depict the front-runner of the FDP party."
christianlindner_18-09-2021_00:00_video0.jpeg,Christian Lindner,Christian Lindner,christianlindner,0.8110730544585054,['True'],"The image includes text that mentions 'christianlindner' and discusses FDP's policies, indicating the presence of the FDP's front-runner."
christianlindner_18-09-2021_00:00_video1.jpeg,"Christian Lindner, Unknown",Unknown,christianlindner,,"['True', 'False']","The image shows a group of people, but I cannot confirm if any of them is Christian Lindner, the front-runner of the FDP party."
christianlindner_18-09-2021_00:00_video2.jpeg,"Christian Lindner, Unknown",Unknown,christianlindner,,['False'],The image does not provide enough information to confirm the presence of the FDP's front-runner.
christianlindner_18-09-2021_00:00_video3.jpeg,Unknown,Unknown,christianlindner,,['False'],"The image does not provide clear evidence of the presence of the FDP's front-runner, Christian Lindner."
christianlindner_18-09-2021_00:00_video4.jpeg,"Christian Lindner, Unknown",Unknown,christianlindner,,['True'],"The image shows a person speaking at a public event with the text 'Wusstet ihr, dass CL Verwandtschaft in Ostdeutschland hat?' which suggests the presence of Christian Lindner (CL) from the FDP party."
christianlindner_20-09-2021_00:00_image0.jpeg,Christian Lindner,Christian Lindner,christianlindner,0.9599378298141058,['True'],"The image shows a large banner with the FDP logo and a picture of a person, likely indicating the presence of the FDP's front-runner."
christianlindner_20-09-2021_00:00_image1.jpeg,Christian Lindner,Christian Lindner,christianlindner,0.8778984819023887,['True'],"The image prominently features the name 'LINDNER' and a picture of a person, suggesting the presence of the FDP's front-runner."
christianlindner_20-09-2021_00:00_image2.jpeg,Christian Lindner,Christian Lindner,christianlindner,0.3767058074833088,['True'],"The image shows a person who appears to be Christian Lindner, the front-runner of the FDP party, based on the context and visual cues."
christianlindner_20-09-2021_00:00_image3.jpeg,"Christian Lindner, Unknown","Christian Lindner, Unknown",christianlindner,1.008116012232284,['True'],"The image shows a person speaking at an event with the FDP (Freie Demokraten) logo in the background, suggesting the presence of the FDP's front-runner."
christianlindner_20-09-2021_00:00_image4.jpeg,Christian Lindner,Christian Lindner,christianlindner,0.678293099526582,"[""I don't know""]",I cannot identify individuals in images.
christianlindner_20-09-2021_00:00_image5.jpeg,"Christian Lindner, Unknown","Christian Lindner, Unknown",christianlindner,0.6660642224195101,['True'],
christianlindner_20-09-2021_00:00_video0.jpeg,Unknown,Unknown,christianlindner,,['True'],"The image shows a stage with the FDP logo and a person speaking, which suggests the presence of the FDP's front-runner."
christianlindner_20-09-2021_00:00_video1.jpeg,Unknown,Unknown,christianlindner,,['True'],
christianlindner_20-09-2021_00:00_video2.jpeg,Unknown,Unknown,christianlindner,,['True'],"The image shows a political event with the FDP party's branding and a person speaking at the podium, which suggests the presence of the FDP's front-runner."
christianlindner_20-09-2021_00:00_video3.jpeg,Unknown,Unknown,christianlindner,,['False'],The image does not provide enough information to confirm the presence of the FDP's front-runner.
christianlindner_20-09-2021_00:00_video4.jpeg,Unknown,Unknown,christianlindner,,['False'],"The image does not provide enough information to confirm the presence of the FDP's front-runner, Christian Lindner."
christianlindner_21-09-2021_00:00_image0.jpeg,"Christian Lindner, Unknown","Christian Lindner, Unknown",christianlindner,0.572773413302972,['True'],
christianlindner_21-09-2021_00:00_image1.jpeg,Christian Lindner,Christian Lindner,christianlindner,0.4898724127264395,['True'],"The image and text indicate that the person is Christian Lindner, the front-runner of the FDP party."
christianlindner_22-09-2021_00:00_image0.jpeg,"Christian Lindner, Unknown","Christian Lindner, Unknown",christianlindner,0.8603658722338967,['True'],"The image includes a URL with the name 'Christian Lindner', indicating the presence of the FDP's front-runner."
christianlindner_22-09-2021_00:00_image1.jpeg,Christian Lindner,Christian Lindner,christianlindner,0.5315109757498848,['True'],"The image includes the name 'Christian Lindner' and a photo, indicating the presence of the FDP's front-runner."
christianlindner_22-09-2021_00:00_image2.jpeg,Christian Lindner,Christian Lindner,christianlindner,1.0228642772591854,['True'],"The image shows a person speaking at an event with FDP branding, indicating the presence of the FDP's front-runner."
christianlindner_22-09-2021_00:00_image3.jpeg,Unknown,Unknown,christianlindner,,['True'],"The image shows a political rally with FDP branding and a person speaking on stage, which suggests the presence of the FDP's front-runner."
christianlindner_22-09-2021_00:00_image4.jpeg,Christian Lindner,Unknown,christianlindner,,['True'],"The image shows a person speaking at a public event with a banner in the background that has the FDP's slogan, indicating the presence of the FDP's front-runner."
christianlindner_22-09-2021_00:00_image5.jpeg,"Christian Lindner, Unknown","Christian Lindner, Unknown",christianlindner,0.745153788044782,['True'],
christianlindner_22-09-2021_00:00_image6.jpeg,Christian Lindner,Christian Lindner,christianlindner,0.726568749486198,['True'],"The image mentions 'FDP-Chef Lindner' and includes a picture of a person, indicating the presence of the FDP's front-runner."
christianlindner_22-09-2021_00:00_video0.jpeg,Unknown,Unknown,christianlindner,,['False'],"The image shows a crowd of people, but it does not clearly depict the front-runner of the FDP party, Christian Lindner."
christianlindner_22-09-2021_00:00_video1.jpeg,"Christian Lindner, Unknown",Unknown,christianlindner,,['False'],"The image shows a person speaking to a crowd, but it is not possible to confirm if this is the front-runner of the FDP party, Christian Lindner."
christianlindner_23-09-2021_00:00_image0.jpeg,"Christian Lindner, Unknown",Unknown,christianlindner,,['True'],"The image shows a political event with the FDP logo and slogan, indicating the presence of the FDP's front-runner."
christianlindner_23-09-2021_00:00_image1.jpeg,"Christian Lindner, Unknown",Unknown,christianlindner,,['True'],"The image shows a political event with the FDP party's branding, and the individual speaking appears to be the front-runner of the FDP party."
christianlindner_23-09-2021_00:00_image2.jpeg,Unknown,Unknown,christianlindner,,['False'],The image does not provide enough information to confirm the presence of the FDP's front-runner.
christianlindner_23-09-2021_00:00_video0.jpeg,Unknown,Unknown,christianlindner,,['False'],"The image shows a crowd of people at an event, but it does not specifically indicate the presence of Christian Lindner, the front-runner of the FDP party."
christianlindner_23-09-2021_00:00_video1.jpeg,Unknown,Unknown,christianlindner,,['False'],"The image does not appear to show Christian Lindner, the front-runner of the FDP party."
christianlindner_24-09-2021_00:00_image0.jpeg,Christian Lindner,Christian Lindner,christianlindner,0.6168278322001394,['True'],"The image includes a person who appears to be the front-runner of the FDP party, Christian Lindner, based on the context and visual cues."
christianlindner_24-09-2021_00:00_image2.jpeg,Unknown,Unknown,christianlindner,,['False'],"The image does not picture Christian Lindner, the front-runner of the FDP party."
christianlindner_24-09-2021_00:00_image3.jpeg,"Christian Lindner, Unknown","Christian Lindner, Unknown",christianlindner,0.9576863538163416,['True'],"The image includes a person who appears to be the front-runner of the FDP party, Christian Lindner."
christianlindner_25-09-2021_00:00_image0.jpeg,Christian Lindner,Christian Lindner,christianlindner,0.6721131874624606,['True'],"The image appears to show the front-runner of the FDP party, Christian Lindner, based on the context and visual cues."
christianlindner_25-09-2021_00:00_image1.jpeg,Christian Lindner,Christian Lindner,christianlindner,0.2224964714800003,['True'],The image includes a picture of the front-runner of the FDP party.
christianlindner_25-09-2021_00:00_image2.jpeg,Christian Lindner,Christian Lindner,christianlindner,0.5694734316756318,['True'],"The image includes text that mentions Christian Lindner, indicating his presence."
christianlindner_25-09-2021_00:00_image3.jpeg,Christian Lindner,Christian Lindner,christianlindner,0.7541397386192914,['True'],"The image includes text that references Christian Lindner and the FDP party, indicating the presence of the FDP's front-runner."
christianlindner_25-09-2021_00:00_image4.jpeg,"Christian Lindner, Unknown","Christian Lindner, Unknown",christianlindner,0.3478077891694465,['True'],The image appears to show the front-runner of the FDP party during the 2021 Federal German election campaign.
christianlindner_25-09-2021_00:00_image5.jpeg,"Christian Lindner, Unknown",Unknown,christianlindner,,['False'],"The image does not provide enough information to confirm the presence of the FDP's front-runner, Christian Lindner."
christianlindner_25-09-2021_00:00_image6.jpeg,"Christian Lindner, Unknown","Christian Lindner, Unknown",christianlindner,0.4289642095484126,['True'],"The image features a large poster with the FDP logo and a prominent individual, likely the front-runner of the FDP party."
christianlindner_25-09-2021_00:00_video0.jpeg,"Christian Lindner, Unknown","Christian Lindner, Unknown",christianlindner,0.7637544541030263,['False'],The image does not provide enough information to confirm the presence of the FDP's front-runner.
christianlindner_26-09-2021_00:00_image0.jpeg,"Christian Lindner, Unknown",Unknown,christianlindner,,['True'],"The image appears to show a political figure speaking at an event, which aligns with the context of a campaign."
christianlindner_26-09-2021_00:00_image1.jpeg,Unknown,Unknown,christianlindner,,['False'],"The image does not show Christian Lindner, the front-runner of the FDP party."
christianlindner_26-09-2021_00:00_image2.jpeg,"Christian Lindner, Unknown","Christian Lindner, Unknown",christianlindner,1.0161384292933908,['True'],"The image shows a person who appears to be speaking at a public event, which aligns with the activities of a political front-runner during a campaign."
christianlindner_26-09-2021_00:00_image3.jpeg,"Christian Lindner, Unknown","Christian Lindner, Unknown",christianlindner,0.3016696205297594,['True'],"The image shows a person being interviewed, who appears to be the front-runner of the FDP party."
christianlindner_26-09-2021_00:00_image4.jpeg,"Christian Lindner, Unknown","Christian Lindner, Unknown",christianlindner,0.9818749770201134,['True'],
christianlindner_26-09-2021_00:00_image5.jpeg,Unknown,Unknown,christianlindner,,['False'],"The image shows a crowd of people, but there is no clear indication of the presence of the FDP's front-runner."
christianlindner_26-09-2021_00:00_image6.jpeg,"Christian Lindner, Unknown","Christian Lindner, Unknown",christianlindner,0.9906540649662248,['True'],"The image includes a person tagged as @scholzchristoph, who is the front-runner of the FDP party."
christianlindner_26-09-2021_00:00_video0.jpeg,Unknown,Unknown,christianlindner,,['False'],"The image does not show Christian Lindner, the front-runner of the FDP party. The text in the image mentions @johannesvogel, indicating a different individual."
christianlindner_26-09-2021_00:00_video2.jpeg,Unknown,Unknown,christianlindner,,['False'],"The image shows a person speaking at a public event, but I cannot confirm if this is the front-runner of the FDP party, Christian Lindner."
christlichsozialeunion_13-09-2021_00:00_image1.jpeg,Unknown,Unknown,christlichsozialeunion,,['False'],"The image does not picture Markus Söder, the front-runner of the CSU party."
christlichsozialeunion_13-09-2021_00:00_image2.jpeg,Unknown,Unknown,christlichsozialeunion,,['False'],"The image shows a tweet from Markus Blume, not Markus Söder, the front-runner of the CSU party."
christlichsozialeunion_13-09-2021_00:00_video0.jpeg,Unknown,Unknown,christlichsozialeunion,,['False'],"The image features Armin Laschet, not Markus Söder."
christlichsozialeunion_13-09-2021_00:00_video2.jpeg,Unknown,"Unknown, Markus Söder",christlichsozialeunion,0.9134276327321862,['False'],"The image does not picture Markus Söder, the front-runner of the CSU party."
christlichsozialeunion_13-09-2021_00:00_video3.jpeg,Markus Söder,"Unknown, Markus Söder",christlichsozialeunion,0.8208155657618038,['True'],"The image shows a tweet from Markus Söder, indicating the presence of the CSU's front-runner."
christlichsozialeunion_14-09-2021_00:00_image0.jpeg,Unknown,Unknown,christlichsozialeunion,,['False'],"The image features Markus Blume, not Markus Söder, the front-runner of the CSU party."
christlichsozialeunion_14-09-2021_00:00_image1.jpeg,Unknown,Unknown,christlichsozialeunion,,['False'],"The image features Alexander Dobrindt, not Markus Söder."
christlichsozialeunion_14-09-2021_00:00_video3.jpeg,Unknown,Unknown,christlichsozialeunion,,['False'],"The image does not picture Markus Söder, the front-runner of the CSU party."
christlichsozialeunion_14-09-2021_00:00_video4.jpeg,Unknown,Unknown,christlichsozialeunion,,['False'],"The image does not picture Markus Söder, the front-runner of the CSU party."
christlichsozialeunion_16-09-2021_00:00_video0.jpeg,Markus Söder,Markus Söder,christlichsozialeunion,0.6163395025201622,['True'],"The image includes text indicating it is a video message from Markus Söder, the front-runner of the CSU party."
christlichsozialeunion_16-09-2021_00:00_video10.jpeg,Unknown,Unknown,christlichsozialeunion,,['False'],"The image mentions Andreas Scheuer, not Markus Söder."
christlichsozialeunion_16-09-2021_00:00_video12.jpeg,Unknown,Unknown,christlichsozialeunion,,['False'],"The image mentions Alexander Dobrindt as the Spitzenkandidat (front-runner) of the CSU party, not Markus Söder."
christlichsozialeunion_16-09-2021_00:00_video13.jpeg,"Unknown, Markus Söder","Unknown, Markus Söder",christlichsozialeunion,0.5861922139361742,['True'],"The image includes text indicating that Markus Söder, the CSU party front-runner, is about to speak."
christlichsozialeunion_16-09-2021_00:00_video14.jpeg,Markus Söder,Unknown,christlichsozialeunion,,['False'],"The image does not picture Markus Söder, the front-runner of the CSU party."
christlichsozialeunion_16-09-2021_00:00_video15.jpeg,Markus Söder,Unknown,christlichsozialeunion,,['True'],"The image shows a stage with a banner that includes the CSU logo and a person speaking at a podium. The Instagram handle 'markus.soeder' is visible at the top, suggesting the presence of the CSU's front-runner."
christlichsozialeunion_16-09-2021_00:00_video16.jpeg,"Unknown, Markus Söder",Unknown,christlichsozialeunion,,['True'],"The image shows a group of people on a stage with CSU branding, indicating the presence of CSU party members, including the front-runner."
christlichsozialeunion_16-09-2021_00:00_video17.jpeg,Unknown,Unknown,christlichsozialeunion,,['False'],"The image does not picture Markus Söder, the front-runner of the CSU party."
christlichsozialeunion_16-09-2021_00:00_video5.jpeg,Unknown,Unknown,christlichsozialeunion,,['False'],"The image does not picture Markus Söder, the front-runner of the CSU party."
christlichsozialeunion_16-09-2021_00:00_video6.jpeg,Unknown,Unknown,christlichsozialeunion,,['False'],"The image does not picture Markus Söder, the front-runner of the CSU party. It mentions Andreas Scheuer."
christlichsozialeunion_16-09-2021_00:00_video7.jpeg,Unknown,Unknown,christlichsozialeunion,,['False'],"The image does not picture Markus Söder, the front-runner of the CSU party."
christlichsozialeunion_16-09-2021_00:00_video8.jpeg,Unknown,Unknown,christlichsozialeunion,,['False'],"The image does not picture Markus Söder, the front-runner of the CSU party."
christlichsozialeunion_16-09-2021_00:00_video9.jpeg,Unknown,Unknown,christlichsozialeunion,,['False'],"The image does not picture Markus Söder, the front-runner of the CSU party."
christlichsozialeunion_17-09-2021_00:00_image1.jpeg,Unknown,Unknown,christlichsozialeunion,,['False'],"The image features Reiner Haseloff, not Markus Söder, the front-runner of the CSU party."
christlichsozialeunion_17-09-2021_00:00_video1.jpeg,Unknown,Unknown,christlichsozialeunion,,['False'],"The image does not picture Markus Söder, the front-runner of the CSU party."
christlichsozialeunion_17-09-2021_00:00_video2.jpeg,Unknown,"Unknown, Markus Söder",christlichsozialeunion,1.0333336323446591,['False'],"The image does not appear to picture Markus Söder, the front-runner of the CSU party."
christlichsozialeunion_17-09-2021_00:00_video3.jpeg,Unknown,Unknown,christlichsozialeunion,,['False'],"The image does not picture Markus Söder, the front-runner of the CSU party."
christlichsozialeunion_17-09-2021_00:00_video4.jpeg,Unknown,Unknown,christlichsozialeunion,,['False'],"The image does not picture Markus Söder, the front-runner of the CSU party."
christlichsozialeunion_17-09-2021_00:00_video5.jpeg,Unknown,Unknown,christlichsozialeunion,,['False'],"The image does not picture Markus Söder, the front-runner of the CSU party."
christlichsozialeunion_18-09-2021_00:00_image0.jpeg,"Unknown, Markus Söder","Unknown, Markus Söder",christlichsozialeunion,0.2791626067102187,['True'],"The image includes a poster for the CSU's Bundestagswahl Stadiontour featuring Markus Söder, indicating his presence."
christlichsozialeunion_18-09-2021_00:00_image1.jpeg,"Unknown, Markus Söder","Unknown, Markus Söder",christlichsozialeunion,0.2930498913089688,['True'],"The image includes Markus Söder, the front-runner of the CSU party, as indicated by the text."
christlichsozialeunion_18-09-2021_00:00_video0.jpeg,Unknown,Unknown,christlichsozialeunion,,['False'],"The image does not picture Markus Söder, the front-runner of the CSU party. It features a person in work attire promoting a campaign message."
christlichsozialeunion_18-09-2021_00:00_video10.jpeg,Unknown,Unknown,christlichsozialeunion,,['False'],"The image shows Gerhard Eck, not the front-runner of the CSU party."
christlichsozialeunion_18-09-2021_00:00_video12.jpeg,Unknown,Unknown,christlichsozialeunion,,['False'],"The image does not appear to show Markus Söder, the front-runner of the CSU party."
christlichsozialeunion_18-09-2021_00:00_video15.jpeg,Unknown,Unknown,christlichsozialeunion,,['False'],"The image does not picture Markus Söder, the front-runner of the CSU party."
christlichsozialeunion_18-09-2021_00:00_video16.jpeg,Markus Söder,Markus Söder,christlichsozialeunion,0.8113949190605929,['True'],The image shows a person speaking at a podium with the CSU logo and the name 'Markus Söder' mentioned in the text overlay.
christlichsozialeunion_18-09-2021_00:00_video17.jpeg,"Unknown, Markus Söder","Unknown, Markus Söder",christlichsozialeunion,0.873116832832562,['True'],The image includes a person who appears to be the front-runner of the CSU party.
christlichsozialeunion_18-09-2021_00:00_video18.jpeg,Unknown,Unknown,christlichsozialeunion,,['True'],"The image shows a CSU event, and the presence of the front-runner of the CSU party is indicated."
christlichsozialeunion_18-09-2021_00:00_video2.jpeg,"Unknown, Markus Söder",Unknown,christlichsozialeunion,,['True'],"The image appears to show Markus Söder, the front-runner of the CSU party, based on the context and the text overlay."
christlichsozialeunion_18-09-2021_00:00_video5.jpeg,Unknown,Unknown,christlichsozialeunion,,['False'],"The image does not show Markus Söder, the front-runner of the CSU party."
christlichsozialeunion_18-09-2021_00:00_video6.jpeg,Unknown,Unknown,christlichsozialeunion,,['False'],"The image does not picture Markus Söder, the front-runner of the CSU party."
christlichsozialeunion_18-09-2021_00:00_video7.jpeg,Unknown,Unknown,christlichsozialeunion,,['False'],"The image does not picture Markus Söder, the front-runner of the CSU party."
christlichsozialeunion_18-09-2021_00:00_video8.jpeg,Unknown,Unknown,christlichsozialeunion,,['False'],"The image does not picture Markus Söder, the front-runner of the CSU party."
christlichsozialeunion_20-09-2021_00:00_image0.jpeg,Unknown,Unknown,christlichsozialeunion,,['False'],"The image shows a tweet from Markus Blume, not Markus Söder, the front-runner of the CSU party."
christlichsozialeunion_20-09-2021_00:00_video0.jpeg,Unknown,Unknown,christlichsozialeunion,,['False'],"The image features Ralf Moeller, not the front-runner of the CSU party."
christlichsozialeunion_20-09-2021_00:00_video3.jpeg,"Unknown, Markus Söder",Unknown,christlichsozialeunion,,['True'],"The image includes text indicating the presence of Markus Söder, the front-runner of the CSU party."
christlichsozialeunion_20-09-2021_00:00_video4.jpeg,"Unknown, Markus Söder",Unknown,christlichsozialeunion,,['False'],"The image does not show Markus Söder, the front-runner of the CSU party."
christlichsozialeunion_20-09-2021_00:00_video5.jpeg,"Unknown, Markus Söder","Unknown, Markus Söder",christlichsozialeunion,0.7442196551220166,['True'],
christlichsozialeunion_20-09-2021_00:00_video6.jpeg,"Unknown, Markus Söder",Unknown,christlichsozialeunion,,['True'],"The image shows a live broadcast with the CSU logo, indicating the presence of CSU party members, including the front-runner."
christlichsozialeunion_20-09-2021_00:00_video7.jpeg,Unknown,Unknown,christlichsozialeunion,,['False'],"The image shows Dr. Anja Weisgerber, not the front-runner of the CSU party."
christlichsozialeunion_20-09-2021_00:00_video8.jpeg,Unknown,Unknown,christlichsozialeunion,,['False'],"The image does not picture Markus Söder, the front-runner of the CSU party. It mentions Andreas Scheuer, who is the Federal Minister of Transport."
christlichsozialeunion_20-09-2021_00:00_video9.jpeg,"Unknown, Markus Söder",Unknown,christlichsozialeunion,,['True'],"The image shows a person who appears to be Markus Söder, the front-runner of the CSU party, in the 2021 Federal German election campaign."
christlichsozialeunion_21-09-2021_00:00_image0.jpeg,"Unknown, Markus Söder","Unknown, Markus Söder",christlichsozialeunion,0.5749567656395012,['True'],"The image includes a reference to Markus Söder, the front-runner of the CSU party, as indicated by the text."
christlichsozialeunion_21-09-2021_00:00_image2.jpeg,"Unknown, Markus Söder","Unknown, Markus Söder",christlichsozialeunion,1.0283680141490712,['True'],The image includes the front-runner of the CSU party.
christlichsozialeunion_21-09-2021_00:00_image4.jpeg,Markus Söder,Markus Söder,christlichsozialeunion,0.3694969533479847,['True'],"The image includes the name 'Markus Söder' and the logo of the CSU party, indicating the presence of the CSU's front-runner."
christlichsozialeunion_21-09-2021_00:00_image6.jpeg,Unknown,Unknown,christlichsozialeunion,,['False'],"The image features Markus Blume, not Markus Söder, the front-runner of the CSU party."
christlichsozialeunion_21-09-2021_00:00_video1.jpeg,Unknown,Unknown,christlichsozialeunion,,['False'],"The image does not clearly show Markus Söder, the front-runner of the CSU party."
christlichsozialeunion_21-09-2021_00:00_video2.jpeg,"Unknown, Markus Söder",Unknown,christlichsozialeunion,,['False'],The image does not provide enough information to confirm the presence of the CSU's front-runner.
christlichsozialeunion_21-09-2021_00:00_video3.jpeg,Markus Söder,Unknown,christlichsozialeunion,,['True'],"The image shows a person at a podium with a sign that reads 'Dr. Markus Söder,' who is the front-runner of the CSU party."
christlichsozialeunion_21-09-2021_00:00_video4.jpeg,Unknown,Unknown,christlichsozialeunion,,['False'],"The image does not feature Markus Söder, the front-runner of the CSU party. It appears to be a promotional image for Weltkindertag (World Children's Day) by the CSU party."
christlichsozialeunion_21-09-2021_00:00_video7.jpeg,Unknown,Markus Söder,christlichsozialeunion,1.0005765765199852,['False'],"The image features Florian Hahn, not the front-runner of the CSU party."
christlichsozialeunion_22-09-2021_00:00_image0.jpeg,Unknown,Unknown,christlichsozialeunion,,['False'],"The image features Joachim Herrmann, not Markus Söder."
christlichsozialeunion_22-09-2021_00:00_image1.jpeg,Unknown,Unknown,christlichsozialeunion,,['False'],"The image does not picture Markus Söder, the front-runner of the CSU party."
christlichsozialeunion_22-09-2021_00:00_video0.jpeg,Unknown,Unknown,christlichsozialeunion,,['False'],"The image does not picture Markus Söder, the front-runner of the CSU party."
christlichsozialeunion_22-09-2021_00:00_video2.jpeg,Unknown,Unknown,christlichsozialeunion,,['False'],"The image does not picture Markus Söder, the front-runner of the CSU party."
christlichsozialeunion_22-09-2021_00:00_video3.jpeg,Unknown,Unknown,christlichsozialeunion,,['False'],"The image does not picture Markus Söder, the front-runner of the CSU party."
christlichsozialeunion_22-09-2021_00:00_video4.jpeg,Markus Söder,Markus Söder,christlichsozialeunion,0.5086677064563678,['True'],
christlichsozialeunion_22-09-2021_00:00_video7.jpeg,Unknown,Unknown,christlichsozialeunion,,['False'],"The image does not picture Markus Söder, the front-runner of the CSU party."
christlichsozialeunion_22-09-2021_00:00_video8.jpeg,Unknown,Unknown,christlichsozialeunion,,['False'],"The image does not picture Markus Söder, the front-runner of the CSU party."
christlichsozialeunion_23-09-2021_00:00_image0.jpeg,Markus Söder,Markus Söder,christlichsozialeunion,0.497156913842367,['True'],
christlichsozialeunion_23-09-2021_00:00_image1.jpeg,Unknown,Unknown,christlichsozialeunion,,['False'],"The image does not picture Markus Söder, the front-runner of the CSU party."
christlichsozialeunion_23-09-2021_00:00_image2.jpeg,Unknown,Unknown,christlichsozialeunion,,['False'],"The image does not picture Markus Söder, the front-runner of the CSU party."
christlichsozialeunion_23-09-2021_00:00_image3.jpeg,Unknown,Unknown,christlichsozialeunion,,['False'],"The image does not picture Markus Söder, the front-runner of the CSU party."
christlichsozialeunion_23-09-2021_00:00_image4.jpeg,Unknown,Unknown,christlichsozialeunion,,['False'],"The image features Alexander Dobrindt, not Markus Söder."
christlichsozialeunion_23-09-2021_00:00_video0.jpeg,Unknown,Markus Söder,christlichsozialeunion,0.9793578683209252,['False'],"The image does not picture Markus Söder, the front-runner of the CSU party."
christlichsozialeunion_23-09-2021_00:00_video1.jpeg,Unknown,Unknown,christlichsozialeunion,,['False'],"The image shows a person speaking at a CSU event, but it does not confirm the presence of Markus Söder, the front-runner of the CSU party."
christlichsozialeunion_23-09-2021_00:00_video11.jpeg,Unknown,Unknown,christlichsozialeunion,,['False'],"The image does not picture Markus Söder, the front-runner of the CSU party."
christlichsozialeunion_23-09-2021_00:00_video2.jpeg,Unknown,Unknown,christlichsozialeunion,,['False'],"The image does not picture Markus Söder, the front-runner of the CSU party."
christlichsozialeunion_23-09-2021_00:00_video3.jpeg,Unknown,Unknown,christlichsozialeunion,,['False'],"The image does not picture Markus Söder, the front-runner of the CSU party."
christlichsozialeunion_23-09-2021_00:00_video4.jpeg,Unknown,Unknown,christlichsozialeunion,,['False'],"The image does not picture Markus Söder, the front-runner of the CSU party."
christlichsozialeunion_23-09-2021_00:00_video5.jpeg,Unknown,Unknown,christlichsozialeunion,,['False'],"The image does not picture Markus Söder, the front-runner of the CSU party."
christlichsozialeunion_23-09-2021_00:00_video6.jpeg,Unknown,Unknown,christlichsozialeunion,,['False'],"The image does not picture Markus Söder, the front-runner of the CSU party."
christlichsozialeunion_23-09-2021_00:00_video7.jpeg,Unknown,Unknown,christlichsozialeunion,,['False'],"The image does not picture Markus Söder, the front-runner of the CSU party."
christlichsozialeunion_23-09-2021_00:00_video8.jpeg,Unknown,Unknown,christlichsozialeunion,,['False'],"The image does not picture Markus Söder, the front-runner of the CSU party."
christlichsozialeunion_23-09-2021_00:00_video9.jpeg,Unknown,Unknown,christlichsozialeunion,,['False'],"The image does not picture Markus Söder, the front-runner of the CSU party."
christlichsozialeunion_24-09-2021_00:00_image0.jpeg,Markus Söder,Markus Söder,christlichsozialeunion,0.3766457856748607,['True'],"The image contains an article mentioning Markus Söder, the front-runner of the CSU party, and includes a picture of him."
christlichsozialeunion_24-09-2021_00:00_image1.jpeg,Unknown,Unknown,christlichsozialeunion,,['False'],"The image does not picture Markus Söder, the front-runner of the CSU party."
christlichsozialeunion_24-09-2021_00:00_image2.jpeg,Unknown,Unknown,christlichsozialeunion,,['False'],"The image does not picture Markus Söder, the front-runner of the CSU party. It features a child and campaign messages."
christlichsozialeunion_24-09-2021_00:00_image4.jpeg,Unknown,Unknown,christlichsozialeunion,,['False'],"The image does not show any individuals, only a scenic outdoor setting with trees and a food stand."
christlichsozialeunion_24-09-2021_00:00_image5.jpeg,Markus Söder,Markus Söder,christlichsozialeunion,0.5991901234196048,['True'],"The image contains the name 'Markus Söder', who is the front-runner of the CSU party."
christlichsozialeunion_24-09-2021_00:00_image6.jpeg,Unknown,Unknown,christlichsozialeunion,,['False'],"The image does not picture Markus Söder, the front-runner of the CSU party."
christlichsozialeunion_24-09-2021_00:00_image7.jpeg,Unknown,Unknown,christlichsozialeunion,,['False'],"The image does not appear to show Markus Söder, the front-runner of the CSU party."
christlichsozialeunion_24-09-2021_00:00_image9.jpeg,Unknown,Unknown,christlichsozialeunion,,['True'],"The image contains a tweet mentioning Markus Söder, indicating his presence."
christlichsozialeunion_24-09-2021_00:00_video0.jpeg,Markus Söder,Markus Söder,christlichsozialeunion,0.5713901689309815,['True'],"The image includes a reference to Markus Söder, the front-runner of the CSU party, and shows a person who is likely him."
christlichsozialeunion_24-09-2021_00:00_video1.jpeg,Unknown,Unknown,christlichsozialeunion,,['False'],"The image does not picture Markus Söder, the front-runner of the CSU party."
christlichsozialeunion_24-09-2021_00:00_video11.jpeg,Markus Söder,Markus Söder,christlichsozialeunion,0.546322313815203,['True'],
christlichsozialeunion_24-09-2021_00:00_video2.jpeg,Markus Söder,"Unknown, Markus Söder",christlichsozialeunion,0.8975469672121911,['True'],
christlichsozialeunion_24-09-2021_00:00_video3.jpeg,Unknown,Unknown,christlichsozialeunion,,['False'],"The image features Markus Blume, not the front-runner of the CSU party."
christlichsozialeunion_24-09-2021_00:00_video4.jpeg,Unknown,Unknown,christlichsozialeunion,,['False'],"The image shows a group of musicians performing outdoors. There is no indication that the CSU's front-runner, Markus Söder, is present in this image."
christlichsozialeunion_24-09-2021_00:00_video6.jpeg,Unknown,Unknown,christlichsozialeunion,,['False'],"The image does not picture Markus Söder, the front-runner of the CSU party."
christlichsozialeunion_24-09-2021_00:00_video7.jpeg,Unknown,Unknown,christlichsozialeunion,,['False'],"The image does not picture Markus Söder, the front-runner of the CSU party."
christlichsozialeunion_24-09-2021_00:00_video9.jpeg,Markus Söder,Unknown,christlichsozialeunion,,['True'],"The image includes a social media handle 'markus.soeder', which suggests the presence of the CSU's front-runner."
christlichsozialeunion_25-09-2021_00:00_image0.jpeg,Unknown,Unknown,christlichsozialeunion,,['False'],"The image features Markus Blume, not Markus Söder, the front-runner of the CSU party."
christlichsozialeunion_25-09-2021_00:00_video0.jpeg,"Unknown, Markus Söder","Unknown, Markus Söder",christlichsozialeunion,0.2613227834566927,['True'],
christlichsozialeunion_25-09-2021_00:00_video11.jpeg,Unknown,Unknown,christlichsozialeunion,,['False'],"The image does not show Markus Söder, the front-runner of the CSU party."
christlichsozialeunion_25-09-2021_00:00_video12.jpeg,Unknown,Unknown,christlichsozialeunion,,['True'],"The image includes a reference to Markus Söder, the CSU party's front-runner, indicating his presence."
christlichsozialeunion_25-09-2021_00:00_video13.jpeg,Markus Söder,Markus Söder,christlichsozialeunion,0.9214988837358288,['True'],
christlichsozialeunion_25-09-2021_00:00_video14.jpeg,"Unknown, Markus Söder","Unknown, Markus Söder",christlichsozialeunion,0.8657352070971246,['True'],The image includes a person who appears to be the front-runner of the CSU party.
christlichsozialeunion_25-09-2021_00:00_video15.jpeg,Unknown,Unknown,christlichsozialeunion,,['False'],"The image does not clearly show Markus Söder, the front-runner of the CSU party."
christlichsozialeunion_25-09-2021_00:00_video16.jpeg,Unknown,Unknown,christlichsozialeunion,,['False'],"The image does not picture Markus Söder, the front-runner of the CSU party. The text in the image mentions Armin Laschet, who was the CDU/CSU chancellor candidate in the 2021 Federal German election."
christlichsozialeunion_25-09-2021_00:00_video17.jpeg,"Unknown, Markus Söder",Unknown,christlichsozialeunion,,['False'],"The image does not picture Markus Söder, the front-runner of the CSU party."
christlichsozialeunion_25-09-2021_00:00_video18.jpeg,Unknown,Unknown,christlichsozialeunion,,['False'],"The image does not picture Markus Söder, the front-runner of the CSU party."
christlichsozialeunion_25-09-2021_00:00_video19.jpeg,"Unknown, Markus Söder",Unknown,christlichsozialeunion,,['True'],"The image includes a person who appears to be a prominent figure associated with the CSU party, as indicated by the context and visual cues."
christlichsozialeunion_25-09-2021_00:00_video2.jpeg,Markus Söder,Unknown,christlichsozialeunion,,['True'],The image includes a poster with a person who appears to be a political figure associated with the CSU party.
christlichsozialeunion_25-09-2021_00:00_video20.jpeg,"Unknown, Markus Söder","Unknown, Markus Söder",christlichsozialeunion,0.9216157736647116,['False'],"The image does not picture Markus Söder, the front-runner of the CSU party."
christlichsozialeunion_25-09-2021_00:00_video21.jpeg,"Unknown, Markus Söder","Unknown, Markus Söder",christlichsozialeunion,0.6528594392911559,['True'],The image includes a person who appears to be a prominent figure associated with the CSU party.
christlichsozialeunion_25-09-2021_00:00_video23.jpeg,Unknown,Unknown,christlichsozialeunion,,['False'],"The image shows a person at a CDU event, not the CSU front-runner."
christlichsozialeunion_25-09-2021_00:00_video3.jpeg,Unknown,Unknown,christlichsozialeunion,,['False'],"The image does not provide clear evidence of the presence of Markus Söder, the front-runner of the CSU party."
christlichsozialeunion_25-09-2021_00:00_video5.jpeg,Unknown,Unknown,christlichsozialeunion,,['False'],"The image does not picture Markus Söder, the front-runner of the CSU party. It shows other individuals, specifically mentioned as @markusblume75 and @paulziemiak."
christlichsozialeunion_25-09-2021_00:00_video7.jpeg,Unknown,Unknown,christlichsozialeunion,,['False'],"The image does not picture Markus Söder, the front-runner of the CSU party."
christlichsozialeunion_25-09-2021_00:00_video8.jpeg,Unknown,Unknown,christlichsozialeunion,,['False'],"The image does not appear to show Markus Söder, the front-runner of the CSU party."
christlichsozialeunion_25-09-2021_00:00_video9.jpeg,"Unknown, Markus Söder",Unknown,christlichsozialeunion,,['True'],"The image contains references to the CSU party and their campaign, suggesting the presence of their front-runner."
christlichsozialeunion_26-09-2021_00:00_image0.jpeg,Unknown,Unknown,christlichsozialeunion,,['False'],"The image does not picture Markus Söder, the front-runner of the CSU party."
christlichsozialeunion_26-09-2021_00:00_image3.jpeg,Markus Söder,Markus Söder,christlichsozialeunion,0.3481489956913673,['True'],"The image includes the name 'Dr. Markus Söder' and the CSU party logo, indicating the presence of the CSU's front-runner."
christlichsozialeunion_26-09-2021_00:00_video0.jpeg,Unknown,Unknown,christlichsozialeunion,,['False'],"The image does not picture Markus Söder, the front-runner of the CSU party."
christlichsozialeunion_26-09-2021_00:00_video1.jpeg,Unknown,Unknown,christlichsozialeunion,,['False'],"The image does not picture Markus Söder, the front-runner of the CSU party."
die_gruenen_13-09-2021_00:00_image0.jpeg,Annalena Baerbock,Annalena Baerbock,die_gruenen,0.2773069527002117,['True'],"The image includes the name 'Annalena Baerbock' and her Instagram handle '@abaerbock', indicating the presence of the Die Grünen's front-runner."
die_gruenen_13-09-2021_00:00_image1.jpeg,Unknown,Annalena Baerbock,die_gruenen,1.0179762847084222,['False'],"The image does not picture Annalena Baerbock, the front-runner of the Die Grünen party."
die_gruenen_13-09-2021_00:00_image2.jpeg,"Unknown, Annalena Baerbock",Unknown,die_gruenen,,['True'],
die_gruenen_13-09-2021_00:00_image3.jpeg,Unknown,Unknown,die_gruenen,,['False'],"The image does not picture Annalena Baerbock, the front-runner of the Die Grünen party."
die_gruenen_13-09-2021_00:00_image4.jpeg,Annalena Baerbock,Annalena Baerbock,die_gruenen,0.5761102796633544,['True'],"The image includes a reference to @abaerbock, indicating the presence of the Die Grünen's front-runner."
die_gruenen_13-09-2021_00:00_image5.jpeg,"Unknown, Annalena Baerbock","Unknown, Annalena Baerbock",die_gruenen,0.5620259028585091,['True'],"The image shows Annalena Baerbock, the front-runner of the Die Grünen party, as indicated by the name displayed on the screen."
die_gruenen_13-09-2021_00:00_video1.jpeg,Unknown,Unknown,die_gruenen,,['False'],
die_gruenen_13-09-2021_00:00_video10.jpeg,Unknown,Unknown,die_gruenen,,['False'],"The image does not picture Annalena Baerbock, the front-runner of the Die Grünen party."
die_gruenen_13-09-2021_00:00_video11.jpeg,Unknown,Unknown,die_gruenen,,['False'],"The image does not picture Annalena Baerbock, the front-runner of the Die Grünen party."
die_gruenen_13-09-2021_00:00_video2.jpeg,Unknown,Unknown,die_gruenen,,['False'],"The image does not picture Annalena Baerbock, the front-runner of the Die Grünen party."
die_gruenen_13-09-2021_00:00_video3.jpeg,Unknown,Unknown,die_gruenen,,['False'],"The image shows supporters of Annalena Baerbock holding signs that say 'Team Annalena,' but it does not picture Annalena Baerbock herself."
die_gruenen_13-09-2021_00:00_video4.jpeg,Unknown,Unknown,die_gruenen,,['False'],"The image does not provide clear evidence of the presence of Annalena Baerbock, the front-runner of the Die Grünen party."
die_gruenen_13-09-2021_00:00_video5.jpeg,"Unknown, Annalena Baerbock",Unknown,die_gruenen,,['True'],"The image includes a reference to Annalena Baerbock, the front-runner of the Die Grünen party, in the text overlay."
die_gruenen_13-09-2021_00:00_video6.jpeg,Unknown,Unknown,die_gruenen,,['False'],"The image does not picture Annalena Baerbock, the front-runner of the Die Grünen party."
die_gruenen_13-09-2021_00:00_video7.jpeg,Unknown,Unknown,die_gruenen,,['False'],
die_gruenen_13-09-2021_00:00_video8.jpeg,Unknown,Unknown,die_gruenen,,['False'],"The image does not picture Annalena Baerbock, the front-runner of the Die Grünen party."
die_gruenen_13-09-2021_00:00_video9.jpeg,Unknown,Unknown,die_gruenen,,['False'],"The image does not picture Annalena Baerbock, the front-runner of the Die Grünen party."
die_gruenen_14-09-2021_00:00_image0.jpeg,Unknown,Unknown,die_gruenen,,['False'],"The image does not appear to picture Annalena Baerbock, the front-runner of the Die Grünen party."
die_gruenen_17-09-2021_00:00_image1.jpeg,Unknown,Annalena Baerbock,die_gruenen,1.0281598639085998,['False'],"The image does not picture Annalena Baerbock, the front-runner of the Die Grünen party."
die_gruenen_17-09-2021_00:00_image7.jpeg,Annalena Baerbock,Annalena Baerbock,die_gruenen,0.155931370759451,['True'],The image includes the name 'Annalena Baerbock' and the logo of Die Grünen party.
die_gruenen_17-09-2021_00:00_video1.jpeg,Unknown,Unknown,die_gruenen,,['False'],"The image does not picture Annalena Baerbock, the front-runner of the Die Grünen party."
die_gruenen_17-09-2021_00:00_video2.jpeg,Unknown,Unknown,die_gruenen,,['False'],"The image does not picture Annalena Baerbock, the front-runner of the Die Grünen party."
die_gruenen_17-09-2021_00:00_video3.jpeg,Unknown,Unknown,die_gruenen,,['False'],"The image does not picture Annalena Baerbock, the front-runner of the Die Grünen party."
die_gruenen_17-09-2021_00:00_video4.jpeg,Unknown,Unknown,die_gruenen,,['False'],"The image does not picture Annalena Baerbock, the front-runner of the Die Grünen party."
die_gruenen_17-09-2021_00:00_video5.jpeg,Unknown,Unknown,die_gruenen,,['False'],"The image does not picture Annalena Baerbock, the front-runner of the Die Grünen party."
die_gruenen_17-09-2021_00:00_video6.jpeg,Unknown,Unknown,die_gruenen,,['False'],"The image does not picture Annalena Baerbock, the front-runner of the Die Grünen party."
die_gruenen_17-09-2021_00:00_video7.jpeg,Unknown,Unknown,die_gruenen,,['False'],"The image does not picture Annalena Baerbock, the front-runner of the Die Grünen party."
die_gruenen_17-09-2021_00:00_video8.jpeg,Unknown,Unknown,die_gruenen,,['False'],
die_gruenen_18-09-2021_00:00_image0.jpeg,Unknown,Unknown,die_gruenen,,['False'],"The image does not picture Annalena Baerbock, the front-runner of the Die Grünen party."
die_gruenen_20-09-2021_00:00_image0.jpeg,Annalena Baerbock,Annalena Baerbock,die_gruenen,0.1988804160826276,['True'],"The image includes the name 'Annalena Baerbock' and the logo of the Die Grünen party, indicating the presence of the front-runner."
die_gruenen_20-09-2021_00:00_image2.jpeg,Unknown,"Unknown, Annalena Baerbock",die_gruenen,1.031038514795543,['True'],"The image includes a tag for @abaerbock, which is associated with Annalena Baerbock, the front-runner of the Die Grünen party."
die_gruenen_20-09-2021_00:00_image3.jpeg,Annalena Baerbock,Annalena Baerbock,die_gruenen,0.8336942906059939,['True'],"The text in the image mentions @ABaerbock, which indicates the presence of Annalena Baerbock, the front-runner of the Die Grünen party."
die_gruenen_20-09-2021_00:00_image4.jpeg,"Unknown, Annalena Baerbock","Unknown, Annalena Baerbock",die_gruenen,0.7083822376014509,['True'],
die_gruenen_20-09-2021_00:00_image5.jpeg,Annalena Baerbock,Annalena Baerbock,die_gruenen,0.663735234026824,['True'],"The image includes the handle @abaerbock, which is associated with Annalena Baerbock, the front-runner of the Die Grünen party."
die_gruenen_20-09-2021_00:00_image6.jpeg,Annalena Baerbock,Annalena Baerbock,die_gruenen,0.6335901713511487,['True'],"The image includes a reference to @ABAERBOCK, which is associated with Annalena Baerbock, the front-runner of the Die Grünen party."
die_gruenen_20-09-2021_00:00_image7.jpeg,Annalena Baerbock,Annalena Baerbock,die_gruenen,0.849431545150185,['True'],"The image includes the handle @abaerbock, which is associated with Annalena Baerbock, the front-runner of the Die Grünen party."
die_gruenen_20-09-2021_00:00_video0.jpeg,Annalena Baerbock,Annalena Baerbock,die_gruenen,0.463017842718715,['True'],
die_gruenen_20-09-2021_00:00_video3.jpeg,Unknown,Unknown,die_gruenen,,['True'],"The image includes a tag for @abaerbock, indicating the presence of Annalena Baerbock, the front-runner of the Die Grünen party."
die_gruenen_23-09-2021_00:00_image0.jpeg,Unknown,Unknown,die_gruenen,,['False'],
die_gruenen_23-09-2021_00:00_video0.jpeg,Unknown,Unknown,die_gruenen,,['False'],"The image does not picture Annalena Baerbock, the front-runner of the Die Grünen party."
die_gruenen_23-09-2021_00:00_video1.jpeg,Unknown,Unknown,die_gruenen,,['False'],"The image does not picture Annalena Baerbock, the front-runner of the Die Grünen party."
die_gruenen_23-09-2021_00:00_video3.jpeg,Unknown,Unknown,die_gruenen,,['False'],"The image does not picture Annalena Baerbock, the front-runner of the Die Grünen party."
die_gruenen_23-09-2021_00:00_video4.jpeg,Unknown,Unknown,die_gruenen,,['False'],"The image does not picture Annalena Baerbock, the front-runner of the Die Grünen party."
die_gruenen_23-09-2021_00:00_video6.jpeg,Annalena Baerbock,Annalena Baerbock,die_gruenen,0.7140527595053924,['True'],
die_gruenen_23-09-2021_00:00_video7.jpeg,Unknown,"Unknown, Annalena Baerbock",die_gruenen,0.994346839595396,['False'],"The image does not appear to picture Annalena Baerbock, the front-runner of the Die Grünen party."
die_gruenen_24-09-2021_00:00_image0.jpeg,Annalena Baerbock,Annalena Baerbock,die_gruenen,0.3303094149091452,['True'],"The image contains text that mentions Annalena Baerbock, the front-runner of the Die Grünen party."
die_gruenen_24-09-2021_00:00_video1.jpeg,Unknown,Unknown,die_gruenen,,['False'],
die_gruenen_25-09-2021_00:00_image0.jpeg,"Unknown, Annalena Baerbock","Unknown, Annalena Baerbock",die_gruenen,0.3885717669240881,['True'],"The image includes a person with the Instagram handle @abaerbock, which is associated with Annalena Baerbock, the front-runner of the Die Grünen party."
die_gruenen_25-09-2021_00:00_image2.jpeg,Unknown,Unknown,die_gruenen,,['False'],"The image does not show Annalena Baerbock, the front-runner of the Die Grünen party."
die_gruenen_25-09-2021_00:00_image4.jpeg,Unknown,Unknown,die_gruenen,,['False'],"The image does not picture Annalena Baerbock, the front-runner of the Die Grünen party."
die_gruenen_25-09-2021_00:00_image5.jpeg,Unknown,Unknown,die_gruenen,,['False'],"The image does not clearly show Annalena Baerbock, the front-runner of the Die Grünen party."
die_gruenen_25-09-2021_00:00_image6.jpeg,Unknown,Unknown,die_gruenen,,['False'],"The image does not clearly show Annalena Baerbock, the front-runner of the Die Grünen party."
die_gruenen_25-09-2021_00:00_video0.jpeg,"Unknown, Annalena Baerbock","Unknown, Annalena Baerbock",die_gruenen,0.5120982208967264,['True'],"The image includes a person tagged as @abaerbock, which is the Instagram handle of Annalena Baerbock, the front-runner of the Die Grünen party."
die_gruenen_25-09-2021_00:00_video10.jpeg,Unknown,Unknown,die_gruenen,,['False'],"The image does not picture Annalena Baerbock, the front-runner of the Die Grünen party."
die_gruenen_25-09-2021_00:00_video11.jpeg,Unknown,Unknown,die_gruenen,,['False'],"The image does not appear to picture Annalena Baerbock, the front-runner of the Die Grünen party."
die_gruenen_25-09-2021_00:00_video12.jpeg,Unknown,Unknown,die_gruenen,,['False'],
die_gruenen_25-09-2021_00:00_video13.jpeg,Unknown,Unknown,die_gruenen,,['False'],"The image does not picture Annalena Baerbock, the front-runner of the Die Grünen party. It appears to be someone else."
die_gruenen_25-09-2021_00:00_video14.jpeg,Unknown,Unknown,die_gruenen,,['False'],"The image does not picture Annalena Baerbock, the front-runner of the Die Grünen party. It mentions Robert Habeck instead."
die_gruenen_25-09-2021_00:00_video15.jpeg,Unknown,Annalena Baerbock,die_gruenen,1.0235447170326413,['False'],"The image does not picture Annalena Baerbock, the front-runner of the Die Grünen party. It appears to show another individual."
die_gruenen_25-09-2021_00:00_video16.jpeg,Unknown,"Unknown, Annalena Baerbock",die_gruenen,0.985932179551762,['False'],"The image does not picture Annalena Baerbock, the front-runner of the Die Grünen party."
die_gruenen_25-09-2021_00:00_video17.jpeg,Unknown,Unknown,die_gruenen,,['False'],"The image does not picture Annalena Baerbock, the front-runner of the Die Grünen party. It shows other individuals associated with the party."
die_gruenen_25-09-2021_00:00_video18.jpeg,"Unknown, Annalena Baerbock",Unknown,die_gruenen,,"['True', 'False']","The image includes a mention of Annalena Baerbock (@abaerbock) in the text overlay, indicating her presence or involvement in the event."
die_gruenen_25-09-2021_00:00_video19.jpeg,Unknown,Unknown,die_gruenen,,['False'],The image shows a musical performance and does not appear to feature a political leader or campaign event.
die_gruenen_25-09-2021_00:00_video2.jpeg,Unknown,Unknown,die_gruenen,,['False'],"The image does not provide clear evidence that the person pictured is Annalena Baerbock, the front-runner of the Die Grünen party."
die_gruenen_25-09-2021_00:00_video20.jpeg,Unknown,Unknown,die_gruenen,,['False'],"The image does not picture Annalena Baerbock, the front-runner of the Die Grünen party."
die_gruenen_25-09-2021_00:00_video22.jpeg,Unknown,Unknown,die_gruenen,,['False'],"The image does not picture Annalena Baerbock, the front-runner of the Die Grünen party."
die_gruenen_25-09-2021_00:00_video23.jpeg,Unknown,Unknown,die_gruenen,,['False'],"The image shows a large crowd at a climate strike in Freiburg im Breisgau, but there is no clear indication of the presence of Annalena Baerbock, the front-runner of the Die Grünen party."
die_gruenen_25-09-2021_00:00_video24.jpeg,Unknown,Unknown,die_gruenen,,['False'],"The image does not picture Annalena Baerbock, the front-runner of the Die Grünen party. Instead, it features Robert Habeck."
die_gruenen_25-09-2021_00:00_video25.jpeg,Unknown,Unknown,die_gruenen,,['False'],"The image does not picture Annalena Baerbock, the front-runner of the Die Grünen party."
die_gruenen_25-09-2021_00:00_video26.jpeg,Unknown,Unknown,die_gruenen,,['False'],"The image does not picture Annalena Baerbock, the front-runner of the Die Grünen party."
die_gruenen_25-09-2021_00:00_video27.jpeg,Unknown,Unknown,die_gruenen,,['False'],"The image does not picture Annalena Baerbock, the front-runner of the Die Grünen party."
die_gruenen_25-09-2021_00:00_video28.jpeg,Unknown,Unknown,die_gruenen,,['True'],"The image includes a tag '@abaerbock' and a visible screen with the text 'YES SHE CAN!', indicating the presence of Annalena Baerbock, the front-runner of the Die Grünen party."
die_gruenen_25-09-2021_00:00_video29.jpeg,"Unknown, Annalena Baerbock","Unknown, Annalena Baerbock",die_gruenen,0.7523904236578489,['True'],"The image includes a reference to 'ABAERBOCK,' which is associated with Annalena Baerbock, the front-runner of the Die Grünen party."
die_gruenen_25-09-2021_00:00_video3.jpeg,Unknown,Unknown,die_gruenen,,['False'],"The image does not picture Annalena Baerbock, the front-runner of the Die Grünen party."
die_gruenen_25-09-2021_00:00_video30.jpeg,"Unknown, Annalena Baerbock","Unknown, Annalena Baerbock",die_gruenen,0.7960501472008713,['True'],"The image includes a tag '@abaerbock', which suggests the presence of Annalena Baerbock, the front-runner of the Die Grünen party."
die_gruenen_25-09-2021_00:00_video31.jpeg,"Unknown, Annalena Baerbock",Unknown,die_gruenen,,['True'],"The image includes the handle '@abaerbock', which is associated with Annalena Baerbock, the front-runner of the Die Grünen party."
die_gruenen_25-09-2021_00:00_video32.jpeg,"Unknown, Annalena Baerbock","Unknown, Annalena Baerbock",die_gruenen,0.8212840659949799,['True'],"The image includes the Instagram handle @abaerbock, which is associated with Annalena Baerbock, the front-runner of the Die Grünen party."
die_gruenen_25-09-2021_00:00_video33.jpeg,Unknown,Annalena Baerbock,die_gruenen,1.0356216451477829,['False'],"The image does not picture Annalena Baerbock, the front-runner of the Die Grünen party."
die_gruenen_25-09-2021_00:00_video34.jpeg,Unknown,Unknown,die_gruenen,,['False'],"The image does not picture Annalena Baerbock, the front-runner of the Die Grünen party."
die_gruenen_25-09-2021_00:00_video35.jpeg,Unknown,Unknown,die_gruenen,,['False'],
die_gruenen_25-09-2021_00:00_video36.jpeg,Unknown,Unknown,die_gruenen,,['False'],"The image does not picture Annalena Baerbock, the front-runner of the Die Grünen party."
die_gruenen_25-09-2021_00:00_video37.jpeg,Unknown,Unknown,die_gruenen,,['False'],The image does not appear to show the front-runner of the Die Grünen party.
die_gruenen_25-09-2021_00:00_video38.jpeg,Unknown,Unknown,die_gruenen,,['False'],"The image does not picture Annalena Baerbock, the front-runner of the Die Grünen party."
die_gruenen_25-09-2021_00:00_video39.jpeg,Unknown,Unknown,die_gruenen,,['False'],"The image features Robert Habeck, not Annalena Baerbock, the front-runner of the Die Grünen party."
die_gruenen_25-09-2021_00:00_video4.jpeg,Unknown,Unknown,die_gruenen,,['False'],"The image does not appear to feature Annalena Baerbock, the front-runner of the Die Grünen party."
die_gruenen_25-09-2021_00:00_video40.jpeg,Annalena Baerbock,Annalena Baerbock,die_gruenen,0.6418737613743032,['True'],
die_gruenen_25-09-2021_00:00_video41.jpeg,Unknown,Unknown,die_gruenen,,['False'],"The image does not picture Annalena Baerbock, the front-runner of the Die Grünen party."
die_gruenen_25-09-2021_00:00_video42.jpeg,Unknown,Unknown,die_gruenen,,['True'],"The image shows a political event with a person speaking on stage, and the context suggests it is related to Die Grünen's campaign."
die_gruenen_25-09-2021_00:00_video43.jpeg,Unknown,Unknown,die_gruenen,,['False'],"The image does not clearly show Annalena Baerbock, the front-runner of the Die Grünen party."
die_gruenen_25-09-2021_00:00_video5.jpeg,Unknown,Unknown,die_gruenen,,['False'],"The image does not provide clear evidence of the presence of Annalena Baerbock, the front-runner of the Die Grünen party."
die_gruenen_25-09-2021_00:00_video7.jpeg,Unknown,Unknown,die_gruenen,,['False'],"The image does not show Annalena Baerbock, the front-runner of the Die Grünen party."
die_gruenen_25-09-2021_00:00_video8.jpeg,Unknown,"Unknown, Annalena Baerbock",die_gruenen,0.9537649701533824,['False'],"The image does not picture Annalena Baerbock, the front-runner of the Die Grünen party."
die_gruenen_25-09-2021_00:00_video9.jpeg,Unknown,Unknown,die_gruenen,,['False'],"The image does not picture Annalena Baerbock, the front-runner of the Die Grünen party."
die_gruenen_26-09-2021_00:00_video0.jpeg,Unknown,Unknown,die_gruenen,,['False'],"The image does not picture Annalena Baerbock, the front-runner of the Die Grünen party."
die_gruenen_26-09-2021_00:00_video1.jpeg,Annalena Baerbock,Annalena Baerbock,die_gruenen,0.4853241728531097,['True'],
die_gruenen_26-09-2021_00:00_video11.jpeg,Unknown,Unknown,die_gruenen,,['False'],"The image shows a person in medical attire, which does not appear to be related to the Die Grünen's front-runner, Annalena Baerbock."
die_gruenen_26-09-2021_00:00_video2.jpeg,"Unknown, Annalena Baerbock","Unknown, Annalena Baerbock",die_gruenen,0.7853515178053199,['True'],
fdp_13-09-2021_00:00_video0.jpeg,"Christian Lindner, Unknown","Christian Lindner, Unknown",fdp,0.8112666660837378,['True'],"The image includes a poster of Christian Lindner, the front-runner of the FDP party, in the background."
fdp_14-09-2021_00:00_image0.jpeg,"Christian Lindner, Unknown","Christian Lindner, Unknown",fdp,0.671681748842666,['True'],"The image includes a picture of Christian Lindner, the front-runner of the FDP party."
fdp_16-09-2021_00:00_image0.jpeg,Unknown,Unknown,fdp,,['False'],"The image does not picture Christian Lindner, the front-runner of the FDP party."
fdp_16-09-2021_00:00_image1.jpeg,Unknown,Unknown,fdp,,['False'],"The image does not picture Christian Lindner, the front-runner of the FDP party."
fdp_16-09-2021_00:00_image2.jpeg,Unknown,Unknown,fdp,,['False'],"The image does not picture Christian Lindner, the front-runner of the FDP party."
fdp_17-09-2021_00:00_image0.jpeg,"Christian Lindner, Unknown","Christian Lindner, Unknown",fdp,0.7022567184410095,['True'],"The image shows a person who appears to be the front-runner of the FDP party, Christian Lindner, based on the context and visual cues."
fdp_17-09-2021_00:00_image1.jpeg,Christian Lindner,Christian Lindner,fdp,0.5646164803915201,['True'],"The image includes a text overlay mentioning 'Christian Lindner', indicating the presence of the FDP's front-runner."
fdp_17-09-2021_00:00_video2.jpeg,"Christian Lindner, Unknown",Unknown,fdp,,['True'],"The image shows a political event with the FDP party's branding, and one of the individuals present is likely the front-runner of the FDP party."
fdp_18-09-2021_00:00_image0.jpeg,Unknown,Christian Lindner,fdp,1.0201965991860402,['False'],"The image does not picture Christian Lindner, the front-runner of the FDP party."
fdp_18-09-2021_00:00_image1.jpeg,Unknown,Unknown,fdp,,['False'],"The image does not picture Christian Lindner, the front-runner of the FDP party."
fdp_18-09-2021_00:00_video0.jpeg,Unknown,Unknown,fdp,,['False'],"The image does not picture Christian Lindner, the front-runner of the FDP party."
fdp_18-09-2021_00:00_video1.jpeg,Unknown,Unknown,fdp,,['False'],"The image does not picture Christian Lindner, the front-runner of the FDP party."
fdp_18-09-2021_00:00_video2.jpeg,Unknown,Unknown,fdp,,['False'],"The image does not picture Christian Lindner, the front-runner of the FDP party."
fdp_18-09-2021_00:00_video4.jpeg,Unknown,Unknown,fdp,,['False'],"The image does not picture Christian Lindner, the front-runner of the FDP party."
fdp_19-09-2021_00:00_video0.jpeg,Christian Lindner,Christian Lindner,fdp,0.6097588297503237,['True'],"The image includes text that mentions 'christianlindner' and 'FDP', indicating the presence of the FDP's front-runner."
fdp_20-09-2021_00:00_image10.jpeg,Christian Lindner,Christian Lindner,fdp,0.5078658790008297,['True'],"The image includes a reference to Christian Lindner, the front-runner of the FDP party, in the text overlay."
fdp_20-09-2021_00:00_image11.jpeg,Christian Lindner,Christian Lindner,fdp,0.60025221004336,['True'],
fdp_20-09-2021_00:00_image12.jpeg,Christian Lindner,Christian Lindner,fdp,0.5573862641305214,['True'],"The image includes a quote attributed to @christianlindner, indicating the presence of the FDP's front-runner."
fdp_20-09-2021_00:00_image13.jpeg,Unknown,"Christian Lindner, Unknown",fdp,0.9236658085264088,['False'],"The image does not show the front-runner of the FDP party, Christian Lindner."
fdp_20-09-2021_00:00_image14.jpeg,Unknown,Unknown,fdp,,['False'],"The image shows @volkerwissing in an interview with ZDF, not Christian Lindner."
fdp_20-09-2021_00:00_image15.jpeg,Unknown,Unknown,fdp,,['False'],"The image does not picture Christian Lindner, the front-runner of the FDP party. It appears to show Volker Wissing, as indicated by the text in the image."
fdp_20-09-2021_00:00_image2.jpeg,Unknown,Unknown,fdp,,['False'],"The image does not show any individuals, only signage and banners related to the FDP party."
fdp_20-09-2021_00:00_image4.jpeg,Unknown,Unknown,fdp,,['False'],"The image shows Nicola Beer, the Vice-President of the EU Parliament, as indicated by the text in the image."
fdp_20-09-2021_00:00_image5.jpeg,Unknown,Unknown,fdp,,['False'],"The image does not picture Christian Lindner, the front-runner of the FDP party."
fdp_20-09-2021_00:00_image6.jpeg,Unknown,Unknown,fdp,,['False'],
fdp_20-09-2021_00:00_image7.jpeg,"Christian Lindner, Unknown","Christian Lindner, Unknown",fdp,1.0398558392353152,['True'],"The image shows a person who appears to be prominently featured in the context of the FDP party, suggesting the presence of the front-runner."
fdp_20-09-2021_00:00_image8.jpeg,Unknown,Unknown,fdp,,['False'],"The image does not appear to show the front-runner of the FDP party, Christian Lindner."
fdp_20-09-2021_00:00_image9.jpeg,"Christian Lindner, Unknown",Unknown,fdp,,['True'],"The image includes text that mentions Christian Lindner, the front-runner of the FDP party, indicating his presence."
fdp_20-09-2021_00:00_video1.jpeg,Unknown,Unknown,fdp,,['False'],"The image shows a gathering with FDP branding, but it does not clearly depict the front-runner Christian Lindner."
fdp_20-09-2021_00:00_video5.jpeg,Unknown,Unknown,fdp,,['False'],"The image does not provide clear evidence of the presence of Christian Lindner, the front-runner of the FDP party."
fdp_20-09-2021_00:00_video6.jpeg,Unknown,Unknown,fdp,,['False'],"The image shows Volker Wissing, not the front-runner of the FDP party, Christian Lindner."
fdp_20-09-2021_00:00_video7.jpeg,"Christian Lindner, Unknown",Unknown,fdp,,['True'],"The image shows a group of people with FDP signs and slogans, indicating the presence of the FDP's front-runner."
fdp_22-09-2021_00:00_video0.jpeg,Unknown,Unknown,fdp,,['False'],"The image shows a crowd gathered in front of a stage, but it is not clear if the FDP's front-runner is present."
fdp_22-09-2021_00:00_video1.jpeg,Unknown,Unknown,fdp,,['False'],"The image does not clearly show the front-runner of the FDP party, Christian Lindner."
fdp_22-09-2021_00:00_video2.jpeg,Unknown,Unknown,fdp,,['True'],"The image shows a political event with FDP branding, suggesting the presence of the FDP's front-runner."
fdp_22-09-2021_00:00_video3.jpeg,"Christian Lindner, Unknown",Unknown,fdp,,['True'],"The image appears to show a person on stage with a crowd, and the username 'christianlindner' is visible at the top."
fdp_23-09-2021_00:00_image0.jpeg,"Christian Lindner, Unknown",Unknown,fdp,,['True'],"The image includes the username 'christianlindner' and a verified badge, indicating the presence of the FDP's front-runner."
fdp_23-09-2021_00:00_image1.jpeg,Christian Lindner,"Christian Lindner, Unknown",fdp,0.9869158386840904,['True'],"The image appears to be from an official social media account with the name 'christianlindner' and shows a person speaking at a public event, which suggests the presence of the FDP's front-runner."
fdp_24-09-2021_00:00_video1.jpeg,"Christian Lindner, Unknown",Unknown,fdp,,['True'],The image shows a campaign event with FDP branding and a large poster of the front-runner.
fdp_25-09-2021_00:00_image0.jpeg,Christian Lindner,Christian Lindner,fdp,0.2334603349099741,['True'],The image includes a picture of the FDP's front-runner.
markus.soeder_13-09-2021_00:00_video0.jpeg,Markus Söder,Markus Söder,markus.soeder,0.903471646970013,['True'],
markus.soeder_15-09-2021_00:00_image0.jpeg,Markus Söder,Markus Söder,markus.soeder,0.6753579431025464,['True'],"The image shows a tweet from an account named Markus Söder, which suggests the presence of the CSU's front-runner."
markus.soeder_16-09-2021_00:00_video0.jpeg,Markus Söder,"Unknown, Markus Söder",markus.soeder,0.2088676408641877,['True'],
markus.soeder_16-09-2021_00:00_video1.jpeg,Markus Söder,Unknown,markus.soeder,,['False'],"The image shows a bowl of yogurt with grapes, not a person."
markus.soeder_16-09-2021_00:00_video2.jpeg,Markus Söder,"Unknown, Markus Söder",markus.soeder,0.6986615494907938,['True'],
markus.soeder_16-09-2021_00:00_video3.jpeg,Markus Söder,Markus Söder,markus.soeder,0.2833350656316923,['True'],
markus.soeder_16-09-2021_00:00_video4.jpeg,"Unknown, Markus Söder",Unknown,markus.soeder,,['True'],"The image includes a hashtag and text indicating a CSU event, suggesting the presence of the CSU's front-runner."
markus.soeder_16-09-2021_00:00_video5.jpeg,"Unknown, Markus Söder","Unknown, Markus Söder",markus.soeder,0.9118852749556589,['True'],"The image includes text indicating the presence of Markus Söder, the CSU party's front-runner."
markus.soeder_16-09-2021_00:00_video6.jpeg,Markus Söder,Unknown,markus.soeder,,['False'],"The image does not picture Markus Söder, the front-runner of the CSU party."
markus.soeder_16-09-2021_00:00_video7.jpeg,Markus Söder,Unknown,markus.soeder,,['True'],"The image shows a person speaking at a CSU event, which suggests the presence of the CSU's front-runner."
markus.soeder_16-09-2021_00:00_video8.jpeg,Unknown,Unknown,markus.soeder,,['True'],"The image shows a group of people on a stage with CSU branding, indicating the presence of CSU party members, including potentially the front-runner."
markus.soeder_16-09-2021_00:00_video9.jpeg,Unknown,Unknown,markus.soeder,,['False'],"The image does not appear to show Markus Söder, the front-runner of the CSU party."
markus.soeder_17-09-2021_00:00_image0.jpeg,Markus Söder,Markus Söder,markus.soeder,0.8113953429830553,['True'],
markus.soeder_17-09-2021_00:00_image1.jpeg,Markus Söder,Markus Söder,markus.soeder,0.3562165709596268,['True'],The image includes the name 'Markus Söder' and a picture of a person associated with the CSU party.
markus.soeder_18-09-2021_00:00_video0.jpeg,"Unknown, Markus Söder","Unknown, Markus Söder",markus.soeder,0.9484268609008294,['True'],"The image includes a person who appears to be Markus Söder, the front-runner of the CSU party."
markus.soeder_18-09-2021_00:00_video3.jpeg,Markus Söder,Markus Söder,markus.soeder,0.908834314407168,['True'],
markus.soeder_20-09-2021_00:00_image0.jpeg,"Unknown, Markus Söder","Unknown, Markus Söder",markus.soeder,0.9607386664632954,['True'],"The image appears to be from an Instagram post by an account named 'markus.soeder', which suggests the presence of Markus Söder, the front-runner of the CSU party."
markus.soeder_20-09-2021_00:00_video0.jpeg,Unknown,Unknown,markus.soeder,,['True'],"The image shows a person entering a studio for a CSU-Deutschland-Talk, which suggests the presence of a CSU front-runner."
markus.soeder_20-09-2021_00:00_video1.jpeg,Unknown,Unknown,markus.soeder,,['False'],"The image does not picture Markus Söder, the front-runner of the CSU party."
markus.soeder_20-09-2021_00:00_video2.jpeg,"Unknown, Markus Söder","Unknown, Markus Söder",markus.soeder,0.771803456215975,['True'],"The image appears to show Markus Söder, the front-runner of the CSU party, based on the context and visual cues."
markus.soeder_20-09-2021_00:00_video3.jpeg,Markus Söder,Markus Söder,markus.soeder,0.6441833795936938,['True'],"The image includes a reference to Markus Söder, the front-runner of the CSU party, and a picture that is likely of him."
markus.soeder_21-09-2021_00:00_image0.jpeg,"Unknown, Markus Söder","Unknown, Markus Söder",markus.soeder,0.578158804658618,['True'],"The image includes a reference to Markus Söder, the front-runner of the CSU party, as indicated by the text."
markus.soeder_21-09-2021_00:00_image1.jpeg,Markus Söder,Markus Söder,markus.soeder,0.2496148394847318,['True'],"The image contains text indicating the name 'Markus Söder', who is the front-runner of the CSU party."
markus.soeder_21-09-2021_00:00_image2.jpeg,"Unknown, Markus Söder","Unknown, Markus Söder",markus.soeder,1.0084677176442955,['True'],"The image includes the name 'Markus Söder' and the CSU logo, indicating the presence of the CSU's front-runner."
markus.soeder_21-09-2021_00:00_video0.jpeg,"Unknown, Markus Söder",Unknown,markus.soeder,,['False'],"The image does not provide enough information to confirm the presence of Markus Söder, the front-runner of the CSU party."
markus.soeder_21-09-2021_00:00_video1.jpeg,Markus Söder,Unknown,markus.soeder,,['True'],"The image shows a person at a podium with CSU branding, indicating the presence of the CSU's front-runner."
markus.soeder_23-09-2021_00:00_image0.jpeg,Markus Söder,"Unknown, Markus Söder",markus.soeder,0.4601940130242771,['True'],"The image includes the name 'markus.soeder' and a picture of an individual, suggesting it is likely to be the CSU front-runner Markus Söder."
markus.soeder_23-09-2021_00:00_image1.jpeg,Markus Söder,Markus Söder,markus.soeder,0.4847466178520573,['True'],"The image includes the name 'Markus Söder' and a picture of a person, suggesting it is likely the CSU front-runner."
markus.soeder_23-09-2021_00:00_video0.jpeg,"Unknown, Markus Söder","Unknown, Markus Söder",markus.soeder,0.6252377056938783,['True'],
markus.soeder_24-09-2021_00:00_image0.jpeg,Markus Söder,Markus Söder,markus.soeder,0.4922227891768668,['True'],"The image includes the name 'Markus Söder' and the 'CSU' logo, indicating the presence of the CSU's front-runner."
markus.soeder_24-09-2021_00:00_image1.jpeg,Markus Söder,Markus Söder,markus.soeder,0.3633888091078953,['True'],"The image includes a picture of Markus Söder, the front-runner of the CSU party, as indicated by the text in the article."
markus.soeder_24-09-2021_00:00_image2.jpeg,Markus Söder,Markus Söder,markus.soeder,0.5179244323400328,['True'],"The image includes the name 'Markus Söder' and a picture of a person, which suggests it is likely to be the CSU front-runner."
markus.soeder_24-09-2021_00:00_image3.jpeg,Markus Söder,"Unknown, Markus Söder",markus.soeder,0.7003621507914759,['True'],"The image includes the name 'Markus Söder' and a picture of an individual, suggesting the presence of the CSU's front-runner."
markus.soeder_24-09-2021_00:00_image4.jpeg,Markus Söder,Markus Söder,markus.soeder,0.9970670141537742,"[""I don't know""]","The image shows a person standing on a train platform, but I cannot identify individuals."
markus.soeder_24-09-2021_00:00_image5.jpeg,Markus Söder,Markus Söder,markus.soeder,0.5991901234196048,['True'],"The image includes the name 'Markus Söder', who is the front-runner of the CSU party."
markus.soeder_24-09-2021_00:00_video0.jpeg,Markus Söder,Markus Söder,markus.soeder,0.6621835475539062,['True'],"The image includes a reference to Markus Söder, the front-runner of the CSU party, as indicated by the text."
markus.soeder_24-09-2021_00:00_video1.jpeg,Markus Söder,Markus Söder,markus.soeder,0.7273264452520767,['True'],"The image includes a headline mentioning Markus Söder, the front-runner of the CSU party."
markus.soeder_24-09-2021_00:00_video3.jpeg,Unknown,Unknown,markus.soeder,,['False'],"The image does not provide enough information to confirm the presence of the CSU's front-runner, Markus Söder."
markus.soeder_25-09-2021_00:00_image0.jpeg,Markus Söder,Markus Söder,markus.soeder,0.263156962958395,['True'],"The image includes a handle '@markus.soeder' which suggests the presence of Markus Söder, the front-runner of the CSU party."
markus.soeder_25-09-2021_00:00_image1.jpeg,"Unknown, Markus Söder","Unknown, Markus Söder",markus.soeder,0.3216631416539574,['True'],"The image appears to show the front-runner of the CSU party, Markus Söder, based on the context provided by the Instagram handle and the visual content."
markus.soeder_25-09-2021_00:00_video0.jpeg,Markus Söder,Markus Söder,markus.soeder,0.50190154178206,['True'],
markus.soeder_25-09-2021_00:00_video1.jpeg,"Unknown, Markus Söder","Unknown, Markus Söder",markus.soeder,0.2629337068846352,['True'],"The image includes a person who appears to be Markus Söder, the front-runner of the CSU party."
markus.soeder_25-09-2021_00:00_video2.jpeg,Unknown,Unknown,markus.soeder,,['True'],"The image shows a group of people at a CDU and CSU event in Munich, which likely includes the CSU front-runner."
markus.soeder_25-09-2021_00:00_video3.jpeg,Unknown,Unknown,markus.soeder,,['True'],"The image includes text indicating that Markus Söder, the CSU party chairman, is about to speak."
markus.soeder_25-09-2021_00:00_video4.jpeg,Markus Söder,Unknown,markus.soeder,,['True'],"The image includes text that mentions Markus Söder, the CSU party chairman, suggesting his presence in the picture."
markus.soeder_25-09-2021_00:00_video5.jpeg,"Unknown, Markus Söder",Unknown,markus.soeder,,['False'],"The image does not appear to picture Markus Söder, the front-runner of the CSU party."
olafscholz_13-09-2021_00:00_video0.jpeg,Unknown,Unknown,olafscholz,,['True'],"The image contains a banner with the name 'Scholz' and a picture of a person, indicating the presence of the SPD's front-runner."
olafscholz_13-09-2021_00:00_video1.jpeg,Unknown,Unknown,olafscholz,,['False'],"The image does not appear to show Olaf Scholz, the front-runner of the SPD party."
olafscholz_13-09-2021_00:00_video2.jpeg,Unknown,Unknown,olafscholz,,['False'],The image does not provide enough information to confirm the presence of the SPD's front-runner.
olafscholz_13-09-2021_00:00_video3.jpeg,Unknown,Unknown,olafscholz,,['False'],"The image does not picture Olaf Scholz, the front-runner of the SPD party."
olafscholz_13-09-2021_00:00_video4.jpeg,"Olaf Scholz, Unknown","Olaf Scholz, Unknown",olafscholz,0.9949826378452588,['True'],
olafscholz_13-09-2021_00:00_video5.jpeg,Unknown,Unknown,olafscholz,,['True'],
olafscholz_16-09-2021_00:00_image0.jpeg,"Olaf Scholz, Unknown","Olaf Scholz, Unknown",olafscholz,0.4923997231935712,['True'],
olafscholz_16-09-2021_00:00_video0.jpeg,Unknown,Unknown,olafscholz,,['False'],"The image does not picture Olaf Scholz, the front-runner of the SPD party."
olafscholz_17-09-2021_00:00_image0.jpeg,Olaf Scholz,Unknown,olafscholz,,['True'],"The image shows a person who appears to be a political figure addressing a crowd, which aligns with the context of the SPD's front-runner in the 2021 Federal German election campaign."
olafscholz_17-09-2021_00:00_image1.jpeg,Unknown,Unknown,olafscholz,,['False'],"The image does not picture Olaf Scholz, the front-runner of the SPD party."
olafscholz_17-09-2021_00:00_image2.jpeg,Olaf Scholz,Olaf Scholz,olafscholz,0.2730656673999407,['True'],
olafscholz_17-09-2021_00:00_image3.jpeg,"Olaf Scholz, Unknown","Olaf Scholz, Unknown",olafscholz,0.2024336394033036,['True'],
olafscholz_17-09-2021_00:00_image4.jpeg,Olaf Scholz,Olaf Scholz,olafscholz,0.673214204422482,['True'],
olafscholz_17-09-2021_00:00_image5.jpeg,Olaf Scholz,Unknown,olafscholz,,['True'],The image appears to show the front-runner of the SPD party.
olafscholz_17-09-2021_00:00_image6.jpeg,"Olaf Scholz, Unknown","Olaf Scholz, Unknown",olafscholz,0.6233114484186433,['True'],"The image includes a social media post from an account named 'olafscholz' and a newspaper headline mentioning SPD, indicating the presence of the SPD's front-runner."
olafscholz_17-09-2021_00:00_video1.jpeg,"Olaf Scholz, Unknown","Olaf Scholz, Unknown",olafscholz,0.7205122837416098,['True'],
olafscholz_17-09-2021_00:00_video10.jpeg,"Olaf Scholz, Unknown","Olaf Scholz, Unknown",olafscholz,0.5575045164133418,['False'],I cannot identify individuals in the image.
olafscholz_17-09-2021_00:00_video2.jpeg,"Olaf Scholz, Unknown","Olaf Scholz, Unknown",olafscholz,0.6035920095251222,['True'],"The image shows a person who appears to be a political leader speaking at an event, which aligns with the context of the 2021 Federal German election campaign."
olafscholz_17-09-2021_00:00_video3.jpeg,Unknown,Unknown,olafscholz,,['False'],"The image does not picture Olaf Scholz, the front-runner of the SPD party."
olafscholz_17-09-2021_00:00_video4.jpeg,Unknown,Unknown,olafscholz,,['True'],
olafscholz_17-09-2021_00:00_video5.jpeg,Unknown,Unknown,olafscholz,,['False'],"The image shows a crowd of people, some holding signs, but it does not clearly depict the SPD's front-runner."
olafscholz_17-09-2021_00:00_video6.jpeg,Unknown,Unknown,olafscholz,,['False'],"The image does not picture Olaf Scholz, the front-runner of the SPD party."
olafscholz_17-09-2021_00:00_video7.jpeg,Unknown,Unknown,olafscholz,,['False'],I cannot identify individuals in the image.
olafscholz_17-09-2021_00:00_video8.jpeg,Olaf Scholz,Unknown,olafscholz,,['True'],
olafscholz_17-09-2021_00:00_video9.jpeg,"Olaf Scholz, Unknown",Unknown,olafscholz,,['False'],I cannot identify individuals in the image.
olafscholz_18-09-2021_00:00_image0.jpeg,"Olaf Scholz, Unknown","Olaf Scholz, Unknown",olafscholz,0.5416825266955364,['True'],"The image includes a person holding a sign with the name 'Olaf Scholz' and the SPD logo, indicating the presence of the SPD's front-runner."
olafscholz_18-09-2021_00:00_video2.jpeg,Olaf Scholz,Unknown,olafscholz,,['True'],
olafscholz_18-09-2021_00:00_video3.jpeg,"Olaf Scholz, Unknown","Olaf Scholz, Unknown",olafscholz,0.8573119236142493,['True'],
olafscholz_18-09-2021_00:00_video4.jpeg,Unknown,Unknown,olafscholz,,['False'],"The image shows an SPD banner and a crowd, but it does not clearly depict any individual, including the SPD's front-runner."
olafscholz_18-09-2021_00:00_video5.jpeg,"Olaf Scholz, Unknown","Olaf Scholz, Unknown",olafscholz,1.034998336944572,['True'],"The image shows a political event with SPD branding and a person speaking to a crowd, which suggests the presence of the SPD's front-runner."
olafscholz_18-09-2021_00:00_video6.jpeg,Unknown,"Olaf Scholz, Unknown",olafscholz,0.9544373234022108,['False'],"The image does not show the SPD's front-runner, Olaf Scholz."
olafscholz_18-09-2021_00:00_video7.jpeg,Olaf Scholz,Olaf Scholz,olafscholz,0.4031674077646439,['False'],I cannot identify individuals in images.
olafscholz_18-09-2021_00:00_video8.jpeg,"Olaf Scholz, Unknown","Olaf Scholz, Unknown",olafscholz,0.7536061584506454,['True'],
olafscholz_19-09-2021_00:00_image0.jpeg,Unknown,Unknown,olafscholz,,['True'],"The image shows a person who appears to be a political leader addressing a crowd, and the text mentions SPD, which is associated with Olaf Scholz, the front-runner of the SPD party."
olafscholz_19-09-2021_00:00_image1.jpeg,"Olaf Scholz, Unknown","Olaf Scholz, Unknown",olafscholz,0.56003346747183,['True'],"The image appears to show the front-runner of the SPD party, Olaf Scholz, during the 2021 Federal German election campaign."
olafscholz_19-09-2021_00:00_image2.jpeg,Unknown,Unknown,olafscholz,,['False'],"The image does not picture Olaf Scholz, the front-runner of the SPD party."
olafscholz_19-09-2021_00:00_image3.jpeg,Unknown,Unknown,olafscholz,,['False'],"The image does not provide enough information to confirm the presence of Olaf Scholz, the front-runner of the SPD party."
olafscholz_19-09-2021_00:00_image4.jpeg,Olaf Scholz,Olaf Scholz,olafscholz,0.865660011431037,['True'],"The image shows a shirt with the name 'Olaf' and a stylized image of a person, which suggests the presence of Olaf Scholz, the front-runner of the SPD party."
olafscholz_19-09-2021_00:00_image5.jpeg,Unknown,Unknown,olafscholz,,['False'],"The image does not picture Olaf Scholz, the front-runner of the SPD party."
olafscholz_19-09-2021_00:00_image6.jpeg,Olaf Scholz,Olaf Scholz,olafscholz,0.3367103096450484,['True'],"The image appears to show Olaf Scholz, the front-runner of the SPD party in the 2021 Federal German election campaign."
olafscholz_19-09-2021_00:00_image7.jpeg,Unknown,Unknown,olafscholz,,['False'],"The image does not clearly show Olaf Scholz, the front-runner of the SPD party."
olafscholz_19-09-2021_00:00_image8.jpeg,Olaf Scholz,Olaf Scholz,olafscholz,0.6981313477708232,['False'],I cannot identify individuals in images.
olafscholz_19-09-2021_00:00_image9.jpeg,"Olaf Scholz, Unknown","Olaf Scholz, Unknown",olafscholz,0.6349770633762842,['True'],
olafscholz_19-09-2021_00:00_video0.jpeg,Unknown,Unknown,olafscholz,,['False'],"The image shows a public gathering at Marienplatz, Munich, but does not clearly depict any specific individual, including the SPD's front-runner."
olafscholz_19-09-2021_00:00_video1.jpeg,"Olaf Scholz, Unknown",Unknown,olafscholz,,['True'],
olafscholz_19-09-2021_00:00_video10.jpeg,Unknown,Unknown,olafscholz,,['False'],"The image shows a musical performance with three individuals on stage, but it does not appear to include Olaf Scholz, the front-runner of the SPD party."
olafscholz_19-09-2021_00:00_video11.jpeg,"Olaf Scholz, Unknown","Olaf Scholz, Unknown",olafscholz,0.6133369272260298,['True'],"The image appears to show the front-runner of the SPD party, Olaf Scholz."
olafscholz_19-09-2021_00:00_video12.jpeg,"Olaf Scholz, Unknown","Olaf Scholz, Unknown",olafscholz,0.9898100375317482,['True'],"The image shows a person who appears to be a political leader speaking at an event, which aligns with the context of the 2021 Federal German election campaign."
olafscholz_19-09-2021_00:00_video2.jpeg,Unknown,Unknown,olafscholz,,['False'],"The image does not appear to picture Olaf Scholz, the front-runner of the SPD party."
olafscholz_19-09-2021_00:00_video3.jpeg,Olaf Scholz,Unknown,olafscholz,,['True'],"The image shows a political event with SPD branding and a sign that mentions 'Scholz', indicating the presence of the SPD's front-runner."
olafscholz_19-09-2021_00:00_video4.jpeg,"Olaf Scholz, Unknown",Unknown,olafscholz,,['True'],"The image shows a political event with SPD branding and a person speaking on stage, which suggests the presence of the SPD's front-runner."
olafscholz_19-09-2021_00:00_video5.jpeg,"Olaf Scholz, Unknown","Olaf Scholz, Unknown",olafscholz,0.9117000234501906,['True'],"The image appears to show a political figure interacting with the public, which aligns with the context of a campaign."
olafscholz_19-09-2021_00:00_video6.jpeg,"Olaf Scholz, Unknown","Olaf Scholz, Unknown",olafscholz,1.0370985176986989,['True'],
olafscholz_19-09-2021_00:00_video7.jpeg,Unknown,Unknown,olafscholz,,['False'],"The image does not clearly show Olaf Scholz, the front-runner of the SPD party."
olafscholz_19-09-2021_00:00_video8.jpeg,Unknown,Unknown,olafscholz,,['False'],"The image does not picture Olaf Scholz, the front-runner of the SPD party."
olafscholz_19-09-2021_00:00_video9.jpeg,Unknown,Unknown,olafscholz,,['False'],"The image shows a crowd at an event, but it does not clearly depict the SPD's front-runner, Olaf Scholz."
olafscholz_20-09-2021_00:00_image2.jpeg,Olaf Scholz,Olaf Scholz,olafscholz,0.2912527737156494,['True'],"The image contains text indicating the presence of Olaf Scholz, the front-runner of the SPD party."
olafscholz_20-09-2021_00:00_image3.jpeg,"Olaf Scholz, Unknown","Olaf Scholz, Unknown",olafscholz,0.9172254568277068,['True'],"The image appears to show the front-runner of the SPD party, Olaf Scholz."
olafscholz_20-09-2021_00:00_video0.jpeg,Unknown,Unknown,olafscholz,,['True'],"The image shows a person on stage at an SPD event, which suggests the presence of the SPD's front-runner."
olafscholz_20-09-2021_00:00_video1.jpeg,Unknown,Unknown,olafscholz,,['False'],"The image does not provide enough information to confirm the presence of Olaf Scholz, the front-runner of the SPD party."
olafscholz_20-09-2021_00:00_video2.jpeg,"Olaf Scholz, Unknown","Olaf Scholz, Unknown",olafscholz,0.9295283286644612,['True'],
olafscholz_20-09-2021_00:00_video3.jpeg,Olaf Scholz,Olaf Scholz,olafscholz,0.5273707313071713,['True'],
olafscholz_20-09-2021_00:00_video4.jpeg,Olaf Scholz,Olaf Scholz,olafscholz,0.5383387786574643,['False'],I cannot identify individuals in images.
olafscholz_20-09-2021_00:00_video5.jpeg,Olaf Scholz,Olaf Scholz,olafscholz,0.938459297873327,['False'],The image does not provide enough information to confirm the presence of the SPD's front-runner.
olafscholz_20-09-2021_00:00_video6.jpeg,Unknown,Unknown,olafscholz,,['True'],"The image shows a person in front of a crowd holding SPD banners, which suggests the presence of the SPD's front-runner."
olafscholz_20-09-2021_00:00_video7.jpeg,Unknown,Unknown,olafscholz,,['False'],The image does not provide enough information to confirm the presence of the SPD's front-runner.
olafscholz_20-09-2021_00:00_video8.jpeg,"Olaf Scholz, Unknown","Olaf Scholz, Unknown",olafscholz,0.9145868241987596,['True'],"The image appears to show the front-runner of the SPD party, Olaf Scholz."
olafscholz_21-09-2021_00:00_image0.jpeg,"Olaf Scholz, Unknown","Olaf Scholz, Unknown",olafscholz,0.1725662240086819,['True'],"The image includes Olaf Scholz, the front-runner of the SPD party, as indicated by the text 'Scholz' in the image."
olafscholz_21-09-2021_00:00_image1.jpeg,"Olaf Scholz, Unknown","Olaf Scholz, Unknown",olafscholz,0.7707701287948031,['True'],"The image shows a person who appears to be speaking at a public event, which aligns with the context of a political campaign."
olafscholz_21-09-2021_00:00_image2.jpeg,Olaf Scholz,Olaf Scholz,olafscholz,0.4088977163059423,['True'],"The image shows a person at an SPD event, which suggests the presence of the SPD's front-runner."
olafscholz_21-09-2021_00:00_image3.jpeg,Olaf Scholz,Olaf Scholz,olafscholz,0.3498163925122355,['True'],The image contains text that suggests the person is running for Chancellor of Germany and is associated with the SPD party.
olafscholz_21-09-2021_00:00_image4.jpeg,"Olaf Scholz, Unknown","Olaf Scholz, Unknown",olafscholz,0.4299607959166159,['True'],
olafscholz_21-09-2021_00:00_video1.jpeg,Unknown,Unknown,olafscholz,,['False'],"The image does not provide enough information to confirm the presence of Olaf Scholz, the front-runner of the SPD party."
olafscholz_21-09-2021_00:00_video2.jpeg,"Olaf Scholz, Unknown","Olaf Scholz, Unknown",olafscholz,0.647193797535505,['True'],
olafscholz_21-09-2021_00:00_video3.jpeg,Olaf Scholz,Olaf Scholz,olafscholz,0.8168836983812762,['True'],"The image shows a person speaking at an event with text in German, which suggests a political context. The presence of the SPD's front-runner is indicated."
olafscholz_21-09-2021_00:00_video4.jpeg,Olaf Scholz,Olaf Scholz,olafscholz,0.7462064254667254,['True'],
olafscholz_21-09-2021_00:00_video5.jpeg,Unknown,Unknown,olafscholz,,['False'],"The image shows a large crowd at a political event, but it does not clearly depict the front-runner of the SPD party, Olaf Scholz."
olafscholz_21-09-2021_00:00_video6.jpeg,Unknown,Unknown,olafscholz,,['True'],"The image shows a political event with a person speaking at a podium, which suggests the presence of a political leader."
olafscholz_22-09-2021_00:00_image0.jpeg,"Olaf Scholz, Unknown","Olaf Scholz, Unknown",olafscholz,0.5001403330568764,['True'],
olafscholz_22-09-2021_00:00_image1.jpeg,Olaf Scholz,Olaf Scholz,olafscholz,0.3344698062141312,['False'],I cannot identify individuals in images.
olafscholz_22-09-2021_00:00_image2.jpeg,"Olaf Scholz, Unknown","Olaf Scholz, Unknown",olafscholz,0.4611838617407993,['True'],
olafscholz_22-09-2021_00:00_image3.jpeg,Olaf Scholz,Olaf Scholz,olafscholz,0.5851185415428173,['True'],"The image appears to show the front-runner of the SPD party, Olaf Scholz."
olafscholz_22-09-2021_00:00_image4.jpeg,"Olaf Scholz, Unknown",Olaf Scholz,olafscholz,1.0384747663367504,['True'],
olafscholz_22-09-2021_00:00_image5.jpeg,Unknown,"Olaf Scholz, Unknown",olafscholz,0.9847328974295028,['False'],"The image does not clearly show the SPD's front-runner, Olaf Scholz."
olafscholz_22-09-2021_00:00_image6.jpeg,Olaf Scholz,Olaf Scholz,olafscholz,0.665821985585348,['True'],"The image appears to show the front-runner of the SPD party, Olaf Scholz."
olafscholz_22-09-2021_00:00_video0.jpeg,"Olaf Scholz, Unknown","Olaf Scholz, Unknown",olafscholz,0.8174853162107905,['True'],
olafscholz_22-09-2021_00:00_video1.jpeg,Unknown,Unknown,olafscholz,,['True'],"The image includes a poster with a picture of Olaf Scholz, the front-runner of the SPD party."
olafscholz_22-09-2021_00:00_video10.jpeg,"Olaf Scholz, Unknown","Olaf Scholz, Unknown",olafscholz,0.5073143630238187,['True'],
olafscholz_22-09-2021_00:00_video3.jpeg,Unknown,Unknown,olafscholz,,['False'],"The image does not provide clear evidence of the presence of Olaf Scholz, the front-runner of the SPD party."
olafscholz_22-09-2021_00:00_video4.jpeg,Unknown,Unknown,olafscholz,,['False'],"The image does not appear to show Olaf Scholz, the front-runner of the SPD party."
olafscholz_22-09-2021_00:00_video5.jpeg,"Olaf Scholz, Unknown","Olaf Scholz, Unknown",olafscholz,0.9184582997751602,['True'],
olafscholz_22-09-2021_00:00_video6.jpeg,Unknown,Unknown,olafscholz,,['False'],"The image does not provide enough information to confirm the presence of the SPD's front-runner, Olaf Scholz."
olafscholz_22-09-2021_00:00_video7.jpeg,"Olaf Scholz, Unknown","Olaf Scholz, Unknown",olafscholz,0.7365740938905597,['True'],
olafscholz_22-09-2021_00:00_video8.jpeg,Olaf Scholz,Unknown,olafscholz,,['True'],"The image shows a person speaking at an SPD event, which suggests the presence of the SPD's front-runner."
olafscholz_22-09-2021_00:00_video9.jpeg,"Olaf Scholz, Unknown",Unknown,olafscholz,,['True'],"The image shows a group of people on a stage with SPD branding, and one of them could be the front-runner of the SPD party."
olafscholz_23-09-2021_00:00_image0.jpeg,"Olaf Scholz, Unknown","Olaf Scholz, Unknown",olafscholz,0.446106034792277,['True'],
olafscholz_23-09-2021_00:00_image1.jpeg,"Olaf Scholz, Unknown","Olaf Scholz, Unknown",olafscholz,0.5637929106959007,['True'],
olafscholz_23-09-2021_00:00_image3.jpeg,Unknown,Unknown,olafscholz,,['False'],"The image does not picture Olaf Scholz, the front-runner of the SPD party."
olafscholz_23-09-2021_00:00_image4.jpeg,Olaf Scholz,Olaf Scholz,olafscholz,0.9945455768492,"[""I don't know""]",I cannot identify individuals in images.
olafscholz_23-09-2021_00:00_video0.jpeg,"Olaf Scholz, Unknown",Unknown,olafscholz,,['True'],"The image appears to show a political figure who resembles Olaf Scholz, the front-runner of the SPD party in the 2021 Federal German election campaign."
olafscholz_23-09-2021_00:00_video1.jpeg,"Olaf Scholz, Unknown","Olaf Scholz, Unknown",olafscholz,0.9569087473858978,['False'],"The image does not picture Olaf Scholz, the front-runner of the SPD party."
olafscholz_23-09-2021_00:00_video2.jpeg,Unknown,Unknown,olafscholz,,['False'],"The image does not provide enough information to confirm the presence of the SPD's front-runner, Olaf Scholz."
olafscholz_23-09-2021_00:00_video3.jpeg,"Olaf Scholz, Unknown","Olaf Scholz, Unknown",olafscholz,0.9064478280832808,['True'],"The image shows a person speaking at an SPD event, which suggests the presence of the SPD's front-runner."
olafscholz_23-09-2021_00:00_video4.jpeg,"Olaf Scholz, Unknown",Unknown,olafscholz,,['True'],
olafscholz_24-09-2021_00:00_image1.jpeg,"Olaf Scholz, Unknown","Olaf Scholz, Unknown",olafscholz,0.7084092491796604,['True'],"The image appears to show the front-runner of the SPD party, Olaf Scholz, based on the context and visual cues."
olafscholz_24-09-2021_00:00_image2.jpeg,"Olaf Scholz, Unknown","Olaf Scholz, Unknown",olafscholz,0.3363834322371457,['True'],
olafscholz_24-09-2021_00:00_image3.jpeg,"Olaf Scholz, Unknown",Unknown,olafscholz,,['True'],"The image appears to show the front-runner of the SPD party, Olaf Scholz, during the 2021 Federal German election campaign."
olafscholz_24-09-2021_00:00_image4.jpeg,"Olaf Scholz, Unknown","Olaf Scholz, Unknown",olafscholz,0.4198819011938566,['True'],"The image includes a picture of Olaf Scholz, the front-runner of the SPD party."
olafscholz_24-09-2021_00:00_video0.jpeg,Unknown,Unknown,olafscholz,,['True'],"The image appears to show the front-runner of the SPD party, Olaf Scholz, based on the context and visual cues."
olafscholz_24-09-2021_00:00_video1.jpeg,"Olaf Scholz, Unknown",Unknown,olafscholz,,['False'],"The image does not provide clear evidence that the SPD's front-runner, Olaf Scholz, is present."
olafscholz_24-09-2021_00:00_video5.jpeg,"Olaf Scholz, Unknown",Unknown,olafscholz,,['False'],The image does not provide enough information to confirm the presence of the SPD's front-runner.
olafscholz_25-09-2021_00:00_image0.jpeg,Unknown,Unknown,olafscholz,,['False'],"The image shows a crowd of people, but there is no clear indication or visibility of the SPD's front-runner, Olaf Scholz."
olafscholz_25-09-2021_00:00_image1.jpeg,Olaf Scholz,Olaf Scholz,olafscholz,0.5344629388403724,['True'],"The image shows a person speaking in front of SPD banners, which suggests the presence of the SPD's front-runner."
olafscholz_25-09-2021_00:00_image2.jpeg,"Olaf Scholz, Unknown","Olaf Scholz, Unknown",olafscholz,0.7187048669479168,['True'],"The image shows a person speaking at an SPD event, which suggests the presence of the SPD's front-runner."
olafscholz_25-09-2021_00:00_image3.jpeg,"Olaf Scholz, Unknown","Olaf Scholz, Unknown",olafscholz,0.8300769618092921,['True'],
olafscholz_25-09-2021_00:00_image4.jpeg,Olaf Scholz,Olaf Scholz,olafscholz,0.4912459718682073,['True'],"The image appears to show the front-runner of the SPD party, Olaf Scholz."
olafscholz_25-09-2021_00:00_video0.jpeg,Unknown,Unknown,olafscholz,,['False'],"The image shows a stage with SPD branding and people, but it does not specifically indicate the presence of Olaf Scholz, the front-runner of the SPD party."
olafscholz_25-09-2021_00:00_video1.jpeg,"Olaf Scholz, Unknown","Olaf Scholz, Unknown",olafscholz,0.9624846678185356,['True'],"The image shows a person speaking at a public event with text in German mentioning plans as Chancellor, which aligns with the context of the SPD's front-runner in the 2021 Federal German election campaign."
olafscholz_25-09-2021_00:00_video2.jpeg,Unknown,"Olaf Scholz, Unknown",olafscholz,0.9842269895925654,['False'],"The image does not clearly show the front-runner of the SPD party, Olaf Scholz."
olafscholz_25-09-2021_00:00_video3.jpeg,Olaf Scholz,Unknown,olafscholz,,['True'],"The image includes text mentioning the conclusion of a campaign tour and a meeting with the Mayor of Paris, which suggests the presence of a political figure. The context and appearance align with the SPD's front-runner, Olaf Scholz."
olafscholz_25-09-2021_00:00_video4.jpeg,"Olaf Scholz, Unknown",Unknown,olafscholz,,['True'],"The image shows a person on stage with the text 'Scholz packt das an' which is associated with Olaf Scholz, the front-runner of the SPD party."
olafscholz_25-09-2021_00:00_video5.jpeg,Unknown,"Olaf Scholz, Unknown",olafscholz,1.0386255019191637,['False'],"The image shows a crowd at an event, but it does not clearly depict the SPD's front-runner, Olaf Scholz."
olafscholz_25-09-2021_00:00_video6.jpeg,Unknown,Unknown,olafscholz,,['False'],"The image shows a crowd of people, but it does not clearly depict the SPD's front-runner, Olaf Scholz."
olafscholz_25-09-2021_00:00_video7.jpeg,Unknown,Unknown,olafscholz,,['True'],"The image appears to show a political event with individuals on stage, and the text mentions several SPD members, suggesting the presence of the SPD's front-runner."
olafscholz_26-09-2021_00:00_image0.jpeg,"Olaf Scholz, Unknown","Olaf Scholz, Unknown",olafscholz,0.400118961441067,['True'],"The image shows a person who appears to be the front-runner of the SPD party, Olaf Scholz, based on the context and visual cues such as the SPD branding and the individual's appearance."
olafscholz_26-09-2021_00:00_image1.jpeg,"Olaf Scholz, Unknown","Olaf Scholz, Unknown",olafscholz,0.4276624874962541,['True'],
olafscholz_26-09-2021_00:00_image2.jpeg,"Olaf Scholz, Unknown","Olaf Scholz, Unknown",olafscholz,0.7068465335742029,['True'],"The image appears to show the front-runner of the SPD party, Olaf Scholz, engaging with people."
olafscholz_26-09-2021_00:00_image3.jpeg,"Olaf Scholz, Unknown","Olaf Scholz, Unknown",olafscholz,0.9635422314642216,['True'],
olafscholz_26-09-2021_00:00_image4.jpeg,Olaf Scholz,Olaf Scholz,olafscholz,0.5891765267876855,['True'],
olafscholz_26-09-2021_00:00_image5.jpeg,"Olaf Scholz, Unknown","Olaf Scholz, Unknown",olafscholz,0.956992931396458,['True'],
olafscholz_26-09-2021_00:00_video0.jpeg,"Olaf Scholz, Unknown","Olaf Scholz, Unknown",olafscholz,0.8895726709872313,['True'],
olafscholz_26-09-2021_00:00_video1.jpeg,Unknown,Unknown,olafscholz,,['False'],"The image does not picture Olaf Scholz, the front-runner of the SPD party."
olafscholz_26-09-2021_00:00_video3.jpeg,Olaf Scholz,Unknown,olafscholz,,['False'],I cannot identify individuals in images.
olafscholz_26-09-2021_00:00_video4.jpeg,Unknown,Unknown,olafscholz,,['False'],"The image shows a crowd of people, but it does not clearly depict the front-runner of the SPD party, Olaf Scholz."
olafscholz_26-09-2021_00:00_video6.jpeg,"Olaf Scholz, Unknown","Olaf Scholz, Unknown",olafscholz,0.8783942574269051,['True'],"The image shows a political event with a person who appears to be a political leader addressing a crowd. The text mentions Potsdam-Bornstedt, which is relevant to the 2021 Federal German election campaign."
olafscholz_26-09-2021_00:00_video7.jpeg,"Olaf Scholz, Unknown","Olaf Scholz, Unknown",olafscholz,0.7104387902789133,['True'],
olafscholz_26-09-2021_00:00_video8.jpeg,"Olaf Scholz, Unknown","Olaf Scholz, Unknown",olafscholz,1.017099953871585,['True'],"The image appears to show a political event with a person who resembles Olaf Scholz, the front-runner of the SPD party, based on the context and visual cues."
spdde_13-09-2021_00:00_image0.jpeg,Olaf Scholz,Olaf Scholz,spdde,0.5007063762957427,['True'],"The image includes the name 'Olaf Scholz' and the SPD logo, indicating the presence of the SPD's front-runner."
spdde_13-09-2021_00:00_image1.jpeg,Unknown,"Olaf Scholz, Unknown",spdde,1.0184288322421111,['False'],"The image does not appear to picture Olaf Scholz, the front-runner of the SPD party."
spdde_13-09-2021_00:00_image2.jpeg,Unknown,Unknown,spdde,,['True'],"The image includes a poster with the name 'Olaf Scholz' and the hashtag '#SCHOLZPACKTDASAN', indicating the presence of the SPD's front-runner."
spdde_13-09-2021_00:00_video0.jpeg,Unknown,Unknown,spdde,,['False'],"The image does not picture Olaf Scholz, the front-runner of the SPD party."
spdde_13-09-2021_00:00_video1.jpeg,Unknown,Unknown,spdde,,['False'],"The image does not picture Olaf Scholz, the front-runner of the SPD party."
spdde_13-09-2021_00:00_video2.jpeg,Unknown,Unknown,spdde,,['False'],"The image does not picture Olaf Scholz, the front-runner of the SPD party."
spdde_13-09-2021_00:00_video3.jpeg,Unknown,Unknown,spdde,,['False'],"The image does not appear to show Olaf Scholz, the front-runner of the SPD party."
spdde_13-09-2021_00:00_video5.jpeg,Unknown,Unknown,spdde,,['False'],"The image does not picture Olaf Scholz, the front-runner of the SPD party."
spdde_13-09-2021_00:00_video6.jpeg,Unknown,Unknown,spdde,,['False'],"The image does not picture Olaf Scholz, the front-runner of the SPD party."
spdde_13-09-2021_00:00_video7.jpeg,Unknown,Unknown,spdde,,['False'],"The image does not picture Olaf Scholz, the front-runner of the SPD party."
spdde_13-09-2021_00:00_video8.jpeg,Unknown,Unknown,spdde,,['False'],"The image does not picture Olaf Scholz, the front-runner of the SPD party."
spdde_14-09-2021_00:00_image1.jpeg,Olaf Scholz,Olaf Scholz,spdde,0.6291080635624619,['True'],"The image includes a reference to Olaf Scholz, the front-runner of the SPD party, indicating his presence."
spdde_14-09-2021_00:00_image2.jpeg,"Olaf Scholz, Unknown","Olaf Scholz, Unknown",spdde,1.0119323070250668,['True'],"The image includes a picture of Olaf Scholz, the front-runner of the SPD party, as indicated by the text and visual content."
spdde_14-09-2021_00:00_image3.jpeg,"Olaf Scholz, Unknown","Olaf Scholz, Unknown",spdde,0.627959930996753,['True'],"The image includes the text '@olafscholz' and '@spdde', indicating the presence of the SPD's front-runner."
spdde_14-09-2021_00:00_image4.jpeg,Unknown,Unknown,spdde,,['False'],"The image does not picture Olaf Scholz, the front-runner of the SPD party. It contains text and mentions his name, but does not include a picture of him."
spdde_14-09-2021_00:00_video1.jpeg,Olaf Scholz,Olaf Scholz,spdde,0.6330486787628973,['True'],"The image contains text and hashtags that explicitly mention Olaf Scholz, the front-runner of the SPD party."
spdde_14-09-2021_00:00_video3.jpeg,Unknown,Unknown,spdde,,['False'],"The image does not picture Olaf Scholz, the front-runner of the SPD party."
spdde_14-09-2021_00:00_video4.jpeg,Unknown,Unknown,spdde,,['False'],"The image does not picture Olaf Scholz, the front-runner of the SPD party."
spdde_15-09-2021_00:00_image0.jpeg,"Olaf Scholz, Unknown",Unknown,spdde,,['True'],"The image includes a reference to Olaf Scholz, the front-runner of the SPD party, in the text overlay."
spdde_17-09-2021_00:00_image0.jpeg,Olaf Scholz,Olaf Scholz,spdde,0.4142316574451243,['True'],"The image prominently features the name 'Olaf Scholz' and the SPD party logo, indicating the presence of the SPD's front-runner."
spdde_18-09-2021_00:00_image0.jpeg,Unknown,Unknown,spdde,,['False'],"The image does not picture Olaf Scholz, the front-runner of the SPD party."
spdde_18-09-2021_00:00_image1.jpeg,"Olaf Scholz, Unknown","Olaf Scholz, Unknown",spdde,0.9222744865968092,['True'],"The image shows a person who appears to be the front-runner of the SPD party, Olaf Scholz, signing autographs."
spdde_18-09-2021_00:00_video0.jpeg,Unknown,Unknown,spdde,,['False'],"The image does not picture Olaf Scholz, the front-runner of the SPD party."
spdde_18-09-2021_00:00_video1.jpeg,Unknown,Unknown,spdde,,['False'],"The image does not picture Olaf Scholz, the front-runner of the SPD party. It appears to show a different individual."
spdde_18-09-2021_00:00_video2.jpeg,Unknown,Unknown,spdde,,['False'],"The image does not picture Olaf Scholz, the front-runner of the SPD party."
spdde_18-09-2021_00:00_video3.jpeg,Unknown,Unknown,spdde,,['False'],"The image does not picture Olaf Scholz, the front-runner of the SPD party."
spdde_18-09-2021_00:00_video4.jpeg,Unknown,Unknown,spdde,,['False'],"The image does not picture Olaf Scholz, the front-runner of the SPD party."
spdde_18-09-2021_00:00_video6.jpeg,Unknown,Unknown,spdde,,['False'],"The image does not clearly show the front-runner of the SPD party, Olaf Scholz."
spdde_18-09-2021_00:00_video7.jpeg,Unknown,Unknown,spdde,,['False'],"The image shows a crowd of people, but it is not clear if the SPD's front-runner is present."
spdde_18-09-2021_00:00_video8.jpeg,Unknown,Unknown,spdde,,['False'],The image does not provide enough information to determine if the SPD's front-runner is present.
spdde_18-09-2021_00:00_video9.jpeg,Unknown,Unknown,spdde,,['False'],"The image does not clearly show the SPD's front-runner, Olaf Scholz."
spdde_19-09-2021_00:00_image0.jpeg,Unknown,"Olaf Scholz, Unknown",spdde,0.9882849614020892,['False'],"The image does not show Olaf Scholz, the front-runner of the SPD party."
spdde_19-09-2021_00:00_image1.jpeg,"Olaf Scholz, Unknown",Unknown,spdde,,['True'],
spdde_19-09-2021_00:00_video0.jpeg,Unknown,Unknown,spdde,,['False'],"The image does not show Olaf Scholz, the front-runner of the SPD party."
spdde_19-09-2021_00:00_video1.jpeg,Unknown,Unknown,spdde,,['False'],"The image does not show Olaf Scholz, the front-runner of the SPD party."
spdde_19-09-2021_00:00_video10.jpeg,Unknown,Unknown,spdde,,['False'],"The image shows a crowd at a political event, but it does not clearly depict Olaf Scholz, the front-runner of the SPD party."
spdde_19-09-2021_00:00_video11.jpeg,"Olaf Scholz, Unknown","Olaf Scholz, Unknown",spdde,0.9906813762299916,['False'],"The image shows a group of people on a stage, but it is not possible to confirm if the SPD's front-runner is present."
spdde_19-09-2021_00:00_video2.jpeg,Unknown,Unknown,spdde,,['False'],"The image does not picture Olaf Scholz, the front-runner of the SPD party."
spdde_19-09-2021_00:00_video3.jpeg,Unknown,Unknown,spdde,,['False'],"The image does not picture Olaf Scholz, the front-runner of the SPD party."
spdde_19-09-2021_00:00_video4.jpeg,Unknown,Unknown,spdde,,['True'],"The image prominently features the name 'Scholz' and the SPD party, indicating the presence of the SPD's front-runner."
spdde_19-09-2021_00:00_video5.jpeg,Unknown,Unknown,spdde,,['True'],"The image features a campaign event with a banner mentioning Olaf Scholz, indicating his presence or focus in the event."
spdde_19-09-2021_00:00_video6.jpeg,Unknown,Unknown,spdde,,['False'],"The image does not clearly show the front-runner of the SPD party, Olaf Scholz."
spdde_19-09-2021_00:00_video7.jpeg,Olaf Scholz,"Olaf Scholz, Unknown",spdde,0.4551537153076845,['True'],"The image includes text and visual elements indicating the presence of Olaf Scholz, the front-runner of the SPD party."
spdde_19-09-2021_00:00_video8.jpeg,Olaf Scholz,Unknown,spdde,,['True'],"The image contains references to Olaf Scholz and the SPD party, indicating the presence of the SPD's front-runner."
spdde_19-09-2021_00:00_video9.jpeg,Unknown,Unknown,spdde,,['True'],"The image contains text mentioning Olaf Scholz, the front-runner of the SPD party, and the context suggests it is related to his campaign."
spdde_20-09-2021_00:00_image0.jpeg,Olaf Scholz,Olaf Scholz,spdde,0.2938897198541945,['True'],
spdde_20-09-2021_00:00_image10.jpeg,Unknown,Unknown,spdde,,['False'],"The image does not picture Olaf Scholz, the front-runner of the SPD party."
spdde_20-09-2021_00:00_image4.jpeg,"Olaf Scholz, Unknown","Olaf Scholz, Unknown",spdde,1.0230602898007792,['True'],
spdde_20-09-2021_00:00_image5.jpeg,Olaf Scholz,Olaf Scholz,spdde,0.2219117501721706,['True'],
spdde_20-09-2021_00:00_image8.jpeg,"Olaf Scholz, Unknown","Olaf Scholz, Unknown",spdde,0.3930254110395754,['True'],
spdde_20-09-2021_00:00_video0.jpeg,"Olaf Scholz, Unknown","Olaf Scholz, Unknown",spdde,0.8962198354011084,['True'],"The image includes text and visual cues indicating the presence of Olaf Scholz, the front-runner of the SPD party."
spdde_20-09-2021_00:00_video2.jpeg,Unknown,Unknown,spdde,,['False'],The image does not provide enough information to confirm the presence of the SPD's front-runner.
spdde_20-09-2021_00:00_video3.jpeg,"Olaf Scholz, Unknown",Unknown,spdde,,['True'],"The image in the background appears to show a person who could be Olaf Scholz, the front-runner of the SPD party."
spdde_20-09-2021_00:00_video4.jpeg,Unknown,Unknown,spdde,,['False'],"The image does not show the SPD's front-runner, Olaf Scholz. It appears to be a group of people, possibly supporters, with hashtags related to Olaf Scholz."
spdde_20-09-2021_00:00_video5.jpeg,"Olaf Scholz, Unknown",Unknown,spdde,,['True'],The image shows a public viewing of the last debate (Triell) for the 2021 Federal German election campaign. The person on the left side of the screen appears to be the front-runner of the SPD party.
spdde_20-09-2021_00:00_video6.jpeg,"Olaf Scholz, Unknown","Olaf Scholz, Unknown",spdde,0.7196466425275106,['True'],"The image includes a reference to Olaf Scholz, the front-runner of the SPD party, as indicated by the text overlay."
spdde_20-09-2021_00:00_video7.jpeg,"Olaf Scholz, Unknown","Olaf Scholz, Unknown",spdde,0.9125842637785188,['True'],
spdde_21-09-2021_00:00_image0.jpeg,"Olaf Scholz, Unknown",Unknown,spdde,,['True'],
spdde_21-09-2021_00:00_video0.jpeg,"Olaf Scholz, Unknown",Olaf Scholz,spdde,0.9719649346595765,['True'],
spdde_22-09-2021_00:00_image0.jpeg,Unknown,Unknown,spdde,,['False'],"The image does not picture Olaf Scholz, the front-runner of the SPD party."
spdde_22-09-2021_00:00_image1.jpeg,Unknown,Unknown,spdde,,['False'],
spdde_23-09-2021_00:00_video0.jpeg,Unknown,Unknown,spdde,,['False'],"The image does not picture Olaf Scholz, the front-runner of the SPD party."
spdde_23-09-2021_00:00_video1.jpeg,Unknown,Unknown,spdde,,['False'],"The image does not picture Olaf Scholz, the front-runner of the SPD party. It features a different individual."
spdde_23-09-2021_00:00_video2.jpeg,Unknown,Unknown,spdde,,['False'],"The image does not picture Olaf Scholz, the front-runner of the SPD party."
spdde_23-09-2021_00:00_video3.jpeg,Unknown,Unknown,spdde,,['False'],"The image does not picture Olaf Scholz, the front-runner of the SPD party. It appears to show a different individual."
spdde_23-09-2021_00:00_video4.jpeg,Olaf Scholz,Olaf Scholz,spdde,0.4323153906041182,['True'],"The image contains text and a photo that identifies Olaf Scholz, the SPD's front-runner."
spdde_24-09-2021_00:00_video2.jpeg,Olaf Scholz,Olaf Scholz,spdde,0.7208222035854754,['True'],"The image contains text that includes the name 'Scholz' and the word 'Kanzler', which suggests it is related to Olaf Scholz, the front-runner of the SPD party."
spdde_25-09-2021_00:00_image0.jpeg,Unknown,Unknown,spdde,,['False'],"The image does not picture Olaf Scholz, the front-runner of the SPD party."
spdde_25-09-2021_00:00_image1.jpeg,Unknown,"Olaf Scholz, Unknown",spdde,1.0201716784755936,['False'],"The image features campaign posters for Jessica Rosenthal, not Olaf Scholz."
spdde_25-09-2021_00:00_image2.jpeg,Unknown,Unknown,spdde,,['True'],"The image contains a poster with the name 'Olaf Scholz' and the SPD logo, indicating the presence of the SPD's front-runner."
spdde_25-09-2021_00:00_image3.jpeg,"Olaf Scholz, Unknown","Olaf Scholz, Unknown",spdde,0.8518020951371601,['True'],"The image includes a screen displaying a person who appears to be Olaf Scholz, the front-runner of the SPD party, during the 2021 Federal German election campaign."
spdde_25-09-2021_00:00_video0.jpeg,Unknown,Unknown,spdde,,['False'],"The image does not show Olaf Scholz, the front-runner of the SPD party. It shows a different individual."
spdde_25-09-2021_00:00_video1.jpeg,Unknown,"Olaf Scholz, Unknown",spdde,0.9151689345329346,['False'],"The image shows a crowd at an SPD event, but it does not clearly picture the front-runner of the SPD party, Olaf Scholz."
spdde_25-09-2021_00:00_video10.jpeg,Unknown,Unknown,spdde,,['False'],"The image does not picture Olaf Scholz, the front-runner of the SPD party."
spdde_25-09-2021_00:00_video11.jpeg,Unknown,Unknown,spdde,,['False'],"The image does not picture Olaf Scholz, the front-runner of the SPD party."
spdde_25-09-2021_00:00_video12.jpeg,Unknown,Unknown,spdde,,['False'],
spdde_25-09-2021_00:00_video13.jpeg,Unknown,Unknown,spdde,,['False'],"The image does not picture Olaf Scholz, the front-runner of the SPD party."
spdde_25-09-2021_00:00_video14.jpeg,Unknown,"Olaf Scholz, Unknown",spdde,1.0331296217336363,['False'],"The image does not appear to picture Olaf Scholz, the front-runner of the SPD party."
spdde_25-09-2021_00:00_video15.jpeg,Unknown,Olaf Scholz,spdde,0.7888413861004924,['False'],"The image does not appear to picture Olaf Scholz, the front-runner of the SPD party."
spdde_25-09-2021_00:00_video16.jpeg,Unknown,Unknown,spdde,,['False'],"The image does not appear to picture Olaf Scholz, the front-runner of the SPD party."
spdde_25-09-2021_00:00_video17.jpeg,Unknown,"Olaf Scholz, Unknown",spdde,0.936423875925952,['False'],"The image does not appear to picture the front-runner of the SPD party, Olaf Scholz."
spdde_25-09-2021_00:00_video18.jpeg,Unknown,Unknown,spdde,,['False'],"The image does not picture Olaf Scholz, the front-runner of the SPD party."
spdde_25-09-2021_00:00_video3.jpeg,"Olaf Scholz, Unknown","Olaf Scholz, Unknown",spdde,0.6131647937828784,['True'],"The image features a poster with Olaf Scholz, the front-runner of the SPD party, indicating his presence in the 2021 Federal German election campaign."
spdde_25-09-2021_00:00_video6.jpeg,Olaf Scholz,Olaf Scholz,spdde,0.5389483714837645,['True'],
spdde_25-09-2021_00:00_video7.jpeg,"Olaf Scholz, Unknown","Olaf Scholz, Unknown",spdde,0.6404170335295292,['True'],
spdde_25-09-2021_00:00_video8.jpeg,Unknown,Unknown,spdde,,['False'],"The image shows a crowd at a political event, but it does not clearly depict the SPD's front-runner, Olaf Scholz."
spdde_25-09-2021_00:00_video9.jpeg,Unknown,"Olaf Scholz, Unknown",spdde,0.9618558538990624,['True'],"The image includes a reference to Olaf Scholz, the front-runner of the SPD party, in the text."
spdde_26-09-2021_00:00_image0.jpeg,Unknown,Unknown,spdde,,['False'],"The image does not appear to picture Olaf Scholz, the front-runner of the SPD party."
spdde_26-09-2021_00:00_image1.jpeg,"Olaf Scholz, Unknown","Olaf Scholz, Unknown",spdde,0.3456827438270246,['True'],"The image includes a poster with the name Olaf Scholz, who is the front-runner of the SPD party."
spdde_26-09-2021_00:00_image2.jpeg,Unknown,Unknown,spdde,,['True'],"The image shows campaign materials featuring Olaf Scholz, the front-runner of the SPD party."
spdde_26-09-2021_00:00_image3.jpeg,Unknown,Unknown,spdde,,['False'],"The image does not picture Olaf Scholz, the front-runner of the SPD party."
spdde_26-09-2021_00:00_image5.jpeg,Unknown,Unknown,spdde,,['False'],"The image does not picture Olaf Scholz, the front-runner of the SPD party."
spdde_26-09-2021_00:00_video1.jpeg,"Olaf Scholz, Unknown","Olaf Scholz, Unknown",spdde,0.754718212987882,['False'],I cannot identify individuals in the image.
spdde_26-09-2021_00:00_video10.jpeg,"Olaf Scholz, Unknown","Olaf Scholz, Unknown",spdde,0.9281217674446912,['True'],"The image includes text and a profile picture that suggests the presence of Olaf Scholz, the front-runner of the SPD party."
spdde_26-09-2021_00:00_video11.jpeg,Olaf Scholz,Unknown,spdde,,['True'],The image includes a picture of the SPD's front-runner.
spdde_26-09-2021_00:00_video12.jpeg,"Olaf Scholz, Unknown",Olaf Scholz,spdde,0.9024425343198856,['True'],"The image contains multiple items with the face of a person who appears to be the front-runner of the SPD party, indicating the presence of the candidate."
spdde_26-09-2021_00:00_video14.jpeg,Unknown,Unknown,spdde,,['False'],"The image does not picture Olaf Scholz, the front-runner of the SPD party. It features Saskia Esken."
spdde_26-09-2021_00:00_video15.jpeg,Olaf Scholz,Unknown,spdde,,['True'],"The image includes a reference to Olaf Scholz, the front-runner of the SPD party, as indicated by the text and the social media handle."
spdde_26-09-2021_00:00_video16.jpeg,Unknown,Unknown,spdde,,['False'],"The image does not appear to picture Olaf Scholz, the front-runner of the SPD party."
spdde_26-09-2021_00:00_video17.jpeg,Unknown,Unknown,spdde,,['True'],The image includes campaign materials and a banner with the SPD logo and a picture of a person who appears to be the SPD front-runner.
spdde_26-09-2021_00:00_video18.jpeg,"Olaf Scholz, Unknown","Olaf Scholz, Unknown",spdde,0.9862934482423296,['True'],"The image includes a tag for @olafscholz, indicating the presence of the SPD's front-runner."
spdde_26-09-2021_00:00_video3.jpeg,"Olaf Scholz, Unknown","Olaf Scholz, Unknown",spdde,1.0301223760343068,['False'],"The image shows a poster of Olaf Scholz, but he is not physically present in the picture."
spdde_26-09-2021_00:00_video4.jpeg,"Olaf Scholz, Unknown",Unknown,spdde,,['True'],"The image includes a poster with the SPD front-runner, indicating his presence in the campaign material."
spdde_26-09-2021_00:00_video5.jpeg,Unknown,"Olaf Scholz, Unknown",spdde,0.8892520394557563,['False'],"The image does not appear to picture Olaf Scholz, the front-runner of the SPD party."
spdde_26-09-2021_00:00_video6.jpeg,Unknown,Unknown,spdde,,['False'],"The image does not clearly show Olaf Scholz, the front-runner of the SPD party."
spdde_26-09-2021_00:00_video7.jpeg,Unknown,Unknown,spdde,,['False'],"The image does not picture Olaf Scholz, the front-runner of the SPD party."
spdde_26-09-2021_00:00_video9.jpeg,"Olaf Scholz, Unknown","Olaf Scholz, Unknown",spdde,0.7540371637198165,['True'],"The image includes a poster with a person who appears to be the front-runner of the SPD party, Olaf Scholz."
